attempt,arm,shot,context,r_housekeeping,J,J_centered,p_generated,outcome_a,planted_kappa,synthetic_only
001,null,0,0,-1.877283303,-0.08844844489,-0.1011289982,0.5,1,0.0,true
001,null,1,0,-0.472773134,-0.1084971233,-0.1211776766,0.5,1,0.0,true
001,null,2,0,0.7610848119,-0.06725785931,-0.07993841265,0.5,0,0.0,true
001,null,3,1,0.2073180185,-0.05514638078,-0.06328341636,0.5,1,0.0,true
001,null,4,0,-1.299548054,-0.1152513604,-0.1279319137,0.5,0,0.0,true
001,null,5,0,-0.9318718278,-0.1558310214,-0.1685115748,0.5,0,0.0,true
001,null,6,1,0.3281657478,-0.1349349599,-0.1430719955,0.5,0,0.0,true
001,null,7,0,-1.276319675,-0.1894223009,-0.2021028543,0.5,1,0.0,true
001,null,8,0,0.3141319361,-0.1682176571,-0.1808982104,0.5,0,0.0,true
001,null,9,0,1.181619124,-0.09877734851,-0.1114579018,0.5,0,0.0,true
001,null,10,0,1.153385425,-0.03564485854,-0.04832541188,0.5,0,0.0,true
001,null,11,0,2.944727291,0.09594902408,0.08326847074,0.5,1,0.0,true
001,null,12,0,-0.1022501786,0.08905667036,0.07637611702,0.5,1,0.0,true
001,null,13,1,-0.3369422989,0.07161423165,0.06347719606,0.5,1,0.0,true
001,null,14,0,0.8544484391,0.107188397,0.09450784367,0.5,0,0.0,true
001,null,15,1,-1.103892045,0.05220381257,0.04406677699,0.5,0,0.0,true
001,null,16,1,-0.05648808681,0.04827142607,0.04013439049,0.5,1,0.0,true
001,null,17,1,-0.08039532701,0.04323601826,0.03509898268,0.5,1,0.0,true
001,null,18,1,1.456782234,0.1076430529,0.09950601733,0.5,0,0.0,true
001,null,19,1,-0.5319824202,0.07913656479,0.07099952921,0.5,0,0.0,true
001,null,20,1,2.108743578,0.1630713976,0.154934362,0.5,1,0.0,true
001,null,21,1,-0.06987480855,0.1557680885,0.1476310529,0.5,0,0.0,true
001,null,22,1,-0.8097374858,0.1126943156,0.10455728,0.5,0,0.0,true
001,null,23,1,1.287456529,0.1643591055,0.1562220699,0.5,1,0.0,true
001,null,24,1,-0.6077543897,0.130911515,0.1227744794,0.5,0,0.0,true
001,null,25,1,1.129273054,0.1760640382,0.1679270026,0.5,0,0.0,true
001,null,26,1,-0.8762495361,0.1280677885,0.119930753,0.5,1,0.0,true
001,null,27,1,-0.5620737965,0.09736079991,0.08922376433,0.5,0,0.0,true
001,null,28,0,-0.3117796035,0.07958727605,0.06690672271,0.5,1,0.0,true
001,null,29,0,-0.8144761481,0.0365297229,0.02384916956,0.5,0,0.0,true
001,null,30,0,0.1144685983,0.04133056676,0.02865001342,0.5,0,0.0,true
001,null,31,1,-0.978133022,-0.009772430905,-0.01790946649,0.5,1,0.0,true
001,null,32,1,0.5243650759,0.01734073417,0.009203698588,0.5,1,0.0,true
001,null,33,0,-0.07767152663,0.01282709912,0.0001465457784,0.5,0,0.0,true
001,null,34,0,0.9108829382,0.06006894046,0.04738838712,0.5,0,0.0,true
001,null,35,0,3.04909004,0.1796060282,0.1669254749,0.5,0,0.0,true
001,null,36,1,-2.146111658,0.07302657832,0.06488954273,0.5,0,0.0,true
001,null,37,1,-0.3960296246,0.05437963243,0.04624259685,0.5,0,0.0,true
001,null,38,0,-0.311451851,0.03953670223,0.02685614889,0.5,1,0.0,true
001,null,39,0,-0.295933944,0.02545738902,0.01277683568,0.5,1,0.0,true
001,null,40,1,0.8279455509,0.06131569701,0.05317866143,0.5,1,0.0,true
001,null,41,1,1.272578097,0.1140739544,0.1059369188,0.5,0,0.0,true
001,null,42,0,-0.7667589382,0.07551757902,0.06283702568,0.5,0,0.0,true
001,null,43,1,-2.152540405,-0.02316088252,-0.03129791811,0.5,1,0.0,true
001,null,44,1,-0.4170419762,-0.04042775488,-0.04856479047,0.5,1,0.0,true
001,null,45,1,0.3052019752,-0.02589773812,-0.0340347737,0.5,1,0.0,true
001,null,46,0,0.8017713501,0.01082828359,-0.001852269745,0.5,1,0.0,true
001,null,47,0,-0.4376839077,-0.009428523915,-0.02210907725,0.5,1,0.0,true
001,null,48,1,0.04077772786,-0.007283455627,-0.01542049121,0.5,1,0.0,true
001,null,49,1,0.2714576627,0.005908830326,-0.002228205258,0.5,1,0.0,true
001,null,50,1,0.4568049576,0.02805570376,0.01991866818,0.5,0,0.0,true
001,null,51,1,0.4847582184,0.05134970073,0.04321266514,0.5,0,0.0,true
001,null,52,0,-0.5557876226,0.02145188245,0.008771329111,0.5,1,0.0,true
001,null,53,0,-0.6676517498,-0.0136805442,-0.02636109754,0.5,0,0.0,true
001,null,54,1,-0.5531872459,-0.04216909644,-0.05030613203,0.5,0,0.0,true
001,null,55,1,-0.2064866453,-0.05212305452,-0.0602600901,0.5,1,0.0,true
001,null,56,1,-0.2543540424,-0.06466992088,-0.07280695646,0.5,0,0.0,true
001,null,57,1,-0.2950523577,-0.07943461582,-0.0875716514,0.5,1,0.0,true
001,null,58,1,-0.3434982988,-0.09684294473,-0.1049799803,0.5,0,0.0,true
001,null,59,0,-1.85677213,-0.1830406323,-0.1957211857,0.5,1,0.0,true
001,null,60,1,-1.30781651,-0.2377104605,-0.2458474961,0.5,1,0.0,true
001,null,61,0,2.422400047,-0.0893677457,-0.102048299,0.5,0,0.0,true
001,null,62,0,0.3496631209,-0.07040394008,-0.08308449342,0.5,1,0.0,true
001,null,63,0,0.4117235221,-0.04853923634,-0.06121978968,0.5,0,0.0,true
001,null,64,1,1.381640077,0.01999203078,0.0118549952,0.5,0,0.0,true
001,null,65,0,1.506621153,0.08791390206,0.07523334872,0.5,0,0.0,true
001,null,66,0,1.530806802,0.1503520635,0.1376715102,0.5,1,0.0,true
001,null,67,1,-0.9117414306,0.1026884566,0.094551421,0.5,1,0.0,true
001,null,68,0,-0.7664013398,0.0636394172,0.05095886386,0.5,0,0.0,true
001,null,69,0,-1.447357368,-0.005907583296,-0.01858813664,0.5,0,0.0,true
001,null,70,0,-0.3909310157,-0.02375875463,-0.03643930797,0.5,1,0.0,true
001,null,71,1,-0.08260504701,-0.02705953239,-0.03519656797,0.5,1,0.0,true
001,null,72,1,-0.6356554217,-0.05667510476,-0.06481214034,0.5,0,0.0,true
001,null,73,1,1.58161718,0.02147461047,0.01333757489,0.5,1,0.0,true
001,null,74,1,0.4714861013,0.0432328618,0.03509582622,0.5,0,0.0,true
001,null,75,0,1.818376979,0.1215917213,0.108911168,0.5,1,0.0,true
001,null,76,1,0.7941638178,0.1533668988,0.1452298632,0.5,0,0.0,true
001,null,77,1,-1.582084102,0.0711646994,0.06302766382,0.5,1,0.0,true
001,null,78,0,-2.509727871,-0.04058593172,-0.05326648506,0.5,0,0.0,true
001,null,79,0,0.5235870688,-0.01758429135,-0.03026484469,0.5,0,0.0,true
001,null,80,0,0.3522088882,-0.002098639057,-0.0147791924,0.5,1,0.0,true
001,null,81,1,-0.4491091538,-0.02158855675,-0.02972559233,0.5,0,0.0,true
001,null,82,0,0.2074161011,-0.0117678968,-0.02444845014,0.5,1,0.0,true
001,null,83,0,-0.07903102546,-0.01508634915,-0.02776690249,0.5,0,0.0,true
001,null,84,0,0.8312037233,0.02397280572,0.01129225238,0.5,0,0.0,true
001,null,85,1,-0.6125288815,-0.005663180171,-0.01380021575,0.5,0,0.0,true
001,null,86,0,-0.2220148034,-0.01622366697,-0.02890422031,0.5,0,0.0,true
001,null,87,1,0.1166924672,-0.0100339247,-0.01817096028,0.5,1,0.0,true
001,null,88,0,-1.034130944,-0.06062717288,-0.07330772622,0.5,1,0.0,true
001,null,89,0,-0.4749683821,-0.08269628542,-0.09537683875,0.5,0,0.0,true
001,null,90,0,-0.3524710028,-0.09850581438,-0.1111863677,0.5,1,0.0,true
001,null,91,1,-1.29523309,-0.1572995643,-0.1654365999,0.5,0,0.0,true
001,null,92,1,0.2389434819,-0.1407033932,-0.1488404288,0.5,0,0.0,true
001,null,93,0,-1.730625441,-0.2118951689,-0.2245757222,0.5,0,0.0,true
001,null,94,1,0.8450516593,-0.1610155694,-0.169152605,0.5,0,0.0,true
001,null,95,0,0.807773715,-0.11397786,-0.1266584134,0.5,0,0.0,true
001,null,96,0,-0.6717323551,-0.1438466441,-0.1565271974,0.5,0,0.0,true
001,null,97,0,1.417761399,-0.06312708384,-0.07580763718,0.5,1,0.0,true
001,null,98,0,-1.245155827,-0.1199423273,-0.1326228807,0.5,0,0.0,true
001,null,99,0,0.3109055654,-0.1011042048,-0.1137847581,0.5,0,0.0,true
001,null,100,0,1.530393957,-0.01903297512,-0.03171352846,0.5,1,0.0,true
001,null,101,1,0.5967099629,0.01094180012,0.002804764538,0.5,1,0.0,true
001,null,102,0,-0.008873599796,0.01021719469,-0.002463358645,0.5,1,0.0,true
001,null,103,0,-0.8624882364,-0.03399973419,-0.04668028753,0.5,0,0.0,true
001,null,104,1,0.1248920379,-0.02662550039,-0.03476253598,0.5,1,0.0,true
001,null,105,1,-0.1207155347,-0.03238307045,-0.04052010603,0.5,1,0.0,true
001,null,106,1,0.5465650705,-0.001621020445,-0.009758056029,0.5,0,0.0,true
001,null,107,1,0.7862359026,0.04141281016,0.03327577458,0.5,0,0.0,true
001,null,108,0,-1.122552049,-0.02172631878,-0.03440687212,0.5,0,0.0,true
001,null,109,1,0.8926993917,0.02758585717,0.01944882159,0.5,1,0.0,true
001,null,110,1,0.9170825086,0.07581935485,0.06768231927,0.5,1,0.0,true
001,null,111,1,-0.2972922492,0.0572467358,0.04910970022,0.5,0,0.0,true
001,null,112,1,1.350655139,0.1253205022,0.1171834666,0.5,0,0.0,true
001,null,113,1,0.4928599946,0.1482163332,0.1400792976,0.5,1,0.0,true
001,null,114,0,-0.9583381063,0.08816469112,0.07548413778,0.5,1,0.0,true
001,null,115,0,0.8820470134,0.132129026,0.1194484727,0.5,0,0.0,true
001,null,116,0,-0.3091292776,0.1111119045,0.09843135112,0.5,1,0.0,true
001,null,117,0,1.160010329,0.1675849771,0.1549044238,0.5,0,0.0,true
001,null,118,0,-0.8984602349,0.1098665425,0.09718598912,0.5,0,0.0,true
001,null,119,1,-0.8568575781,0.05738806758,0.04925103199,0.5,1,0.0,true
001,null,120,0,0.2781266917,0.07150183943,0.05882128609,0.5,0,0.0,true
001,null,121,1,2.687257847,0.1849606604,0.1768236249,0.5,1,0.0,true
001,null,122,1,-1.632294809,0.09482107578,0.0866840402,0.5,0,0.0,true
001,null,123,1,-1.145986006,0.03731567502,0.02917863944,0.5,1,0.0,true
001,null,124,1,0.2373481913,0.0474716864,0.03933465082,0.5,1,0.0,true
001,null,125,0,0.09765493875,0.05096349254,0.0382829392,0.5,0,0.0,true
001,null,126,1,-0.02606639379,0.04838402326,0.04024698768,0.5,0,0.0,true
001,null,127,1,-0.3642963767,0.02859002449,0.02045298891,0.5,1,0.0,true
001,null,128,1,-1.914953357,-0.06527073137,-0.07340776695,0.5,0,0.0,true
001,null,129,0,1.791426706,0.02187274184,0.009192188499,0.5,0,0.0,true
001,null,130,0,0.7132375151,0.05387967062,0.04119911728,0.5,1,0.0,true
001,null,131,0,-1.657229823,-0.02421815459,-0.03689870793,0.5,0,0.0,true
001,null,132,1,1.198037451,0.03023351262,0.02209647703,0.5,0,0.0,true
001,null,133,0,1.046163002,0.07540477338,0.06272422004,0.5,0,0.0,true
001,null,134,1,1.589452511,0.1389652968,0.1308282612,0.5,1,0.0,true
001,null,135,1,-0.7521649277,0.1007884067,0.09265137112,0.5,1,0.0,true
001,null,136,1,-0.1931019098,0.0894337827,0.08129674712,0.5,1,0.0,true
001,null,137,0,-0.895335071,0.04488385487,0.03220330153,0.5,1,0.0,true
001,null,138,0,-0.841382095,0.004323625227,-0.008356928112,0.5,1,0.0,true
001,null,139,1,-1.168526447,-0.0495284409,-0.05766547649,0.5,1,0.0,true
001,null,140,1,-0.2101242866,-0.05810987167,-0.06624690725,0.5,1,0.0,true
001,null,141,0,-0.1753502091,-0.06505336138,-0.07773391472,0.5,1,0.0,true
001,null,142,0,-0.6515304148,-0.09466063915,-0.1073411925,0.5,0,0.0,true
001,null,143,1,-1.881097268,-0.1720340082,-0.1801710438,0.5,0,0.0,true
001,null,144,0,-0.2513648439,-0.1793569346,-0.1920374879,0.5,1,0.0,true
001,null,145,0,0.9933578317,-0.1236431189,-0.1363236722,0.5,1,0.0,true
001,null,146,0,0.3929371704,-0.1009748375,-0.1136553908,0.5,0,0.0,true
001,null,147,0,-1.936718611,-0.1790090026,-0.1916895559,0.5,1,0.0,true
001,null,148,1,0.372556755,-0.1565003834,-0.164637419,0.5,0,0.0,true
001,null,149,0,-0.9167878925,-0.1928741465,-0.2055546998,0.5,0,0.0,true
001,null,150,0,0.7658997701,-0.1489236828,-0.1616042362,0.5,1,0.0,true
001,null,151,1,-0.06457459293,-0.1482988169,-0.1564358525,0.5,1,0.0,true
001,null,152,0,1.289166447,-0.07666128228,-0.08934183562,0.5,0,0.0,true
001,null,153,0,-1.767598441,-0.1510468095,-0.1637273628,0.5,1,0.0,true
001,null,154,0,0.6264724042,-0.1165821073,-0.1292626607,0.5,1,0.0,true
001,null,155,0,0.8501783013,-0.07155753083,-0.08423808417,0.5,0,0.0,true
001,null,156,0,0.4274150697,-0.04879109306,-0.0614716464,0.5,0,0.0,true
001,null,157,1,-0.5398567759,-0.07379702706,-0.08193406264,0.5,1,0.0,true
001,null,158,1,0.8714591229,-0.02738420803,-0.03552124361,0.5,1,0.0,true
001,null,159,1,0.9754207415,0.02236362324,0.01422658765,0.5,0,0.0,true
001,null,160,0,-0.09061596453,0.01717855388,0.004498000542,0.5,0,0.0,true
001,null,161,1,0.1633927272,0.0252612863,0.01712425072,0.5,0,0.0,true
001,null,162,0,-0.3143946896,0.007760378943,-0.004920174396,0.5,1,0.0,true
001,null,163,0,-0.5304884596,-0.0213259936,-0.03400654694,0.5,0,0.0,true
001,null,164,0,0.05665149082,-0.01762583272,-0.03030638606,0.5,1,0.0,true
001,null,165,1,0.1889354652,-0.006366071133,-0.01450310672,0.5,1,0.0,true
001,null,166,0,0.613150429,0.02935620706,0.01667565372,0.5,0,0.0,true
001,null,167,1,-1.601899871,-0.061190696,-0.06932773158,0.5,0,0.0,true
001,null,168,0,1.352681955,0.01532605881,0.002645505475,0.5,0,0.0,true
001,null,169,0,-0.4327823772,-0.008585919149,-0.02126647249,0.5,0,0.0,true
001,null,170,0,1.061004287,0.04892140524,0.0362408519,0.5,0,0.0,true
001,null,171,0,-0.615035301,0.01361935452,0.00093880118,0.5,0,0.0,true
001,null,172,0,-1.232053568,-0.05316045829,-0.06584101163,0.5,0,0.0,true
001,null,173,1,-0.6236762865,-0.08502371881,-0.09316075439,0.5,1,0.0,true
001,null,174,1,0.4602303255,-0.05690561823,-0.06504265381,0.5,0,0.0,true
001,null,175,1,-0.2012870307,-0.06678784406,-0.07492487964,0.5,0,0.0,true
001,null,176,0,-0.733717274,-0.1058082252,-0.1184887786,0.5,0,0.0,true
001,null,177,1,0.03400256067,-0.1011346694,-0.109271705,0.5,1,0.0,true
001,null,178,1,-1.108272654,-0.1582695598,-0.1664065954,0.5,1,0.0,true
001,null,179,1,0.4751943915,-0.1252170595,-0.133354095,0.5,0,0.0,true
001,null,180,1,0.6384007576,-0.08246135152,-0.09059838711,0.5,1,0.0,true
001,null,181,1,-0.7243143951,-0.1220610072,-0.1301980428,0.5,0,0.0,true
001,null,182,0,0.3935603413,-0.0943408607,-0.107021414,0.5,1,0.0,true
001,null,183,0,-2.803564094,-0.2102273611,-0.2229079144,0.5,0,0.0,true
001,null,184,1,-0.4668331543,-0.2271928803,-0.2353299159,0.5,0,0.0,true
001,null,185,0,-0.856915982,-0.2605197801,-0.2732003335,0.5,1,0.0,true
001,null,186,1,0.3060285837,-0.2374751257,-0.2456121612,0.5,1,0.0,true
001,null,187,1,-0.1685483473,-0.2402055395,-0.2483425751,0.5,0,0.0,true
001,null,188,0,-0.2126782636,-0.2453540497,-0.258034603,0.5,0,0.0,true
001,null,189,0,-0.1158163777,-0.2454885229,-0.2581690762,0.5,1,0.0,true
001,null,190,1,0.4033357362,-0.2151014753,-0.2232385109,0.5,0,0.0,true
001,null,191,0,-0.4455557674,-0.2340496514,-0.2467302047,0.5,1,0.0,true
001,null,192,1,-0.7294767023,-0.2664946953,-0.2746317309,0.5,1,0.0,true
001,null,193,0,-0.4401226624,-0.2841148539,-0.2967954072,0.5,1,0.0,true
001,null,194,0,0.8765184827,-0.2173690373,-0.2300495906,0.5,1,0.0,true
001,null,195,1,-0.07106985459,-0.2161479533,-0.2242849889,0.5,1,0.0,true
001,null,196,1,0.6830125829,-0.1650837007,-0.1732207363,0.5,1,0.0,true
001,null,197,0,-0.482913278,-0.1895330848,-0.2022136381,0.5,1,0.0,true
001,null,198,1,0.5459191483,-0.1480381582,-0.1561751938,0.5,0,0.0,true
001,null,199,1,0.2565035252,-0.1273141468,-0.1354511824,0.5,0,0.0,true
001,null,200,0,-1.419320003,-0.2011186584,-0.2137992118,0.5,0,0.0,true
001,null,201,1,0.2442605672,-0.1802871385,-0.188424174,0.5,1,0.0,true
001,null,202,1,0.05351615693,-0.1722669242,-0.1804039598,0.5,1,0.0,true
001,null,203,1,1.399629703,-0.07003261022,-0.0781696458,0.5,0,0.0,true
001,null,204,1,-0.2188515689,-0.08177577115,-0.08991280674,0.5,1,0.0,true
001,null,205,1,-0.6835695339,-0.1211333217,-0.1292703573,0.5,0,0.0,true
001,null,206,1,-1.943100551,-0.2122321735,-0.220369209,0.5,0,0.0,true
001,null,207,0,-0.2679453468,-0.221779481,-0.2344600344,0.5,0,0.0,true
001,null,208,0,0.09927359189,-0.2102328292,-0.2229133825,0.5,1,0.0,true
001,null,209,0,1.492184121,-0.1062468982,-0.1189274515,0.5,0,0.0,true
001,null,210,1,-0.485664976,-0.1305057742,-0.1386428098,0.5,0,0.0,true
001,null,211,1,-2.769680045,-0.23431082,-0.2424478556,0.5,1,0.0,true
001,null,212,1,-1.218897108,-0.2780799241,-0.2862169597,0.5,0,0.0,true
001,null,213,1,-0.9245617564,-0.3095572548,-0.3176942903,0.5,1,0.0,true
001,null,214,1,0.7391957154,-0.262464195,-0.2706012305,0.5,1,0.0,true
001,null,215,1,-1.218098997,-0.3049779259,-0.3131149615,0.5,1,0.0,true
001,null,216,0,0.4393180899,-0.2745829251,-0.2872634785,0.5,0,0.0,true
001,null,217,1,-0.07979426954,-0.2715602289,-0.2796972645,0.5,1,0.0,true
001,null,218,0,-0.4729208878,-0.2871671327,-0.2998476861,0.5,1,0.0,true
001,null,219,0,-0.1768347891,-0.2888633278,-0.3015438812,0.5,1,0.0,true
001,null,220,0,0.1332233511,-0.2742955887,-0.286976142,0.5,0,0.0,true
001,null,221,1,-0.2382949954,-0.2799240073,-0.2880610428,0.5,1,0.0,true
001,null,222,1,-0.4418418259,-0.2958083685,-0.303945404,0.5,0,0.0,true
001,null,223,1,-1.297576409,-0.3440791504,-0.352216186,0.5,1,0.0,true
001,null,224,0,1.122147361,-0.2627949592,-0.2754755125,0.5,0,0.0,true
001,null,225,0,-0.2677780156,-0.2702913744,-0.2829719278,0.5,1,0.0,true
001,null,226,1,-0.9949141225,-0.3099128145,-0.3180498501,0.5,0,0.0,true
001,null,227,1,0.1946375348,-0.2908061345,-0.2989431701,0.5,0,0.0,true
001,null,228,0,0.2219998844,-0.2702476374,-0.2829281907,0.5,0,0.0,true
001,null,229,0,-0.6025534452,-0.2951790394,-0.3078595928,0.5,1,0.0,true
001,null,230,0,-0.3789034794,-0.3087298482,-0.3214104016,0.5,0,0.0,true
001,null,231,1,1.606477866,-0.1860922967,-0.1942293323,0.5,0,0.0,true
001,null,232,0,-1.771155518,-0.2575162515,-0.2701968049,0.5,0,0.0,true
001,null,233,1,0.01162419354,-0.2503732207,-0.2585102563,0.5,1,0.0,true
001,null,234,1,-0.4613294957,-0.2676350335,-0.275772069,0.5,1,0.0,true
001,null,235,0,0.7453250186,-0.2154582222,-0.2281387755,0.5,1,0.0,true
001,null,236,0,1.3952001,-0.1238465979,-0.1365271513,0.5,0,0.0,true
001,null,237,1,-0.5881376589,-0.1512686942,-0.1594057298,0.5,0,0.0,true
001,null,238,0,2.289984989,-0.01780080141,-0.03048135475,0.5,0,0.0,true
001,null,239,1,-0.6831925208,-0.05057126517,-0.05870830076,0.5,1,0.0,true
001,null,240,1,0.3951902356,-0.02934407009,-0.03748110567,0.5,1,0.0,true
001,null,241,0,-1.698081181,-0.1077995581,-0.1204801114,0.5,1,0.0,true
001,null,242,1,-0.9405734573,-0.1480698751,-0.1562069107,0.5,1,0.0,true
001,null,243,0,2.494010279,-0.01879816175,-0.03147871509,0.5,0,0.0,true
001,null,244,1,1.619495026,0.05086593355,0.04272889797,0.5,1,0.0,true
001,null,245,0,-1.474168577,-0.01367387887,-0.0263544322,0.5,1,0.0,true
001,null,246,1,-1.101560104,-0.05906880776,-0.06720584335,0.5,1,0.0,true
001,null,247,1,-1.034806297,-0.09998517869,-0.1081222143,0.5,0,0.0,true
001,null,248,1,2.316199853,0.002255628126,-0.005881407458,0.5,0,0.0,true
001,null,249,1,0.8956414254,0.03789878683,0.02976175125,0.5,1,0.0,true
001,null,250,0,-0.3568750815,0.02228554167,0.009604988334,0.5,1,0.0,true
001,null,251,0,-0.3410277691,0.007416453101,-0.005264100238,0.5,1,0.0,true
001,null,252,1,0.801217713,0.04112012584,0.03298309025,0.5,1,0.0,true
001,null,253,1,1.458910257,0.0996152926,0.09147825702,0.5,1,0.0,true
001,null,254,1,-0.0974209202,0.09289345695,0.08475642137,0.5,1,0.0,true
001,null,255,1,0.9260033514,0.1291979811,0.1210609456,0.5,0,0.0,true
001,null,256,0,0.08526060214,0.1296985484,0.117017995,0.5,1,0.0,true
001,null,257,0,0.6398760047,0.1542889072,0.1416083538,0.5,1,0.0,true
001,null,258,1,-1.021394052,0.1007532769,0.09261624128,0.5,1,0.0,true
001,null,259,1,-1.606233277,0.02219225226,0.01405521668,0.5,0,0.0,true
001,null,260,0,-1.649849899,-0.05038487086,-0.0630654242,0.5,1,0.0,true
001,null,261,1,-0.8858856578,-0.08685228821,-0.09498932379,0.5,0,0.0,true
001,null,262,1,0.04205453825,-0.08277627633,-0.09091331192,0.5,1,0.0,true
001,null,263,1,0.459747407,-0.05940063584,-0.06753767142,0.5,1,0.0,true
001,null,264,1,-1.391327073,-0.1179888296,-0.1261258652,0.5,1,0.0,true
001,null,265,1,1.036547414,-0.06583102118,-0.07396805677,0.5,1,0.0,true
001,null,266,1,-0.9700516053,-0.1068254513,-0.1149624868,0.5,0,0.0,true
001,null,267,1,-0.3227176401,-0.1188416453,-0.1269786809,0.5,0,0.0,true
001,null,268,0,-0.2755055465,-0.1287099839,-0.1413905373,0.5,0,0.0,true
001,null,269,1,-2.14385162,-0.2082647695,-0.2164018051,0.5,0,0.0,true
001,null,270,0,0.02124274797,-0.2020278941,-0.2147084474,0.5,0,0.0,true
001,null,271,0,-0.1805295303,-0.2051527714,-0.2178333247,0.5,0,0.0,true
001,null,272,0,-0.5764575895,-0.2257131019,-0.2383936553,0.5,1,0.0,true
001,null,273,1,-0.6715841624,-0.2499265479,-0.2580635835,0.5,1,0.0,true
001,null,274,1,-0.7916019359,-0.2783730549,-0.2865100904,0.5,1,0.0,true
001,null,275,1,0.9307756435,-0.2203331158,-0.2284701514,0.5,0,0.0,true
001,null,276,1,-0.5856990642,-0.2419682061,-0.2501052417,0.5,1,0.0,true
001,null,277,1,1.009263113,-0.179838052,-0.1879750876,0.5,0,0.0,true
001,null,278,0,0.7379908723,-0.1358544044,-0.1485349577,0.5,1,0.0,true
001,null,279,0,0.159660739,-0.1241153352,-0.1367958886,0.5,0,0.0,true
001,null,280,0,-0.5980465929,-0.1510275603,-0.1637081136,0.5,1,0.0,true
001,null,281,1,-0.5339912384,-0.1744006618,-0.1825376973,0.5,1,0.0,true
001,null,282,0,-0.5654788177,-0.1989443461,-0.2116248995,0.5,1,0.0,true
001,null,283,0,0.6486674212,-0.1559440346,-0.168624588,0.5,1,0.0,true
001,null,284,0,0.07207889692,-0.1479236688,-0.1606042221,0.5,0,0.0,true
001,null,285,0,1.510562112,-0.05327280206,-0.0659533554,0.5,0,0.0,true
001,null,286,1,0.6169632609,-0.01773976765,-0.02587680323,0.5,0,0.0,true
001,null,287,0,-0.8398996111,-0.06284402257,-0.07552457591,0.5,0,0.0,true
001,null,288,1,0.7066257338,-0.02128212494,-0.02941916053,0.5,0,0.0,true
001,null,289,1,-1.254069713,-0.08749810418,-0.09563513976,0.5,0,0.0,true
001,null,290,1,0.1676555148,-0.07592720765,-0.08406424324,0.5,1,0.0,true
001,null,291,1,-0.9964719512,-0.1266121643,-0.1347491999,0.5,0,0.0,true
001,null,292,0,0.02564421012,-0.1219549458,-0.1346354991,0.5,0,0.0,true
001,null,293,1,-0.4956853937,-0.1463941046,-0.1545311401,0.5,0,0.0,true
001,null,294,0,-2.214292005,-0.2359865942,-0.2486671475,0.5,0,0.0,true
001,null,295,1,-1.645049942,-0.2949295867,-0.3030666222,0.5,0,0.0,true
001,null,296,0,0.6637471664,-0.2514876774,-0.2641682307,0.5,0,0.0,true
001,null,297,0,1.75724322,-0.1447759776,-0.157456531,0.5,1,0.0,true
001,null,298,0,0.7300244077,-0.1044869158,-0.1171674691,0.5,0,0.0,true
001,null,299,0,-0.3043569162,-0.11650788,-0.1291884333,0.5,0,0.0,true
001,null,300,0,0.8402748095,-0.07013628371,-0.08281683705,0.5,1,0.0,true
001,null,301,0,0.675390067,-0.03378339792,-0.04646395126,0.5,0,0.0,true
001,null,302,1,-0.5592411702,-0.06113370858,-0.06927074417,0.5,0,0.0,true
001,null,303,0,1.044549648,-0.004877748895,-0.01755830223,0.5,1,0.0,true
001,null,304,0,-1.230214901,-0.06614738345,-0.07882793679,0.5,0,0.0,true
001,null,305,1,1.04032541,-0.01074504262,-0.0188820782,0.5,1,0.0,true
001,null,306,1,-0.0294641845,-0.01198261638,-0.02011965197,0.5,1,0.0,true
001,null,307,0,-0.4882970672,-0.03710811584,-0.04978866918,0.5,1,0.0,true
001,null,308,1,-0.6435134638,-0.06982866626,-0.07796570185,0.5,0,0.0,true
001,null,309,1,0.4059735073,-0.0457779376,-0.05391497318,0.5,0,0.0,true
001,null,310,1,-1.702907993,-0.1281309454,-0.136267981,0.5,1,0.0,true
001,null,311,0,0.6222254414,-0.09129377975,-0.1039743331,0.5,0,0.0,true
001,null,312,0,-1.851495474,-0.1716117235,-0.1842922769,0.5,1,0.0,true
001,null,313,0,0.5444750955,-0.1390298005,-0.1517103538,0.5,1,0.0,true
001,null,314,1,-0.2617523663,-0.1485690288,-0.1567060644,0.5,1,0.0,true
001,null,315,0,0.9933444971,-0.09062662561,-0.1033071789,0.5,1,0.0,true
001,null,316,0,0.09382931547,-0.08342304003,-0.09610359337,0.5,1,0.0,true
001,null,317,1,-0.7568636714,-0.1198168084,-0.127953844,0.5,1,0.0,true
001,null,318,0,-0.9203038674,-0.1624822859,-0.1751628392,0.5,0,0.0,true
001,null,319,0,2.456118847,-0.02204099684,-0.03472155018,0.5,0,0.0,true
001,null,320,1,-0.6694314504,-0.05286503826,-0.06100207384,0.5,1,0.0,true
001,null,321,1,-0.9232498609,-0.09436874077,-0.1025057764,0.5,0,0.0,true
001,null,322,1,0.3077356721,-0.07681370412,-0.0849507397,0.5,0,0.0,true
001,null,323,0,-1.415397825,-0.1387125744,-0.1513931277,0.5,0,0.0,true
001,null,324,0,-0.4414567436,-0.15601937,-0.1686999233,0.5,0,0.0,true
001,null,325,1,0.4912343709,-0.1268313721,-0.1349684077,0.5,0,0.0,true
001,null,326,1,0.2443015066,-0.1110325086,-0.1191695442,0.5,1,0.0,true
001,null,327,1,0.244984593,-0.0953112633,-0.1034482989,0.5,0,0.0,true
001,null,328,0,0.5457253901,-0.06326083521,-0.07594138855,0.5,1,0.0,true
001,null,329,1,-0.3206713565,-0.07881969575,-0.08695673134,0.5,0,0.0,true
001,null,330,1,-0.4942776118,-0.1034802996,-0.1116173352,0.5,0,0.0,true
001,null,331,0,-1.759397441,-0.1830166793,-0.1956972327,0.5,0,0.0,true
001,null,332,1,0.3039685106,-0.1618580953,-0.1699951309,0.5,0,0.0,true
001,null,333,1,0.5354281527,-0.1276579389,-0.1357949745,0.5,1,0.0,true
001,null,334,0,2.091069138,-0.008062731458,-0.0207432848,0.5,1,0.0,true
001,null,335,1,-1.701847387,-0.08728290706,-0.09541994264,0.5,1,0.0,true
001,null,336,1,1.214670051,-0.02566678926,-0.03380382484,0.5,1,0.0,true
001,null,337,1,0.5364371057,0.0006393127562,-0.007497722828,0.5,1,0.0,true
001,null,338,0,-1.395748847,-0.06450875297,-0.07718930631,0.5,1,0.0,true
001,null,339,0,0.693967976,-0.02934233124,-0.04202288458,0.5,1,0.0,true
001,null,340,0,2.093099907,0.0665067352,0.05382618186,0.5,0,0.0,true
001,null,341,0,1.093659094,0.1117162056,0.0990356523,0.5,0,0.0,true
001,null,342,1,-1.815983561,0.02474720342,0.01661016784,0.5,1,0.0,true
001,null,343,1,0.05288195306,0.02643186816,0.01829483257,0.5,1,0.0,true
001,null,344,1,0.7366702998,0.0581824729,0.05004543732,0.5,0,0.0,true
001,null,345,0,0.8458353487,0.09384448415,0.08116393081,0.5,0,0.0,true
001,null,346,1,0.4149812104,0.1101735839,0.1020365483,0.5,1,0.0,true
001,null,347,0,-0.8689481549,0.06540010168,0.05271954834,0.5,0,0.0,true
001,null,348,0,1.083430312,0.1122736636,0.09959311031,0.5,1,0.0,true
001,null,349,1,0.9164435074,0.1501385789,0.1420015433,0.5,0,0.0,true
001,null,350,0,-0.5586442403,0.1187719384,0.1060913851,0.5,1,0.0,true
001,null,351,0,1.383556268,0.1753823832,0.1627018298,0.5,1,0.0,true
001,null,352,0,-0.8992433673,0.1255947614,0.1129142081,0.5,1,0.0,true
001,null,353,0,-0.8241620854,0.08139614769,0.06871559435,0.5,0,0.0,true
001,null,354,1,-0.2332409269,0.06788607932,0.05974904374,0.5,1,0.0,true
001,null,355,1,0.3070243973,0.08130081566,0.07316378007,0.5,0,0.0,true
001,null,356,1,-1.10573969,0.0220577378,0.01392070222,0.5,0,0.0,true
001,null,357,1,0.7718465177,0.05981101542,0.05167397984,0.5,0,0.0,true
001,null,358,0,-1.553434652,-0.02023222676,-0.0329127801,0.5,1,0.0,true
001,null,359,0,-0.2134782102,-0.03028005736,-0.0429606107,0.5,1,0.0,true
001,null,360,0,-0.8751861675,-0.0725994256,-0.08527997894,0.5,0,0.0,true
001,null,361,0,0.6806738993,-0.03549922768,-0.04817978102,0.5,1,0.0,true
001,null,362,0,-0.07112032306,-0.03828481783,-0.05096537117,0.5,0,0.0,true
001,null,363,0,1.289744946,0.02994525412,0.01726470078,0.5,0,0.0,true
001,null,364,1,-1.162784625,-0.03040803135,-0.03854506694,0.5,1,0.0,true
001,null,365,0,1.500094515,0.04525016389,0.03256961055,0.5,0,0.0,true
001,null,366,1,-0.567459297,0.01554913884,0.007412103253,0.5,0,0.0,true
001,null,367,1,0.2309957225,0.02689699962,0.01875996403,0.5,1,0.0,true
001,null,368,1,0.2524500404,0.0393365732,0.03119953762,0.5,0,0.0,true
001,null,369,1,0.2091273899,0.04946866751,0.04133163192,0.5,0,0.0,true
001,null,370,1,-0.7607780121,0.006392654097,-0.001744381487,0.5,0,0.0,true
001,null,371,1,-0.4059650199,-0.01613794803,-0.02427498362,0.5,1,0.0,true
001,null,372,1,-1.445963232,-0.0914546814,-0.09959171699,0.5,0,0.0,true
001,null,373,0,1.938716923,0.01477967306,0.002099119716,0.5,0,0.0,true
001,null,374,0,-0.1613447962,0.006255702312,-0.006424851027,0.5,0,0.0,true
001,null,375,0,-0.2998921703,-0.009403327163,-0.0220838805,0.5,0,0.0,true
001,null,376,1,-1.231560099,-0.07143424481,-0.07957128039,0.5,1,0.0,true
001,null,377,1,-0.2021610712,-0.08008523725,-0.08822227284,0.5,0,0.0,true
001,null,378,1,0.8115307293,-0.03402485922,-0.04216189481,0.5,0,0.0,true
001,null,379,0,1.660743049,0.05225902921,0.03957847588,0.5,1,0.0,true
001,null,380,0,-0.1457896432,0.04343148764,0.0307509343,0.5,0,0.0,true
001,null,381,0,-1.342454587,-0.0269813773,-0.03966193064,0.5,1,0.0,true
001,null,382,0,1.054679528,0.02719690113,0.01451634779,0.5,0,0.0,true
001,null,383,0,-1.946264224,-0.06698979032,-0.07967034366,0.5,1,0.0,true
001,null,384,0,-1.220088534,-0.1198908156,-0.132571369,0.5,0,0.0,true
001,null,385,1,0.4413715061,-0.09537631615,-0.1035133517,0.5,1,0.0,true
001,null,386,1,-0.1608708902,-0.1007389245,-0.1088759601,0.5,1,0.0,true
001,null,387,0,1.500267496,-0.02202012544,-0.03470067878,0.5,1,0.0,true
001,null,388,0,-1.001802492,-0.06854975187,-0.0812303052,0.5,0,0.0,true
001,null,389,1,-0.6733877528,-0.09857051205,-0.1067075476,0.5,0,0.0,true
001,null,390,0,-2.62067256,-0.1952632498,-0.2079438031,0.5,1,0.0,true
001,null,391,0,-0.5668597774,-0.2138858736,-0.226566427,0.5,0,0.0,true
001,null,392,1,1.020990498,-0.1594646897,-0.1676017253,0.5,1,0.0,true
001,null,393,1,1.94206705,-0.06336473594,-0.07150177153,0.5,0,0.0,true
001,null,394,0,0.3436678095,-0.04687960639,-0.05956015972,0.5,1,0.0,true
001,null,395,1,-0.4620241231,-0.06576084575,-0.07389788133,0.5,0,0.0,true
001,null,396,0,1.485463508,0.00260806466,-0.01007248868,0.5,1,0.0,true
001,null,397,1,-0.6225126158,-0.02479685847,-0.03293389405,0.5,1,0.0,true
001,null,398,0,2.243206819,0.07002259456,0.05734204122,0.5,0,0.0,true
001,null,399,1,0.04300454623,0.07005779752,0.06192076194,0.5,1,0.0,true
001,null,400,0,0.8864243331,0.1050422991,0.09236174571,0.5,1,0.0,true
001,null,401,1,0.9549404762,0.1416501915,0.1335131559,0.5,0,0.0,true
001,null,402,1,-0.6193280333,0.1099641159,0.1018270803,0.5,1,0.0,true
001,null,403,0,2.192950131,0.1881590473,0.175478494,0.5,1,0.0,true
001,null,404,0,0.7055722618,0.2112637509,0.1985831976,0.5,0,0.0,true
001,null,405,1,0.1582905871,0.2125994735,0.2044624379,0.5,0,0.0,true
001,null,406,0,-1.117192136,0.1544445158,0.1417639625,0.5,1,0.0,true
001,null,407,1,-0.6934025943,0.1188956562,0.1107586206,0.5,1,0.0,true
001,null,408,0,-0.3532981739,0.09982049202,0.08713993868,0.5,1,0.0,true
001,null,409,1,-0.4751097436,0.07517138551,0.06703434993,0.5,0,0.0,true
001,null,410,1,-1.589779245,-0.001048909859,-0.009185945443,0.5,0,0.0,true
001,null,411,1,0.2837772413,0.01188227453,0.003745238941,0.5,1,0.0,true
001,null,412,1,1.84248533,0.0910387693,0.08290173371,0.5,1,0.0,true
001,null,413,1,1.316151109,0.1426819253,0.1345448897,0.5,0,0.0,true
001,null,414,0,-0.2858850864,0.126193793,0.1135132397,0.5,1,0.0,true
001,null,415,1,-1.359876518,0.05904061029,0.05090357471,0.5,1,0.0,true
001,null,416,0,0.7004519886,0.08813247902,0.07545192568,0.5,1,0.0,true
001,null,417,0,3.277730386,0.1957096456,0.1830290923,0.5,1,0.0,true
001,null,418,1,0.4778662119,0.2086276126,0.200490577,0.5,0,0.0,true
001,null,419,1,-0.5779623336,0.1794060671,0.1712690315,0.5,1,0.0,true
001,null,420,1,-1.207221771,0.1229286918,0.1147916562,0.5,0,0.0,true
001,null,421,0,-0.3231833858,0.106481462,0.09380090869,0.5,1,0.0,true
001,null,422,0,1.39117384,0.1565857606,0.1439052072,0.5,0,0.0,true
001,null,423,0,-1.27018394,0.09739246951,0.08471191617,0.5,0,0.0,true
001,null,424,0,0.4814114673,0.1143749539,0.1016944005,0.5,1,0.0,true
001,null,425,0,1.033239724,0.1522543414,0.139573788,0.5,1,0.0,true
001,null,426,0,-0.5095432786,0.1261322473,0.113451694,0.5,1,0.0,true
001,null,427,1,1.055325207,0.165343574,0.1572065384,0.5,0,0.0,true
001,null,428,1,-0.4689253414,0.1400970644,0.1319600288,0.5,0,0.0,true
001,null,429,0,1.079294517,0.180557892,0.1678773387,0.5,1,0.0,true
001,null,430,1,-1.285371885,0.1147411792,0.1066041436,0.5,1,0.0,true
001,null,431,1,1.65946132,0.176265741,0.1681287055,0.5,0,0.0,true
001,null,432,1,0.9147675941,0.2081833319,0.2000462963,0.5,0,0.0,true
001,null,433,0,-2.300005787,0.09325367,0.08057311666,0.5,0,0.0,true
001,null,434,0,-0.06549886319,0.08820454893,0.07552399559,0.5,0,0.0,true
001,null,435,0,1.000173465,0.1257789342,0.1130983809,0.5,0,0.0,true
001,null,436,1,0.6196247607,0.1478214509,0.1396844153,0.5,1,0.0,true
001,null,437,0,-1.277527029,0.08636047657,0.07367992323,0.5,1,0.0,true
001,null,438,0,-0.50047326,0.06237097379,0.04969042045,0.5,1,0.0,true
001,null,439,1,-0.4089818595,0.04269878895,0.03456175336,0.5,1,0.0,true
001,null,440,0,-0.4271850956,0.0223554125,0.009674859162,0.5,0,0.0,true
001,null,441,0,0.8912402089,0.06167097828,0.04899042494,0.5,0,0.0,true
001,null,442,0,0.02041582856,0.06105455745,0.04837400411,0.5,1,0.0,true
001,null,443,0,0.3592684684,0.07635997114,0.0636794178,0.5,1,0.0,true
001,null,444,0,-1.242563575,0.01353244218,0.0008518888365,0.5,1,0.0,true
001,null,445,0,2.164948971,0.1064393748,0.0937588215,0.5,0,0.0,true
001,null,446,0,0.612333447,0.1301875531,0.1175069997,0.5,0,0.0,true
001,null,447,1,0.800002649,0.1612385346,0.1531014991,0.5,0,0.0,true
001,null,448,1,-0.5380798882,0.1315020685,0.1233650329,0.5,1,0.0,true
001,null,449,1,-0.02138593826,0.1271641698,0.1190271342,0.5,0,0.0,true
001,null,450,1,0.728032088,0.1571798944,0.1490428588,0.5,1,0.0,true
001,null,451,0,1.615474223,0.2189953856,0.2063148323,0.5,1,0.0,true
001,null,452,0,-1.584915042,0.1312029472,0.1185223939,0.5,0,0.0,true
001,null,453,0,-0.6672753977,0.09624128994,0.0835607366,0.5,1,0.0,true
001,null,454,1,0.4228396043,0.1131576363,0.1050206008,0.5,1,0.0,true
001,null,455,0,1.223754642,0.1633367465,0.1506561932,0.5,1,0.0,true
001,null,456,1,-2.090779871,0.05475995523,0.04662291965,0.5,0,0.0,true
001,null,457,0,0.234804558,0.06375931826,0.05107876492,0.5,1,0.0,true
001,null,458,1,1.139257351,0.1111703556,0.10303332,0.5,1,0.0,true
001,null,459,0,-0.8382344579,0.0691250404,0.05644448706,0.5,1,0.0,true
001,null,460,0,-0.455154542,0.04617977665,0.03349922331,0.5,0,0.0,true
001,null,461,1,0.968323684,0.08880040238,0.0806633668,0.5,1,0.0,true
001,null,462,1,0.8767060067,0.1259200884,0.1177830528,0.5,1,0.0,true
001,null,463,1,-0.4192152473,0.1022948766,0.09415784101,0.5,0,0.0,true
001,null,464,1,-2.248780447,-0.009047174132,-0.01718420972,0.5,1,0.0,true
001,null,465,1,0.3615040806,0.007415844011,-0.0007211915733,0.5,1,0.0,true
001,null,466,0,0.4658610561,0.02853036528,0.01584981194,0.5,1,0.0,true
001,null,467,0,-0.3609302874,0.0108177725,-0.001862780843,0.5,0,0.0,true
001,null,468,1,0.7656772019,0.04672114741,0.03858411182,0.5,0,0.0,true
001,null,469,1,-0.3881068874,0.02655683078,0.0184197952,0.5,1,0.0,true
001,null,470,1,0.9309353127,0.07069860279,0.06256156721,0.5,0,0.0,true
001,null,471,0,-0.1950141479,0.05910507315,0.04642451981,0.5,1,0.0,true
001,null,472,1,-0.7862445595,0.01705297988,0.0089159443,0.5,0,0.0,true
001,null,473,0,0.962075326,0.06480405252,0.05212349918,0.5,1,0.0,true
001,null,474,1,-0.08299500742,0.05885260546,0.05071556987,0.5,1,0.0,true
001,null,475,1,-0.7435261707,0.01757714201,0.009440106421,0.5,0,0.0,true
001,null,476,1,-0.3435278219,-0.001307968796,-0.00944500438,0.5,0,0.0,true
001,null,477,0,-1.313085456,-0.06982406789,-0.08250462123,0.5,1,0.0,true
001,null,478,0,1.542048066,0.0137048702,0.001024316856,0.5,1,0.0,true
001,null,479,1,0.5769029377,0.04274272251,0.03460568693,0.5,0,0.0,true
001,null,480,0,0.4034419219,0.06254799213,0.04986743879,0.5,0,0.0,true
001,null,481,0,0.4628384706,0.0852448557,0.07256430236,0.5,1,0.0,true
001,null,482,0,-2.373030217,-0.04030479251,-0.05298534585,0.5,1,0.0,true
001,null,483,0,0.3925505363,-0.02017235776,-0.0328529111,0.5,0,0.0,true
001,null,484,0,0.165134912,-0.01146632951,-0.02414688285,0.5,0,0.0,true
001,null,485,0,0.07127179677,-0.00755189844,-0.02023245178,0.5,1,0.0,true
001,null,486,0,0.3196843219,0.009284711998,-0.003395841342,0.5,0,0.0,true
001,null,487,0,-0.1656114069,0.0002131754543,-0.01246737789,0.5,1,0.0,true
001,null,488,0,-0.4307581573,-0.02322562363,-0.03590617697,0.5,1,0.0,true
001,null,489,0,-1.717735631,-0.1089175765,-0.1215981298,0.5,1,0.0,true
001,null,490,1,1.542393645,-0.02348725048,-0.03162428606,0.5,0,0.0,true
001,null,491,0,0.5397199276,0.004467134915,-0.008213418424,0.5,0,0.0,true
001,null,492,1,-0.06488771851,0.001000103119,-0.007136932465,0.5,1,0.0,true
001,null,493,0,0.2975486669,0.01671019239,0.004029639051,0.5,0,0.0,true
001,null,494,0,0.7890421118,0.05805027037,0.04536971703,0.5,1,0.0,true
001,null,495,0,-1.000047712,0.001841635027,-0.01083891831,0.5,1,0.0,true
001,null,496,0,-0.2780806531,-0.01332882626,-0.0260093796,0.5,0,0.0,true
001,null,497,1,-0.7107035529,-0.05182901459,-0.05996605017,0.5,0,0.0,true
001,null,498,1,-0.3561897937,-0.07030684364,-0.07844387922,0.5,0,0.0,true
001,null,499,0,1.667769591,0.02528168468,0.01260113134,0.5,0,0.0,true
001,null,500,0,0.5030416241,0.051567142,0.03888658866,0.5,1,0.0,true
001,null,501,1,-0.08262866605,0.04568362804,0.03754659245,0.5,1,0.0,true
001,null,502,0,1.765724298,0.132028837,0.1193482837,0.5,1,0.0,true
001,null,503,1,0.3323530715,0.1458809905,0.1377439549,0.5,1,0.0,true
001,null,504,0,-0.5823743257,0.1094666564,0.0967861031,0.5,0,0.0,true
001,null,505,0,-1.299690428,0.03331315106,0.02063259772,0.5,0,0.0,true
001,null,506,0,0.005292105908,0.03275488396,0.02007433062,0.5,0,0.0,true
001,null,507,1,0.04018809638,0.03414641251,0.02600937693,0.5,1,0.0,true
001,null,508,0,0.1254254371,0.0403778188,0.02769726546,0.5,1,0.0,true
001,null,509,1,0.07671913844,0.04381045525,0.03567341966,0.5,0,0.0,true
001,null,510,1,-2.131896851,-0.07347395743,-0.08161099302,0.5,1,0.0,true
001,null,511,1,0.4240120439,-0.04879962965,-0.05693666524,0.5,1,0.0,true
001,null,512,0,0.2717152866,-0.03273129007,-0.04541184341,0.5,0,0.0,true
001,null,513,0,-0.5874384784,-0.06389575791,-0.07657631125,0.5,1,0.0,true
001,null,514,0,1.222251228,0.006434060993,-0.006246492347,0.5,0,0.0,true
001,null,515,0,1.301376085,0.0745341272,0.06185357386,0.5,1,0.0,true
001,null,516,0,0.765572815,0.1121260767,0.0994455234,0.5,1,0.0,true
001,null,517,1,-0.3288057924,0.0910637301,0.08292669452,0.5,1,0.0,true
001,null,518,1,0.6284257989,0.1223126581,0.1141756225,0.5,1,0.0,true
001,null,519,0,0.2680701955,0.1340620854,0.121381532,0.5,1,0.0,true
001,null,520,1,-1.688517583,0.03020288317,0.02206584759,0.5,0,0.0,true
001,null,521,0,-0.7006427688,-0.008554872571,-0.02123542591,0.5,1,0.0,true
001,null,522,0,-0.9483075954,-0.05893255095,-0.07161310429,0.5,1,0.0,true
001,null,523,0,0.5183727293,-0.0287109984,-0.04139155174,0.5,0,0.0,true
001,null,524,1,-0.717691663,-0.06706594176,-0.07520297735,0.5,0,0.0,true
001,null,525,1,-1.370491373,-0.1349383708,-0.1430754064,0.5,1,0.0,true
001,null,526,1,-0.005760865062,-0.1318370809,-0.1399741165,0.5,0,0.0,true
001,null,527,0,-0.7828127053,-0.1692476225,-0.1819281759,0.5,0,0.0,true
001,null,528,1,-0.8442564032,-0.2080324775,-0.2161695131,0.5,1,0.0,true
001,null,529,0,-1.826030778,-0.2780014599,-0.2906820132,0.5,0,0.0,true
001,null,530,1,-1.022682839,-0.3159050852,-0.3240421208,0.5,0,0.0,true
001,null,531,1,0.2242272148,-0.2956784247,-0.3038154603,0.5,0,0.0,true
001,null,532,0,0.3959912225,-0.2656022023,-0.2782827556,0.5,1,0.0,true
001,null,533,0,-0.07617132375,-0.2630305446,-0.275711098,0.5,1,0.0,true
001,null,534,0,-0.3161043194,-0.273376971,-0.2860575244,0.5,0,0.0,true
001,null,535,0,1.165917124,-0.1905344099,-0.2032149632,0.5,1,0.0,true
001,null,536,0,-0.432471705,-0.2090245067,-0.22170506,0.5,0,0.0,true
001,null,537,1,-1.886391897,-0.2812365622,-0.2893735978,0.5,1,0.0,true
001,null,538,1,-1.604067863,-0.3359740018,-0.3441110374,0.5,0,0.0,true
001,null,539,0,0.4337289127,-0.3037795508,-0.3164601041,0.5,1,0.0,true
001,null,540,1,1.926652566,-0.178207731,-0.1863447666,0.5,0,0.0,true
001,null,541,0,-0.3989405977,-0.1924642846,-0.2051448379,0.5,1,0.0,true
001,null,542,1,1.334891257,-0.1158598087,-0.1239968442,0.5,1,0.0,true
001,null,543,1,-0.6429382629,-0.1430859341,-0.1512229697,0.5,0,0.0,true
001,null,544,0,1.151181435,-0.07944122288,-0.09212177622,0.5,0,0.0,true
001,null,545,0,0.4679128783,-0.05393874389,-0.06661929722,0.5,1,0.0,true
001,null,546,1,-0.02290323555,-0.05373119744,-0.06186823302,0.5,0,0.0,true
001,null,547,1,-1.044668275,-0.1036011303,-0.1117381659,0.5,0,0.0,true
001,null,548,1,0.3339124792,-0.08344462983,-0.09158166541,0.5,0,0.0,true
001,null,549,1,0.5662304572,-0.05089448245,-0.05903151803,0.5,0,0.0,true
001,null,550,1,-0.1715277288,-0.05879134329,-0.06692837887,0.5,0,0.0,true
001,null,551,0,0.03889342902,-0.05515343822,-0.06783399156,0.5,0,0.0,true
001,null,552,1,0.4548483661,-0.02781650581,-0.03595354139,0.5,0,0.0,true
001,null,553,1,-0.2588928996,-0.04196085214,-0.05009788773,0.5,0,0.0,true
001,null,554,1,-0.9577147163,-0.09450461422,-0.1026416498,0.5,0,0.0,true
001,null,555,0,-1.025362555,-0.1471201088,-0.1598006622,0.5,1,0.0,true
001,null,556,0,-0.0129367702,-0.1441472538,-0.1568278071,0.5,0,0.0,true
001,null,557,0,-0.1290043322,-0.1481146275,-0.1607951808,0.5,1,0.0,true
001,null,558,1,-2.369089924,-0.242817564,-0.2509545996,0.5,0,0.0,true
001,null,559,0,0.4068383272,-0.2142417331,-0.2269222864,0.5,0,0.0,true
001,null,560,1,-0.1712341427,-0.2178499666,-0.2259870022,0.5,1,0.0,true
001,null,561,0,-0.1672195721,-0.2213733422,-0.2340538956,0.5,0,0.0,true
001,null,562,1,0.252819846,-0.2010552705,-0.2091923061,0.5,0,0.0,true
001,null,563,0,-1.044179499,-0.2475492162,-0.2602297695,0.5,1,0.0,true
001,null,564,0,1.967858882,-0.1146183652,-0.1272989185,0.5,1,0.0,true
001,null,565,1,-0.8101567999,-0.1515596048,-0.1596966404,0.5,0,0.0,true
001,null,566,1,0.396490232,-0.1261716728,-0.1343087084,0.5,1,0.0,true
001,null,567,1,-0.4915091114,-0.1485170185,-0.1566540541,0.5,1,0.0,true
001,null,568,0,-0.7845870633,-0.1845745983,-0.1972551516,0.5,1,0.0,true
001,null,569,1,0.5989028209,-0.1450606195,-0.1531976551,0.5,0,0.0,true
001,null,570,1,1.318293497,-0.06370125597,-0.07183829156,0.5,1,0.0,true
001,null,571,0,0.982696998,-0.00795793954,-0.02063849288,0.5,0,0.0,true
001,null,572,1,0.3045377127,0.008880002022,0.0007429664378,0.5,0,0.0,true
001,null,573,0,0.02089030225,0.009824364732,-0.002856188607,0.5,0,0.0,true
001,null,574,0,-0.2830943567,-0.006664569993,-0.01934512333,0.5,1,0.0,true
001,null,575,0,-1.637963243,-0.09437872293,-0.1070592763,0.5,1,0.0,true
001,null,576,0,0.2422771087,-0.07843083332,-0.09111138666,0.5,1,0.0,true
001,null,577,0,0.3190543589,-0.05815936313,-0.07083991647,0.5,1,0.0,true
001,null,578,1,-0.4735802927,-0.08352638415,-0.09166341974,0.5,1,0.0,true
001,null,579,0,-0.5959737364,-0.1151925649,-0.1278731182,0.5,0,0.0,true
001,null,580,1,-1.703911053,-0.1949482906,-0.2030853262,0.5,0,0.0,true
001,null,581,1,0.1829675254,-0.1796009212,-0.1877379568,0.5,0,0.0,true
001,null,582,0,0.4786301597,-0.1465461907,-0.159226744,0.5,0,0.0,true
001,null,583,1,-0.1906944512,-0.1537666513,-0.1619036869,0.5,0,0.0,true
001,null,584,1,0.9335981723,-0.09128247186,-0.09941950744,0.5,0,0.0,true
001,null,585,0,0.3070893957,-0.07046789594,-0.08314844928,0.5,0,0.0,true
001,null,586,1,-1.020354642,-0.1259897214,-0.134126757,0.5,0,0.0,true
001,null,587,0,0.6747859349,-0.08089777623,-0.09357832957,0.5,0,0.0,true
001,null,588,0,-0.4057692898,-0.1028608833,-0.1155414366,0.5,0,0.0,true
001,null,589,0,0.2094213034,-0.08714444861,-0.09982500195,0.5,1,0.0,true
001,null,590,1,0.6710471602,-0.04163736562,-0.0497744012,0.5,1,0.0,true
001,null,591,1,1.002547784,0.02258435762,0.01444732203,0.5,1,0.0,true
001,null,592,0,-0.09486360831,0.01602687632,0.003346322977,0.5,0,0.0,true
001,null,593,1,-1.12299094,-0.05419655669,-0.06233359228,0.5,1,0.0,true
001,null,594,1,-2.677118466,-0.1769228195,-0.1850598551,0.5,1,0.0,true
001,null,595,0,0.7176682588,-0.1335530685,-0.1462336219,0.5,1,0.0,true
001,null,596,0,1.404347062,-0.05392275921,-0.06660331255,0.5,1,0.0,true
001,null,597,0,0.4675842197,-0.02856768311,-0.04124823645,0.5,0,0.0,true
001,null,598,0,0.8396281824,0.01551445861,0.00283390527,0.5,1,0.0,true
001,null,599,1,-0.8707400179,-0.02984910707,-0.03798614265,0.5,1,0.0,true
001,null,600,0,-0.04970306421,-0.03170697231,-0.04438752565,0.5,1,0.0,true
001,null,601,0,-0.6750519356,-0.06647471426,-0.0791552676,0.5,1,0.0,true
001,null,602,0,-0.8947931182,-0.1110856861,-0.1237662394,0.5,0,0.0,true
001,null,603,1,-1.184021616,-0.1662958423,-0.1744328779,0.5,1,0.0,true
001,null,604,1,-0.5005403913,-0.1877451732,-0.1958822088,0.5,0,0.0,true
001,null,605,0,-0.9940568818,-0.2308615155,-0.2435420688,0.5,1,0.0,true
001,null,606,1,1.265729324,-0.1486496287,-0.1567866642,0.5,1,0.0,true
001,null,607,1,1.06875122,-0.08473622664,-0.09287326222,0.5,0,0.0,true
001,null,608,1,-0.8634886633,-0.1260294294,-0.1341664649,0.5,0,0.0,true
001,null,609,1,0.9633625836,-0.06934288277,-0.07747991835,0.5,1,0.0,true
001,null,610,1,-0.5488396928,-0.09618328961,-0.1043203252,0.5,1,0.0,true
001,null,611,1,-0.4712404351,-0.1186664951,-0.1268035307,0.5,0,0.0,true
001,null,612,0,1.131305207,-0.05080459109,-0.06348514443,0.5,0,0.0,true
001,null,613,1,0.02919961565,-0.04791385431,-0.0560508899,0.5,1,0.0,true
001,null,614,0,0.3326863068,-0.02786396502,-0.04054451836,0.5,1,0.0,true
001,null,615,1,-0.3538913364,-0.04734202247,-0.05547905805,0.5,0,0.0,true
001,null,616,1,-0.493981669,-0.07458169407,-0.08271872965,0.5,0,0.0,true
001,null,617,0,-0.5392929216,-0.1039005631,-0.1165811165,0.5,0,0.0,true
001,null,618,0,-0.3343445754,-0.1210952402,-0.1337757935,0.5,0,0.0,true
001,null,619,1,-0.06924338919,-0.1223073229,-0.1304443585,0.5,1,0.0,true
001,null,620,0,-0.2821519492,-0.1367464229,-0.1494269763,0.5,0,0.0,true
001,null,621,1,-1.416423927,-0.2085142541,-0.2166512896,0.5,0,0.0,true
001,null,622,1,0.7764549981,-0.151797778,-0.1599348136,0.5,1,0.0,true
001,null,623,1,-0.4191193677,-0.172772931,-0.1809099666,0.5,0,0.0,true
001,null,624,0,-0.1499482278,-0.1777118151,-0.1903923684,0.5,1,0.0,true
001,null,625,1,-1.362585314,-0.2431997945,-0.2513368301,0.5,0,0.0,true
001,null,626,0,-0.06357481074,-0.2409337328,-0.2536142861,0.5,0,0.0,true
001,null,627,0,0.296876993,-0.2152504785,-0.2279310319,0.5,0,0.0,true
001,null,628,0,-1.049539295,-0.2657990774,-0.2784796308,0.5,1,0.0,true
001,null,629,1,-0.5613309484,-0.2910921273,-0.2992291629,0.5,0,0.0,true
001,null,630,1,2.895700515,-0.07452377072,-0.08266080631,0.5,1,0.0,true
001,null,631,1,-1.227416802,-0.1299978701,-0.1381349057,0.5,0,0.0,true
001,null,632,1,-1.196899292,-0.1803696805,-0.1885067161,0.5,0,0.0,true
001,null,633,1,1.031166124,-0.121386124,-0.1295231596,0.5,0,0.0,true
001,null,634,1,0.01582395816,-0.1175250797,-0.1256621153,0.5,1,0.0,true
001,null,635,0,0.945412036,-0.06483282197,-0.07751337531,0.5,0,0.0,true
001,null,636,0,-0.9209277251,-0.1079352775,-0.1206158308,0.5,1,0.0,true
001,null,637,1,0.7860850291,-0.06379697817,-0.07193401375,0.5,1,0.0,true
001,null,638,0,0.08849297172,-0.05758056122,-0.07026111456,0.5,1,0.0,true
001,null,639,1,-0.6565341594,-0.08995464428,-0.09809167986,0.5,1,0.0,true
001,null,640,1,-0.4316625718,-0.1103561366,-0.1184931722,0.5,1,0.0,true
001,null,641,0,-0.058151857,-0.1107502611,-0.1234308144,0.5,1,0.0,true
001,null,642,1,-0.1488580836,-0.116266617,-0.1244036526,0.5,0,0.0,true
001,null,643,1,0.1169930655,-0.1065031122,-0.1146401477,0.5,0,0.0,true
001,null,644,1,-1.405276587,-0.1754048012,-0.1835418368,0.5,1,0.0,true
001,null,645,1,0.4578421307,-0.1438644522,-0.1520014878,0.5,0,0.0,true
001,null,646,1,-0.006919761009,-0.1406238009,-0.1487608364,0.5,1,0.0,true
001,null,647,1,0.3186218212,-0.1176335504,-0.125770586,0.5,0,0.0,true
001,null,648,1,1.402520607,-0.02720898789,-0.03534602347,0.5,0,0.0,true
001,null,649,1,-0.5333931304,-0.05713619723,-0.06527323281,0.5,1,0.0,true
001,null,650,0,-0.9898618041,-0.110705297,-0.1233858504,0.5,1,0.0,true
001,null,651,0,-1.212977959,-0.170855643,-0.1835361964,0.5,0,0.0,true
001,null,652,1,-0.4955146742,-0.1934926995,-0.2016297351,0.5,0,0.0,true
001,null,653,0,1.377969932,-0.1014310978,-0.1141116511,0.5,1,0.0,true
001,null,654,0,1.579398092,-0.008867806495,-0.02154835983,0.5,0,0.0,true
001,null,655,0,1.646416396,0.07442214014,0.0617415868,0.5,0,0.0,true
001,null,656,1,1.107249715,0.125435306,0.1172982704,0.5,1,0.0,true
001,null,657,0,0.6450401382,0.1535558024,0.1408752491,0.5,1,0.0,true
001,null,658,1,0.8010832605,0.1879930327,0.1798559971,0.5,0,0.0,true
001,null,659,0,0.2263911697,0.1948023515,0.1821217982,0.5,0,0.0,true
001,null,660,0,1.720627353,0.260779056,0.2480985027,0.5,1,0.0,true
001,null,661,1,1.103044611,0.3009299254,0.2927928898,0.5,0,0.0,true
001,null,662,0,0.9346409922,0.3332233076,0.3205427543,0.5,1,0.0,true
001,null,663,0,0.5003774358,0.3479551769,0.3352746235,0.5,0,0.0,true
001,null,664,0,-0.1270798853,0.3324227038,0.3197421504,0.5,1,0.0,true
001,null,665,0,-0.4429644539,0.2988422426,0.2861616892,0.5,0,0.0,true
001,null,666,1,0.8475600417,0.33029521,0.3221581744,0.5,0,0.0,true
001,null,667,1,-0.4458335877,0.2959234602,0.2877864247,0.5,1,0.0,true
001,null,668,1,0.378646089,0.3080964514,0.2999594158,0.5,1,0.0,true
001,null,669,1,0.9634428534,0.3447939366,0.336656901,0.5,1,0.0,true
001,null,670,0,-0.1780969432,0.3256660573,0.312985504,0.5,0,0.0,true
001,null,671,0,1.094078248,0.3663721626,0.3536916093,0.5,0,0.0,true
001,null,672,1,1.193244441,0.4068137932,0.3986767576,0.5,0,0.0,true
001,null,673,0,-0.2861188383,0.3794787674,0.366798214,0.5,1,0.0,true
001,null,674,1,-1.761341326,0.2448291335,0.2366920979,0.5,0,0.0,true
001,null,675,0,-0.8651147623,0.1881704707,0.1754899173,0.5,0,0.0,true
001,null,676,0,-0.1025174334,0.177822938,0.1651423846,0.5,0,0.0,true
001,null,677,1,-1.211746697,0.1018199009,0.09368286536,0.5,1,0.0,true
001,null,678,0,0.1098355727,0.1051749315,0.09249437818,0.5,1,0.0,true
001,null,679,0,-0.4133687803,0.07904687206,0.06636631872,0.5,0,0.0,true
001,null,680,0,0.8412098682,0.1221426004,0.109462047,0.5,0,0.0,true
001,null,681,0,0.7675480118,0.1598254062,0.1471448528,0.5,1,0.0,true
001,null,682,0,-0.3929213628,0.1325215757,0.1198410224,0.5,1,0.0,true
001,null,683,0,0.3248857723,0.1476911182,0.1350105648,0.5,1,0.0,true
001,null,684,0,0.657489622,0.1805979678,0.1679174145,0.5,0,0.0,true
001,null,685,1,1.466654291,0.2461695934,0.2380325578,0.5,1,0.0,true
001,null,686,0,0.2040447762,0.2513762454,0.238695692,0.5,0,0.0,true
001,null,687,0,1.245752433,0.3027167398,0.2900361864,0.5,0,0.0,true
001,null,688,1,-1.110281024,0.2220859708,0.2139489352,0.5,1,0.0,true
001,null,689,0,0.2204850618,0.2286462648,0.2159657115,0.5,1,0.0,true
001,null,690,0,-0.1071743224,0.2165268019,0.2038462486,0.5,1,0.0,true
001,null,691,1,0.3311327051,0.2299357038,0.2217986683,0.5,0,0.0,true
001,null,692,0,-0.6573383439,0.1810681919,0.1683876386,0.5,0,0.0,true
001,null,693,1,1.313557051,0.2421010828,0.2339640472,0.5,0,0.0,true
001,null,694,0,-0.7591418619,0.187027145,0.1743465917,0.5,1,0.0,true
001,null,695,1,-0.1748362498,0.1716426119,0.1635055763,0.5,0,0.0,true
001,null,696,0,-1.487874775,0.07042135451,0.05774080117,0.5,1,0.0,true
001,null,697,0,-0.4761502528,0.04059053099,0.02790997765,0.5,1,0.0,true
001,null,698,0,-0.1996918647,0.02768011087,0.01499955754,0.5,1,0.0,true
001,null,699,0,-0.2242035126,0.01333051775,0.0006499644087,0.5,0,0.0,true
001,null,700,0,-3.192399021,-0.1388010607,-0.1514816141,0.5,0,0.0,true
001,null,701,1,-0.586004207,-0.1619940032,-0.1701310388,0.5,1,0.0,true
001,null,702,1,1.004741502,-0.1065604452,-0.1146974808,0.5,1,0.0,true
001,null,703,0,-0.8171229068,-0.1414381972,-0.1541187505,0.5,1,0.0,true
001,null,704,0,1.155912014,-0.07848965004,-0.09117020338,0.5,1,0.0,true
001,null,705,1,0.2343763566,-0.06495149235,-0.07308852793,0.5,0,0.0,true
001,null,706,1,1.217511305,-0.002200049912,-0.0103370855,0.5,1,0.0,true
001,null,707,1,-0.03639954069,-0.00395005178,-0.01208708736,0.5,1,0.0,true
001,null,708,0,-0.3740356162,-0.02280545486,-0.0354860082,0.5,1,0.0,true
001,null,709,1,2.119780736,0.07898371347,0.07084667789,0.5,0,0.0,true
001,null,710,0,-1.017240568,0.02763379216,0.01495323882,0.5,0,0.0,true
001,null,711,1,-1.666094677,-0.04993369675,-0.05807073234,0.5,0,0.0,true
001,null,712,1,-0.2184301066,-0.05873696117,-0.06687399675,0.5,0,0.0,true
001,null,713,0,-0.1148262395,-0.06268784761,-0.07536840095,0.5,1,0.0,true
001,null,714,1,-0.6101258952,-0.09004661247,-0.09818364805,0.5,1,0.0,true
001,null,715,1,-0.8403395023,-0.1272348178,-0.1353718534,0.5,0,0.0,true
001,null,716,1,-1.023240187,-0.170762057,-0.1788990926,0.5,0,0.0,true
001,null,717,0,0.1397821298,-0.1593704318,-0.1720509852,0.5,0,0.0,true
001,null,718,0,-1.272997333,-0.2117746406,-0.2244551939,0.5,1,0.0,true
001,null,719,0,-0.5271057249,-0.2313993648,-0.2440799182,0.5,1,0.0,true
001,null,720,0,-0.6274751703,-0.2551795028,-0.2678600562,0.5,0,0.0,true
001,null,721,1,-0.2027999261,-0.2590234175,-0.2671604531,0.5,0,0.0,true
001,null,722,1,0.5858196129,-0.2189532028,-0.2270902384,0.5,1,0.0,true
001,null,723,0,-2.096914073,-0.2917172753,-0.3043978286,0.5,0,0.0,true
001,null,724,0,-0.3529751628,-0.3009552035,-0.3136357568,0.5,1,0.0,true
001,null,725,1,0.9265564843,-0.2409235335,-0.2490605691,0.5,1,0.0,true
001,null,726,1,-0.8942368484,-0.2748088464,-0.282945882,0.5,1,0.0,true
001,null,727,1,0.7252488826,-0.2274986162,-0.2356356518,0.5,0,0.0,true
001,null,728,0,1.159062018,-0.1559808438,-0.1686613972,0.5,0,0.0,true
001,null,729,1,-0.7161737079,-0.186369991,-0.1945070265,0.5,0,0.0,true
001,null,730,0,-0.2011066043,-0.1919165445,-0.2045970978,0.5,0,0.0,true
001,null,731,0,-0.2058089181,-0.1978059239,-0.2104864773,0.5,1,0.0,true
001,null,732,1,-1.278862178,-0.2507724229,-0.2589094585,0.5,1,0.0,true
001,null,733,1,0.8371104747,-0.1956843034,-0.203821339,0.5,0,0.0,true
001,null,734,1,1.303808729,-0.114931785,-0.1230688205,0.5,0,0.0,true
001,null,735,1,1.817035634,-0.01487469885,-0.02301173443,0.5,0,0.0,true
001,null,736,0,0.9987062345,0.03433900601,0.02165845268,0.5,1,0.0,true
001,null,737,1,-0.337042541,0.01663250838,0.008495472795,0.5,0,0.0,true
001,null,738,1,0.7283796384,0.05261444859,0.044477413,0.5,1,0.0,true
001,null,739,0,0.8521838223,0.09345317861,0.08077262527,0.5,1,0.0,true
001,null,740,1,1.148443625,0.1456355065,0.1374984709,0.5,1,0.0,true
001,null,741,1,-0.9015699564,0.09354100172,0.08540396613,0.5,0,0.0,true
001,null,742,0,1.583727837,0.1625168275,0.1498362741,0.5,0,0.0,true
001,null,743,0,-0.4163866149,0.1370679919,0.1243874385,0.5,1,0.0,true
001,null,744,0,0.5396267715,0.1598616654,0.1471811121,0.5,0,0.0,true
001,null,745,1,-0.5408469631,0.1267891404,0.1186521048,0.5,1,0.0,true
001,null,746,1,0.3335355182,0.1407421589,0.1326051234,0.5,0,0.0,true
001,null,747,0,0.1148533451,0.1433218014,0.1306412481,0.5,1,0.0,true
001,null,748,0,-1.117879703,0.07500166454,0.0623211112,0.5,0,0.0,true
001,null,749,0,-0.3264902809,0.05505834657,0.04237779324,0.5,1,0.0,true
001,null,750,0,0.937208361,0.1033175564,0.09063700308,0.5,1,0.0,true
001,null,751,0,-0.3459511265,0.08105697292,0.06837641958,0.5,1,0.0,true
001,null,752,0,0.2061849915,0.09066188237,0.07798132903,0.5,0,0.0,true
001,null,753,0,-0.9180186809,0.03365606028,0.02097550694,0.5,1,0.0,true
001,null,754,1,0.0009469297096,0.03285917783,0.02472214225,0.5,0,0.0,true
001,null,755,1,-1.852435308,-0.07074403831,-0.07888107389,0.5,0,0.0,true
001,null,756,0,2.980137564,0.07671776236,0.06403720902,0.5,0,0.0,true
001,null,757,1,0.7785221121,0.1088755558,0.1007385203,0.5,1,0.0,true
001,null,758,0,1.131768426,0.1542041777,0.1415236244,0.5,1,0.0,true
001,null,759,0,0.9236709903,0.1894858615,0.1768053082,0.5,0,0.0,true
001,null,760,0,-0.9839714725,0.1361397519,0.1234591986,0.5,0,0.0,true
001,null,761,1,-0.5534706025,0.1061297174,0.0979926818,0.5,1,0.0,true
001,null,762,0,-2.142558792,0.001301790488,-0.01137876285,0.5,0,0.0,true
001,null,763,0,-0.4867070014,-0.02026705046,-0.0329476038,0.5,0,0.0,true
001,null,764,0,0.6501406963,0.009669071254,-0.003011482085,0.5,1,0.0,true
001,null,765,1,1.819733064,0.08746190965,0.07932487406,0.5,1,0.0,true
001,null,766,0,-2.566476114,-0.02543953053,-0.03812008387,0.5,1,0.0,true
001,null,767,0,0.6109993952,-2.422888599e-05,-0.01270478223,0.5,1,0.0,true
001,null,768,0,0.4532861819,0.01865080291,0.00597024957,0.5,1,0.0,true
001,null,769,1,-2.319240256,-0.07313177614,-0.08126881173,0.5,1,0.0,true
001,null,770,0,1.950099685,0.005831936183,-0.006848617156,0.5,1,0.0,true
001,null,771,0,-0.5280143571,-0.01458638495,-0.02726693829,0.5,0,0.0,true
001,null,772,1,-0.5120668843,-0.03422431237,-0.04236134795,0.5,1,0.0,true
001,null,773,1,-1.158962212,-0.07826874189,-0.08640577748,0.5,0,0.0,true
001,null,774,0,1.82214551,-0.002575339629,-0.01525589297,0.5,1,0.0,true
001,null,775,0,-0.4404309631,-0.01978266225,-0.03246321559,0.5,1,0.0,true
001,null,776,1,-0.1942873215,-0.02708596211,-0.03522299769,0.5,0,0.0,true
001,null,777,1,-0.7875850144,-0.0582942325,-0.06643126808,0.5,1,0.0,true
001,null,778,0,1.680871865,0.0129908618,0.0003103084604,0.5,0,0.0,true
001,null,779,0,0.6416903036,0.03870922349,0.02602867016,0.5,1,0.0,true
001,null,780,1,0.7468473557,0.06827436005,0.06013732447,0.5,1,0.0,true
001,null,781,0,-0.05747562774,0.06410144265,0.05142088931,0.5,0,0.0,true
001,null,782,1,0.9051359136,0.1003573901,0.09222035447,0.5,0,0.0,true
001,null,783,0,-0.03677905381,0.09619504257,0.08351448923,0.5,1,0.0,true
001,null,784,0,0.350542552,0.1093142686,0.0966337153,0.5,1,0.0,true
001,null,785,0,-0.861111836,0.06572042476,0.05303987142,0.5,0,0.0,true
001,null,786,0,0.856942823,0.1024312591,0.0897507058,0.5,0,0.0,true
001,null,787,0,-1.548790265,0.02549816214,0.0128176088,0.5,1,0.0,true
001,null,788,1,1.219956154,0.0785118275,0.07037479192,0.5,1,0.0,true
001,null,789,0,1.396157585,0.1350042628,0.1223237095,0.5,0,0.0,true
001,null,790,1,0.147772822,0.1381945937,0.1300575581,0.5,0,0.0,true
001,null,791,1,1.127981351,0.182013387,0.1738763514,0.5,0,0.0,true
001,null,792,0,1.12928197,0.2236137514,0.2109331981,0.5,0,0.0,true
001,null,793,1,0.05499904133,0.2204787902,0.2123417546,0.5,1,0.0,true
001,null,794,0,0.2325903671,0.2256476308,0.2129670775,0.5,0,0.0,true
001,null,795,0,0.2926242127,0.2336769694,0.220996416,0.5,1,0.0,true
001,null,796,0,0.7173760647,0.2601495596,0.2474690062,0.5,1,0.0,true
001,null,797,1,-2.019340505,0.1381688742,0.1300318387,0.5,1,0.0,true
001,null,798,1,0.5361119341,0.1588904562,0.1507534206,0.5,0,0.0,true
001,null,799,1,-0.2278043295,0.1437665547,0.1356295191,0.5,0,0.0,true
001,null,800,0,-0.8418713816,0.09708786506,0.08440731172,0.5,1,0.0,true
001,null,801,1,-0.339884968,0.07755182477,0.06941478919,0.5,1,0.0,true
001,null,802,1,-1.105050843,0.01892895613,0.01079192054,0.5,1,0.0,true
001,null,803,0,-0.1046913668,0.01315936036,0.0004788070167,0.5,0,0.0,true
001,null,804,0,0.9217266555,0.05923169804,0.0465511447,0.5,1,0.0,true
001,null,805,1,0.2885852553,0.0725663411,0.06442930551,0.5,1,0.0,true
001,null,806,0,1.050078761,0.1228177125,0.1101371591,0.5,0,0.0,true
001,null,807,0,-1.010439756,0.06438351224,0.0517029589,0.5,1,0.0,true
001,null,808,0,1.837376739,0.1466140816,0.1339335283,0.5,1,0.0,true
001,null,809,0,0.5235284473,0.1678013288,0.1551207755,0.5,0,0.0,true
001,null,810,1,0.5041654541,0.1878789704,0.1797419348,0.5,1,0.0,true
001,null,811,0,-1.096837593,0.1225895209,0.1099089676,0.5,0,0.0,true
001,null,812,1,0.7295198618,0.1548046782,0.1466676426,0.5,1,0.0,true
001,null,813,1,-0.871821453,0.1034606829,0.09532364733,0.5,1,0.0,true
001,null,814,0,-0.1018209207,0.09549162777,0.08281107443,0.5,0,0.0,true
001,null,815,1,-2.34093417,-0.02828294137,-0.03641997696,0.5,0,0.0,true
001,null,816,1,0.6515798964,0.00365242606,-0.004484609524,0.5,1,0.0,true
001,null,817,0,0.9949236076,0.05086996449,0.03818941115,0.5,0,0.0,true
001,null,818,0,-0.08500819571,0.04541970996,0.03273915662,0.5,0,0.0,true
001,null,819,0,0.2059313575,0.05453511722,0.04185456388,0.5,0,0.0,true
001,null,820,0,0.1619775701,0.06143390751,0.04875335417,0.5,1,0.0,true
001,null,821,1,0.1173140122,0.06603288984,0.05789585426,0.5,1,0.0,true
001,null,822,1,-0.1445116825,0.0565192584,0.04838222281,0.5,1,0.0,true
001,null,823,0,0.5054032831,0.0824410213,0.06976046796,0.5,0,0.0,true
001,null,824,1,-2.036025827,-0.0306588151,-0.03879585069,0.5,0,0.0,true
001,null,825,0,-1.056611455,-0.08187887868,-0.09455943202,0.5,1,0.0,true
001,null,826,0,0.55144079,-0.05110330146,-0.0637838548,0.5,1,0.0,true
001,null,827,1,-1.317832947,-0.1133864173,-0.1215234528,0.5,1,0.0,true
001,null,828,1,0.02412514543,-0.1092782219,-0.1174152575,0.5,1,0.0,true
001,null,829,0,0.01384028735,-0.1057834723,-0.1184640256,0.5,1,0.0,true
001,null,830,0,0.7847893742,-0.05973935635,-0.07241990969,0.5,1,0.0,true
001,null,831,1,-1.03039103,-0.1108005627,-0.1189375983,0.5,1,0.0,true
001,null,832,0,-0.8428974353,-0.150487638,-0.1631681913,0.5,0,0.0,true
001,null,833,1,1.29655031,-0.07265615534,-0.08079319092,0.5,0,0.0,true
001,null,834,1,0.03275303447,-0.06907180543,-0.07720884102,0.5,0,0.0,true
001,null,835,0,-2.302276732,-0.1682406917,-0.180921245,0.5,0,0.0,true
001,null,836,1,0.1864683109,-0.154749178,-0.1628862136,0.5,0,0.0,true
001,null,837,1,-0.6140607892,-0.1798717589,-0.1880087945,0.5,1,0.0,true
001,null,838,1,0.4840391372,-0.1497894708,-0.1579265064,0.5,1,0.0,true
001,null,839,1,-2.254435674,-0.2330035814,-0.241140617,0.5,1,0.0,true
001,null,840,0,1.381141236,-0.155501489,-0.1681820423,0.5,1,0.0,true
001,null,841,1,-0.1005170903,-0.1561997752,-0.1643368108,0.5,0,0.0,true
001,null,842,1,1.978949351,-0.05338708615,-0.06152412173,0.5,0,0.0,true
001,null,843,0,-0.6786663242,-0.08184707778,-0.09452763112,0.5,0,0.0,true
001,null,844,0,0.02836087137,-0.07847460167,-0.09115515501,0.5,0,0.0,true
001,null,845,0,0.01096506899,-0.07597221619,-0.08865276953,0.5,1,0.0,true
001,null,846,1,1.092522939,-0.02081664984,-0.02895368543,0.5,1,0.0,true
001,null,847,1,-0.9652841017,-0.06535987805,-0.07349691363,0.5,0,0.0,true
001,null,848,0,0.1456167216,-0.05663551888,-0.06931607222,0.5,0,0.0,true
001,null,849,1,-0.9571298963,-0.1004253516,-0.1085623872,0.5,0,0.0,true
001,null,850,0,-0.6510751132,-0.1289375519,-0.1416181052,0.5,1,0.0,true
001,null,851,1,0.4761364324,-0.1010297368,-0.1091667724,0.5,0,0.0,true
001,null,852,1,1.719073784,-0.009165579836,-0.01730261542,0.5,0,0.0,true
001,null,853,1,0.2749009263,0.004573904446,-0.003563131138,0.5,0,0.0,true
001,null,854,1,-1.097519035,-0.04931956562,-0.05745660121,0.5,1,0.0,true
001,null,855,0,0.9729079901,0.0007044733378,-0.01197608,0.5,0,0.0,true
001,null,856,0,0.7904413001,0.03979897935,0.02711842601,0.5,0,0.0,true
001,null,857,1,-0.67410934,0.004506891804,-0.00363014378,0.5,1,0.0,true
001,null,858,0,0.1413913764,0.01166825456,-0.001012298779,0.5,1,0.0,true
001,null,859,1,0.2034547211,0.02209175424,0.01395471866,0.5,0,0.0,true
001,null,860,0,-0.8884048322,-0.02595438235,-0.03863493569,0.5,1,0.0,true
001,null,861,0,-0.06438509555,-0.02878880881,-0.04146936215,0.5,0,0.0,true
001,null,862,0,-0.5503400777,-0.05816347577,-0.07084402911,0.5,0,0.0,true
001,null,863,1,1.384896998,0.02048000695,0.01234297137,0.5,0,0.0,true
001,null,864,1,0.09969441442,0.02541766838,0.0172806328,0.5,0,0.0,true
001,null,865,1,-0.7832551694,-0.01889198206,-0.02702901764,0.5,1,0.0,true
001,null,866,0,-1.054333442,-0.07543563197,-0.08811618531,0.5,0,0.0,true
001,null,867,0,-1.805003908,-0.1592141587,-0.171894712,0.5,1,0.0,true
001,null,868,1,0.1466056228,-0.1474095932,-0.1555466288,0.5,1,0.0,true
001,null,869,1,0.7284670875,-0.1029497705,-0.111086806,0.5,0,0.0,true
001,null,870,1,0.9739899389,-0.04615434459,-0.05429138017,0.5,0,0.0,true
001,null,871,1,-0.1610799474,-0.05368176831,-0.06181880389,0.5,0,0.0,true
001,null,872,0,-1.67616987,-0.1343268322,-0.1470073855,0.5,0,0.0,true
001,null,873,0,-0.2880055641,-0.1457570658,-0.1584376191,0.5,1,0.0,true
001,null,874,0,-1.221749642,-0.1994529462,-0.2121334995,0.5,0,0.0,true
001,null,875,0,0.6552038564,-0.1577486744,-0.1704292278,0.5,1,0.0,true
001,null,876,1,-0.9706181961,-0.2005644637,-0.2087014993,0.5,1,0.0,true
001,null,877,1,-0.7166638971,-0.2306016049,-0.2387386405,0.5,1,0.0,true
001,null,878,1,0.2744445333,-0.209386516,-0.2175235515,0.5,1,0.0,true
001,null,879,1,0.4131851238,-0.1801544825,-0.1882915181,0.5,1,0.0,true
001,null,880,0,-0.3176070225,-0.1929957389,-0.2056762923,0.5,0,0.0,true
001,null,881,1,-0.6689190841,-0.2235944626,-0.2317314982,0.5,0,0.0,true
001,null,882,0,0.4972290252,-0.1871678666,-0.1998484199,0.5,0,0.0,true
001,null,883,0,-0.1663126064,-0.1921682013,-0.2048487547,0.5,0,0.0,true
001,null,884,0,1.021431701,-0.1201931628,-0.1328737161,0.5,0,0.0,true
001,null,885,0,1.788697851,-0.008102220517,-0.02078277386,0.5,1,0.0,true
001,null,886,0,-0.7904653215,-0.0510549753,-0.06373552864,0.5,1,0.0,true
001,null,887,0,-0.937219981,-0.09971384392,-0.1123943973,0.5,0,0.0,true
001,null,888,1,0.2447424487,-0.08329361504,-0.09143065062,0.5,0,0.0,true
001,null,889,1,0.05006669452,-0.0783000642,-0.08643709978,0.5,1,0.0,true
001,null,890,1,0.6145947501,-0.039557159,-0.04769419458,0.5,1,0.0,true
001,null,891,1,0.5606623692,-0.005014201901,-0.01315123748,0.5,0,0.0,true
001,null,892,1,-0.7814338712,-0.05110903537,-0.05924607096,0.5,1,0.0,true
001,null,893,0,0.1964387417,-0.03781243148,-0.05049298481,0.5,1,0.0,true
001,null,894,0,-2.021286954,-0.1418568452,-0.1545373985,0.5,0,0.0,true
001,null,895,0,0.03068968908,-0.1365513694,-0.1492319227,0.5,1,0.0,true
001,null,896,0,-0.4066344064,-0.1554958804,-0.1681764337,0.5,1,0.0,true
001,null,897,1,-1.044605569,-0.2050088226,-0.2131458582,0.5,1,0.0,true
001,null,898,0,0.2695438395,-0.183811914,-0.1964924673,0.5,1,0.0,true
001,null,899,0,0.533576571,-0.1461830912,-0.1588636445,0.5,0,0.0,true
001,null,900,1,-0.9753070878,-0.1944739348,-0.2026109704,0.5,1,0.0,true
001,null,901,0,-1.430641572,-0.256765876,-0.2694464293,0.5,1,0.0,true
001,null,902,1,-1.696634003,-0.3185452334,-0.326682269,0.5,1,0.0,true
001,null,903,1,-1.034701396,-0.3552837196,-0.3634207552,0.5,0,0.0,true
001,null,904,1,-1.347893124,-0.3982253246,-0.4063623602,0.5,0,0.0,true
001,null,905,1,-0.9205855101,-0.4264984296,-0.4346354652,0.5,0,0.0,true
001,null,906,1,-0.08314194903,-0.4199785305,-0.4281155661,0.5,1,0.0,true
001,null,907,0,-1.171825652,-0.4546537174,-0.4673342707,0.5,0,0.0,true
001,null,908,0,2.235351974,-0.286542721,-0.2992232743,0.5,0,0.0,true
001,null,909,1,-1.195337236,-0.3261926509,-0.3343296865,0.5,1,0.0,true
001,null,910,0,-0.4624792128,-0.3383977691,-0.3510783224,0.5,1,0.0,true
001,null,911,0,0.3897415927,-0.3096814384,-0.3223619917,0.5,0,0.0,true
001,null,912,1,0.8580132123,-0.2543918537,-0.2625288893,0.5,1,0.0,true
001,null,913,0,-0.7567518165,-0.2819555254,-0.2946360787,0.5,0,0.0,true
001,null,914,1,0.2752192011,-0.2603063828,-0.2684434184,0.5,0,0.0,true
001,null,915,1,0.5817088507,-0.2213914902,-0.2295285258,0.5,1,0.0,true
001,null,916,0,-0.887583545,-0.2571696557,-0.269850209,0.5,1,0.0,true
001,null,917,0,0.8157025151,-0.2034932338,-0.2161737871,0.5,0,0.0,true
001,null,918,1,-0.9308948881,-0.2422466346,-0.2503836702,0.5,0,0.0,true
001,null,919,0,-0.5129077088,-0.2616473679,-0.2743279213,0.5,1,0.0,true
001,null,920,1,-0.2344973834,-0.2673902289,-0.2755272645,0.5,1,0.0,true
001,null,921,0,0.835643345,-0.2093503517,-0.2220309051,0.5,0,0.0,true
001,null,922,1,-1.191115116,-0.2595887948,-0.2677258304,0.5,1,0.0,true
001,null,923,0,0.3723413901,-0.2314799988,-0.2441605522,0.5,1,0.0,true
001,null,924,0,-0.4162886006,-0.2477404144,-0.2604209677,0.5,0,0.0,true
001,null,925,0,-0.5207755005,-0.2690375894,-0.2817181427,0.5,1,0.0,true
001,null,926,0,1.430652929,-0.1671467929,-0.1798273462,0.5,0,0.0,true
001,null,927,1,-0.3385557988,-0.1812988096,-0.1894358452,0.5,0,0.0,true
001,null,928,1,-0.01992307904,-0.1778513231,-0.1859883587,0.5,1,0.0,true
001,null,929,1,0.4760852598,-0.1441336047,-0.1522706403,0.5,1,0.0,true
001,null,930,1,1.14581452,-0.06851222799,-0.07664926358,0.5,1,0.0,true
001,null,931,0,-1.791589632,-0.1558015657,-0.168482119,0.5,0,0.0,true
001,null,932,0,-0.1557280596,-0.1602490575,-0.1729296109,0.5,1,0.0,true
001,null,933,0,0.2776969691,-0.140297096,-0.1529776493,0.5,0,0.0,true
001,null,934,1,-0.7326399059,-0.1756758125,-0.1838128481,0.5,1,0.0,true
001,null,935,0,0.7499340667,-0.1255359388,-0.1382164921,0.5,1,0.0,true
001,null,936,0,-0.3600791926,-0.1426979822,-0.1553785355,0.5,1,0.0,true
001,null,937,0,0.5001126283,-0.1083834928,-0.1210640461,0.5,0,0.0,true
001,null,938,0,0.6470921044,-0.06549936332,-0.07817991666,0.5,1,0.0,true
001,null,939,0,-0.5985989036,-0.09911684824,-0.1117974016,0.5,0,0.0,true
001,null,940,0,-0.5921630553,-0.1315059846,-0.1441865379,0.5,1,0.0,true
001,null,941,1,0.01484508101,-0.1272447365,-0.1353817721,0.5,1,0.0,true
001,null,942,0,-0.1297515623,-0.1322734945,-0.1449540478,0.5,0,0.0,true
001,null,943,0,-2.154513981,-0.2287163798,-0.2413969332,0.5,1,0.0,true
001,null,944,0,0.8142990179,-0.1727418526,-0.185422406,0.5,1,0.0,true
001,null,945,1,1.118120668,-0.1002070623,-0.1083440978,0.5,1,0.0,true
001,null,946,0,-0.443229831,-0.121974002,-0.1346545553,0.5,1,0.0,true
001,null,947,0,0.2458437297,-0.1044988097,-0.1171793631,0.5,1,0.0,true
001,null,948,0,2.762419934,0.0494893293,0.03680877596,0.5,1,0.0,true
001,null,949,1,-0.3892845558,0.02907834618,0.02094131059,0.5,0,0.0,true
001,null,950,1,0.7162131241,0.06336751355,0.05523047796,0.5,1,0.0,true
001,null,951,0,-1.326877473,-0.005257908461,-0.0179384618,0.5,0,0.0,true
001,null,952,0,-0.6114815516,-0.03525038539,-0.04793093873,0.5,1,0.0,true
001,null,953,0,0.6816993891,0.0001514760023,-0.01252907734,0.5,1,0.0,true
001,null,954,0,-1.089299252,-0.05410282612,-0.06678337946,0.5,0,0.0,true
001,null,955,1,0.3525341971,-0.03460887521,-0.04274591079,0.5,0,0.0,true
001,null,956,0,0.4509870111,-0.01011213172,-0.02279268506,0.5,1,0.0,true
001,null,957,0,0.5964132061,0.0217219567,0.009041403361,0.5,0,0.0,true
001,null,958,1,-1.399630598,-0.05173143628,-0.05986847186,0.5,0,0.0,true
001,null,959,0,-0.2003137346,-0.06089431987,-0.0735748732,0.5,1,0.0,true
001,null,960,0,-0.2910915612,-0.0748657052,-0.08754625854,0.5,0,0.0,true
001,null,961,1,-0.9390848144,-0.1215763626,-0.1297133982,0.5,0,0.0,true
001,null,962,0,-1.35792413,-0.1833884229,-0.1960689762,0.5,0,0.0,true
001,null,963,1,0.3255295597,-0.1607855235,-0.1689225591,0.5,0,0.0,true
001,null,964,0,-2.297993199,-0.2463589123,-0.2590394656,0.5,1,0.0,true
001,null,965,0,1.42453064,-0.1624970541,-0.1751776075,0.5,1,0.0,true
001,null,966,0,-0.1327228724,-0.1646909148,-0.1773714682,0.5,0,0.0,true
001,null,967,0,-1.291658106,-0.2155921559,-0.2282727093,0.5,1,0.0,true
001,null,968,0,-0.6291372586,-0.2384966027,-0.2511771561,0.5,1,0.0,true
001,null,969,1,0.1333697233,-0.2257692057,-0.2339062413,0.5,0,0.0,true
001,null,970,0,0.7315421762,-0.1805162065,-0.1931967599,0.5,1,0.0,true
001,null,971,0,0.1846548118,-0.1663247512,-0.1790053045,0.5,1,0.0,true
001,null,972,0,-0.9450006263,-0.2067572326,-0.2194377859,0.5,0,0.0,true
001,null,973,1,-0.1340041235,-0.2084749045,-0.2166119401,0.5,0,0.0,true
001,null,974,1,1.205708908,-0.132580319,-0.1407173546,0.5,0,0.0,true
001,null,975,1,0.2088078335,-0.1179703427,-0.1261073783,0.5,1,0.0,true
001,null,976,1,-0.3226517456,-0.1321627012,-0.1402997368,0.5,0,0.0,true
001,null,977,1,-1.031807923,-0.1804665641,-0.1886035997,0.5,0,0.0,true
001,null,978,0,-0.3794785473,-0.1960548351,-0.2087353885,0.5,0,0.0,true
001,null,979,1,2.259259129,-0.05490432444,-0.06304136002,0.5,0,0.0,true
001,null,980,1,-0.7374935728,-0.08945714411,-0.09759417969,0.5,1,0.0,true
001,null,981,1,-0.899259302,-0.1303492273,-0.1384862629,0.5,1,0.0,true
001,null,982,0,1.545700111,-0.04505775015,-0.05773830349,0.5,1,0.0,true
001,null,983,0,-1.5146239,-0.112817948,-0.1254985014,0.5,0,0.0,true
001,null,984,1,0.3405014879,-0.09329116569,-0.1014282013,0.5,1,0.0,true
001,null,985,1,0.07025819299,-0.08745193847,-0.09558897405,0.5,0,0.0,true
001,null,986,0,0.4851185731,-0.06032043494,-0.07300098828,0.5,0,0.0,true
001,null,987,0,-0.08232710061,-0.06303144785,-0.07571200119,0.5,1,0.0,true
001,null,988,0,-0.06751965982,-0.06500242596,-0.0776829793,0.5,1,0.0,true
001,null,989,1,0.2196546403,-0.05135176197,-0.05948879755,0.5,1,0.0,true
001,null,990,0,-1.983983697,-0.1438800574,-0.1565606107,0.5,1,0.0,true
001,null,991,0,-0.6892340634,-0.1733779428,-0.1860584961,0.5,0,0.0,true
001,null,992,1,-0.3252985601,-0.1853387059,-0.1934757414,0.5,1,0.0,true
001,null,993,1,1.070221491,-0.1200238789,-0.1281609145,0.5,1,0.0,true
001,null,994,0,1.226866746,-0.05016485432,-0.06284540766,0.5,1,0.0,true
001,null,995,1,-0.09865287165,-0.05401209655,-0.06214913213,0.5,0,0.0,true
001,null,996,0,0.1704980875,-0.04351161597,-0.05619216931,0.5,1,0.0,true
001,null,997,0,0.830712195,0.002965739868,-0.009714813471,0.5,0,0.0,true
001,null,998,1,-0.5897315722,-0.02923434758,-0.03737138316,0.5,0,0.0,true
001,null,999,0,-0.3298708405,-0.04675476198,-0.05943531532,0.5,1,0.0,true
001,null,1000,1,-2.247801525,-0.1508305097,-0.1589675453,0.5,1,0.0,true
001,null,1001,0,-0.878461823,-0.1879343865,-0.2006149399,0.5,0,0.0,true
001,null,1002,1,-0.1169460122,-0.1890860415,-0.1972230771,0.5,1,0.0,true
001,null,1003,0,0.3710897187,-0.1642234432,-0.1769039965,0.5,0,0.0,true
001,null,1004,1,0.8029127798,-0.1149332225,-0.1230702581,0.5,0,0.0,true
001,null,1005,1,-1.039581405,-0.163087883,-0.1712249186,0.5,1,0.0,true
001,null,1006,1,0.7669320518,-0.1158072643,-0.1239442999,0.5,0,0.0,true
001,null,1007,1,1.014173874,-0.05622654048,-0.06436357606,0.5,1,0.0,true
001,null,1008,0,0.8592894155,-0.008221080817,-0.02090163416,0.5,0,0.0,true
001,null,1009,1,-0.0421080574,-0.01029685696,-0.01843389255,0.5,0,0.0,true
001,null,1010,1,-0.3654203816,-0.03025025859,-0.03838729418,0.5,0,0.0,true
001,null,1011,1,-0.1376752804,-0.03729109322,-0.04542812881,0.5,0,0.0,true
001,null,1012,1,0.2652600369,-0.02082923875,-0.02896627433,0.5,0,0.0,true
001,null,1013,0,0.7582680659,0.02445889152,0.01177833818,0.5,0,0.0,true
001,null,1014,1,-1.820106262,-0.0767321601,-0.08486919569,0.5,0,0.0,true
001,null,1015,0,0.1893782372,-0.06424092516,-0.0769214785,0.5,1,0.0,true
001,null,1016,0,-0.5505529455,-0.0929308624,-0.1056114157,0.5,1,0.0,true
001,null,1017,0,0.8169259245,-0.0425759811,-0.05525653444,0.5,1,0.0,true
001,null,1018,1,-0.3338882927,-0.06058647177,-0.06872350736,0.5,1,0.0,true
001,null,1019,1,-0.2781773775,-0.07529720581,-0.08343424139,0.5,0,0.0,true
001,null,1020,0,0.378899493,-0.05020360682,-0.06288416016,0.5,0,0.0,true
001,null,1021,1,-0.8629730897,-0.09943583828,-0.1075728739,0.5,0,0.0,true
001,null,1022,0,2.448641334,0.04474903968,0.03206848634,0.5,0,0.0,true
001,null,1023,0,1.128329963,0.09933689771,0.08665634437,0.5,0,0.0,true
001,null,1024,0,-0.330131361,0.07942629288,0.06674573954,0.5,0,0.0,true
001,null,1025,0,0.5828663561,0.107384451,0.09470389766,0.5,0,0.0,true
001,null,1026,0,0.1375694261,0.1120382277,0.09935767439,0.5,1,0.0,true
001,null,1027,1,-0.4257654539,0.08513417869,0.0769971431,0.5,0,0.0,true
001,null,1028,0,1.816097553,0.1687244541,0.1560439008,0.5,0,0.0,true
001,null,1029,0,2.002762401,0.2441823929,0.2315018396,0.5,1,0.0,true
001,null,1030,1,-1.64864219,0.1480341216,0.139897086,0.5,0,0.0,true
001,null,1031,0,-0.5539567958,0.117336797,0.1046562437,0.5,0,0.0,true
001,null,1032,1,-0.8301745795,0.07327233108,0.06513529549,0.5,1,0.0,true
001,null,1033,0,0.5486983846,0.09738547486,0.08470492152,0.5,0,0.0,true
001,null,1034,1,-0.1487736707,0.08750850514,0.07937146955,0.5,0,0.0,true
001,null,1035,0,1.100270876,0.1369304838,0.1242499304,0.5,0,0.0,true
001,null,1036,0,0.591730312,0.1619174833,0.14923693,0.5,0,0.0,true
001,null,1037,0,-0.7745341181,0.1161992926,0.1035187393,0.5,1,0.0,true
001,null,1038,1,1.793750291,0.1904969141,0.1823598785,0.5,0,0.0,true
001,null,1039,0,-0.1027809443,0.1805751926,0.1678946393,0.5,1,0.0,true
001,null,1040,0,0.0861075684,0.180310368,0.1676298147,0.5,0,0.0,true
001,null,1041,0,0.3405357703,0.1927598698,0.1800793164,0.5,0,0.0,true
001,null,1042,0,-0.5558148314,0.1571249141,0.1444443608,0.5,0,0.0,true
001,null,1043,1,-0.6039297799,0.1193950099,0.1112579744,0.5,0,0.0,true
001,null,1044,1,-0.7667413022,0.07320866144,0.06507162586,0.5,0,0.0,true
001,null,1045,0,1.520839322,0.1452797296,0.1325991763,0.5,1,0.0,true
001,null,1046,0,-1.591784931,0.05366271996,0.04098216662,0.5,1,0.0,true
001,null,1047,0,1.748095187,0.1311672546,0.1184867013,0.5,0,0.0,true
001,null,1048,0,-1.186642421,0.06813107077,0.05545051743,0.5,1,0.0,true
001,null,1049,0,1.013368987,0.1125487779,0.09986822458,0.5,0,0.0,true
001,null,1050,0,0.4154748463,0.1292322646,0.1165517112,0.5,0,0.0,true
001,null,1051,0,-0.3018088019,0.1108300289,0.0981494756,0.5,0,0.0,true
001,null,1052,1,-1.17398342,0.04712438257,0.03898734699,0.5,0,0.0,true
001,null,1053,1,0.4495932402,0.06809819739,0.0599611618,0.5,0,0.0,true
001,null,1054,1,-0.8883622542,0.02054799842,0.01241096283,0.5,0,0.0,true
001,null,1055,0,0.6384207755,0.0522774283,0.03959687496,0.5,1,0.0,true
001,null,1056,1,-2.232936952,-0.05812052828,-0.06625756386,0.5,1,0.0,true
001,null,1057,1,1.505729586,0.01412169223,0.005984656647,0.5,1,0.0,true
001,null,1058,1,-1.243566244,-0.04253137662,-0.05066841221,0.5,1,0.0,true
001,null,1059,0,2.232691165,0.05581429288,0.04313373954,0.5,1,0.0,true
001,null,1060,0,-1.624187591,-0.014665836,-0.02734638934,0.5,0,0.0,true
001,null,1061,1,-0.3617452873,-0.02944467486,-0.03758171045,0.5,0,0.0,true
001,null,1062,1,-0.2293256429,-0.03853686227,-0.04667389785,0.5,0,0.0,true
001,null,1063,0,0.8905734688,0.00172069627,-0.01095985707,0.5,0,0.0,true
001,null,1064,1,-0.8614790691,-0.03621475956,-0.04435179514,0.5,0,0.0,true
001,null,1065,0,-0.3814350322,-0.05234525565,-0.06502580899,0.5,0,0.0,true
001,null,1066,1,0.03693351036,-0.04931453093,-0.05745156651,0.5,1,0.0,true
001,null,1067,0,0.7419120649,-0.01279372553,-0.02547427887,0.5,1,0.0,true
001,null,1068,0,0.3931344101,0.006367251561,-0.006313301778,0.5,1,0.0,true
001,null,1069,1,1.081521437,0.05764904505,0.04951200947,0.5,1,0.0,true
001,null,1070,0,-1.252891151,-0.004968703261,-0.0176492566,0.5,1,0.0,true
001,null,1071,1,-0.7700555615,-0.04157159106,-0.04970862665,0.5,0,0.0,true
001,null,1072,0,-0.8515739028,-0.08086853775,-0.09354909109,0.5,1,0.0,true
001,null,1073,0,0.4019619333,-0.05871547129,-0.07139602463,0.5,1,0.0,true
001,null,1074,1,-0.8085343787,-0.09648501638,-0.104622052,0.5,0,0.0,true
001,null,1075,1,0.2607881023,-0.080600336,-0.08873737159,0.5,0,0.0,true
001,null,1076,0,0.2211356276,-0.06692066129,-0.07960121463,0.5,0,0.0,true
001,null,1077,0,0.1937171554,-0.0548007226,-0.06748127594,0.5,1,0.0,true
001,null,1078,0,-0.7207672815,-0.09152470457,-0.1042052579,0.5,1,0.0,true
001,null,1079,1,-0.2057365429,-0.1004768198,-0.1086138554,0.5,1,0.0,true
001,null,1080,0,-0.7987600276,-0.1404246632,-0.1531052165,0.5,0,0.0,true
001,null,1081,1,0.1955616568,-0.1255481428,-0.1336851783,0.5,1,0.0,true
001,null,1082,0,0.4028562547,-0.09825804316,-0.1109385965,0.5,1,0.0,true
001,null,1083,0,-0.2361914649,-0.1096503459,-0.1223308992,0.5,1,0.0,true
001,null,1084,1,1.090590592,-0.03854324865,-0.04668028423,0.5,1,0.0,true
001,null,1085,0,0.4627865849,-0.009682609342,-0.02236316268,0.5,0,0.0,true
001,null,1086,1,0.6990610558,0.03273931463,0.02460227905,0.5,1,0.0,true
001,null,1087,0,1.508656839,0.1153439607,0.1026634074,0.5,0,0.0,true
001,null,1088,1,-1.373042596,0.03033969723,0.02220266165,0.5,0,0.0,true
001,null,1089,1,1.36624152,0.1008141685,0.09267713291,0.5,1,0.0,true
001,null,1090,0,-1.08090224,0.03782332024,0.0251427669,0.5,0,0.0,true
001,null,1091,1,1.536051996,0.112649741,0.1045127054,0.5,0,0.0,true
001,null,1092,1,0.3592126793,0.1280883563,0.1199513207,0.5,1,0.0,true
001,null,1093,0,0.2752691436,0.1392275779,0.1265470246,0.5,1,0.0,true
001,null,1094,1,-1.114516842,0.07221592179,0.0640788862,0.5,0,0.0,true
001,null,1095,1,0.5592595186,0.09971264817,0.09157561259,0.5,1,0.0,true
001,null,1096,0,-0.8001582881,0.05220905048,0.03952849714,0.5,0,0.0,true
001,null,1097,0,-0.7863471739,0.007242493942,-0.005438059397,0.5,1,0.0,true
001,null,1098,1,1.283744442,0.07485554998,0.0667185144,0.5,1,0.0,true
001,null,1099,0,0.2422020081,0.08599902582,0.07331847248,0.5,0,0.0,true
001,null,1100,0,0.3266233106,0.10170016,0.08901960664,0.5,1,0.0,true
001,null,1101,1,-2.130011105,-0.01963728987,-0.02777432545,0.5,1,0.0,true
001,null,1102,0,-0.4044191619,-0.03976135454,-0.05244190788,0.5,0,0.0,true
001,null,1103,1,0.05755671952,-0.03572825155,-0.04386528713,0.5,1,0.0,true
001,null,1104,1,1.434296833,0.04013080292,0.03199376734,0.5,1,0.0,true
001,null,1105,1,-0.1652860111,0.03045581852,0.02231878294,0.5,0,0.0,true
001,null,1106,0,0.009022241371,0.03016788496,0.01748733162,0.5,1,0.0,true
001,null,1107,1,0.1354972735,0.03683033579,0.02869330021,0.5,0,0.0,true
001,null,1108,1,-0.2120593041,0.02391302745,0.01577599186,0.5,1,0.0,true
001,null,1109,1,-1.929926758,-0.07886989907,-0.08700693466,0.5,0,0.0,true
001,null,1110,0,-0.2996093588,-0.09252450866,-0.105205062,0.5,1,0.0,true
001,null,1111,1,1.315174574,-0.01793073488,-0.02606777047,0.5,0,0.0,true
001,null,1112,0,-0.4064792901,-0.03885357197,-0.05153412531,0.5,1,0.0,true
001,null,1113,1,-1.965353866,-0.1303029926,-0.1384400282,0.5,0,0.0,true
001,null,1114,0,-0.8205310378,-0.1653919445,-0.1780724979,0.5,1,0.0,true
001,null,1115,0,-1.184930731,-0.2136371198,-0.2263176731,0.5,1,0.0,true
001,null,1116,0,-1.909822904,-0.2794638462,-0.2921443996,0.5,0,0.0,true
001,null,1117,1,-0.5036768693,-0.2945486945,-0.3026857301,0.5,0,0.0,true
001,null,1118,1,-0.4054163986,-0.3054906837,-0.3136277193,0.5,0,0.0,true
001,null,1119,0,0.872882831,-0.2501004644,-0.2627810178,0.5,1,0.0,true
001,null,1120,1,-0.5286542653,-0.2681964284,-0.276333464,0.5,1,0.0,true
001,null,1121,0,0.9560846997,-0.2081635347,-0.2208440881,0.5,1,0.0,true
001,null,1122,0,0.2996482556,-0.1872433407,-0.199923894,0.5,1,0.0,true
001,null,1123,1,0.1098849922,-0.1767328008,-0.1848698363,0.5,0,0.0,true
001,null,1124,0,-0.9260995704,-0.2164178333,-0.2290983866,0.5,1,0.0,true
001,null,1125,1,0.9815064368,-0.1543301062,-0.1624671418,0.5,0,0.0,true
001,null,1126,0,-1.06872846,-0.2010090118,-0.2136895651,0.5,1,0.0,true
001,null,1127,1,0.884371695,-0.1458372666,-0.1539743022,0.5,1,0.0,true
001,null,1128,1,-0.08354794863,-0.1465652792,-0.1547023147,0.5,0,0.0,true
001,null,1129,1,0.7330090079,-0.1011982267,-0.1093352623,0.5,0,0.0,true
001,null,1130,0,0.0121482346,-0.09796512855,-0.1106456819,0.5,1,0.0,true
001,null,1131,1,-1.674340217,-0.175176854,-0.1833138896,0.5,1,0.0,true
001,null,1132,0,-0.7033226216,-0.2054636525,-0.2181442059,0.5,0,0.0,true
001,null,1133,0,-0.06478731515,-0.2037412484,-0.2164218017,0.5,0,0.0,true
001,null,1134,1,1.169410741,-0.1283816265,-0.1365186621,0.5,1,0.0,true
001,null,1135,1,0.4552035853,-0.09962277162,-0.1077598072,0.5,1,0.0,true
001,null,1136,1,-1.678014765,-0.175889882,-0.1840269176,0.5,1,0.0,true
001,null,1137,1,0.03736975877,-0.1694574543,-0.1775944899,0.5,1,0.0,true
001,null,1138,1,1.394698165,-0.08493877307,-0.09307580865,0.5,1,0.0,true
001,null,1139,1,0.8068911543,-0.03961277772,-0.04774981331,0.5,0,0.0,true
001,null,1140,1,0.6933228567,-0.001804954768,-0.009941990352,0.5,0,0.0,true
001,null,1141,0,-0.6836279901,-0.03796588787,-0.05064644121,0.5,1,0.0,true
001,null,1142,0,-0.6612386813,-0.07203305784,-0.08471361118,0.5,0,0.0,true
001,null,1143,1,0.112878088,-0.06396728224,-0.07210431782,0.5,1,0.0,true
001,null,1144,1,0.08170974929,-0.05771973206,-0.06585676764,0.5,1,0.0,true
001,null,1145,1,-0.2901023441,-0.07286189703,-0.08099893261,0.5,1,0.0,true
001,null,1146,1,-0.5143858528,-0.1005791144,-0.10871615,0.5,0,0.0,true
001,null,1147,1,-1.084203249,-0.1568123007,-0.1649493363,0.5,0,0.0,true
001,null,1148,0,1.149337318,-0.0809499644,-0.09363051774,0.5,1,0.0,true
001,null,1149,1,-1.042075252,-0.1347160242,-0.1428530597,0.5,0,0.0,true
001,null,1150,1,1.030987305,-0.06943971554,-0.07757675112,0.5,0,0.0,true
001,null,1151,0,-2.417137871,-0.1751348224,-0.1878153757,0.5,0,0.0,true
001,null,1152,0,1.135543058,-0.1105419196,-0.123222473,0.5,0,0.0,true
001,null,1153,0,-0.579917958,-0.1354062768,-0.1480868301,0.5,1,0.0,true
001,null,1154,1,0.8750168642,-0.08612295086,-0.09425998645,0.5,1,0.0,true
001,null,1155,1,0.2179278009,-0.07277579389,-0.08091282947,0.5,1,0.0,true
001,null,1156,0,-1.295986783,-0.1325290856,-0.1452096389,0.5,1,0.0,true
001,null,1157,1,0.1592771894,-0.1209446041,-0.1290816396,0.5,1,0.0,true
001,null,1158,0,1.197238655,-0.05303124626,-0.0657117996,0.5,1,0.0,true
001,null,1159,0,0.6476379052,-0.01793257343,-0.03061312677,0.5,0,0.0,true
001,null,1160,0,-0.1013562475,-0.0228002247,-0.03548077804,0.5,1,0.0,true
001,null,1161,0,0.2050551276,-0.011152867,-0.02383342034,0.5,0,0.0,true
001,null,1162,1,-0.1222366553,-0.01761631419,-0.02575334977,0.5,0,0.0,true
001,null,1163,1,0.8227435688,0.02882819109,0.02069115551,0.5,0,0.0,true
001,null,1164,1,1.342087099,0.09886827671,0.09073124113,0.5,1,0.0,true
001,null,1165,0,1.432486918,0.1654561222,0.1527755689,0.5,1,0.0,true
001,null,1166,1,0.3800604078,0.1808328597,0.1726958241,0.5,0,0.0,true
001,null,1167,1,1.85912883,0.2529250887,0.2447880531,0.5,1,0.0,true
001,null,1168,0,-1.053785584,0.1874256829,0.1747451296,0.5,0,0.0,true
001,null,1169,1,-1.191351601,0.1178027319,0.1096656964,0.5,0,0.0,true
001,null,1170,0,0.8017619726,0.1527474339,0.1400668806,0.5,0,0.0,true
001,null,1171,0,0.6438248272,0.1797165981,0.1670360447,0.5,0,0.0,true
001,null,1172,0,0.4752242367,0.1985171231,0.1858365698,0.5,0,0.0,true
001,null,1173,0,1.296332786,0.2503580188,0.2376774655,0.5,1,0.0,true
001,null,1174,0,-0.8592891753,0.1957835425,0.1831029891,0.5,0,0.0,true
001,null,1175,0,0.5107807801,0.2158738619,0.2031933085,0.5,0,0.0,true
001,null,1176,0,-0.1459604021,0.2025524245,0.1898718712,0.5,0,0.0,true
001,null,1177,1,-0.5618244428,0.1653644066,0.157227371,0.5,1,0.0,true
001,null,1178,0,0.0420929805,0.1634933302,0.1508127769,0.5,0,0.0,true
001,null,1179,0,-1.294573574,0.08171344179,0.06903288845,0.5,0,0.0,true
001,null,1180,0,0.5633686221,0.1097071422,0.09702658888,0.5,1,0.0,true
001,null,1181,1,0.4766921178,0.1327405603,0.1246035247,0.5,1,0.0,true
001,null,1182,0,0.7033838895,0.1669225267,0.1542419734,0.5,0,0.0,true
001,null,1183,0,0.7617093469,0.2027930891,0.1901125358,0.5,0,0.0,true
001,null,1184,0,-1.196896402,0.1223010073,0.109620454,0.5,1,0.0,true
001,null,1185,0,0.03468147514,0.1211745184,0.108493965,0.5,0,0.0,true
001,null,1186,1,-0.9815973023,0.05885371825,0.05071668266,0.5,1,0.0,true
001,null,1187,0,-1.706617043,-0.03814763705,-0.05082819039,0.5,1,0.0,true
001,null,1188,1,-0.5146481007,-0.06470417266,-0.07284120824,0.5,1,0.0,true
001,null,1189,0,-1.03906401,-0.1168587049,-0.1295392582,0.5,1,0.0,true
001,null,1190,1,0.5799311988,-0.08113075136,-0.08926778695,0.5,0,0.0,true
001,null,1191,1,-1.242728824,-0.1419026233,-0.1500396589,0.5,1,0.0,true
001,null,1192,0,0.7230208768,-0.09716481286,-0.1098453662,0.5,0,0.0,true
001,null,1193,1,-0.7328157923,-0.1331089919,-0.1412460274,0.5,0,0.0,true
001,null,1194,0,0.3243899378,-0.1112403889,-0.1239209423,0.5,1,0.0,true
001,null,1195,1,-0.5350853392,-0.1377284314,-0.145865467,0.5,1,0.0,true
001,null,1196,0,-0.8238085856,-0.1780755279,-0.1907560812,0.5,0,0.0,true
001,null,1197,1,1.217660252,-0.09777347952,-0.1059105151,0.5,1,0.0,true
001,null,1198,1,0.7783702628,-0.04995135341,-0.05808838899,0.5,1,0.0,true
001,null,1199,0,-1.323996914,-0.118019945,-0.1307004983,0.5,1,0.0,true
001,null,1200,0,1.002354518,-0.05740421926,-0.0700847726,0.5,0,0.0,true
001,null,1201,0,0.6395731446,-0.02021765078,-0.03289820412,0.5,1,0.0,true
001,null,1202,0,-0.4687676991,-0.04573988772,-0.05842044106,0.5,0,0.0,true
001,null,1203,0,2.717332753,0.0911513401,0.07847078676,0.5,0,0.0,true
001,null,1204,1,0.5281455283,0.1135818595,0.105444824,0.5,1,0.0,true
001,null,1205,0,1.060146352,0.158578021,0.1458974676,0.5,0,0.0,true
001,null,1206,0,0.2514992231,0.1666637918,0.1539832385,0.5,0,0.0,true
001,null,1207,1,-0.7212591318,0.1245158139,0.1163787783,0.5,1,0.0,true
001,null,1208,0,-1.625798911,0.03610308507,0.02342253173,0.5,0,0.0,true
001,null,1209,1,-0.4131573,0.01487010689,0.006733071308,0.5,1,0.0,true
001,null,1210,1,-2.449307593,-0.0948711565,-0.1030081921,0.5,1,0.0,true
001,null,1211,0,1.043796962,-0.04445990736,-0.0571404607,0.5,1,0.0,true
001,null,1212,0,0.8851917931,-0.003233958617,-0.01591451196,0.5,0,0.0,true
001,null,1213,0,-0.3306963956,-0.01822046515,-0.03090101849,0.5,0,0.0,true
001,null,1214,0,-1.017367043,-0.06391191739,-0.07659247073,0.5,1,0.0,true
001,null,1215,0,-0.6006249285,-0.0897737436,-0.1024542969,0.5,0,0.0,true
001,null,1216,1,0.7886545793,-0.04912860539,-0.05726564097,0.5,1,0.0,true
001,null,1217,0,-1.274785753,-0.1055684014,-0.1182489547,0.5,1,0.0,true
001,null,1218,1,-1.159482599,-0.1536782092,-0.1618152448,0.5,1,0.0,true
001,null,1219,0,0.8401320802,-0.1080720602,-0.1207526136,0.5,0,0.0,true
001,null,1220,1,0.3907858377,-0.08624090864,-0.09437794423,0.5,0,0.0,true
001,null,1221,1,1.581017931,-0.005982726972,-0.01411976256,0.5,0,0.0,true
001,null,1222,0,-0.1095053003,-0.0110452335,-0.02372578684,0.5,1,0.0,true
001,null,1223,0,-0.9792178356,-0.05731818991,-0.06999874325,0.5,0,0.0,true
001,null,1224,0,-0.258137013,-0.06841264498,-0.08109319832,0.5,1,0.0,true
001,null,1225,0,-0.2911435789,-0.081127982,-0.09380853533,0.5,0,0.0,true
001,null,1226,0,0.5107854206,-0.05245205489,-0.06513260823,0.5,1,0.0,true
001,null,1227,0,-0.6326607358,-0.08335764011,-0.09603819345,0.5,0,0.0,true
001,null,1228,0,-0.09809936346,-0.08643931464,-0.09911986797,0.5,1,0.0,true
001,null,1229,1,-0.7007870298,-0.1207178563,-0.1288548918,0.5,0,0.0,true
001,null,1230,0,0.1189745305,-0.1110516711,-0.1237322245,0.5,0,0.0,true
001,null,1231,1,1.059065873,-0.04669172518,-0.05482876077,0.5,1,0.0,true
001,null,1232,0,-3.449232399,-0.1806776427,-0.193358196,0.5,1,0.0,true
001,null,1233,0,0.03568685656,-0.1745460924,-0.1872266458,0.5,1,0.0,true
001,null,1234,0,0.603753576,-0.1421512797,-0.1548318331,0.5,1,0.0,true
001,null,1235,1,-0.52895126,-0.1616671944,-0.16980423,0.5,1,0.0,true
001,null,1236,0,0.4103379138,-0.1380447797,-0.1507253331,0.5,0,0.0,true
001,null,1237,1,0.6561194408,-0.1024564464,-0.110593482,0.5,1,0.0,true
001,null,1238,0,0.1231317074,-0.09389700623,-0.1065775596,0.5,0,0.0,true
001,null,1239,1,-1.908581711,-0.1712204986,-0.1793575342,0.5,1,0.0,true
001,null,1240,1,0.5047526831,-0.1425176732,-0.1506547087,0.5,0,0.0,true
001,null,1241,0,-0.4117646635,-0.1579266943,-0.1706072476,0.5,1,0.0,true
001,null,1242,0,0.1247396374,-0.1477971659,-0.1604777192,0.5,1,0.0,true
001,null,1243,1,-0.7870070927,-0.1806014976,-0.1887385332,0.5,0,0.0,true
001,null,1244,1,2.739887201,-0.03207529856,-0.04021233414,0.5,1,0.0,true
001,null,1245,0,0.3437277086,-0.01608604439,-0.02876659773,0.5,0,0.0,true
001,null,1246,0,-0.6415926424,-0.044238375,-0.05691892834,0.5,0,0.0,true
001,null,1247,0,0.162638416,-0.03563699307,-0.04831754641,0.5,1,0.0,true
001,null,1248,0,-1.494579693,-0.1002071051,-0.1128876585,0.5,1,0.0,true
001,null,1249,1,0.4394449805,-0.07712155177,-0.08525858735,0.5,0,0.0,true
001,null,1250,1,-0.1018772133,-0.07994339087,-0.08808042645,0.5,0,0.0,true
001,null,1251,0,-0.6161987247,-0.1067159407,-0.119396494,0.5,1,0.0,true
001,null,1252,0,-1.298425437,-0.1613163406,-0.1739968939,0.5,0,0.0,true
001,null,1253,1,-0.2373889631,-0.1685049739,-0.1766420095,0.5,1,0.0,true
001,null,1254,1,-0.08476931924,-0.1684146644,-0.1765517,0.5,1,0.0,true
001,null,1255,0,0.9146151076,-0.1151292515,-0.1278098049,0.5,1,0.0,true
001,null,1256,1,-0.3432939188,-0.1293669843,-0.1375040199,0.5,0,0.0,true
001,null,1257,0,1.387756868,-0.05090910491,-0.06358965825,0.5,0,0.0,true
001,null,1258,0,1.632735311,0.03157788269,0.01889732935,0.5,0,0.0,true
001,null,1259,0,-1.454469804,-0.03865835783,-0.05133891117,0.5,1,0.0,true
001,null,1260,0,-0.2557601283,-0.04986895778,-0.06254951112,0.5,1,0.0,true
001,null,1261,1,-0.4404019301,-0.0699143689,-0.07805140448,0.5,1,0.0,true
001,null,1262,0,1.235670166,-0.005931055339,-0.01861160868,0.5,0,0.0,true
001,null,1263,0,0.0878745965,-0.001422100753,-0.01410265409,0.5,0,0.0,true
001,null,1264,1,0.997542446,0.04814237034,0.04000533475,0.5,0,0.0,true
001,null,1265,1,0.09013412833,0.05150081136,0.04336377578,0.5,1,0.0,true
001,null,1266,1,0.8488517451,0.09271678051,0.08457974492,0.5,1,0.0,true
001,null,1267,0,-1.863103455,-0.006904856276,-0.01958540962,0.5,1,0.0,true
001,null,1268,0,-0.7304984994,-0.04226187347,-0.05494242681,0.5,1,0.0,true
001,null,1269,0,0.7994552207,-0.001180428068,-0.01386098141,0.5,1,0.0,true
001,null,1270,1,0.4215832054,0.02005818996,0.01192115437,0.5,1,0.0,true
001,null,1271,0,1.133162962,0.0754851185,0.06280456516,0.5,1,0.0,true
001,null,1272,0,-0.347179924,0.05561570016,0.04293514682,0.5,1,0.0,true
001,null,1273,1,0.8591131668,0.09726177273,0.08912473715,0.5,1,0.0,true
001,null,1274,1,0.1655839745,0.1034448532,0.09530781761,0.5,1,0.0,true
001,null,1275,1,-0.2627012462,0.08646129936,0.07832426378,0.5,0,0.0,true
001,null,1276,0,-0.8320418884,0.03746735356,0.02478680022,0.5,0,0.0,true
001,null,1277,1,-0.9686721396,-0.01683984939,-0.02497688497,0.5,1,0.0,true
001,null,1278,0,-0.3645565957,-0.03647595064,-0.04915650397,0.5,1,0.0,true
001,null,1279,0,0.5787088999,-0.002739332077,-0.01541988542,0.5,0,0.0,true
001,null,1280,1,-1.428077134,-0.07959551088,-0.08773254647,0.5,0,0.0,true
001,null,1281,0,1.033137286,-0.01972579157,-0.03240634491,0.5,1,0.0,true
001,null,1282,0,-0.757686588,-0.05990265919,-0.07258321253,0.5,1,0.0,true
001,null,1283,0,0.2914327351,-0.04209519147,-0.05477574481,0.5,1,0.0,true
001,null,1284,0,0.6445704282,-0.004350240225,-0.01703079356,0.5,0,0.0,true
001,null,1285,1,-0.7552276274,-0.04680880468,-0.05494584027,0.5,0,0.0,true
001,null,1286,1,0.2496410483,-0.03109554177,-0.03923257735,0.5,1,0.0,true
001,null,1287,1,-0.3207053535,-0.04915376051,-0.05729079609,0.5,1,0.0,true
001,null,1288,0,-0.7595472667,-0.09203485227,-0.1047154056,0.5,0,0.0,true
001,null,1289,0,0.2607819094,-0.07362816552,-0.08630871886,0.5,1,0.0,true
001,null,1290,0,-0.3224579012,-0.09150316326,-0.1041837166,0.5,0,0.0,true
001,null,1291,0,-1.362800748,-0.1640878836,-0.1767684369,0.5,0,0.0,true
001,null,1292,1,0.679789004,-0.1165211127,-0.1246581483,0.5,0,0.0,true
001,null,1293,0,-2.086881615,-0.209791586,-0.2224721394,0.5,0,0.0,true
001,null,1294,1,0.1012760356,-0.198877558,-0.2070145936,0.5,0,0.0,true
001,null,1295,0,-0.0221501953,-0.1950818169,-0.2077623702,0.5,1,0.0,true
001,null,1296,0,1.244314425,-0.1128540906,-0.1255346439,0.5,0,0.0,true
001,null,1297,1,-0.8356099033,-0.1536429796,-0.1617800152,0.5,0,0.0,true
001,null,1298,0,-1.652705231,-0.2243337362,-0.2370142896,0.5,1,0.0,true
001,null,1299,1,-0.6260385748,-0.2493511075,-0.2574881431,0.5,1,0.0,true
001,null,1300,1,0.282472616,-0.2271779468,-0.2353149824,0.5,1,0.0,true
001,null,1301,0,-0.3632911617,-0.2406243554,-0.2533049088,0.5,0,0.0,true
001,null,1302,1,0.801002354,-0.1852852762,-0.1934223118,0.5,1,0.0,true
001,null,1303,1,-0.08097139183,-0.1851741981,-0.1933112336,0.5,0,0.0,true
001,null,1304,1,-0.4014129774,-0.2028622075,-0.2109992431,0.5,1,0.0,true
001,null,1305,1,0.7604246801,-0.1492673011,-0.1574043367,0.5,0,0.0,true
001,null,1306,0,0.59462588,-0.1084108022,-0.1210913556,0.5,0,0.0,true
001,null,1307,1,0.1629944526,-0.09565630344,-0.103793339,0.5,1,0.0,true
001,null,1308,1,-0.5090884113,-0.1237364989,-0.1318735345,0.5,0,0.0,true
001,null,1309,0,-0.3268691329,-0.1407045709,-0.1533851243,0.5,1,0.0,true
001,null,1310,1,0.3643360072,-0.1129412699,-0.1210783055,0.5,1,0.0,true
001,null,1311,0,-1.212232912,-0.1789945089,-0.1916750622,0.5,0,0.0,true
001,null,1312,1,-1.603074098,-0.2516426241,-0.2597796597,0.5,0,0.0,true
001,null,1313,1,-1.976710123,-0.3211708065,-0.3293078421,0.5,0,0.0,true
001,null,1314,0,-0.5443156376,-0.3395249218,-0.3522054752,0.5,0,0.0,true
001,null,1315,0,-0.5787311727,-0.3591211497,-0.3718017031,0.5,0,0.0,true
001,null,1316,0,0.8978834018,-0.2926375778,-0.3053181311,0.5,1,0.0,true
001,null,1317,1,0.3573905369,-0.2642006818,-0.2723377174,0.5,1,0.0,true
001,null,1318,0,1.922235655,-0.1325993911,-0.1452799444,0.5,0,0.0,true
001,null,1319,0,2.424450207,-0.001487809576,-0.01416836292,0.5,0,0.0,true
001,null,1320,1,-0.9167848909,-0.04362982152,-0.0517668571,0.5,0,0.0,true
001,null,1321,0,1.017889571,0.005428479304,-0.007252074036,0.5,0,0.0,true
001,null,1322,0,0.5009995611,0.02886469632,0.01618414298,0.5,1,0.0,true
001,null,1323,0,-2.037839775,-0.06439632789,-0.07707688123,0.5,1,0.0,true
001,null,1324,1,-0.685587616,-0.09298435,-0.1011213856,0.5,1,0.0,true
001,null,1325,1,0.04062912129,-0.08875307261,-0.09689010819,0.5,0,0.0,true
001,null,1326,0,0.7853643325,-0.04867893621,-0.06135948955,0.5,0,0.0,true
001,null,1327,1,-0.06242128655,-0.05043102789,-0.05856806347,0.5,1,0.0,true
001,null,1328,1,1.516342622,0.02403998046,0.01590294488,0.5,1,0.0,true
001,null,1329,0,1.588029068,0.09409168287,0.08141112953,0.5,1,0.0,true
001,null,1330,0,0.1014282784,0.0963997431,0.08371918976,0.5,0,0.0,true
001,null,1331,0,-0.7659783038,0.05670798723,0.04402743389,0.5,0,0.0,true
001,null,1332,0,0.6101510007,0.08398779841,0.07130724507,0.5,1,0.0,true
001,null,1333,1,-0.5867775853,0.05262678032,0.04448974474,0.5,0,0.0,true
001,null,1334,0,-0.2374312438,0.03938072809,0.02670017475,0.5,0,0.0,true
001,null,1335,1,0.1765682032,0.04737977456,0.03924273898,0.5,1,0.0,true
001,null,1336,0,0.6647535118,0.08008228598,0.06740173264,0.5,1,0.0,true
001,null,1337,1,0.04362055266,0.08036978568,0.0722327501,0.5,0,0.0,true
001,null,1338,1,-0.0222382159,0.07712045495,0.06898341937,0.5,1,0.0,true
001,null,1339,1,0.2206496222,0.08738442837,0.07924739279,0.5,0,0.0,true
001,null,1340,1,0.5464063443,0.1153742851,0.1072372495,0.5,1,0.0,true
001,null,1341,1,0.2115900663,0.1245905215,0.1164534859,0.5,0,0.0,true
001,null,1342,1,0.4477649257,0.1471118439,0.1389748083,0.5,0,0.0,true
001,null,1343,0,0.3112227487,0.1617306798,0.1490501264,0.5,0,0.0,true
001,null,1344,0,0.394854036,0.1810904571,0.1684099038,0.5,0,0.0,true
001,null,1345,0,1.705659116,0.2562429546,0.2435624013,0.5,1,0.0,true
001,null,1346,1,0.9448610385,0.2961479644,0.2880109288,0.5,0,0.0,true
001,null,1347,1,0.06350477167,0.2923124444,0.2841754088,0.5,0,0.0,true
001,null,1348,0,0.5491913558,0.3143886591,0.3017081058,0.5,1,0.0,true
001,null,1349,1,1.322425382,0.3639709245,0.355833889,0.5,0,0.0,true
001,null,1350,0,-0.2074630619,0.3420848191,0.3294042658,0.5,0,0.0,true
001,null,1351,1,-0.06297605533,0.3295930204,0.3214559848,0.5,1,0.0,true
001,null,1352,0,-0.1416519901,0.3122811384,0.299600585,0.5,1,0.0,true
001,null,1353,1,1.787594636,0.3724936203,0.3643565847,0.5,0,0.0,true
001,null,1354,0,1.155904113,0.411909227,0.3992286737,0.5,1,0.0,true
001,null,1355,0,-1.471201241,0.297660928,0.2849803746,0.5,1,0.0,true
001,null,1356,1,0.8356155871,0.3289971213,0.3208600857,0.5,0,0.0,true
001,null,1357,0,-1.592603279,0.2171535414,0.2044729881,0.5,1,0.0,true
001,null,1358,1,2.582751272,0.2969124288,0.2887753932,0.5,1,0.0,true
001,null,1359,0,1.593955138,0.3446976113,0.3320170579,0.5,0,0.0,true
001,null,1360,0,0.2405347672,0.3463631623,0.333682609,0.5,0,0.0,true
001,null,1361,0,-0.3073380978,0.3228108984,0.3101303451,0.5,0,0.0,true
001,null,1362,0,-0.7191384956,0.2775980541,0.2649175008,0.5,0,0.0,true
001,null,1363,0,0.5094090995,0.2931768028,0.2804962495,0.5,0,0.0,true
001,null,1364,1,-0.6132188496,0.253614519,0.2454774834,0.5,1,0.0,true
001,null,1365,1,1.644020604,0.3088073308,0.3006702952,0.5,1,0.0,true
001,null,1366,1,1.604834662,0.3572410761,0.3491040405,0.5,1,0.0,true
001,null,1367,0,0.002056740191,0.3482908586,0.3356103053,0.5,1,0.0,true
001,null,1368,0,-0.212063703,0.3290495449,0.3163689915,0.5,0,0.0,true
001,null,1369,1,1.316117984,0.3699541292,0.3618170936,0.5,0,0.0,true
001,null,1370,0,1.060809058,0.4012847216,0.3886041683,0.5,0,0.0,true
001,null,1371,0,-1.232259652,0.3207822124,0.308101659,0.5,0,0.0,true
001,null,1372,0,-0.4354392408,0.2906393444,0.2779587911,0.5,0,0.0,true
001,null,1373,0,0.3772602643,0.3006487099,0.2879681566,0.5,1,0.0,true
001,null,1374,1,0.1335615669,0.2995581648,0.2914211292,0.5,1,0.0,true
001,null,1375,1,0.7287450494,0.3247376933,0.3166006577,0.5,0,0.0,true
001,null,1376,1,-1.889122179,0.2005236705,0.1923866349,0.5,1,0.0,true
001,null,1377,1,0.6626314783,0.2253354378,0.2171984023,0.5,0,0.0,true
001,null,1378,1,0.1318345309,0.2260429036,0.217905868,0.5,0,0.0,true
001,null,1379,0,2.121967769,0.2954266323,0.282746079,0.5,0,0.0,true
001,null,1380,0,-0.1511471698,0.2807285072,0.2680479539,0.5,0,0.0,true
001,null,1381,0,1.185407292,0.3203237008,0.3076431475,0.5,1,0.0,true
001,null,1382,0,0.2596005102,0.3241089362,0.3114283828,0.5,1,0.0,true
001,null,1383,1,1.294427837,0.3648669026,0.356729867,0.5,0,0.0,true
001,null,1384,0,-0.3957424834,0.3353006096,0.3226200563,0.5,0,0.0,true
001,null,1385,1,-1.103016385,0.264643817,0.2565067815,0.5,1,0.0,true
001,null,1386,0,2.101713667,0.3279748814,0.3152943281,0.5,1,0.0,true
001,null,1387,0,-1.66426542,0.2303955527,0.2177149994,0.5,1,0.0,true
001,null,1388,1,0.824122834,0.2577843637,0.2496473281,0.5,0,0.0,true
001,null,1389,1,-0.3610075762,0.2343769481,0.2262399125,0.5,1,0.0,true
001,null,1390,0,-0.3118898749,0.21362559,0.2009450367,0.5,0,0.0,true
001,null,1391,1,-1.256108557,0.1439646476,0.135827612,0.5,1,0.0,true
001,null,1392,1,-0.7198012794,0.105441511,0.09730447541,0.5,0,0.0,true
001,null,1393,1,1.082083945,0.1502359395,0.1420989039,0.5,1,0.0,true
001,null,1394,0,2.191402631,0.2270956211,0.2144150677,0.5,1,0.0,true
001,null,1395,1,-1.998584026,0.1237836953,0.1156466597,0.5,0,0.0,true
001,null,1396,0,-2.286557227,0.0222951645,0.009614611159,0.5,1,0.0,true
001,null,1397,0,0.5567273436,0.04362604308,0.03094548974,0.5,1,0.0,true
001,null,1398,1,0.1921976342,0.05028349352,0.04214645794,0.5,1,0.0,true
001,null,1399,0,0.8186345069,0.08209779666,0.06941724332,0.5,1,0.0,true
001,null,1400,0,0.3293377804,0.09372571289,0.08104515955,0.5,1,0.0,true
001,null,1401,0,-1.645253326,0.0193578827,0.00667732936,0.5,1,0.0,true
001,null,1402,1,-0.5841579287,-0.005761386127,-0.01389842171,0.5,0,0.0,true
001,null,1403,0,1.113248907,0.04137792806,0.02869737472,0.5,0,0.0,true
001,null,1404,0,0.4969924587,0.06151473278,0.04883417944,0.5,1,0.0,true
001,null,1405,1,0.3756211778,0.07631797323,0.06818093765,0.5,1,0.0,true
001,null,1406,1,0.6336150982,0.1021523412,0.09401530563,0.5,0,0.0,true
001,null,1407,1,-0.2928868425,0.08595674792,0.07781971234,0.5,0,0.0,true
001,null,1408,1,-0.7702443313,0.04693369815,0.03879666257,0.5,0,0.0,true
001,null,1409,1,0.4124476785,0.06514461878,0.0570075832,0.5,1,0.0,true
001,null,1410,0,-1.285181945,0.0008814471673,-0.01179910617,0.5,0,0.0,true
001,null,1411,1,1.949190115,0.08727047258,0.079133437,0.5,0,0.0,true
001,null,1412,1,1.398521844,0.1430361653,0.1348991297,0.5,1,0.0,true
001,null,1413,0,-0.7880486749,0.1027387547,0.09005820133,0.5,1,0.0,true
001,null,1414,0,-1.460845677,0.03224897383,0.01956842049,0.5,0,0.0,true
001,null,1415,0,-0.5921654653,0.0048916942,-0.00778885914,0.5,1,0.0,true
001,null,1416,0,3.038610484,0.1218437602,0.1091632068,0.5,0,0.0,true
001,null,1417,0,0.3574638107,0.1327076359,0.1200270826,0.5,0,0.0,true
001,null,1418,1,0.1381453339,0.1349303737,0.1267933381,0.5,1,0.0,true
001,null,1419,1,1.142459231,0.1752847739,0.1671477383,0.5,0,0.0,true
001,null,1420,1,0.8100340411,0.2024740144,0.1943369788,0.5,0,0.0,true
001,null,1421,0,-0.9014984995,0.1567387695,0.1440582162,0.5,0,0.0,true
001,null,1422,1,-0.6975755789,0.1216931595,0.1135561239,0.5,1,0.0,true
001,null,1423,0,-0.508394186,0.09591556399,0.08323501065,0.5,1,0.0,true
001,null,1424,1,1.883691867,0.16619698,0.1580599444,0.5,0,0.0,true
001,null,1425,1,1.653383894,0.2219722675,0.2138352319,0.5,0,0.0,true
001,null,1426,0,0.9187499173,0.2511662591,0.2384857057,0.5,0,0.0,true
001,null,1427,0,-0.1328122306,0.2391018063,0.226421253,0.5,1,0.0,true
001,null,1428,0,2.488538089,0.3071676783,0.294487125,0.5,1,0.0,true
001,null,1429,0,-0.4242049236,0.2815434245,0.2688628712,0.5,1,0.0,true
001,null,1430,0,0.3311865654,0.2874857608,0.2748052074,0.5,0,0.0,true
001,null,1431,0,0.5257535534,0.3008528229,0.2881722696,0.5,1,0.0,true
001,null,1432,1,-0.2995285782,0.2799091001,0.2717720645,0.5,1,0.0,true
001,null,1433,0,0.4137327322,0.2900616792,0.2773811259,0.5,1,0.0,true
001,null,1434,0,-0.460233728,0.2608992817,0.2482187283,0.5,0,0.0,true
001,null,1435,0,0.4598080922,0.2742015516,0.2615209983,0.5,1,0.0,true
001,null,1436,1,0.8894450575,0.3037586409,0.2956216053,0.5,1,0.0,true
001,null,1437,0,1.58819906,0.3518930498,0.3392124964,0.5,0,0.0,true
001,null,1438,0,-0.03702987392,0.3412682613,0.328587708,0.5,0,0.0,true
001,null,1439,0,1.656759595,0.3878170094,0.375136456,0.5,0,0.0,true
001,null,1440,0,-0.5058966626,0.3529734002,0.3402928469,0.5,0,0.0,true
001,null,1441,0,0.1505048011,0.3508879843,0.338207431,0.5,0,0.0,true
001,null,1442,0,0.4105444203,0.3602660781,0.3475855248,0.5,0,0.0,true
001,null,1443,1,-0.5636814255,0.3211349453,0.3129979097,0.5,1,0.0,true
001,null,1444,1,0.1990672305,0.3226030837,0.3144660481,0.5,0,0.0,true
001,null,1445,0,-1.798344589,0.2059268804,0.1932463271,0.5,1,0.0,true
001,null,1446,1,0.6010408527,0.2279131485,0.219776113,0.5,1,0.0,true
001,null,1447,1,0.5916786542,0.2492011925,0.2410641569,0.5,0,0.0,true
001,null,1448,1,0.05711141878,0.2457356514,0.2375986158,0.5,0,0.0,true
001,null,1449,1,0.4881542582,0.2629778306,0.254840795,0.5,1,0.0,true
001,null,1450,1,-0.4328999688,0.2324123637,0.2242753282,0.5,0,0.0,true
001,null,1451,1,0.7127233724,0.2609203901,0.2527833545,0.5,0,0.0,true
001,null,1452,1,1.329422156,0.310608064,0.3024710284,0.5,1,0.0,true
001,null,1453,1,-0.8612461153,0.2520153549,0.2438783193,0.5,0,0.0,true
001,null,1454,1,0.763004824,0.281607368,0.2734703324,0.5,0,0.0,true
001,null,1455,0,0.5145618308,0.2998186854,0.2871381321,0.5,0,0.0,true
001,null,1456,1,-0.2626544745,0.2773004189,0.2691633833,0.5,1,0.0,true
001,null,1457,1,-0.4774048478,0.2418428042,0.2337057686,0.5,0,0.0,true
001,null,1458,0,1.024258325,0.2845688243,0.2718882709,0.5,0,0.0,true
001,null,1459,1,0.5459235417,0.3053577738,0.2972207382,0.5,1,0.0,true
001,null,1460,1,-1.356095718,0.2073741047,0.1992370691,0.5,1,0.0,true
001,null,1461,1,-0.03010284147,0.2004403579,0.1923033223,0.5,0,0.0,true
001,null,1462,1,2.486966973,0.284836341,0.2766993054,0.5,1,0.0,true
001,null,1463,0,0.03650493659,0.2794217437,0.2667411903,0.5,1,0.0,true
001,null,1464,1,-0.1893912636,0.2624872373,0.2543502017,0.5,0,0.0,true
001,null,1465,0,-2.909966358,0.08642336383,0.07374281049,0.5,0,0.0,true
001,null,1466,1,1.541732799,0.1457763559,0.1376393203,0.5,0,0.0,true
001,null,1467,1,-0.6418782438,0.1133582255,0.1052211899,0.5,1,0.0,true
001,null,1468,1,0.7156316011,0.140702294,0.1325652584,0.5,1,0.0,true
001,null,1469,1,-0.9315263875,0.09371175327,0.08557471769,0.5,1,0.0,true
001,null,1470,0,-0.9012787541,0.04972745811,0.03704690477,0.5,0,0.0,true
001,null,1471,1,0.01445324823,0.0491283514,0.04099131582,0.5,0,0.0,true
001,null,1472,0,-0.5351955621,0.02265914421,0.009978590875,0.5,1,0.0,true
001,null,1473,0,0.6740642066,0.05374089941,0.04106034607,0.5,1,0.0,true
001,null,1474,0,-0.3451120699,0.03553387437,0.02285332103,0.5,1,0.0,true
001,null,1475,1,0.4886210475,0.05854922913,0.05041219355,0.5,0,0.0,true
001,null,1476,0,1.878030366,0.1400306936,0.1273501402,0.5,0,0.0,true
001,null,1477,0,-0.9745847712,0.08799920527,0.07531865193,0.5,1,0.0,true
001,null,1478,1,-0.3163587935,0.07041676369,0.0622797281,0.5,1,0.0,true
001,null,1479,1,-0.2827986891,0.05462723772,0.04649020213,0.5,1,0.0,true
001,null,1480,1,-0.264565013,0.03985650095,0.03171946537,0.5,0,0.0,true
001,null,1481,0,0.800780167,0.07879712203,0.06611656869,0.5,0,0.0,true
001,null,1482,0,0.608324774,0.1073723974,0.0946918441,0.5,1,0.0,true
001,null,1483,0,0.9542998777,0.1512772807,0.1385967273,0.5,0,0.0,true
001,null,1484,0,-0.8365906984,0.1012442193,0.08856366592,0.5,0,0.0,true
001,null,1485,1,2.141867312,0.1894757562,0.1813387206,0.5,0,0.0,true
001,null,1486,1,0.1602386844,0.1923566853,0.1842196497,0.5,1,0.0,true
001,null,1487,1,2.725371293,0.2763649461,0.2682279105,0.5,0,0.0,true
001,null,1488,0,-0.2553749529,0.2578781999,0.2451976466,0.5,1,0.0,true
001,null,1489,0,0.4571233518,0.2706990305,0.2580184771,0.5,1,0.0,true
001,null,1490,0,-0.9611941494,0.2157010882,0.2030205349,0.5,1,0.0,true
001,null,1491,1,-0.9481971698,0.1634465591,0.1553095235,0.5,0,0.0,true
001,null,1492,0,-2.26727468,0.04894180081,0.03626124747,0.5,0,0.0,true
001,null,1493,1,-0.8258736445,0.01197180649,0.003834770905,0.5,1,0.0,true
001,null,1494,1,-0.9166775649,-0.02790276758,-0.03603980316,0.5,0,0.0,true
001,null,1495,1,0.08972466709,-0.02323705672,-0.0313740923,0.5,1,0.0,true
001,null,1496,0,-0.8988725309,-0.06227831012,-0.07495886346,0.5,0,0.0,true
001,null,1497,1,-0.8052210926,-0.09616925147,-0.1043062871,0.5,0,0.0,true
001,null,1498,0,-1.491703887,-0.1554540285,-0.1681345818,0.5,0,0.0,true
001,null,1499,0,0.6295841259,-0.1220013243,-0.1346818776,0.5,0,0.0,true
001,null,1500,0,1.369863577,-0.05364105902,-0.06632161236,0.5,1,0.0,true
001,null,1501,1,1.470593173,0.01405817672,0.005921141132,0.5,0,0.0,true
001,null,1502,0,1.053692398,0.05954609827,0.04686554493,0.5,0,0.0,true
001,null,1503,1,0.6871938223,0.08807520287,0.07993816728,0.5,1,0.0,true
001,null,1504,0,-2.134706362,-0.01065553469,-0.02333608803,0.5,0,0.0,true
001,null,1505,1,-0.3368851316,-0.02480072637,-0.03293776196,0.5,0,0.0,true
001,null,1506,0,1.049740324,0.02152701429,0.008846460949,0.5,1,0.0,true
001,null,1507,0,0.3203200793,0.03506276095,0.02238220761,0.5,0,0.0,true
001,null,1508,0,-0.5841909821,0.007695665986,-0.004984887354,0.5,1,0.0,true
001,null,1509,1,0.03237087822,0.008992553117,0.0008555175326,0.5,1,0.0,true
001,null,1510,0,-0.07766201358,0.005091890075,-0.007588663265,0.5,1,0.0,true
001,null,1511,1,1.298692217,0.06541262779,0.05727559221,0.5,0,0.0,true
001,null,1512,0,1.442316974,0.1269263965,0.1142458431,0.5,0,0.0,true
001,null,1513,0,-1.241500809,0.06329987375,0.05061932041,0.5,0,0.0,true
001,null,1514,1,-1.06833674,0.01160861105,0.003471575467,0.5,0,0.0,true
001,null,1515,1,0.3235378038,0.02635908275,0.01822204717,0.5,0,0.0,true
001,null,1516,1,0.5825093971,0.05311928914,0.04498225356,0.5,1,0.0,true
001,null,1517,1,0.8877261452,0.09324312296,0.08510608737,0.5,0,0.0,true
001,null,1518,1,1.03146741,0.1379555908,0.1298185552,0.5,1,0.0,true
001,null,1519,1,-0.7589424061,0.09591751295,0.08778047736,0.5,1,0.0,true
001,null,1520,1,0.07251976083,0.09707609011,0.08893905453,0.5,1,0.0,true
001,null,1521,0,0.8915846016,0.1372197538,0.1245392005,0.5,0,0.0,true
001,null,1522,1,1.903045709,0.2119351794,0.2037981438,0.5,1,0.0,true
001,null,1523,1,-0.7796298405,0.1666906953,0.1585536597,0.5,0,0.0,true
001,null,1524,1,1.803471768,0.2329992726,0.224862237,0.5,1,0.0,true
001,null,1525,1,-0.1401352154,0.2204856781,0.2123486425,0.5,1,0.0,true
001,null,1526,1,1.071635489,0.2593427,0.2512056644,0.5,1,0.0,true
001,null,1527,0,1.04944475,0.295537246,0.2828566927,0.5,1,0.0,true
001,null,1528,1,1.61278992,0.3451903297,0.3370532941,0.5,1,0.0,true
001,null,1529,0,0.4134069581,0.3543115061,0.3416309527,0.5,1,0.0,true
001,null,1530,0,1.845195986,0.4030524285,0.3903718752,0.5,1,0.0,true
001,null,1531,0,-3.157325694,0.2105681562,0.1978876029,0.5,0,0.0,true
001,null,1532,1,-0.2886890296,0.1936916354,0.1855545998,0.5,0,0.0,true
001,null,1533,1,-0.9011276989,0.1506968209,0.1425597853,0.5,0,0.0,true
001,null,1534,0,0.03786060586,0.1484152906,0.1357347373,0.5,1,0.0,true
001,null,1535,0,-1.803615337,0.06588070642,0.05320015308,0.5,1,0.0,true
001,null,1536,0,0.5464699627,0.08593726537,0.07325671203,0.5,1,0.0,true
001,null,1537,1,-0.5711010898,0.05979944947,0.05166241388,0.5,1,0.0,true
001,null,1538,1,0.05739219049,0.06070448802,0.05256745244,0.5,1,0.0,true
001,null,1539,0,0.5013340094,0.08050068206,0.06782012872,0.5,1,0.0,true
001,null,1540,0,-0.4399305474,0.05878421707,0.04610366373,0.5,1,0.0,true
001,null,1541,0,0.2531179478,0.06864773989,0.05596718655,0.5,0,0.0,true
001,null,1542,0,-1.615873754,-0.007522813519,-0.02020336686,0.5,0,0.0,true
001,null,1543,1,0.2192540632,0.002545461849,-0.005591573735,0.5,1,0.0,true
001,null,1544,0,-0.4606963992,-0.01871343498,-0.03139398832,0.5,0,0.0,true
001,null,1545,1,-1.430760935,-0.08207863684,-0.09021567242,0.5,0,0.0,true
001,null,1546,1,-0.7694354068,-0.1142103552,-0.1223473908,0.5,1,0.0,true
001,null,1547,0,-0.3768668323,-0.1286092238,-0.1412897771,0.5,1,0.0,true
001,null,1548,0,-0.1232876588,-0.1312266092,-0.1439071625,0.5,1,0.0,true
001,null,1549,1,1.39998935,-0.05634199348,-0.06447902907,0.5,0,0.0,true
001,null,1550,1,1.004230702,-0.00628224808,-0.01441928366,0.5,1,0.0,true
001,null,1551,1,-0.2621649658,-0.01878489343,-0.02692192901,0.5,1,0.0,true
001,null,1552,0,0.9583971633,0.02857917927,0.01589862593,0.5,0,0.0,true
001,null,1553,1,-0.698244159,-0.006811854424,-0.01494889001,0.5,0,0.0,true
001,null,1554,1,-1.586103609,-0.08159621499,-0.08973325058,0.5,1,0.0,true
001,null,1555,1,0.3773879498,-0.06093149165,-0.06906852723,0.5,0,0.0,true
001,null,1556,0,-0.7349633929,-0.09475293747,-0.1074334908,0.5,1,0.0,true
001,null,1557,0,-1.178978958,-0.1467378367,-0.15941839,0.5,0,0.0,true
001,null,1558,0,-0.4533744336,-0.1648578306,-0.1775383839,0.5,0,0.0,true
001,null,1559,0,0.6199567135,-0.1277510286,-0.1404315819,0.5,0,0.0,true
001,null,1560,0,-0.3463411888,-0.142024996,-0.1547055493,0.5,0,0.0,true
001,null,1561,1,0.9575068904,-0.08545435846,-0.09359139405,0.5,1,0.0,true
001,null,1562,1,-0.4516641174,-0.1066525495,-0.1147895851,0.5,1,0.0,true
001,null,1563,1,-0.4665450026,-0.1283967982,-0.1365338337,0.5,0,0.0,true
001,null,1564,0,1.767198372,-0.0252918084,-0.03797236174,0.5,1,0.0,true
001,null,1565,0,-0.03136216771,-0.0262787344,-0.03895928774,0.5,1,0.0,true
001,null,1566,0,-0.0369022379,-0.02757760233,-0.04025815567,0.5,1,0.0,true
001,null,1567,1,0.2354016337,-0.01399406617,-0.02213110176,0.5,0,0.0,true
001,null,1568,0,-1.93036186,-0.1095574165,-0.1222379698,0.5,0,0.0,true
001,null,1569,1,-0.1719347955,-0.1155813923,-0.1237184278,0.5,0,0.0,true
001,null,1570,0,-0.9093335355,-0.1572409868,-0.1699215402,0.5,1,0.0,true
001,null,1571,0,-2.1654074,-0.2386095253,-0.2512900786,0.5,0,0.0,true
001,null,1572,0,-0.744586983,-0.265238583,-0.2779191364,0.5,1,0.0,true
001,null,1573,1,-1.184465039,-0.3064949006,-0.3146319362,0.5,0,0.0,true
001,null,1574,0,1.336693199,-0.2242131335,-0.2368936868,0.5,0,0.0,true
001,null,1575,1,-0.05482757097,-0.2211542414,-0.229291277,0.5,1,0.0,true
001,null,1576,0,2.37171139,-0.08745185755,-0.1001324109,0.5,1,0.0,true
001,null,1577,0,-0.136602785,-0.09132422603,-0.1040047794,0.5,1,0.0,true
001,null,1578,1,-0.3370868317,-0.1042527662,-0.1123898018,0.5,1,0.0,true
001,null,1579,1,-0.09962277498,-0.1062755511,-0.1144125867,0.5,1,0.0,true
001,null,1580,1,-0.04379445029,-0.1056928404,-0.1138298759,0.5,0,0.0,true
001,null,1581,1,-2.77744353,-0.2048714135,-0.2130084491,0.5,1,0.0,true
001,null,1582,1,0.701188104,-0.1678121954,-0.175949231,0.5,1,0.0,true
001,null,1583,1,-0.8522576737,-0.1982809701,-0.2064180057,0.5,1,0.0,true
001,null,1584,0,1.365241913,-0.1278649155,-0.1405454689,0.5,1,0.0,true
001,null,1585,1,-0.4818507568,-0.1452058909,-0.1533429265,0.5,0,0.0,true
001,null,1586,1,-0.540063408,-0.1648636798,-0.1730007154,0.5,1,0.0,true
001,null,1587,0,-1.638905754,-0.223604754,-0.2362853073,0.5,0,0.0,true
001,null,1588,1,0.06071894126,-0.2152167977,-0.2233538333,0.5,1,0.0,true
001,null,1589,0,-0.4834147886,-0.2307766133,-0.2434571666,0.5,0,0.0,true
001,null,1590,0,0.906307098,-0.1793666231,-0.1920471764,0.5,0,0.0,true
001,null,1591,1,-1.136017178,-0.2220884643,-0.2302254999,0.5,0,0.0,true
001,null,1592,0,1.344682069,-0.147447755,-0.1601283084,0.5,0,0.0,true
001,null,1593,1,0.9052445924,-0.09993685265,-0.1080738882,0.5,0,0.0,true
001,null,1594,1,-0.2125615727,-0.1072509278,-0.1153879634,0.5,1,0.0,true
001,null,1595,1,0.1707724933,-0.09627668456,-0.1044137201,0.5,0,0.0,true
001,null,1596,1,1.438796299,-0.02198192588,-0.03011896146,0.5,1,0.0,true
001,null,1597,0,-0.9179284919,-0.06435248077,-0.07703303411,0.5,1,0.0,true
001,null,1598,0,0.3504833869,-0.04561642873,-0.05829698207,0.5,0,0.0,true
001,null,1599,0,-0.8559326349,-0.08535100086,-0.0980315542,0.5,0,0.0,true
001,null,1600,1,0.6352228765,-0.05095234868,-0.05908938427,0.5,0,0.0,true
001,null,1601,0,0.5085268152,-0.02370437508,-0.03638492842,0.5,0,0.0,true
001,null,1602,1,-1.234560665,-0.08360374903,-0.09174078461,0.5,1,0.0,true
001,null,1603,0,0.2344002374,-0.06942954094,-0.08211009428,0.5,1,0.0,true
001,null,1604,0,-0.01331852989,-0.06836732555,-0.08104787889,0.5,0,0.0,true
001,null,1605,1,-0.7915350583,-0.1071677796,-0.1153048152,0.5,0,0.0,true
001,null,1606,0,-0.5187534212,-0.1314642172,-0.1441447705,0.5,0,0.0,true
001,null,1607,1,0.7135066756,-0.08753570336,-0.09567273894,0.5,0,0.0,true
001,null,1608,1,2.145524104,0.02998023954,0.02184320396,0.5,0,0.0,true
001,null,1609,0,-1.467737101,-0.04240017219,-0.05508072553,0.5,0,0.0,true
001,null,1610,1,1.426772595,0.02732703972,0.01919000413,0.5,0,0.0,true
001,null,1611,1,0.9119778161,0.06910884616,0.06097181058,0.5,0,0.0,true
001,null,1612,0,-1.12143344,0.01277694532,9.639197735e-05,0.5,0,0.0,true
001,null,1613,0,-0.679033553,-0.0200629253,-0.03274347864,0.5,0,0.0,true
001,null,1614,1,-1.564493626,-0.09092733317,-0.09906436875,0.5,1,0.0,true
001,null,1615,0,-1.312572187,-0.1454215071,-0.1581020605,0.5,0,0.0,true
001,null,1616,1,1.083985312,-0.0885920961,-0.09672913168,0.5,1,0.0,true
001,null,1617,1,1.198261234,-0.0291700605,-0.03730709609,0.5,1,0.0,true
001,null,1618,1,-1.028909233,-0.07479564283,-0.08293267841,0.5,1,0.0,true
001,null,1619,1,-0.6837820494,-0.1038861014,-0.1120231369,0.5,1,0.0,true
001,null,1620,0,-0.4120841463,-0.1204071381,-0.1330876915,0.5,0,0.0,true
001,null,1621,1,-0.05791230459,-0.1201660447,-0.1283030803,0.5,0,0.0,true
001,null,1622,1,-0.3659162651,-0.1349355923,-0.1430726278,0.5,0,0.0,true
001,null,1623,1,-0.03657464382,-0.1333808023,-0.1415178379,0.5,0,0.0,true
001,null,1624,1,-0.8809775098,-0.17249685,-0.1806338856,0.5,1,0.0,true
001,null,1625,0,-0.1441409414,-0.1756113082,-0.1882918616,0.5,0,0.0,true
001,null,1626,0,-0.2222045622,-0.1828889245,-0.1955694778,0.5,1,0.0,true
001,null,1627,1,-0.7662194587,-0.2167519997,-0.2248890353,0.5,0,0.0,true
001,null,1628,1,-0.562002029,-0.2402305205,-0.2483675561,0.5,0,0.0,true
001,null,1629,1,-0.433477118,-0.257142113,-0.2652791486,0.5,0,0.0,true
001,null,1630,1,1.532574285,-0.1507790317,-0.1589160672,0.5,1,0.0,true
001,null,1631,1,-2.085340756,-0.2328894806,-0.2410265162,0.5,1,0.0,true
001,null,1632,0,-0.8687969191,-0.2656436122,-0.2783241656,0.5,1,0.0,true
001,null,1633,0,1.264693192,-0.1873796734,-0.2000602268,0.5,1,0.0,true
001,null,1634,0,-0.1296401853,-0.189028044,-0.2017085973,0.5,1,0.0,true
001,null,1635,0,-1.341425734,-0.2417741489,-0.2544547023,0.5,0,0.0,true
001,null,1636,0,0.06099454945,-0.2325677012,-0.2452482546,0.5,1,0.0,true
001,null,1637,1,-1.011341152,-0.2715049755,-0.2796420111,0.5,1,0.0,true
001,null,1638,0,-0.5955411436,-0.292548449,-0.3052290023,0.5,1,0.0,true
001,null,1639,0,-0.208874211,-0.295716492,-0.3083970454,0.5,0,0.0,true
001,null,1640,0,0.5017389667,-0.2594565481,-0.2721371015,0.5,1,0.0,true
001,null,1641,0,0.148101624,-0.2446383512,-0.2573189046,0.5,1,0.0,true
001,null,1642,0,-0.3506895445,-0.2570921394,-0.2697726928,0.5,1,0.0,true
001,null,1643,0,-0.286016372,-0.266239232,-0.2789197853,0.5,1,0.0,true
001,null,1644,0,0.02025387368,-0.2583081636,-0.2709887169,0.5,0,0.0,true
001,null,1645,0,0.5617191343,-0.2155765467,-0.2282571,0.5,0,0.0,true
001,null,1646,1,-1.953614069,-0.2905637591,-0.2987007947,0.5,0,0.0,true
001,null,1647,0,-1.972417813,-0.3525148535,-0.3651954068,0.5,1,0.0,true
001,null,1648,1,-1.29447643,-0.3927912726,-0.4009283082,0.5,0,0.0,true
001,null,1649,0,-0.6422559786,-0.4107950079,-0.4234755613,0.5,1,0.0,true
001,null,1650,1,-0.2352220967,-0.4117733242,-0.4199103597,0.5,0,0.0,true
001,null,1651,0,2.225066859,-0.2532937901,-0.2659743434,0.5,0,0.0,true
001,null,1652,0,1.628709592,-0.1602398645,-0.1729204179,0.5,0,0.0,true
001,null,1653,1,2.046832603,-0.05709049007,-0.06522752566,0.5,1,0.0,true
001,null,1654,0,-0.7138129145,-0.08588917401,-0.09856972735,0.5,0,0.0,true
001,null,1655,0,0.9942616818,-0.0389895604,-0.05167011374,0.5,0,0.0,true
001,null,1656,1,-1.558853033,-0.1025856133,-0.1107226489,0.5,0,0.0,true
001,null,1657,0,-0.2782171509,-0.1119620486,-0.1246426019,0.5,0,0.0,true
001,null,1658,0,0.04293005926,-0.1072042553,-0.1198848086,0.5,0,0.0,true
001,null,1659,1,0.6364499831,-0.07467016185,-0.08280719744,0.5,1,0.0,true
001,null,1660,0,-1.221745268,-0.125756755,-0.1384373083,0.5,1,0.0,true
001,null,1661,0,0.1303080128,-0.1164859993,-0.1291665526,0.5,0,0.0,true
001,null,1662,0,-0.9564125194,-0.155839827,-0.1685203804,0.5,0,0.0,true
001,null,1663,1,0.06078129595,-0.1489743793,-0.1571114149,0.5,0,0.0,true
001,null,1664,1,-0.04715072009,-0.1475077712,-0.1556448068,0.5,0,0.0,true
001,null,1665,0,-0.03013963279,-0.145286552,-0.1579671054,0.5,0,0.0,true
001,null,1666,1,-1.740115865,-0.2147761575,-0.222913193,0.5,0,0.0,true
001,null,1667,0,-0.8080836881,-0.2452249864,-0.2579055398,0.5,0,0.0,true
001,null,1668,0,-1.385088318,-0.2941963986,-0.306876952,0.5,1,0.0,true
001,null,1669,1,0.7327366532,-0.247925932,-0.2560629676,0.5,1,0.0,true
001,null,1670,0,0.7532966544,-0.2017125972,-0.2143931506,0.5,0,0.0,true
001,null,1671,0,2.136427023,-0.08115403673,-0.09383459007,0.5,0,0.0,true
001,null,1672,0,-0.4668473913,-0.1002206574,-0.1129012107,0.5,1,0.0,true
001,null,1673,1,1.076083401,-0.04570226127,-0.05383929685,0.5,0,0.0,true
001,null,1674,1,0.7508594169,-0.008958825327,-0.01709586091,0.5,0,0.0,true
001,null,1675,1,0.3318564344,0.007137128254,-0.0009999073301,0.5,1,0.0,true
001,null,1676,1,0.09208328579,0.01146556933,0.003328533741,0.5,0,0.0,true
001,null,1677,0,1.305544873,0.07368051173,0.06099995839,0.5,1,0.0,true
001,null,1678,0,-1.30854362,0.006794579522,-0.005885973817,0.5,1,0.0,true
001,null,1679,1,-0.1128820945,0.001118231831,-0.007018803753,0.5,1,0.0,true
001,null,1680,1,0.4612019016,0.02402717094,0.01589013536,0.5,1,0.0,true
001,null,1681,1,0.7627350303,0.06142369965,0.05328666407,0.5,0,0.0,true
001,null,1682,0,-0.06175946062,0.05667659353,0.04399604019,0.5,0,0.0,true
001,null,1683,0,1.122277951,0.1107941491,0.09811359578,0.5,0,0.0,true
001,null,1684,0,0.5358632507,0.1350462185,0.1223656652,0.5,0,0.0,true
001,null,1685,0,-0.325668494,0.1138851169,0.1012045635,0.5,0,0.0,true
001,null,1686,1,-0.9363976667,0.05832588933,0.05018885374,0.5,0,0.0,true
001,null,1687,0,0.5542612394,0.08635096976,0.07367041642,0.5,1,0.0,true
001,null,1688,1,1.134459465,0.1416765647,0.1335395291,0.5,1,0.0,true
001,null,1689,0,-1.587346864,0.047517903,0.03483734966,0.5,0,0.0,true
001,null,1690,1,-0.6576559887,0.01167942324,0.003542387655,0.5,0,0.0,true
001,null,1691,1,-0.4309304851,-0.01147655006,-0.01961358565,0.5,1,0.0,true
001,null,1692,0,1.951592598,0.08563197105,0.07295141771,0.5,0,0.0,true
001,null,1693,1,1.213792299,0.1394456223,0.1313085867,0.5,1,0.0,true
001,null,1694,1,-0.814411652,0.09381416906,0.08567713348,0.5,1,0.0,true
001,null,1695,0,-0.1214696367,0.08529856486,0.07261801152,0.5,0,0.0,true
001,null,1696,0,-0.6412557144,0.04952769269,0.03684713935,0.5,0,0.0,true
001,null,1697,0,1.257788475,0.1094656761,0.09678512272,0.5,1,0.0,true
001,null,1698,0,-0.05981127327,0.1036027671,0.09092221373,0.5,0,0.0,true
001,null,1699,1,0.8017970187,0.1408483745,0.1327113389,0.5,1,0.0,true
001,null,1700,1,0.1607623014,0.1457398834,0.1376028478,0.5,1,0.0,true
001,null,1701,0,-1.874215055,0.0360793246,0.02339877126,0.5,0,0.0,true
001,null,1702,0,2.41594713,0.1386442557,0.1259637024,0.5,1,0.0,true
001,null,1703,1,-0.871736799,0.09372994012,0.08559290454,0.5,0,0.0,true
001,null,1704,0,1.158463163,0.1409496122,0.1282690589,0.5,0,0.0,true
001,null,1705,0,1.118453248,0.1841536528,0.1714730995,0.5,1,0.0,true
001,null,1706,0,1.78249566,0.2456406372,0.2329600838,0.5,0,0.0,true
001,null,1707,1,-0.8308787206,0.1998058404,0.1916688049,0.5,0,0.0,true
001,null,1708,1,0.08295546239,0.1984495103,0.1903124747,0.5,1,0.0,true
001,null,1709,0,0.5122293354,0.2158526559,0.2031721026,0.5,1,0.0,true
001,null,1710,1,0.07968164393,0.2141074746,0.205970439,0.5,0,0.0,true
001,null,1711,0,0.7206382947,0.240585953,0.2279053997,0.5,1,0.0,true
001,null,1712,0,0.3821550499,0.2523189369,0.2396383835,0.5,0,0.0,true
001,null,1713,0,-0.341910923,0.2281518131,0.2154712597,0.5,1,0.0,true
001,null,1714,1,-1.012355618,0.1661414746,0.158004439,0.5,1,0.0,true
001,null,1715,1,0.6842344585,0.1945760089,0.1864389733,0.5,1,0.0,true
001,null,1716,0,-0.1267853326,0.1829941342,0.1703135809,0.5,1,0.0,true
001,null,1717,1,-0.191579548,0.1679958528,0.1598588172,0.5,0,0.0,true
001,null,1718,0,0.2709478919,0.1781250737,0.1654445204,0.5,1,0.0,true
001,null,1719,1,-0.3378755501,0.1542101583,0.1460731227,0.5,0,0.0,true
001,null,1720,1,-2.030425879,0.03058999956,0.02245296397,0.5,0,0.0,true
001,null,1721,1,-0.5112525652,0.003218573801,-0.004918461783,0.5,1,0.0,true
001,null,1722,0,-0.4923034261,-0.02277919484,-0.03545974818,0.5,1,0.0,true
001,null,1723,0,0.1779855192,-0.01258555594,-0.02526610928,0.5,0,0.0,true
001,null,1724,1,0.02266112562,-0.01101315449,-0.01915019007,0.5,0,0.0,true
001,null,1725,1,1.427557305,0.0660808205,0.05794378491,0.5,1,0.0,true
001,null,1726,1,0.4613617106,0.08909837405,0.08096133846,0.5,1,0.0,true
001,null,1727,0,0.2925858326,0.1028982638,0.0902177105,0.5,0,0.0,true
001,null,1728,0,1.204337663,0.1616008119,0.1489202586,0.5,1,0.0,true
001,null,1729,1,0.1679503163,0.1667674682,0.1586304326,0.5,1,0.0,true
001,null,1730,1,-2.393604527,0.0214115874,0.01327455182,0.5,1,0.0,true
001,null,1731,1,-0.1378720736,0.01394410393,0.00580706835,0.5,0,0.0,true
001,null,1732,0,0.1954433669,0.02362480254,0.0109442492,0.5,0,0.0,true
001,null,1733,0,1.032242421,0.0752723425,0.06259178916,0.5,0,0.0,true
001,null,1734,0,-0.2670204015,0.05921031649,0.04652976315,0.5,0,0.0,true
001,null,1735,1,-1.680698938,-0.0303815195,-0.03851855508,0.5,1,0.0,true
001,null,1736,1,1.014939151,0.02177569494,0.01363865935,0.5,0,0.0,true
001,null,1737,1,-1.081337695,-0.03310887862,-0.0412459142,0.5,0,0.0,true
001,null,1738,0,0.6132923034,-0.001006157619,-0.01368671096,0.5,1,0.0,true
001,null,1739,0,-0.6511134681,-0.0343091476,-0.04698970094,0.5,1,0.0,true
001,null,1740,0,-0.3801598461,-0.05319993338,-0.06588048672,0.5,0,0.0,true
001,null,1741,1,1.00557951,0.002072071691,-0.006064963893,0.5,1,0.0,true
001,null,1742,1,0.6459302814,0.03617347257,0.02803643699,0.5,1,0.0,true
001,null,1743,0,1.467488474,0.1082573538,0.09557680049,0.5,0,0.0,true
001,null,1744,0,-0.04516540875,0.1031407455,0.09046019218,0.5,0,0.0,true
001,null,1745,0,-0.02000752107,0.09945107202,0.08677051868,0.5,1,0.0,true
001,null,1746,1,-0.3798404076,0.07562444874,0.06748741315,0.5,0,0.0,true
001,null,1747,1,0.02848969537,0.07531479075,0.06717775517,0.5,0,0.0,true
001,null,1748,0,1.397141982,0.1450737038,0.1323931504,0.5,1,0.0,true
001,null,1749,0,-1.592412183,0.04876581203,0.03608525869,0.5,1,0.0,true
001,null,1750,1,-1.445668545,-0.02782805452,-0.0359650901,0.5,1,0.0,true
001,null,1751,0,-0.9587329532,-0.07482502873,-0.08750558207,0.5,1,0.0,true
001,null,1752,0,1.666982885,0.0124175045,-0.0002630488421,0.5,0,0.0,true
001,null,1753,0,-1.118249577,-0.04200619423,-0.05468674757,0.5,1,0.0,true
001,null,1754,1,-0.2090261389,-0.05119712581,-0.0593341614,0.5,1,0.0,true
001,null,1755,1,-0.3553354826,-0.06764385088,-0.07578088646,0.5,0,0.0,true
001,null,1756,0,0.005398437001,-0.06565195765,-0.07833251099,0.5,1,0.0,true
001,null,1757,0,0.2057991267,-0.05301175874,-0.06569231208,0.5,0,0.0,true
001,null,1758,0,-0.723528172,-0.08961727398,-0.1022978273,0.5,0,0.0,true
001,null,1759,0,0.7364055297,-0.04615725204,-0.05883780538,0.5,0,0.0,true
001,null,1760,1,-0.5928855507,-0.07703323735,-0.08517027293,0.5,0,0.0,true
001,null,1761,1,-0.6457958363,-0.1099851083,-0.1181221439,0.5,1,0.0,true
001,null,1762,1,-0.3596755155,-0.1271665731,-0.1353036087,0.5,1,0.0,true
001,null,1763,0,1.774414841,-0.01871846502,-0.03139901835,0.5,0,0.0,true
001,null,1764,0,0.00959681104,-0.01772398405,-0.03040453739,0.5,1,0.0,true
001,null,1765,0,-0.2285105077,-0.02994172659,-0.04262227993,0.5,1,0.0,true
001,null,1766,0,-0.4329382678,-0.05353431606,-0.0662148694,0.5,1,0.0,true
001,null,1767,1,0.897177387,-3.067794972e-05,-0.008167713534,0.5,1,0.0,true
001,null,1768,1,1.263249646,0.0696792772,0.06154224162,0.5,1,0.0,true
001,null,1769,0,0.02660888096,0.06941983856,0.05673928522,0.5,1,0.0,true
001,null,1770,1,-0.5275165346,0.0366789589,0.02854192332,0.5,0,0.0,true
001,null,1771,0,0.1321688573,0.04352716573,0.0308466124,0.5,0,0.0,true
001,null,1772,1,-0.2389140922,0.02790325593,0.01976622034,0.5,0,0.0,true
001,null,1773,0,-1.697702886,-0.07060259271,-0.08328314605,0.5,1,0.0,true
001,null,1774,1,-0.2488250212,-0.0829621579,-0.09109919348,0.5,0,0.0,true
001,null,1775,1,-0.3836492764,-0.102938966,-0.1110760016,0.5,1,0.0,true
001,null,1776,1,0.5240842582,-0.06814200705,-0.07627904263,0.5,1,0.0,true
001,null,1777,1,-0.4848993381,-0.0952098303,-0.1033468659,0.5,0,0.0,true
001,null,1778,1,2.553384305,0.05371793669,0.04558090111,0.5,0,0.0,true
001,null,1779,1,1.047241444,0.1037758223,0.0956387867,0.5,1,0.0,true
001,null,1780,1,0.08243431294,0.1054015259,0.09726449033,0.5,1,0.0,true
001,null,1781,1,0.7108528348,0.1385614865,0.1304244509,0.5,1,0.0,true
001,null,1782,1,1.620637649,0.2070446401,0.1989076045,0.5,0,0.0,true
001,null,1783,1,0.4042781421,0.2216323742,0.2134953386,0.5,0,0.0,true
001,null,1784,0,0.6626323186,0.2478402209,0.2351596675,0.5,1,0.0,true
001,null,1785,1,0.3950346315,0.2614449584,0.2533079228,0.5,0,0.0,true
001,null,1786,1,1.160546996,0.3059890815,0.2978520459,0.5,0,0.0,true
001,null,1787,0,0.2599507182,0.3115950423,0.2989144889,0.5,1,0.0,true
001,null,1788,1,0.4599750006,0.326915299,0.3187782635,0.5,1,0.0,true
001,null,1789,1,0.09378844824,0.3238062058,0.3156691702,0.5,0,0.0,true
001,null,1790,0,-1.777310913,0.194092148,0.1814115947,0.5,1,0.0,true
001,null,1791,0,0.411441116,0.2102327742,0.1975522209,0.5,0,0.0,true
001,null,1792,0,-0.4488155255,0.1792402152,0.1665596618,0.5,1,0.0,true
001,null,1793,0,1.185969043,0.2310341321,0.2183535788,0.5,0,0.0,true
001,null,1794,0,-0.8620213337,0.1739444753,0.1612639219,0.5,0,0.0,true
001,null,1795,0,0.690910767,0.2047016812,0.1920211279,0.5,0,0.0,true
001,null,1796,1,0.6591834133,0.2331636858,0.2250266502,0.5,0,0.0,true
001,null,1797,1,1.500463803,0.2917580026,0.2836209671,0.5,0,0.0,true
001,null,1798,0,0.3414536196,0.3018420046,0.2891614512,0.5,0,0.0,true
001,null,1799,0,1.492942144,0.3535057647,0.3408252113,0.5,0,0.0,true
001,null,1800,1,0.8924772975,0.3835498983,0.3754128628,0.5,0,0.0,true
001,null,1801,1,-0.01664440719,0.3729447173,0.3648076817,0.5,1,0.0,true
001,null,1802,0,-0.3830096131,0.3409734023,0.3282928489,0.5,0,0.0,true
001,null,1803,1,0.3336691687,0.3498265646,0.341689529,0.5,0,0.0,true
001,null,1804,0,-0.8949254756,0.2823292484,0.2696486951,0.5,1,0.0,true
001,null,1805,0,0.7761799356,0.3135293245,0.3008487712,0.5,0,0.0,true
001,null,1806,1,1.138519307,0.3562193659,0.3480823303,0.5,0,0.0,true
001,null,1807,0,-0.5925819171,0.3100586058,0.2973780524,0.5,1,0.0,true
001,null,1808,1,0.6023677994,0.3329255284,0.3247884928,0.5,1,0.0,true
001,null,1809,1,-0.6102868205,0.2852475615,0.2771105259,0.5,0,0.0,true
001,null,1810,0,0.3811560853,0.2990636856,0.2863831323,0.5,1,0.0,true
001,null,1811,1,-1.816681198,0.163154164,0.1550171284,0.5,1,0.0,true
001,null,1812,1,-0.04711462884,0.156390835,0.1482537994,0.5,0,0.0,true
001,null,1813,1,-1.098594267,0.08638938922,0.07825235363,0.5,1,0.0,true
001,null,1814,0,0.335350423,0.1027450456,0.09006449229,0.5,0,0.0,true
001,null,1815,1,-1.105067256,0.03504481057,0.02690777499,0.5,0,0.0,true
001,null,1816,1,-0.6663397376,-0.003692343165,-0.01182937875,0.5,1,0.0,true
001,null,1817,0,-0.3795359052,-0.02531634779,-0.03799690113,0.5,1,0.0,true
001,null,1818,0,0.5287708917,0.006331145178,-0.006349408161,0.5,0,0.0,true
001,null,1819,1,0.5731354094,0.03992596118,0.03178892559,0.5,0,0.0,true
001,null,1820,0,-1.07079626,-0.02489890677,-0.03757946011,0.5,0,0.0,true
001,null,1821,0,1.200228388,0.04509045393,0.03240990059,0.5,1,0.0,true
001,null,1822,1,-0.4301583207,0.01875259064,0.01061555506,0.5,0,0.0,true
001,null,1823,0,0.199319151,0.03008362656,0.01740307322,0.5,0,0.0,true
001,null,1824,1,-1.651402549,-0.06498072483,-0.07311776042,0.5,1,0.0,true
001,null,1825,0,0.6088964918,-0.0282987879,-0.04097934124,0.5,1,0.0,true
001,null,1826,0,-1.057443074,-0.0855396677,-0.09822022104,0.5,1,0.0,true
001,null,1827,1,-0.258486933,-0.0979400728,-0.1060771084,0.5,0,0.0,true
001,null,1828,1,0.4127994717,-0.07088356243,-0.07902059802,0.5,1,0.0,true
001,null,1829,1,0.4374178301,-0.04268046763,-0.05081750321,0.5,0,0.0,true
001,null,1830,1,0.9871994209,0.01783625815,0.009699222564,0.5,1,0.0,true
001,null,1831,1,-0.879955119,-0.03470483878,-0.04284187437,0.5,0,0.0,true
001,null,1832,1,-0.9203623115,-0.08660125167,-0.09473828725,0.5,0,0.0,true
001,null,1833,0,1.397812012,-0.0005869586943,-0.01326751203,0.5,0,0.0,true
001,null,1834,1,0.623957863,0.0349109115,0.02677387591,0.5,1,0.0,true
001,null,1835,1,1.405638378,0.1089294726,0.100792437,0.5,1,0.0,true
001,null,1836,0,1.519928002,0.178966318,0.1662857647,0.5,1,0.0,true
001,null,1837,1,-1.072449307,0.1129703061,0.1048332705,0.5,0,0.0,true
001,null,1838,1,-1.640445435,0.02080384161,0.01266680603,0.5,1,0.0,true
001,null,1839,0,2.094862386,0.1148336197,0.1021530663,0.5,0,0.0,true
001,null,1840,0,-0.8272301441,0.07172278521,0.05904223187,0.5,0,0.0,true
001,null,1841,0,1.373132388,0.1300399739,0.1173594206,0.5,0,0.0,true
001,null,1842,0,2.845198955,0.2235983158,0.2109177625,0.5,0,0.0,true
001,null,1843,0,0.4727890194,0.2366111185,0.2239305652,0.5,0,0.0,true
001,null,1844,1,1.231760774,0.2753708058,0.2672337703,0.5,0,0.0,true
001,null,1845,0,-0.9088528615,0.226636561,0.2139560076,0.5,1,0.0,true
001,null,1846,1,1.300449399,0.2683359337,0.2601988981,0.5,0,0.0,true
001,null,1847,0,1.961252276,0.3232423852,0.3105618318,0.5,0,0.0,true
001,null,1848,0,0.7898441433,0.343807312,0.3311267587,0.5,0,0.0,true
001,null,1849,0,-1.445870562,0.2655986082,0.2529180549,0.5,0,0.0,true
001,null,1850,0,0.4174734558,0.2752503547,0.2625698014,0.5,0,0.0,true
001,null,1851,1,0.9328633421,0.3029310317,0.2947939961,0.5,0,0.0,true
001,null,1852,1,-0.03761180887,0.2936523206,0.285515285,0.5,0,0.0,true
001,null,1853,0,-1.436282016,0.215196493,0.2025159397,0.5,1,0.0,true
001,null,1854,1,-0.7081115551,0.1775539622,0.1694169267,0.5,1,0.0,true
001,null,1855,0,-0.4518718594,0.1526460096,0.1399654562,0.5,1,0.0,true
001,null,1856,1,1.080493432,0.1927336583,0.1845966227,0.5,1,0.0,true
001,null,1857,0,-0.8828019861,0.1459064728,0.1332259195,0.5,1,0.0,true
001,null,1858,1,0.2952957056,0.1553377388,0.1472007033,0.5,1,0.0,true
001,null,1859,1,0.2964793667,0.16487475,0.1567377144,0.5,1,0.0,true
001,null,1860,0,0.6321679608,0.1890905752,0.1764100219,0.5,1,0.0,true
001,null,1861,1,0.1026232657,0.189223702,0.1810866664,0.5,0,0.0,true
001,null,1862,1,0.02260992504,0.1855527497,0.1774157141,0.5,0,0.0,true
001,null,1863,0,-0.4065913846,0.1594593796,0.1467788262,0.5,0,0.0,true
001,null,1864,1,-0.1082177851,0.1497423919,0.1416053563,0.5,1,0.0,true
001,null,1865,1,-1.546425148,0.05948332223,0.05134628664,0.5,0,0.0,true
001,null,1866,1,-0.9376047141,0.009587550315,0.001450514731,0.5,0,0.0,true
001,null,1867,0,-1.755422864,-0.07518950345,-0.08787005679,0.5,1,0.0,true
001,null,1868,1,-0.8585393011,-0.1133717762,-0.1215088118,0.5,0,0.0,true
001,null,1869,1,-0.3417235087,-0.1270255447,-0.1351625803,0.5,1,0.0,true
001,null,1870,1,-1.062394233,-0.172608465,-0.1807455006,0.5,1,0.0,true
001,null,1871,1,-0.5443266484,-0.1942317439,-0.2023687795,0.5,0,0.0,true
001,null,1872,1,-1.90352028,-0.2630342595,-0.271171295,0.5,1,0.0,true
001,null,1873,0,2.228734126,-0.1340580209,-0.1467385742,0.5,0,0.0,true
001,null,1874,0,-0.2982910581,-0.143723162,-0.1564037153,0.5,1,0.0,true
001,null,1875,1,0.3954459092,-0.1216101573,-0.1297471929,0.5,1,0.0,true
001,null,1876,1,-1.100788253,-0.1656605386,-0.1737975742,0.5,0,0.0,true
001,null,1877,0,-1.830630151,-0.2307163494,-0.2433969027,0.5,0,0.0,true
001,null,1878,1,-0.3922551592,-0.2416979658,-0.2498350014,0.5,0,0.0,true
001,null,1879,0,-1.243759431,-0.2834964389,-0.2961769922,0.5,0,0.0,true
001,null,1880,1,0.08513746168,-0.2723995989,-0.2805366345,0.5,1,0.0,true
001,null,1881,0,-1.746221489,-0.3260624306,-0.3387429839,0.5,1,0.0,true
001,null,1882,1,0.3550858407,-0.3010476491,-0.3091846847,0.5,1,0.0,true
001,null,1883,0,-0.0163418278,-0.2941763713,-0.3068569246,0.5,0,0.0,true
001,null,1884,1,0.7471181147,-0.2483242163,-0.2564612519,0.5,0,0.0,true
001,null,1885,1,-0.9475996869,-0.2816917769,-0.2898288125,0.5,1,0.0,true
001,null,1886,0,-0.8008997584,-0.3085830538,-0.3212636072,0.5,1,0.0,true
001,null,1887,0,1.268720369,-0.2303386793,-0.2430192326,0.5,1,0.0,true
001,null,1888,0,-0.09255199985,-0.228918883,-0.2415994363,0.5,1,0.0,true
001,null,1889,0,0.7257433348,-0.1849018662,-0.1975824195,0.5,1,0.0,true
001,null,1890,0,-2.453506419,-0.2656051631,-0.2782857165,0.5,1,0.0,true
001,null,1891,1,1.583904511,-0.1787211773,-0.1868582129,0.5,1,0.0,true
001,null,1892,1,-0.01123919433,-0.17468994,-0.1828269756,0.5,0,0.0,true
001,null,1893,1,-0.2621709056,-0.1818470149,-0.1899840505,0.5,1,0.0,true
001,null,1894,1,-0.37398796,-0.1939599508,-0.2020969864,0.5,0,0.0,true
001,null,1895,1,0.8192197097,-0.1480836765,-0.1562207121,0.5,1,0.0,true
001,null,1896,0,1.794921661,-0.05460489133,-0.06728544467,0.5,0,0.0,true
001,null,1897,0,-0.9847409385,-0.09638995311,-0.1090705064,0.5,1,0.0,true
001,null,1898,1,0.8502644413,-0.05395558314,-0.06209261872,0.5,1,0.0,true
001,null,1899,0,0.8795427588,-0.01144901214,-0.02412956548,0.5,0,0.0,true
001,null,1900,1,-0.4406241733,-0.0317267387,-0.03986377429,0.5,1,0.0,true
001,null,1901,1,0.683239144,0.001853389525,-0.006283646059,0.5,1,0.0,true
001,null,1902,0,-2.288065131,-0.09815986553,-0.1108404189,0.5,0,0.0,true
001,null,1903,0,-1.061482125,-0.1400416992,-0.1527222526,0.5,1,0.0,true
001,null,1904,0,0.04075189387,-0.1346614557,-0.1473420091,0.5,1,0.0,true
001,null,1905,0,-0.561616668,-0.1560818958,-0.1687624491,0.5,1,0.0,true
001,null,1906,1,0.6363502539,-0.1211767207,-0.1293137563,0.5,0,0.0,true
001,null,1907,1,0.579700285,-0.0897459004,-0.09788293598,0.5,1,0.0,true
001,null,1908,1,-0.9595703419,-0.1312954675,-0.1394325031,0.5,0,0.0,true
001,null,1909,0,1.85558337,-0.03463549394,-0.04731604728,0.5,1,0.0,true
001,null,1910,1,0.7938739358,0.003058218686,-0.005078816898,0.5,0,0.0,true
001,null,1911,0,0.7864398297,0.03940860434,0.026728051,0.5,1,0.0,true
001,null,1912,0,-0.3645321048,0.02100495442,0.008324401083,0.5,0,0.0,true
001,null,1913,1,-1.008549064,-0.02794279757,-0.03607983315,0.5,0,0.0,true
001,null,1914,1,0.9594778664,0.01914222076,0.01100518518,0.5,1,0.0,true
001,null,1915,1,-0.4267518757,-0.002232669238,-0.01036970482,0.5,1,0.0,true
001,null,1916,0,-0.3108212808,-0.01768339881,-0.03036395215,0.5,1,0.0,true
001,null,1917,1,-0.9224980459,-0.0630797231,-0.07121675868,0.5,1,0.0,true
001,null,1918,0,0.7820173542,-0.02095061286,-0.0336311662,0.5,0,0.0,true
001,null,1919,1,-0.002034610561,-0.02052573331,-0.02866276889,0.5,1,0.0,true
001,null,1920,0,0.8188404527,0.02316274987,0.01048219653,0.5,1,0.0,true
001,null,1921,0,0.4229752417,0.045027447,0.03234689366,0.5,1,0.0,true
001,null,1922,1,1.057234605,0.09851220924,0.09037517366,0.5,1,0.0,true
001,null,1923,1,-0.3166606743,0.07856895223,0.07043191664,0.5,1,0.0,true
001,null,1924,0,-0.1888174341,0.06600548396,0.05332493062,0.5,1,0.0,true
001,null,1925,0,1.103408327,0.1224742757,0.1097937223,0.5,1,0.0,true
001,null,1926,1,-1.149063232,0.0525331289,0.04439609331,0.5,1,0.0,true
001,null,1927,0,-1.295710252,-0.01969310538,-0.03237365872,0.5,0,0.0,true
001,null,1928,1,0.5294459998,0.009419889089,0.001282853505,0.5,1,0.0,true
001,null,1929,0,-3.061175175,-0.127403156,-0.1400837094,0.5,0,0.0,true
001,null,1930,1,-0.8639114478,-0.1607599474,-0.168896983,0.5,0,0.0,true
001,null,1931,0,0.4425156689,-0.1359397046,-0.1486202579,0.5,0,0.0,true
001,null,1932,0,0.1177566915,-0.1269676877,-0.1396482411,0.5,0,0.0,true
001,null,1933,0,0.1913993897,-0.1145017024,-0.1271822557,0.5,1,0.0,true
001,null,1934,1,-0.2671065947,-0.1244864734,-0.132623509,0.5,0,0.0,true
001,null,1935,0,-1.259113749,-0.1776043861,-0.1902849394,0.5,0,0.0,true
001,null,1936,1,2.206951438,-0.05719996776,-0.06533700334,0.5,0,0.0,true
001,null,1937,0,-0.5735963088,-0.0814033948,-0.09408394814,0.5,1,0.0,true
001,null,1938,0,-0.4365429967,-0.09925874602,-0.1119392994,0.5,0,0.0,true
001,null,1939,1,-1.687304755,-0.1666072803,-0.1747443158,0.5,0,0.0,true
001,null,1940,1,1.349489714,-0.09674429291,-0.1048813285,0.5,0,0.0,true
001,null,1941,0,0.3972946888,-0.07600259851,-0.08868315185,0.5,0,0.0,true
001,null,1942,0,-0.723124247,-0.1064718051,-0.1191523585,0.5,1,0.0,true
001,null,1943,1,1.464063706,-0.03323348181,-0.0413705174,0.5,1,0.0,true
001,null,1944,0,1.172553945,0.02116924771,0.008488694373,0.5,1,0.0,true
001,null,1945,0,-0.7531235889,-0.0138960666,-0.02657661994,0.5,0,0.0,true
001,null,1946,1,-0.8240678209,-0.05127964313,-0.05941667872,0.5,1,0.0,true
001,null,1947,0,-0.121544619,-0.05570288686,-0.0683834402,0.5,1,0.0,true
001,null,1948,1,0.6109012017,-0.02448903433,-0.03262606991,0.5,1,0.0,true
001,null,1949,0,1.577443085,0.05086025011,0.03817969677,0.5,1,0.0,true
001,null,1950,0,0.2921566001,0.06339791621,0.05071736287,0.5,1,0.0,true
001,null,1951,0,-0.4242918917,0.04087384794,0.0281932946,0.5,0,0.0,true
001,null,1952,1,-0.2882519059,0.02538963491,0.01725259932,0.5,0,0.0,true
001,null,1953,1,0.520891213,0.05102254742,0.04288551184,0.5,1,0.0,true
001,null,1954,0,-0.7237635258,0.01185763834,-0.0008229149955,0.5,0,0.0,true
001,null,1955,0,1.097874282,0.06720795897,0.05452740563,0.5,1,0.0,true
001,null,1956,0,-0.6586124379,0.03066503831,0.01798448497,0.5,1,0.0,true
001,null,1957,0,0.4359845551,0.05275028115,0.04006972781,0.5,0,0.0,true
001,null,1958,1,-0.3720114004,0.03113547882,0.02299844324,0.5,1,0.0,true
001,null,1959,0,-0.1616940452,0.02137927726,0.008698723919,0.5,0,0.0,true
001,null,1960,1,0.002606317444,0.02098584178,0.0128488062,0.5,0,0.0,true
001,null,1961,1,-1.278016638,-0.05119494327,-0.05933197885,0.5,0,0.0,true
001,null,1962,0,0.07074493184,-0.04588150335,-0.05856205669,0.5,1,0.0,true
001,null,1963,1,-1.002119966,-0.0996577655,-0.1077948011,0.5,1,0.0,true
001,null,1964,1,-1.259893002,-0.1615329047,-0.1696699402,0.5,1,0.0,true
001,null,1965,0,-1.993993955,-0.2410523742,-0.2537329275,0.5,1,0.0,true
001,null,1966,0,-1.641174567,-0.2989449341,-0.3116254874,0.5,0,0.0,true
001,null,1967,1,-1.331198183,-0.3427283912,-0.3508654267,0.5,0,0.0,true
001,null,1968,1,0.3681649175,-0.315088447,-0.3232254825,0.5,1,0.0,true
001,null,1969,0,-0.4103152956,-0.3262051019,-0.3388856553,0.5,0,0.0,true
001,null,1970,1,0.3130232189,-0.3012351662,-0.3093722018,0.5,1,0.0,true
001,null,1971,1,-0.2233757353,-0.3048393643,-0.3129763998,0.5,1,0.0,true
001,null,1972,1,0.7455961264,-0.2533104152,-0.2614474508,0.5,1,0.0,true
001,null,1973,0,0.7666438246,-0.2021066588,-0.2147872122,0.5,1,0.0,true
001,null,1974,1,0.5991562341,-0.1626567065,-0.1707937421,0.5,1,0.0,true
001,null,1975,1,-0.9998608132,-0.2075473323,-0.2156843679,0.5,0,0.0,true
001,null,1976,0,-0.2313884045,-0.2146796029,-0.2273601562,0.5,0,0.0,true
001,null,1977,1,0.01179980817,-0.2085776272,-0.2167146628,0.5,0,0.0,true
001,null,1978,0,0.1432762739,-0.1948751668,-0.2075557202,0.5,1,0.0,true
001,null,1979,1,1.858337511,-0.07151979731,-0.0796568329,0.5,0,0.0,true
001,null,1980,0,-0.3525881882,-0.08862412662,-0.10130468,0.5,0,0.0,true
001,null,1981,0,-0.5439028789,-0.1156630335,-0.1283435868,0.5,0,0.0,true
001,null,1982,0,-0.6723456002,-0.1487206302,-0.1614011836,0.5,1,0.0,true
001,null,1983,0,-0.8573231896,-0.1896015641,-0.2022821175,0.5,0,0.0,true
001,null,1984,0,0.1227088386,-0.1776592463,-0.1903397996,0.5,0,0.0,true
001,null,1985,1,0.351868098,-0.151769373,-0.1599064086,0.5,1,0.0,true
001,null,1986,0,-0.05435952802,-0.151183566,-0.1638641193,0.5,1,0.0,true
001,null,1987,0,-1.90167243,-0.2344438815,-0.2471244349,0.5,0,0.0,true
001,null,1988,0,-0.4597783019,-0.2526285658,-0.2653091191,0.5,1,0.0,true
001,null,1989,1,-0.3240634467,-0.2638587594,-0.271995795,0.5,1,0.0,true
001,null,1990,0,-0.5109714515,-0.2845256742,-0.2972062275,0.5,0,0.0,true
001,null,1991,1,-0.2588714139,-0.2920228369,-0.3001598725,0.5,1,0.0,true
001,null,1992,0,-0.3161650152,-0.3027518814,-0.3154324348,0.5,0,0.0,true
001,null,1993,0,-0.3947433643,-0.3177334086,-0.330413962,0.5,0,0.0,true
001,null,1994,0,1.992870031,-0.1595111582,-0.1721917115,0.5,1,0.0,true
001,null,1995,1,-0.3002579123,-0.171988757,-0.1801257926,0.5,0,0.0,true
001,null,1996,0,-1.148988018,-0.2244911555,-0.2371717088,0.5,0,0.0,true
001,null,1997,1,0.2651870886,-0.2032277283,-0.2113647639,0.5,0,0.0,true
001,null,1998,0,-0.3030638685,-0.2150931145,-0.2277736678,0.5,0,0.0,true
001,null,1999,1,-0.585148102,-0.241637452,-0.2497744876,0.5,0,0.0,true
001,null,2000,0,-0.7042404817,-0.2732065006,-0.285887054,0.5,0,0.0,true
001,null,2001,0,-0.4385562122,-0.2909539448,-0.3036344981,0.5,0,0.0,true
001,null,2002,1,0.8118674839,-0.2274507321,-0.2355877677,0.5,1,0.0,true
001,null,2003,0,-1.137916198,-0.2788090729,-0.2914896262,0.5,0,0.0,true
001,null,2004,0,1.324639151,-0.1798873854,-0.1925679387,0.5,1,0.0,true
001,null,2005,1,-1.212036366,-0.2348723447,-0.2430093803,0.5,0,0.0,true
001,null,2006,0,-0.6182224526,-0.2611358131,-0.2738163665,0.5,0,0.0,true
001,null,2007,1,-1.217572644,-0.3101484551,-0.3182854907,0.5,0,0.0,true
001,null,2008,1,-0.8603300145,-0.3431084656,-0.3512455012,0.5,1,0.0,true
001,null,2009,1,0.4638091673,-0.3058507611,-0.3139877967,0.5,1,0.0,true
001,null,2010,0,-1.514547009,-0.3592718635,-0.3719524168,0.5,0,0.0,true
001,null,2011,0,1.15822616,-0.2748347114,-0.2875152648,0.5,0,0.0,true
001,null,2012,0,0.5057729726,-0.2384019936,-0.251082547,0.5,1,0.0,true
001,null,2013,0,0.52573435,-0.2013748957,-0.214055449,0.5,0,0.0,true
001,null,2014,0,-1.296466798,-0.256246046,-0.2689265993,0.5,0,0.0,true
001,null,2015,1,1.322959284,-0.1679785747,-0.1761156103,0.5,1,0.0,true
001,null,2016,1,2.538199227,-0.02308142811,-0.03121846369,0.5,0,0.0,true
001,null,2017,0,-1.427537132,-0.08597898889,-0.09865954223,0.5,1,0.0,true
001,null,2018,1,-1.215444953,-0.1358519211,-0.1439889566,0.5,0,0.0,true
001,null,2019,1,0.5886620028,-0.1045225321,-0.1126595677,0.5,1,0.0,true
001,null,2020,0,0.947929214,-0.0562871556,-0.06896770894,0.5,1,0.0,true
001,null,2021,0,-1.149384839,-0.1060595352,-0.1187400885,0.5,0,0.0,true
001,null,2022,0,0.6363028078,-0.07276507965,-0.08544563299,0.5,0,0.0,true
001,null,2023,0,1.081425116,-0.01865273628,-0.03133328961,0.5,1,0.0,true
001,null,2024,1,-0.3737359711,-0.03595095821,-0.04408799379,0.5,0,0.0,true
001,null,2025,1,0.4010045587,-0.01535548355,-0.02349251913,0.5,1,0.0,true
001,null,2026,1,0.7938747128,0.02436298306,0.01622594748,0.5,1,0.0,true
001,null,2027,0,-0.6009680116,-0.006560832176,-0.01924138552,0.5,0,0.0,true
001,null,2028,1,0.8404831414,0.03611508787,0.02797805228,0.5,0,0.0,true
001,null,2029,0,0.169714708,0.04394950862,0.03126895528,0.5,0,0.0,true
001,null,2030,0,0.1390660618,0.05018733081,0.03750677747,0.5,1,0.0,true
001,null,2031,0,-0.05720902113,0.04579982203,0.03311926869,0.5,0,0.0,true
001,null,2032,0,-1.208590023,-0.02183944666,-0.03452,0.5,1,0.0,true
001,null,2033,1,0.9779794496,0.03143557008,0.02329853449,0.5,1,0.0,true
001,null,2034,1,1.49046281,0.1053749507,0.09723791512,0.5,1,0.0,true
001,null,2035,0,-0.6708854512,0.06651030772,0.05382975438,0.5,1,0.0,true
001,null,2036,1,0.5396434936,0.09288834808,0.0847513125,0.5,1,0.0,true
001,null,2037,0,-0.5911145008,0.05780709984,0.0451265465,0.5,1,0.0,true
001,null,2038,0,-0.1855250888,0.04605243421,0.03337188087,0.5,1,0.0,true
001,null,2039,0,-0.1728171554,0.03507415535,0.02239360201,0.5,1,0.0,true
001,null,2040,0,-0.04659985969,0.03148103619,0.01880048285,0.5,0,0.0,true
001,null,2041,1,-0.8263764631,-0.0180548362,-0.02619187178,0.5,1,0.0,true
001,null,2042,1,2.363035576,0.1043123619,0.09617532634,0.5,0,0.0,true
001,null,2043,0,1.850846565,0.1815073766,0.1688268233,0.5,0,0.0,true
001,null,2044,1,0.3858783665,0.1950551412,0.1869181057,0.5,1,0.0,true
001,null,2045,0,0.832554678,0.2277631831,0.2150826298,0.5,0,0.0,true
001,null,2046,1,-0.1924478526,0.2121102464,0.2039732109,0.5,0,0.0,true
001,null,2047,1,-0.9853026118,0.1520240807,0.1438870451,0.5,1,0.0,true
001,null,2048,1,-1.017816075,0.09310224869,0.0849652131,0.5,1,0.0,true
001,null,2049,1,-2.115958204,-0.0164855218,-0.02462255738,0.5,1,0.0,true
001,null,2050,1,-0.2809206193,-0.02937031582,-0.0375073514,0.5,0,0.0,true
001,null,2051,1,0.01559196266,-0.02786736039,-0.03600439598,0.5,0,0.0,true
001,null,2052,0,1.28223526,0.03546145085,0.02278089751,0.5,0,0.0,true
001,null,2053,1,0.3439712745,0.05136289968,0.04322586409,0.5,0,0.0,true
001,null,2054,1,-0.1849238932,0.04070629827,0.03256926269,0.5,0,0.0,true
001,null,2055,0,-0.9946491573,-0.01141777464,-0.02409832798,0.5,0,0.0,true
001,null,2056,1,-0.05030190238,-0.0137264831,-0.02186351868,0.5,1,0.0,true
001,null,2057,0,-0.646965043,-0.04711816957,-0.05979872291,0.5,0,0.0,true
001,null,2058,1,0.7274155062,-0.006724534086,-0.01486156967,0.5,1,0.0,true
001,null,2059,1,-1.759546648,-0.09391617812,-0.1020532137,0.5,1,0.0,true
001,null,2060,0,0.5277492566,-0.06402561684,-0.07670617018,0.5,1,0.0,true
001,null,2061,1,-1.174575473,-0.1193118641,-0.1274488997,0.5,0,0.0,true
001,null,2062,0,-0.3074904673,-0.1318400687,-0.144520622,0.5,1,0.0,true
001,null,2063,0,0.007009008275,-0.1281311535,-0.1408117068,0.5,1,0.0,true
001,null,2064,0,-1.354563912,-0.1884369922,-0.2011175455,0.5,0,0.0,true
001,null,2065,1,-0.2817647808,-0.1981205943,-0.2062576299,0.5,0,0.0,true
001,null,2066,0,0.2205168797,-0.1809138683,-0.1935944216,0.5,0,0.0,true
001,null,2067,0,-0.274323528,-0.1910999294,-0.2037804827,0.5,1,0.0,true
001,null,2068,0,1.540670806,-0.09204410441,-0.1047246577,0.5,1,0.0,true
001,null,2069,0,0.1120518936,-0.08360659022,-0.09628714356,0.5,1,0.0,true
001,null,2070,0,-0.1317062565,-0.08876665021,-0.1014472035,0.5,1,0.0,true
001,null,2071,1,-0.3396612048,-0.1054940155,-0.113631051,0.5,1,0.0,true
001,null,2072,0,0.6421390419,-0.06449469598,-0.07717524932,0.5,0,0.0,true
001,null,2073,1,-0.1867732902,-0.07378885785,-0.08192589344,0.5,1,0.0,true
001,null,2074,0,-0.2642006713,-0.08766638514,-0.1003469385,0.5,1,0.0,true
001,null,2075,0,0.124925144,-0.07767287963,-0.09035343297,0.5,1,0.0,true
001,null,2076,1,0.7419380708,-0.02803457839,-0.03617161397,0.5,0,0.0,true
001,null,2077,0,-0.9841913083,-0.08665676533,-0.09933731867,0.5,0,0.0,true
001,null,2078,0,0.3386013547,-0.06287715706,-0.0755577104,0.5,0,0.0,true
001,null,2079,1,-0.5836156544,-0.09742286343,-0.105559899,0.5,1,0.0,true
001,null,2080,0,-0.9005312271,-0.1484965622,-0.1611771155,0.5,0,0.0,true
001,null,2081,0,0.9511007717,-0.08039223871,-0.09307279205,0.5,0,0.0,true
001,null,2082,1,2.147750713,0.05009220633,0.04195517075,0.5,0,0.0,true
001,null,2083,1,1.51729233,0.1248833145,0.1167462789,0.5,1,0.0,true
001,null,2084,0,-2.428724841,-0.007252937521,-0.01993349086,0.5,1,0.0,true
001,null,2085,0,-0.3632842028,-0.02425563866,-0.036936192,0.5,0,0.0,true
001,null,2086,0,-0.9374133926,-0.06780365937,-0.08048421271,0.5,0,0.0,true
001,null,2087,1,2.935420939,0.06508793944,0.05695090386,0.5,1,0.0,true
001,null,2088,0,0.9190840058,0.10071504,0.08803448665,0.5,0,0.0,true
001,null,2089,1,-0.6560302675,0.06964076917,0.06150373359,0.5,0,0.0,true
001,null,2090,1,-2.261843268,-0.02777396729,-0.03591100287,0.5,1,0.0,true
001,null,2091,1,0.9180215977,0.01023149858,0.002094462992,0.5,1,0.0,true
001,null,2092,0,1.351586854,0.06380149649,0.05112094315,0.5,1,0.0,true
001,null,2093,1,0.5618928319,0.08482123913,0.07668420355,0.5,0,0.0,true
001,null,2094,1,1.557256176,0.1420382869,0.1339012513,0.5,0,0.0,true
001,null,2095,1,-1.286485259,0.08300534537,0.07486830979,0.5,0,0.0,true
001,null,2096,0,1.70122619,0.1441088413,0.131428288,0.5,0,0.0,true
001,null,2097,1,-0.59981684,0.1155799307,0.1074428951,0.5,0,0.0,true
001,null,2098,1,-1.417470135,0.05254872658,0.044411691,0.5,1,0.0,true
001,null,2099,0,1.320912243,0.1022572309,0.08957667755,0.5,0,0.0,true
001,null,2100,0,0.6600246292,0.1256605749,0.1129800215,0.5,0,0.0,true
001,null,2101,1,2.078566134,0.1947680841,0.1866310485,0.5,1,0.0,true
001,null,2102,0,-0.6945515351,0.1610161677,0.1483356144,0.5,1,0.0,true
001,null,2103,0,0.1285565798,0.162096818,0.1494162647,0.5,1,0.0,true
001,null,2104,1,-0.06540782504,0.1552665154,0.1471294799,0.5,0,0.0,true
001,null,2105,1,1.250209722,0.1990031263,0.1908660907,0.5,0,0.0,true
001,null,2106,1,0.04040487866,0.1956754697,0.1875384342,0.5,0,0.0,true
001,null,2107,0,-0.7684836192,0.1554815995,0.1428010462,0.5,1,0.0,true
001,null,2108,1,0.8442490392,0.1863101826,0.178173147,0.5,1,0.0,true
001,null,2109,1,0.8694785344,0.2172483089,0.2091112734,0.5,1,0.0,true
001,null,2110,0,-1.173365107,0.1543640306,0.1416834772,0.5,1,0.0,true
001,null,2111,1,-0.8535868849,0.1102740516,0.1021370161,0.5,1,0.0,true
001,null,2112,1,1.617540011,0.172197191,0.1640601554,0.5,1,0.0,true
001,null,2113,1,-2.333036682,0.05809050609,0.04995347051,0.5,0,0.0,true
001,null,2114,1,0.5065823467,0.07725380719,0.06911677161,0.5,1,0.0,true
001,null,2115,1,-0.4775130948,0.05487963663,0.04674260105,0.5,1,0.0,true
001,null,2116,1,-0.1091585132,0.04876200725,0.04062497166,0.5,1,0.0,true
001,null,2117,0,0.7708690947,0.08076008952,0.06807953618,0.5,0,0.0,true
001,null,2118,0,0.9353166038,0.1186836613,0.106003108,0.5,1,0.0,true
001,null,2119,0,0.7685144872,0.1487212258,0.1360406725,0.5,1,0.0,true
001,null,2120,1,-0.8527978434,0.1041788433,0.09604180771,0.5,1,0.0,true
001,null,2121,0,-0.0401028365,0.0996751738,0.08699462046,0.5,1,0.0,true
001,null,2122,0,-0.3537690187,0.08006922357,0.06738867023,0.5,0,0.0,true
001,null,2123,1,-0.8841654668,0.03431305247,0.02617601689,0.5,0,0.0,true
001,null,2124,1,1.692962631,0.1092710153,0.1011339797,0.5,1,0.0,true
001,null,2125,0,0.7572427502,0.1404788036,0.1277982502,0.5,1,0.0,true
001,null,2126,0,2.314086183,0.221921615,0.2092410617,0.5,0,0.0,true
001,null,2127,0,0.5189196959,0.2378927165,0.2252121632,0.5,0,0.0,true
001,null,2128,0,-0.0857359991,0.2279859705,0.2153054172,0.5,1,0.0,true
001,null,2129,1,2.151494429,0.2937534572,0.2856164216,0.5,1,0.0,true
001,null,2130,1,-0.9828536454,0.2395729903,0.2314359547,0.5,1,0.0,true
001,null,2131,1,-0.4215108333,0.2144304347,0.2062933992,0.5,1,0.0,true
001,null,2132,0,0.0674500135,0.211985208,0.1993046546,0.5,0,0.0,true
001,null,2133,0,0.2779296849,0.2189608934,0.2062803401,0.5,0,0.0,true
001,null,2134,1,-0.4501404481,0.1915061265,0.1833690909,0.5,1,0.0,true
001,null,2135,1,-1.605153555,0.1039873723,0.0958503367,0.5,0,0.0,true
001,null,2136,1,1.273095007,0.1550879115,0.1469508759,0.5,0,0.0,true
001,null,2137,1,0.7827630374,0.1847949145,0.1766578789,0.5,0,0.0,true
001,null,2138,1,-0.4997154524,0.1559825642,0.1478455286,0.5,1,0.0,true
001,null,2139,1,-1.803248817,0.06187746657,0.05374043099,0.5,1,0.0,true
001,null,2140,0,-0.8137259536,0.02292555697,0.01024500363,0.5,0,0.0,true
001,null,2141,0,1.11630312,0.07193917616,0.05925862282,0.5,1,0.0,true
001,null,2142,1,-0.5780527555,0.04316120316,0.03502416758,0.5,0,0.0,true
001,null,2143,0,1.102130147,0.09141752137,0.07873696803,0.5,0,0.0,true
001,null,2144,0,0.5008733773,0.1120003974,0.09931984408,0.5,1,0.0,true
001,null,2145,1,0.4954992956,0.1321583449,0.1240213094,0.5,0,0.0,true
001,null,2146,1,-1.211447711,0.06728514156,0.05914810597,0.5,1,0.0,true
001,null,2147,1,-0.1411215389,0.0587133908,0.05057635522,0.5,0,0.0,true
001,null,2148,1,0.3655467667,0.07514997381,0.06701293823,0.5,1,0.0,true
001,null,2149,1,-0.5236972714,0.04629918209,0.03816214651,0.5,1,0.0,true
001,null,2150,1,-0.5763358377,0.01514546712,0.007008431532,0.5,0,0.0,true
001,null,2151,1,-0.2549782616,0.001330921807,-0.006806113777,0.5,0,0.0,true
001,null,2152,0,-0.3314018147,-0.01652484406,-0.02920539739,0.5,0,0.0,true
001,null,2153,0,-0.02759142939,-0.01762801865,-0.03030857199,0.5,1,0.0,true
001,null,2154,1,1.073390826,0.04204179106,0.03390475547,0.5,1,0.0,true
001,null,2155,1,-0.7081096598,0.001279710126,-0.006857325458,0.5,0,0.0,true
001,null,2156,1,0.3821039492,0.02276984267,0.01463280709,0.5,0,0.0,true
001,null,2157,0,1.314431375,0.09295447696,0.08027392362,0.5,0,0.0,true
001,null,2158,0,0.2190784751,0.102747486,0.09006693263,0.5,1,0.0,true
001,null,2159,1,-1.355988167,0.02090652427,0.01276948868,0.5,0,0.0,true
001,null,2160,0,0.6775040587,0.05732070908,0.04464015574,0.5,1,0.0,true
001,null,2161,0,0.6162456263,0.08953662746,0.07685607412,0.5,1,0.0,true
001,null,2162,0,-2.59756337,-0.05098044797,-0.06366100131,0.5,0,0.0,true
001,null,2163,1,0.8352537096,-0.008741095336,-0.01687813092,0.5,1,0.0,true
001,null,2164,0,-0.1511137173,-0.01596191273,-0.02864246607,0.5,0,0.0,true
001,null,2165,1,0.6415497992,0.01670425954,0.008567223958,0.5,0,0.0,true
001,null,2166,1,0.7996978001,0.05639225918,0.04825522359,0.5,0,0.0,true
001,null,2167,1,-0.01987007427,0.05393445344,0.04579741785,0.5,0,0.0,true
001,null,2168,0,-0.1513176785,0.04449760597,0.03181705263,0.5,1,0.0,true
001,null,2169,0,0.2050957327,0.05447953366,0.04179898032,0.5,0,0.0,true
001,null,2170,0,0.5230762743,0.0816156773,0.06893512396,0.5,0,0.0,true
001,null,2171,0,-0.03777250721,0.07739974875,0.06471919541,0.5,1,0.0,true
001,null,2172,0,1.366629439,0.1460978269,0.1334172736,0.5,0,0.0,true
001,null,2173,1,0.2604774347,0.1567339447,0.1485969091,0.5,0,0.0,true
001,null,2174,1,-0.2713142019,0.1367846502,0.1286476146,0.5,1,0.0,true
001,null,2175,1,0.09119062186,0.1386632945,0.1305262589,0.5,0,0.0,true
001,null,2176,0,-0.02759828083,0.1334777915,0.1207972381,0.5,0,0.0,true
001,null,2177,0,0.4153028313,0.154865109,0.1421845556,0.5,0,0.0,true
001,null,2178,1,-1.676797082,0.04046991912,0.03233288353,0.5,1,0.0,true
001,null,2179,1,-0.4500906015,0.01294743638,0.004810400796,0.5,0,0.0,true
001,null,2180,0,0.5767577284,0.04654857517,0.03386802183,0.5,1,0.0,true
001,null,2181,1,-0.03793328312,0.04306824027,0.03493120469,0.5,0,0.0,true
001,null,2182,0,-0.3601103305,0.01948535458,0.006804801238,0.5,0,0.0,true
001,null,2183,0,0.08331515193,0.02427460694,0.0115940536,0.5,0,0.0,true
001,null,2184,1,1.22513108,0.09742318194,0.08928614635,0.5,1,0.0,true
001,null,2185,1,-0.7721220784,0.04531349531,0.03717645972,0.5,0,0.0,true
001,null,2186,0,-0.6965974999,0.0002155150341,-0.01246503831,0.5,1,0.0,true
001,null,2187,1,0.7153792068,0.04473067581,0.03659364022,0.5,0,0.0,true
001,null,2188,1,-0.4688117441,0.0135406501,0.005403614514,0.5,1,0.0,true
001,null,2189,0,-0.2070595121,-0.0002473481469,-0.01292790149,0.5,1,0.0,true
001,null,2190,1,-0.6498553644,-0.04266858031,-0.05080561589,0.5,1,0.0,true
001,null,2191,0,-2.185886984,-0.1572947674,-0.1699753207,0.5,0,0.0,true
001,null,2192,1,-1.297032457,-0.2161828397,-0.2243198753,0.5,0,0.0,true
001,null,2193,0,-0.8960536743,-0.254532111,-0.2672126643,0.5,1,0.0,true
001,null,2194,0,1.322995294,-0.1651318532,-0.1778124066,0.5,1,0.0,true
001,null,2195,1,1.48337299,-0.07524048659,-0.08337752217,0.5,1,0.0,true
001,null,2196,1,0.9248646116,-0.02408984878,-0.03222688436,0.5,1,0.0,true
001,null,2197,0,0.1683026009,-0.0145874873,-0.02726804063,0.5,1,0.0,true
001,null,2198,1,1.195449893,0.04846432815,0.04032729256,0.5,0,0.0,true
001,null,2199,0,-1.879498067,-0.04833813187,-0.06101868521,0.5,1,0.0,true
001,null,2200,1,-1.002153447,-0.0947960708,-0.1029331064,0.5,0,0.0,true
001,null,2201,0,1.173815282,-0.03262543432,-0.04530598766,0.5,1,0.0,true
001,null,2202,1,-0.02431674342,-0.03300494023,-0.04114197582,0.5,1,0.0,true
001,null,2203,0,0.4421146413,-0.009622977407,-0.02230353075,0.5,0,0.0,true
001,null,2204,1,-0.141216721,-0.01670600368,-0.02484303926,0.5,1,0.0,true
001,null,2205,0,-2.04040305,-0.1123955649,-0.1250761182,0.5,1,0.0,true
001,null,2206,0,-0.2933098732,-0.1237096096,-0.1363901629,0.5,0,0.0,true
001,null,2207,1,-0.8996413839,-0.162552846,-0.1706898816,0.5,0,0.0,true
001,null,2208,0,0.1950621002,-0.1484212318,-0.1611017852,0.5,1,0.0,true
001,null,2209,1,0.5255648401,-0.1165396318,-0.1246766674,0.5,0,0.0,true
001,null,2210,0,-0.1735271408,-0.1226524318,-0.1353329851,0.5,0,0.0,true
001,null,2211,0,-0.8044814414,-0.1601011808,-0.1727817342,0.5,0,0.0,true
001,null,2212,1,1.402638309,-0.07527368918,-0.08341072477,0.5,1,0.0,true
001,null,2213,0,0.4798651126,-0.04765766308,-0.06033821642,0.5,0,0.0,true
001,null,2214,0,1.495054695,0.03220047567,0.01951992233,0.5,1,0.0,true
001,null,2215,1,-0.709468768,-0.005491044683,-0.01362808027,0.5,0,0.0,true
001,null,2216,1,1.691681039,0.0778684811,0.06973144551,0.5,1,0.0,true
001,null,2217,0,1.432625929,0.140760747,0.1280801937,0.5,0,0.0,true
001,null,2218,0,0.2500519409,0.149241369,0.1365608157,0.5,1,0.0,true
001,null,2219,1,0.9104465168,0.1873434616,0.1792064261,0.5,1,0.0,true
001,null,2220,0,-0.645823152,0.1483983123,0.1357177589,0.5,0,0.0,true
001,null,2221,0,1.002251929,0.1910653253,0.178384772,0.5,0,0.0,true
001,null,2222,1,-1.100828655,0.1258192162,0.1176821806,0.5,1,0.0,true
001,null,2223,1,0.1234808119,0.128882171,0.1207451354,0.5,0,0.0,true
001,null,2224,1,-1.244646672,0.05808071699,0.04994368141,0.5,0,0.0,true
001,null,2225,1,-0.9074350187,0.009630871769,0.001493836185,0.5,0,0.0,true
001,null,2226,0,-1.251216803,-0.05319061512,-0.06587116845,0.5,0,0.0,true
001,null,2227,0,0.4809473011,-0.02714833919,-0.03982889253,0.5,0,0.0,true
001,null,2228,0,-0.06333659317,-0.02975258136,-0.0424331347,0.5,1,0.0,true
001,null,2229,1,-0.0326817258,-0.03074243413,-0.03887946971,0.5,1,0.0,true
001,null,2230,1,-0.1139273866,-0.03618771276,-0.04432474834,0.5,1,0.0,true
001,null,2231,1,-2.086977154,-0.1350392054,-0.1431762409,0.5,0,0.0,true
001,null,2232,1,-0.5840729648,-0.1600090548,-0.1681460904,0.5,1,0.0,true
001,null,2233,0,1.042375237,-0.09900764124,-0.1116881946,0.5,1,0.0,true
001,null,2234,0,0.9425583633,-0.04662657222,-0.05930712556,0.5,1,0.0,true
001,null,2235,0,0.03842337849,-0.04345103051,-0.05613158385,0.5,1,0.0,true
001,null,2236,1,-1.564561637,-0.1177202297,-0.1258572653,0.5,1,0.0,true
001,null,2237,0,2.370505746,0.005766048292,-0.006914505048,0.5,1,0.0,true
001,null,2238,0,-0.07461834152,0.002176382262,-0.01050417108,0.5,0,0.0,true
001,null,2239,1,-0.4584741149,-0.01949135591,-0.0276283915,0.5,0,0.0,true
001,null,2240,1,2.202771246,0.07899030766,0.07085327208,0.5,1,0.0,true
001,null,2241,1,-0.2146801307,0.06731467452,0.05917763894,0.5,1,0.0,true
001,null,2242,1,0.5512328861,0.09033582365,0.08219878806,0.5,0,0.0,true
001,null,2243,0,1.576828364,0.1536844143,0.141003861,0.5,1,0.0,true
001,null,2244,1,0.5374252237,0.1732583455,0.1651213099,0.5,0,0.0,true
001,null,2245,1,0.5120618331,0.1915981955,0.1834611599,0.5,0,0.0,true
001,null,2246,1,0.6781333244,0.2166852213,0.2085481857,0.5,0,0.0,true
001,null,2247,1,2.027669725,0.2830509755,0.2749139399,0.5,0,0.0,true
001,null,2248,0,-1.411314969,0.2037977927,0.1911172394,0.5,0,0.0,true
001,null,2249,0,0.6824651996,0.2270286556,0.2143481023,0.5,1,0.0,true
001,null,2250,0,-0.6434686712,0.1904340867,0.1777535334,0.5,0,0.0,true
001,null,2251,0,-0.1380558103,0.1791601693,0.166479616,0.5,1,0.0,true
001,null,2252,0,1.257338541,0.2263099857,0.2136294323,0.5,1,0.0,true
001,null,2253,1,-1.154512836,0.1616532815,0.1535162459,0.5,1,0.0,true
001,null,2254,1,1.569805554,0.2195275174,0.2113904818,0.5,0,0.0,true
001,null,2255,0,0.8707094121,0.2498034578,0.2371229045,0.5,0,0.0,true
001,null,2256,0,0.5878681486,0.2686216706,0.2559411173,0.5,0,0.0,true
001,null,2257,1,0.06283249243,0.264748244,0.2566112084,0.5,0,0.0,true
001,null,2258,0,0.6104640915,0.2850053034,0.2723247501,0.5,0,0.0,true
001,null,2259,1,-0.5880798889,0.246920153,0.2387831174,0.5,1,0.0,true
001,null,2260,0,-1.80587589,0.139689636,0.1270090826,0.5,0,0.0,true
001,null,2261,1,-0.3647165212,0.1184862801,0.1103492445,0.5,0,0.0,true
001,null,2262,0,-0.8829476295,0.07131646068,0.05863590734,0.5,0,0.0,true
001,null,2263,0,0.5072898386,0.09375382864,0.0810732753,0.5,0,0.0,true
001,null,2264,0,0.831477406,0.1306327376,0.1179521843,0.5,0,0.0,true
001,null,2265,1,-0.1786426909,0.1182390601,0.1101020246,0.5,0,0.0,true
001,null,2266,0,-0.5741727456,0.08488077316,0.07220021982,0.5,0,0.0,true
001,null,2267,1,-0.4109954793,0.06088245999,0.05274542441,0.5,1,0.0,true
001,null,2268,0,-0.7133921022,0.02080934012,0.00812878678,0.5,0,0.0,true
001,null,2269,1,0.9894356765,0.07186669577,0.06372966019,0.5,0,0.0,true
001,null,2270,0,-0.5248555353,0.04133687713,0.02865632379,0.5,0,0.0,true
001,null,2271,0,0.2037994989,0.05144112117,0.03876056783,0.5,0,0.0,true
001,null,2272,1,-0.1285868979,0.04286490069,0.03472786511,0.5,0,0.0,true
001,null,2273,1,0.1710674278,0.05162115228,0.0434841167,0.5,1,0.0,true
001,null,2274,0,-0.6582086661,0.01113386342,-0.001546689919,0.5,0,0.0,true
001,null,2275,0,-0.7603670154,-0.03399949107,-0.04668004441,0.5,1,0.0,true
001,null,2276,1,-0.6692666709,-0.07227984586,-0.08041688145,0.5,1,0.0,true
001,null,2277,0,0.6256699051,-0.03194433633,-0.04462488966,0.5,0,0.0,true
001,null,2278,0,0.271431813,-0.01440110641,-0.02708165975,0.5,0,0.0,true
001,null,2279,1,1.331470709,0.06531472734,0.05717769176,0.5,1,0.0,true
001,null,2280,0,-0.4777979956,0.03448800657,0.02180745323,0.5,0,0.0,true
001,null,2281,0,0.933387614,0.0881729906,0.07549243726,0.5,0,0.0,true
001,null,2282,1,-0.9092324174,0.0294611935,0.02132415792,0.5,1,0.0,true
001,null,2283,1,-0.168577303,0.0184349852,0.01029794962,0.5,1,0.0,true
001,null,2284,1,1.062016036,0.08074997572,0.07261294014,0.5,0,0.0,true
001,null,2285,1,0.4769463499,0.1070606496,0.09892361406,0.5,1,0.0,true
001,null,2286,1,0.3664013286,0.1265631292,0.1184260936,0.5,1,0.0,true
001,null,2287,1,0.4488182633,0.1507283657,0.1425913302,0.5,0,0.0,true
001,null,2288,0,0.5099122618,0.178040907,0.1653603536,0.5,0,0.0,true
001,null,2289,0,-0.4876003102,0.1400076511,0.1273270978,0.5,1,0.0,true
001,null,2290,1,1.295967952,0.2080204024,0.1998833668,0.5,1,0.0,true
001,null,2291,1,-0.2951958443,0.183225337,0.1750883015,0.5,0,0.0,true
001,null,2292,1,-1.665014522,0.06270409734,0.05456706176,0.5,1,0.0,true
001,null,2293,1,-0.9395451913,0.004319560552,-0.003817475032,0.5,1,0.0,true
001,null,2294,1,0.6935841931,0.0450367048,0.03689966922,0.5,1,0.0,true
001,null,2295,0,0.8013656127,0.09027930592,0.07759875259,0.5,1,0.0,true
001,null,2296,1,0.1835037714,0.09900205549,0.09086501991,0.5,1,0.0,true
001,null,2297,0,0.203356114,0.1089616145,0.09628106121,0.5,0,0.0,true
001,null,2298,1,0.1238331167,0.1140164367,0.1058794012,0.5,1,0.0,true
001,null,2299,1,0.1462547049,0.1205678583,0.1124308227,0.5,0,0.0,true
001,null,2300,0,-0.4006830445,0.09005608445,0.07737553111,0.5,1,0.0,true
001,null,2301,1,0.7639428548,0.1362085814,0.1280715458,0.5,0,0.0,true
001,null,2302,0,1.445962534,0.2116338973,0.198953344,0.5,1,0.0,true
001,null,2303,0,2.496199664,0.2978093729,0.2851288196,0.5,1,0.0,true
001,null,2304,1,1.017088609,0.3348480188,0.3267109832,0.5,0,0.0,true
001,null,2305,0,-0.6861491573,0.286044116,0.2733635626,0.5,1,0.0,true
001,null,2306,1,0.5017316424,0.3036369808,0.2954999452,0.5,0,0.0,true
001,null,2307,1,-1.140742819,0.2246596481,0.2165226125,0.5,0,0.0,true
001,null,2308,1,-0.4740077451,0.1919908707,0.1838538351,0.5,0,0.0,true
001,null,2309,0,-0.9233268794,0.1326603261,0.1199797728,0.5,1,0.0,true
001,null,2310,0,-0.006291001406,0.1289531933,0.1162726399,0.5,1,0.0,true
001,null,2311,0,-1.123164714,0.05958148852,0.04690093518,0.5,0,0.0,true
001,null,2312,1,0.3034899865,0.07484913466,0.06671209907,0.5,0,0.0,true
001,null,2313,1,-0.773778029,0.02808681701,0.01994978142,0.5,1,0.0,true
001,null,2314,0,-1.557148542,-0.05789542349,-0.07057597683,0.5,0,0.0,true
001,null,2315,1,-0.2530300949,-0.07018188471,-0.0783189203,0.5,1,0.0,true
001,null,2316,0,0.7657071902,-0.02491273183,-0.03759328517,0.5,0,0.0,true
001,null,2317,0,-1.663931156,-0.1092019096,-0.1218824629,0.5,1,0.0,true
001,null,2318,0,-0.6549799041,-0.1397936769,-0.1524742302,0.5,0,0.0,true
001,null,2319,1,0.8191185094,-0.09004364029,-0.09818067587,0.5,1,0.0,true
001,null,2320,0,-1.086457073,-0.1421712187,-0.154851772,0.5,1,0.0,true
001,null,2321,1,-0.1459297697,-0.1463821381,-0.1545191737,0.5,1,0.0,true
001,null,2322,0,-2.490004383,-0.2389445574,-0.2516251108,0.5,0,0.0,true
001,null,2323,0,-0.05160558115,-0.2353800193,-0.2480605727,0.5,1,0.0,true
001,null,2324,1,1.480052586,-0.1480433548,-0.1561803904,0.5,0,0.0,true
001,null,2325,1,-1.962270548,-0.2202763031,-0.2284133387,0.5,0,0.0,true
001,null,2326,0,0.79407185,-0.1760695919,-0.1887501452,0.5,0,0.0,true
001,null,2327,0,1.154180855,-0.1149085705,-0.1275891238,0.5,0,0.0,true
001,null,2328,0,1.261289254,-0.05196199425,-0.06464254759,0.5,1,0.0,true
001,null,2329,0,0.9826164433,-0.005445193776,-0.01812574712,0.5,1,0.0,true
001,null,2330,0,2.042341997,0.08196655843,0.06928600509,0.5,1,0.0,true
001,null,2331,0,-0.2021191654,0.07101683892,0.05833628558,0.5,0,0.0,true
001,null,2332,0,1.25364638,0.1215328518,0.1088522985,0.5,0,0.0,true
001,null,2333,1,1.798289273,0.1868914481,0.1787544125,0.5,1,0.0,true
001,null,2334,1,-1.147132936,0.1297148512,0.1215778156,0.5,1,0.0,true
001,null,2335,0,-0.1650103612,0.1192614008,0.1065808475,0.5,1,0.0,true
001,null,2336,1,0.5758048569,0.1407712565,0.132634221,0.5,1,0.0,true
001,null,2337,1,-0.4220790482,0.1177739131,0.1096368775,0.5,1,0.0,true
001,null,2338,1,-0.3243021404,0.09963955822,0.09150252263,0.5,0,0.0,true
001,null,2339,0,-0.8487740142,0.05622170564,0.0435411523,0.5,0,0.0,true
001,null,2340,1,-0.9955078165,0.007252650422,-0.0008843851617,0.5,0,0.0,true
001,null,2341,0,-0.9989391345,-0.03975878258,-0.05243933592,0.5,1,0.0,true
001,null,2342,1,-0.9399278889,-0.08215668717,-0.09029372276,0.5,1,0.0,true
001,null,2343,0,-0.3064507562,-0.09464458023,-0.1073251336,0.5,0,0.0,true
001,null,2344,1,0.1195130606,-0.08631934254,-0.09445637813,0.5,0,0.0,true
001,null,2345,0,0.5058453801,-0.05814718809,-0.07082774143,0.5,0,0.0,true
001,null,2346,0,1.551601025,0.02201743456,0.009336881224,0.5,0,0.0,true
001,null,2347,1,0.6010914301,0.05096357984,0.04282654426,0.5,0,0.0,true
001,null,2348,0,-0.6397097283,0.01707224224,0.004391688898,0.5,1,0.0,true
001,null,2349,0,0.3549881899,0.03479225566,0.02211170232,0.5,0,0.0,true
001,null,2350,0,1.693368424,0.1142810671,0.1016005137,0.5,0,0.0,true
001,null,2351,0,1.903120424,0.1902305763,0.177550023,0.5,1,0.0,true
001,null,2352,0,0.3206196368,0.2001271697,0.1874466163,0.5,0,0.0,true
001,null,2353,0,0.3340785998,0.2106927502,0.1980121969,0.5,0,0.0,true
001,null,2354,0,0.6175673706,0.2337913167,0.2211107633,0.5,1,0.0,true
001,null,2355,0,0.3889774026,0.2465269901,0.2338464368,0.5,1,0.0,true
001,null,2356,0,0.4308026671,0.2611893538,0.2485088004,0.5,1,0.0,true
001,null,2357,0,-0.4198468054,0.2313747492,0.2186941959,0.5,1,0.0,true
001,null,2358,1,0.4528690029,0.2483653962,0.2402283606,0.5,1,0.0,true
001,null,2359,0,-0.6640110347,0.2030493868,0.1903688335,0.5,1,0.0,true
001,null,2360,0,-2.091485166,0.07272859488,0.06004804154,0.5,1,0.0,true
001,null,2361,0,-0.5918011602,0.04063723081,0.02795667747,0.5,1,0.0,true
001,null,2362,1,1.050487736,0.09095069798,0.08281366239,0.5,1,0.0,true
001,null,2363,1,0.8801420002,0.1310938459,0.1229568103,0.5,0,0.0,true
001,null,2364,1,-0.2521086576,0.1145932782,0.1064562426,0.5,0,0.0,true
001,null,2365,0,1.528084547,0.1809208856,0.1682403323,0.5,1,0.0,true
001,null,2366,0,1.896835689,0.2505594359,0.2378788826,0.5,0,0.0,true
001,null,2367,1,-0.5819837726,0.2146334855,0.2064964499,0.5,1,0.0,true
001,null,2368,1,0.004747670158,0.2094305754,0.2012935398,0.5,0,0.0,true
001,null,2369,0,1.459730766,0.2635254938,0.2508449405,0.5,0,0.0,true
001,null,2370,0,1.050235818,0.3003573362,0.2876767829,0.5,1,0.0,true
001,null,2371,1,0.4910499589,0.3149353764,0.3067983408,0.5,1,0.0,true
001,null,2372,1,-0.8403088649,0.2605502782,0.2524132426,0.5,0,0.0,true
001,null,2373,1,-1.39098161,0.1756573377,0.1675203021,0.5,1,0.0,true
001,null,2374,1,1.022305004,0.2161200317,0.2079829961,0.5,0,0.0,true
001,null,2375,0,0.06894157481,0.2140193373,0.2013387839,0.5,0,0.0,true
001,null,2376,0,-0.7182838674,0.1700738802,0.1573933269,0.5,0,0.0,true
001,null,2377,0,1.272766679,0.2216921713,0.209011618,0.5,1,0.0,true
001,null,2378,0,0.2774714037,0.2296183236,0.2169377703,0.5,0,0.0,true
001,null,2379,1,-1.933319082,0.1132344157,0.1050973801,0.5,1,0.0,true
001,null,2380,1,1.061008392,0.1575863078,0.1494492722,0.5,1,0.0,true
001,null,2381,1,-1.674814076,0.06825503153,0.06011799594,0.5,0,0.0,true
001,null,2382,0,-1.36013384,0.00295471558,-0.00972583776,0.5,1,0.0,true
001,null,2383,1,-1.723428961,-0.07207507476,-0.08021211034,0.5,0,0.0,true
001,null,2384,0,-1.036138761,-0.1139815475,-0.1266621008,0.5,0,0.0,true
001,null,2385,1,-0.8058381597,-0.1452705939,-0.1534076295,0.5,1,0.0,true
001,null,2386,1,0.4425743406,-0.1210513785,-0.129188414,0.5,1,0.0,true
001,null,2387,1,-0.154941143,-0.1250965711,-0.1332336067,0.5,0,0.0,true
001,null,2388,1,-0.5970354335,-0.1490853817,-0.1572224173,0.5,1,0.0,true
001,null,2389,1,1.19878725,-0.08457891748,-0.09271595306,0.5,1,0.0,true
001,null,2390,1,-0.07152423243,-0.08586046645,-0.09399750203,0.5,1,0.0,true
001,null,2391,0,0.9896370456,-0.03415259815,-0.04683315149,0.5,1,0.0,true
001,null,2392,0,0.5984683572,-0.003713358179,-0.01639391152,0.5,0,0.0,true
001,null,2393,1,-1.384180789,-0.06982305499,-0.07796009057,0.5,0,0.0,true
001,null,2394,0,0.6667107257,-0.03488488238,-0.04756543572,0.5,1,0.0,true
001,null,2395,1,0.6876595665,0.0003333925208,-0.007803643063,0.5,0,0.0,true
001,null,2396,0,0.1279048233,0.006799132897,-0.005881420442,0.5,1,0.0,true
001,null,2397,0,-0.420782073,-0.01515340572,-0.02783395906,0.5,0,0.0,true
001,null,2398,1,1.808751882,0.07457629992,0.06643926433,0.5,0,0.0,true
001,null,2399,1,0.2841446425,0.08672070631,0.07858367072,0.5,1,0.0,true
001,null,2400,1,-2.013362684,-0.01684914891,-0.0249861845,0.5,1,0.0,true
001,null,2401,0,-0.7660059936,-0.05226963339,-0.06495018673,0.5,1,0.0,true
001,null,2402,0,-1.168820025,-0.10413374,-0.1168142933,0.5,1,0.0,true
001,null,2403,1,1.317763598,-0.03673657446,-0.04487361005,0.5,0,0.0,true
001,null,2404,0,0.6589471326,-0.004507700513,-0.01718825385,0.5,0,0.0,true
001,null,2405,0,1.552187105,0.06677650711,0.05409595377,0.5,1,0.0,true
001,null,2406,1,-0.8383935477,0.02538192357,0.01724488799,0.5,0,0.0,true
001,null,2407,1,-0.2104482908,0.01475270025,0.006615664669,0.5,0,0.0,true
001,null,2408,1,-0.413704345,-0.005690160059,-0.01382719564,0.5,0,0.0,true
001,null,2409,1,-0.3107373368,-0.0209177901,-0.02905482569,0.5,1,0.0,true
001,null,2410,1,-0.6381249943,-0.05225675583,-0.06039379142,0.5,1,0.0,true
001,null,2411,1,0.9030629516,-0.00426432223,-0.01240135781,0.5,0,0.0,true
001,null,2412,1,2.381463225,0.1043825085,0.09624547287,0.5,0,0.0,true
001,null,2413,0,-0.1051256184,0.0968240039,0.08414345056,0.5,0,0.0,true
001,null,2414,1,2.152007699,0.1791028748,0.1709658392,0.5,0,0.0,true
001,null,2415,1,-2.919976613,0.03857686232,0.03043982673,0.5,0,0.0,true
001,null,2416,1,-0.9887264657,-0.001410924784,-0.009547960368,0.5,0,0.0,true
001,null,2417,0,0.5416136417,0.02014113972,0.007460586376,0.5,1,0.0,true
001,null,2418,0,2.298537893,0.1044925661,0.09181201277,0.5,1,0.0,true
001,null,2419,0,-1.446808557,0.04468917429,0.03200862095,0.5,0,0.0,true
001,null,2420,0,-1.994912292,-0.03123495547,-0.04391550881,0.5,1,0.0,true
001,null,2421,0,1.126541618,0.01133008296,-0.001350470378,0.5,0,0.0,true
001,null,2422,1,-0.1984633607,0.003585099574,-0.00455193601,0.5,0,0.0,true
001,null,2423,1,-0.7712183851,-0.02598752136,-0.03412455694,0.5,0,0.0,true
001,null,2424,1,-0.7083266259,-0.05267772058,-0.06081475617,0.5,0,0.0,true
001,null,2425,0,0.5291347071,-0.03010183661,-0.04278238995,0.5,0,0.0,true
001,null,2426,1,-0.3711124158,-0.0443600956,-0.05249713118,0.5,0,0.0,true
001,null,2427,1,-0.2799458282,-0.05483881562,-0.0629758512,0.5,1,0.0,true
001,null,2428,0,-0.4429147848,-0.07212063808,-0.08480119142,0.5,1,0.0,true
001,null,2429,0,0.2352755978,-0.05995206442,-0.07263261776,0.5,0,0.0,true
001,null,2430,1,-1.111107534,-0.1056041199,-0.1137411555,0.5,1,0.0,true
001,null,2431,0,0.3865202921,-0.08534101778,-0.09802157112,0.5,1,0.0,true
001,null,2432,0,-0.2197431902,-0.09316545255,-0.1058460059,0.5,0,0.0,true
001,null,2433,0,-1.385822637,-0.1497343724,-0.1624149258,0.5,1,0.0,true
001,null,2434,0,-0.187408224,-0.1545056978,-0.1671862512,0.5,1,0.0,true
001,null,2435,1,-0.2988015618,-0.1644494268,-0.1725864624,0.5,0,0.0,true
001,null,2436,0,-0.2251611044,-0.1710266164,-0.1837071697,0.5,1,0.0,true
001,null,2437,1,-0.378414534,-0.184891713,-0.1930287486,0.5,1,0.0,true
001,null,2438,0,-0.006092759454,-0.1805202838,-0.1932008372,0.5,0,0.0,true
001,null,2439,1,-0.6621523696,-0.2080730219,-0.2162100575,0.5,0,0.0,true
001,null,2440,1,0.5358911667,-0.1730235461,-0.1811605817,0.5,1,0.0,true
001,null,2441,1,1.16067892,-0.1021288601,-0.1102658957,0.5,0,0.0,true
001,null,2442,0,-0.8334538097,-0.1411899598,-0.1538705132,0.5,1,0.0,true
001,null,2443,0,0.8820330745,-0.08837077953,-0.1010513329,0.5,0,0.0,true
001,null,2444,1,-0.1631381609,-0.09483966871,-0.1029767043,0.5,0,0.0,true
001,null,2445,0,0.8166355218,-0.04644908346,-0.0591296368,0.5,1,0.0,true
001,null,2446,1,-0.2849999558,-0.06093549219,-0.06907252777,0.5,1,0.0,true
001,null,2447,1,1.129248157,0.004553858822,-0.003583176762,0.5,1,0.0,true
001,null,2448,0,-0.2410406972,-0.009045049607,-0.02172560295,0.5,1,0.0,true
001,null,2449,0,1.061800149,0.05025596631,0.03757541297,0.5,0,0.0,true
001,null,2450,0,0.4826858727,0.07582280108,0.06314224774,0.5,0,0.0,true
001,null,2451,0,-0.4589404791,0.04703598655,0.03435543321,0.5,1,0.0,true
001,null,2452,0,-0.3771359537,0.02351187812,0.01083132478,0.5,1,0.0,true
001,null,2453,1,0.436521584,0.04883565753,0.04069862195,0.5,1,0.0,true
001,null,2454,0,1.520281645,0.1299425311,0.1172619777,0.5,0,0.0,true
001,null,2455,0,0.9672410494,0.1772901184,0.164609565,0.5,1,0.0,true
001,null,2456,0,-0.06663499625,0.1689273898,0.1562468365,0.5,1,0.0,true
001,null,2457,0,-1.579522479,0.06555597008,0.05287541674,0.5,0,0.0,true
001,null,2458,1,-0.1545664731,0.05518735376,0.04705031818,0.5,0,0.0,true
001,null,2459,1,-0.5285182468,0.02319328289,0.0150562473,0.5,0,0.0,true
001,null,2460,1,-1.520963894,-0.06159724643,-0.06973428202,0.5,1,0.0,true
001,null,2461,0,-0.04822168321,-0.06272001703,-0.07540057037,0.5,0,0.0,true
001,null,2462,0,1.022610034,-0.002587705795,-0.01526825913,0.5,1,0.0,true
001,null,2463,1,0.06696689901,0.001277520595,-0.006859514989,0.5,1,0.0,true
001,null,2464,0,-0.7016978767,-0.03895503423,-0.05163558757,0.5,0,0.0,true
001,null,2465,0,-1.015248987,-0.09431551212,-0.1069960655,0.5,0,0.0,true
001,null,2466,0,0.5853461854,-0.05717703545,-0.06985758879,0.5,0,0.0,true
001,null,2467,1,0.1368242379,-0.04761611882,-0.0557531544,0.5,1,0.0,true
001,null,2468,1,-1.175512473,-0.1120613403,-0.1201983759,0.5,0,0.0,true
001,null,2469,1,0.7347305297,-0.06451190733,-0.07264894291,0.5,0,0.0,true
001,null,2470,0,-2.26157352,-0.1693238173,-0.1820043707,0.5,0,0.0,true
001,null,2471,0,-0.4317682584,-0.1867031376,-0.199383691,0.5,0,0.0,true
001,null,2472,1,-0.3318047984,-0.1990935127,-0.2072305483,0.5,1,0.0,true
001,null,2473,0,0.4036815341,-0.1711413814,-0.1838219347,0.5,0,0.0,true
001,null,2474,0,-1.342800921,-0.229246796,-0.2419273494,0.5,0,0.0,true
001,null,2475,1,-0.951574046,-0.2680630229,-0.2762000585,0.5,1,0.0,true
001,null,2476,1,-0.6839692237,-0.2943819461,-0.3025189817,0.5,0,0.0,true
001,null,2477,0,-0.8469763968,-0.3264769464,-0.3391574997,0.5,1,0.0,true
001,null,2478,1,0.03376391665,-0.3163355498,-0.3244725854,0.5,0,0.0,true
001,null,2479,0,-0.07307107611,-0.3124105514,-0.3250911047,0.5,1,0.0,true
001,null,2480,0,0.4845364406,-0.2741868808,-0.2868674341,0.5,1,0.0,true
001,null,2481,0,-1.296229524,-0.3253151505,-0.3379957038,0.5,1,0.0,true
001,null,2482,1,-0.5195311021,-0.343852586,-0.3519896216,0.5,0,0.0,true
001,null,2483,0,-0.2656318756,-0.3498108574,-0.3624914108,0.5,0,0.0,true
001,null,2484,0,0.4916030802,-0.3089306869,-0.3216112402,0.5,1,0.0,true
001,null,2485,1,-0.2187732598,-0.3138494324,-0.321986468,0.5,1,0.0,true
001,null,2486,0,0.0733705499,-0.3012731051,-0.3139536584,0.5,1,0.0,true
001,null,2487,0,-0.03590187975,-0.2959212956,-0.308601849,0.5,1,0.0,true
001,null,2488,0,-0.330084802,-0.3086096615,-0.3212902149,0.5,0,0.0,true
001,null,2489,1,-0.01547019098,-0.3018270505,-0.3099640861,0.5,0,0.0,true
001,null,2490,1,1.965553146,-0.1363996461,-0.1445366816,0.5,1,0.0,true
001,null,2491,1,0.6725826303,-0.09091384494,-0.09905088052,0.5,1,0.0,true
001,null,2492,1,0.2490224592,-0.07328755515,-0.08142459074,0.5,0,0.0,true
001,null,2493,1,1.519131081,0.02137528213,0.01323824655,0.5,1,0.0,true
001,null,2494,1,1.46967888,0.1001133606,0.09197632499,0.5,0,0.0,true
001,null,2495,1,-0.2132288727,0.08544528042,0.07730824483,0.5,1,0.0,true
001,null,2496,0,0.7713012872,0.125330708,0.1126501547,0.5,0,0.0,true
001,null,2497,0,-0.1607660854,0.1127242769,0.1000437235,0.5,1,0.0,true
001,null,2498,1,-0.6549515894,0.0698332891,0.06169625352,0.5,0,0.0,true
001,null,2499,1,1.076334955,0.1275759075,0.1194388719,0.5,1,0.0,true
001,null,2500,0,-0.8023111982,0.07509861483,0.06241806149,0.5,1,0.0,true
001,null,2501,0,0.3353191128,0.09277866474,0.0800981114,0.5,0,0.0,true
001,null,2502,0,-1.341613054,0.008322856787,-0.004357696552,0.5,0,0.0,true
001,null,2503,0,0.9544465194,0.0621304241,0.04944987076,0.5,1,0.0,true
001,null,2504,0,-1.591485873,-0.02980383786,-0.0424843912,0.5,0,0.0,true
001,null,2505,1,0.4154852119,-0.006053751132,-0.01419078672,0.5,0,0.0,true
001,null,2506,1,-0.8906902377,-0.05477722833,-0.06291426392,0.5,0,0.0,true
001,null,2507,1,0.2321815568,-0.04021080619,-0.04834784178,0.5,0,0.0,true
001,null,2508,1,0.05771964094,-0.035850515,-0.04398755058,0.5,0,0.0,true
001,null,2509,0,-1.390107568,-0.1101626448,-0.1228431982,0.5,1,0.0,true
001,null,2510,1,-0.1109391629,-0.1136633746,-0.1218004101,0.5,1,0.0,true
001,null,2511,1,-0.783004326,-0.1534518023,-0.1615888379,0.5,0,0.0,true
001,null,2512,1,1.621044607,-0.04979658299,-0.05793361858,0.5,0,0.0,true
001,null,2513,1,-0.3814478661,-0.06941370721,-0.0775507428,0.5,0,0.0,true
001,null,2514,1,0.3373761327,-0.04833739205,-0.05647442764,0.5,1,0.0,true
001,null,2515,0,-0.2521714507,-0.06160762606,-0.0742881794,0.5,1,0.0,true
001,null,2516,1,-0.09372667174,-0.06559279837,-0.07372983395,0.5,1,0.0,true
001,null,2517,0,0.6197904429,-0.02581952969,-0.03850008303,0.5,0,0.0,true
001,null,2518,1,0.6290994845,0.01339546789,0.00525843231,0.5,1,0.0,true
001,null,2519,0,0.04700936946,0.01598290598,0.003302352645,0.5,0,0.0,true
001,null,2520,1,-0.357952202,-0.007256291083,-0.01539332667,0.5,1,0.0,true
001,null,2521,1,-0.2882749747,-0.02578215534,-0.03391919093,0.5,0,0.0,true
001,null,2522,1,-0.5429115417,-0.06054056536,-0.06867760094,0.5,0,0.0,true
001,null,2523,1,1.111449349,0.0152137203,0.007076684712,0.5,1,0.0,true
001,null,2524,1,-0.2385722011,-0.0008394247582,-0.008976460342,0.5,0,0.0,true
001,null,2525,0,-0.6723394445,-0.04510324728,-0.05778380062,0.5,0,0.0,true
001,null,2526,0,1.360390201,0.04439688674,0.0317163334,0.5,0,0.0,true
001,null,2527,1,1.018558353,0.1042498217,0.09611278607,0.5,1,0.0,true
001,null,2528,1,-1.70171098,-0.005306771911,-0.01344380749,0.5,0,0.0,true
001,null,2529,0,0.5949247555,0.02922766536,0.01654711202,0.5,1,0.0,true
001,null,2530,1,1.396724005,0.1042936187,0.09615658308,0.5,1,0.0,true
001,null,2531,0,0.1972323222,0.1127495559,0.1000690025,0.5,0,0.0,true
001,null,2532,0,0.01949790121,0.1110317246,0.09835117122,0.5,1,0.0,true
001,null,2533,0,0.749284047,0.1501126724,0.137432119,0.5,1,0.0,true
001,null,2534,0,0.1315163583,0.1541402077,0.1414596543,0.5,0,0.0,true
001,null,2535,0,1.295274175,0.2168009159,0.2041203625,0.5,0,0.0,true
001,null,2536,1,0.309965109,0.2290290557,0.2208920202,0.5,0,0.0,true
001,null,2537,0,0.362486764,0.2441594036,0.2314788502,0.5,0,0.0,true
001,null,2538,0,0.6734765811,0.2751371662,0.2624566128,0.5,1,0.0,true
001,null,2539,1,-0.2688321239,0.2505660236,0.242428988,0.5,0,0.0,true
001,null,2540,0,-0.4698345025,0.2120953807,0.1994148274,0.5,0,0.0,true
001,null,2541,1,0.3339984914,0.2274723016,0.219335266,0.5,0,0.0,true
001,null,2542,1,-1.387397062,0.1193003084,0.1111632728,0.5,1,0.0,true
001,null,2543,1,0.6932956251,0.1571438199,0.1490067843,0.5,0,0.0,true
001,null,2544,0,0.1544152734,0.1628422416,0.1501616883,0.5,0,0.0,true
001,null,2545,0,-0.6622745939,0.1133842547,0.1007037014,0.5,1,0.0,true
001,null,2546,1,2.383227204,0.2188367776,0.210699742,0.5,1,0.0,true
001,null,2547,0,1.197249026,0.2679642805,0.2552837272,0.5,1,0.0,true
001,null,2548,1,0.8273018108,0.3001390608,0.2920020252,0.5,1,0.0,true
001,null,2549,1,-0.943192906,0.2348082126,0.226671177,0.5,1,0.0,true
001,null,2550,0,-1.879507807,0.1146124477,0.1019318943,0.5,1,0.0,true
001,null,2551,1,2.209048528,0.2003268987,0.1921898631,0.5,1,0.0,true
001,null,2552,0,-0.7760740323,0.1569647137,0.1442841603,0.5,0,0.0,true
001,null,2553,1,-0.3406002283,0.1365279466,0.128390911,0.5,0,0.0,true
001,null,2554,0,-0.01379602978,0.132402695,0.1197221417,0.5,0,0.0,true
001,null,2555,0,0.7764202939,0.1651662317,0.1524856783,0.5,0,0.0,true
001,null,2556,0,2.224964992,0.2439421962,0.2312616428,0.5,1,0.0,true
001,null,2557,0,1.273050557,0.2867237825,0.2740432292,0.5,0,0.0,true
001,null,2558,0,0.5397883634,0.3023110751,0.2896305217,0.5,1,0.0,true
001,null,2559,1,0.4760421952,0.3153056514,0.3071686158,0.5,0,0.0,true
001,null,2560,1,-0.4536957853,0.2843973802,0.2762603446,0.5,0,0.0,true
001,null,2561,1,-1.727435855,0.1808685568,0.1727315212,0.5,1,0.0,true
001,null,2562,1,-0.23587328,0.165073776,0.1569367404,0.5,1,0.0,true
001,null,2563,0,0.5785899468,0.1871523751,0.1744718217,0.5,1,0.0,true
001,null,2564,0,-0.6369248964,0.149942399,0.1372618457,0.5,1,0.0,true
001,null,2565,0,0.3983461441,0.1652286344,0.152548081,0.5,0,0.0,true
001,null,2566,0,0.06178036015,0.1641553442,0.1514747908,0.5,1,0.0,true
001,null,2567,1,0.2452927231,0.1724538379,0.1643168023,0.5,1,0.0,true
001,null,2568,1,-0.1718156775,0.1588179088,0.1506808732,0.5,0,0.0,true
001,null,2569,0,-0.2659692723,0.1400035612,0.1273230079,0.5,0,0.0,true
001,null,2570,0,0.4667976114,0.1614198555,0.1487393021,0.5,1,0.0,true
001,null,2571,0,-0.9326073324,0.1014718179,0.08879126458,0.5,0,0.0,true
001,null,2572,1,-0.3076046095,0.08118950645,0.07305247086,0.5,0,0.0,true
001,null,2573,1,-0.03890745821,0.07687015619,0.06873312061,0.5,1,0.0,true
001,null,2574,0,-0.8381960713,0.02438034036,0.01169978702,0.5,1,0.0,true
001,null,2575,0,0.3813587228,0.04627648161,0.03359592827,0.5,1,0.0,true
001,null,2576,0,1.99572843,0.146410335,0.1337297816,0.5,1,0.0,true
001,null,2577,0,0.8374083595,0.184807496,0.1721269426,0.5,1,0.0,true
001,null,2578,0,-0.9293657132,0.1255984835,0.1129179301,0.5,0,0.0,true
001,null,2579,1,-0.3886618171,0.1005152831,0.09237824753,0.5,1,0.0,true
001,null,2580,0,0.8311146919,0.1417234963,0.1290429429,0.5,0,0.0,true
001,null,2581,0,-0.8179545518,0.0899491023,0.07726854896,0.5,1,0.0,true
001,null,2582,0,0.04421827022,0.090179418,0.07749886466,0.5,0,0.0,true
001,null,2583,0,-2.116682811,-0.03111752785,-0.04379808119,0.5,0,0.0,true
001,null,2584,0,0.5430276938,-0.001870099156,-0.0145506525,0.5,0,0.0,true
001,null,2585,0,0.6814914574,0.03406247941,0.02138192607,0.5,1,0.0,true
001,null,2586,1,-0.2166658071,0.02147299673,0.01333596115,0.5,0,0.0,true
001,null,2587,1,-0.07425125443,0.01681915167,0.008682116081,0.5,1,0.0,true
001,null,2588,1,1.483611662,0.09412875991,0.08599172433,0.5,0,0.0,true
001,null,2589,0,0.8440071705,0.1349072475,0.1222266941,0.5,1,0.0,true
001,null,2590,1,1.05382244,0.1831912951,0.1750542595,0.5,0,0.0,true
001,null,2591,0,0.419617121,0.2003366332,0.1876560798,0.5,1,0.0,true
001,null,2592,0,-0.07136144149,0.1912720566,0.1785915033,0.5,1,0.0,true
001,null,2593,0,-2.096485744,0.05912759665,0.04644704331,0.5,0,0.0,true
001,null,2594,0,-1.517608109,-0.01943790499,-0.03211845833,0.5,0,0.0,true
001,null,2595,1,0.8648487024,0.02378543083,0.01564839524,0.5,0,0.0,true
001,null,2596,0,-0.3208459819,0.007031193898,-0.005649359442,0.5,1,0.0,true
001,null,2597,1,0.8772536445,0.05096618718,0.0428291516,0.5,0,0.0,true
001,null,2598,1,-0.7683012681,0.009762816785,0.001625781201,0.5,0,0.0,true
001,null,2599,1,0.9628111674,0.05838549177,0.05024845618,0.5,1,0.0,true
001,null,2600,1,0.2637408905,0.07057273677,0.06243570119,0.5,1,0.0,true
001,null,2601,1,-1.041774909,0.01258048147,0.004443445883,0.5,1,0.0,true
001,null,2602,1,0.3059223921,0.02850287015,0.02036583456,0.5,0,0.0,true
001,null,2603,0,-0.2384542043,0.01474219249,0.002061639155,0.5,0,0.0,true
001,null,2604,1,-1.356903181,-0.05822315947,-0.06636019505,0.5,0,0.0,true
001,null,2605,0,-0.78605781,-0.09767714538,-0.1103576987,0.5,0,0.0,true
001,null,2606,0,-0.6844218414,-0.1308419477,-0.1435225011,0.5,1,0.0,true
001,null,2607,1,-1.535500286,-0.1986874465,-0.2068244821,0.5,1,0.0,true
001,null,2608,0,-0.4256444185,-0.2151664898,-0.2278470431,0.5,1,0.0,true
001,null,2609,1,0.6369762186,-0.1731319472,-0.1812689828,0.5,1,0.0,true
001,null,2610,1,-0.2754552154,-0.1834702621,-0.1916072977,0.5,0,0.0,true
001,null,2611,1,-0.6681742563,-0.2134274775,-0.2215645131,0.5,0,0.0,true
001,null,2612,1,1.384670076,-0.1218385454,-0.129975581,0.5,1,0.0,true
001,null,2613,0,1.392631668,-0.03975934203,-0.05243989537,0.5,0,0.0,true
001,null,2614,1,1.276395602,0.02820124439,0.02006420881,0.5,0,0.0,true
001,null,2615,1,0.5978589564,0.05828132427,0.05014428869,0.5,1,0.0,true
001,null,2616,0,1.058752825,0.1097971642,0.09711661091,0.5,1,0.0,true
001,null,2617,0,-0.2393966512,0.09417145851,0.08149090517,0.5,1,0.0,true
001,null,2618,0,-0.09300146812,0.08671350134,0.074032948,0.5,1,0.0,true
001,null,2619,0,0.2383705546,0.0976258586,0.08494530526,0.5,0,0.0,true
001,null,2620,1,1.502454112,0.1688944769,0.1607574413,0.5,0,0.0,true
001,null,2621,1,0.5226040851,0.191626731,0.1834896954,0.5,1,0.0,true
001,null,2622,1,-0.6019968313,0.1515954247,0.1434583891,0.5,0,0.0,true
001,null,2623,0,0.4329398974,0.1711749309,0.1584943776,0.5,0,0.0,true
001,null,2624,0,-1.615029065,0.06820530737,0.05552475403,0.5,1,0.0,true
001,null,2625,0,0.656266455,0.1009839061,0.08830335278,0.5,0,0.0,true
001,null,2626,0,-0.6556223536,0.06140277756,0.04872222422,0.5,1,0.0,true
001,null,2627,0,0.2530506794,0.07385995513,0.06117940179,0.5,0,0.0,true
001,null,2628,0,1.029034013,0.1266212461,0.1139406928,0.5,1,0.0,true
001,null,2629,0,1.74418844,0.2034558014,0.1907752481,0.5,1,0.0,true
001,null,2630,0,0.5230878065,0.2244525965,0.2117720432,0.5,1,0.0,true
001,null,2631,1,-0.2779993219,0.2032181392,0.1950811036,0.5,0,0.0,true
001,null,2632,1,-2.05112062,0.07493904751,0.06680201193,0.5,1,0.0,true
001,null,2633,1,0.2450088916,0.08535313089,0.07721609531,0.5,1,0.0,true
001,null,2634,0,1.715883695,0.1601715975,0.1474910441,0.5,1,0.0,true
001,null,2635,0,-0.2847283144,0.1417187213,0.129038168,0.5,0,0.0,true
001,null,2636,0,0.9917232431,0.1838691374,0.171188584,0.5,0,0.0,true
001,null,2637,1,1.50534468,0.2419357818,0.2337987462,0.5,0,0.0,true
001,null,2638,0,-0.8281832989,0.1917879564,0.1791074031,0.5,1,0.0,true
001,null,2639,1,-0.6779214453,0.151469556,0.1433325204,0.5,1,0.0,true
001,null,2640,0,-1.691709532,0.05810421028,0.04542365695,0.5,0,0.0,true
001,null,2641,1,-1.139085596,0.001456700405,-0.006680335179,0.5,1,0.0,true
001,null,2642,1,0.2650922694,0.01417790351,0.006040867924,0.5,1,0.0,true
001,null,2643,0,0.7289395255,0.04918510726,0.03650455392,0.5,0,0.0,true
001,null,2644,0,0.206037218,0.05818494371,0.04550439037,0.5,1,0.0,true
001,null,2645,0,-0.5515872178,0.02820703035,0.01552647701,0.5,0,0.0,true
001,null,2646,1,-1.141615278,-0.03100237139,-0.03913940698,0.5,1,0.0,true
001,null,2647,0,0.9384466651,0.01791768776,0.005237134418,0.5,1,0.0,true
001,null,2648,1,0.04795958454,0.01995055002,0.01181351443,0.5,1,0.0,true
001,null,2649,1,-0.8585756843,-0.02571389961,-0.03385093519,0.5,1,0.0,true
001,null,2650,0,1.896589518,0.06956726624,0.0568867129,0.5,0,0.0,true
001,null,2651,1,0.3903808779,0.0869863558,0.07884932022,0.5,0,0.0,true
001,null,2652,1,-0.4486019335,0.06154510864,0.05340807306,0.5,1,0.0,true
001,null,2653,1,2.259428273,0.1572952736,0.149158238,0.5,1,0.0,true
001,null,2654,0,0.5450863566,0.1779292665,0.1652487132,0.5,0,0.0,true
001,null,2655,0,-0.9620654114,0.1243678252,0.1116872719,0.5,1,0.0,true
001,null,2656,1,0.06878288935,0.1245379049,0.1164008693,0.5,0,0.0,true
001,null,2657,0,-0.3658415347,0.1028590086,0.09017845527,0.5,0,0.0,true
001,null,2658,0,-0.6351032386,0.06727259915,0.05459204581,0.5,1,0.0,true
001,null,2659,0,-0.07187060082,0.06185084353,0.04917029019,0.5,1,0.0,true
001,null,2660,1,-0.3339564221,0.04246837634,0.03433134075,0.5,1,0.0,true
001,null,2661,0,-0.5396300958,0.01206469699,-0.0006158563488,0.5,1,0.0,true
001,null,2662,1,-0.4810865105,-0.01464476628,-0.02278180186,0.5,1,0.0,true
001,null,2663,0,-2.140575488,-0.1184205209,-0.1311010742,0.5,1,0.0,true
001,null,2664,1,0.152197017,-0.1076365553,-0.1157735909,0.5,0,0.0,true
001,null,2665,1,-1.33793169,-0.1666249474,-0.174761983,0.5,0,0.0,true
001,null,2666,1,0.8224932147,-0.1184295409,-0.1265665765,0.5,0,0.0,true
001,null,2667,0,-0.6477118987,-0.1470949517,-0.159775505,0.5,0,0.0,true
001,null,2668,0,-0.3033260131,-0.1587916673,-0.1714722206,0.5,0,0.0,true
001,null,2669,1,-0.8104359965,-0.1944201473,-0.2025571829,0.5,1,0.0,true
001,null,2670,1,1.248694545,-0.1171998765,-0.1253369121,0.5,0,0.0,true
001,null,2671,1,-0.5763050651,-0.1433543624,-0.151491398,0.5,0,0.0,true
001,null,2672,1,1.963022101,-0.03102656621,-0.03916360179,0.5,1,0.0,true
001,null,2673,0,0.9712560532,0.0177534016,0.005072848259,0.5,1,0.0,true
001,null,2674,1,-0.0008777093694,0.01726001133,0.009122975749,0.5,0,0.0,true
001,null,2675,0,-0.06164063953,0.01366107966,0.0009805263241,0.5,1,0.0,true
001,null,2676,0,0.6133006773,0.04510794837,0.03242739503,0.5,0,0.0,true
001,null,2677,0,-0.9580736158,-0.007026841321,-0.01970739466,0.5,0,0.0,true
001,null,2678,0,-2.282366791,-0.1130587552,-0.1257393086,0.5,0,0.0,true
001,null,2679,0,0.1368606108,-0.1035654622,-0.1162460156,0.5,1,0.0,true
001,null,2680,1,-0.4693813297,-0.1234457103,-0.1315827459,0.5,1,0.0,true
001,null,2681,0,0.9791123079,-0.06934515374,-0.08202570708,0.5,1,0.0,true
001,null,2682,0,-0.3314485593,-0.08407830361,-0.09675885695,0.5,0,0.0,true
001,null,2683,0,1.317303438,-0.01334232454,-0.02602287788,0.5,0,0.0,true
001,null,2684,1,-1.117230898,-0.0674884101,-0.07562544568,0.5,0,0.0,true
001,null,2685,0,-0.04426407633,-0.06800705067,-0.08068760401,0.5,1,0.0,true
001,null,2686,0,0.7711125161,-0.02600392279,-0.03868447613,0.5,0,0.0,true
001,null,2687,1,0.9763741196,0.0250040636,0.01686702801,0.5,1,0.0,true
001,null,2688,1,-1.847968022,-0.06625722749,-0.07439426307,0.5,0,0.0,true
001,null,2689,1,-0.05570563779,-0.067315651,-0.07545268659,0.5,1,0.0,true
001,null,2690,1,0.2895986568,-0.05088292391,-0.05901995949,0.5,1,0.0,true
001,null,2691,0,-0.6672434062,-0.08309755097,-0.09577810431,0.5,1,0.0,true
001,null,2692,1,0.1147976837,-0.07495020471,-0.08308724029,0.5,1,0.0,true
001,null,2693,0,1.112403793,-0.01281227406,-0.0254928274,0.5,1,0.0,true
001,null,2694,0,-0.6538866302,-0.04675852539,-0.05943907873,0.5,1,0.0,true
001,null,2695,1,0.08147049923,-0.0411667265,-0.04930376208,0.5,0,0.0,true
001,null,2696,1,0.9345269605,0.01134645707,0.003209421483,0.5,0,0.0,true
001,null,2697,1,0.1530320191,0.01951890585,0.01138187027,0.5,1,0.0,true
001,null,2698,0,-0.49310329,-0.008899421485,-0.02157997482,0.5,1,0.0,true
001,null,2699,1,-2.667489349,-0.1340639815,-0.1422010171,0.5,1,0.0,true
001,null,2700,0,-0.3785797627,-0.1486438462,-0.1613243996,0.5,1,0.0,true
001,null,2701,1,0.8159666636,-0.1024649017,-0.1106019372,0.5,0,0.0,true
001,null,2702,0,-1.683651567,-0.1726893692,-0.1853699226,0.5,1,0.0,true
001,null,2703,0,-2.990609938,-0.2627436694,-0.2754242228,0.5,0,0.0,true
001,null,2704,0,2.263152949,-0.1491382598,-0.1618188132,0.5,1,0.0,true
001,null,2705,0,1.950809181,-0.06483731975,-0.07751787308,0.5,0,0.0,true
001,null,2706,1,-0.5732559327,-0.08469074325,-0.09282777883,0.5,0,0.0,true
001,null,2707,1,-0.53872394,-0.1031072021,-0.1112442377,0.5,0,0.0,true
001,null,2708,0,-0.8571011536,-0.1331058275,-0.1457863809,0.5,1,0.0,true
001,null,2709,1,-0.2096183974,-0.1381078643,-0.1462448999,0.5,1,0.0,true
001,null,2710,1,1.106423823,-0.08695890532,-0.09509594091,0.5,1,0.0,true
001,null,2711,0,0.900739842,-0.04659564669,-0.05927620002,0.5,0,0.0,true
001,null,2712,0,-0.01057485068,-0.04586132002,-0.05854187336,0.5,0,0.0,true
001,null,2713,1,-0.7536240207,-0.07647295224,-0.08460998783,0.5,0,0.0,true
001,null,2714,0,0.05559103423,-0.07209236461,-0.08477291795,0.5,1,0.0,true
001,null,2715,1,0.01038836609,-0.06979901735,-0.07793605293,0.5,0,0.0,true
001,null,2716,1,-0.7198527155,-0.1001857623,-0.1083227979,0.5,1,0.0,true
001,null,2717,0,-0.2921549177,-0.1111377624,-0.1238183158,0.5,0,0.0,true
001,null,2718,0,0.5907452351,-0.07932594595,-0.09200649929,0.5,1,0.0,true
001,null,2719,0,-1.585675643,-0.146270505,-0.1589510583,0.5,0,0.0,true
001,null,2720,1,-0.6182997757,-0.1704014728,-0.1785385084,0.5,1,0.0,true
001,null,2721,1,-1.70707477,-0.2330792786,-0.2412163142,0.5,1,0.0,true
001,null,2722,1,-1.540912274,-0.2844890036,-0.2926260392,0.5,0,0.0,true
001,null,2723,0,1.557302773,-0.1970738945,-0.2097544479,0.5,1,0.0,true
001,null,2724,0,0.4467707328,-0.1715904398,-0.1842709931,0.5,1,0.0,true
001,null,2725,1,0.6662654483,-0.1358042501,-0.1439412857,0.5,0,0.0,true
001,null,2726,0,0.7703960868,-0.09565295182,-0.1083335052,0.5,1,0.0,true
001,null,2727,0,0.4003395475,-0.0742717723,-0.08695232564,0.5,1,0.0,true
001,null,2728,0,0.7418989984,-0.03650494494,-0.04918549828,0.5,1,0.0,true
001,null,2729,0,0.07621599087,-0.03188789887,-0.04456845221,0.5,1,0.0,true
001,null,2730,1,0.09004213162,-0.02660508943,-0.03474212501,0.5,0,0.0,true
001,null,2731,0,-0.4366214557,-0.04792947118,-0.06061002451,0.5,1,0.0,true
001,null,2732,1,-0.6017126479,-0.07724677314,-0.08538380872,0.5,0,0.0,true
001,null,2733,1,-0.6712894387,-0.1093856346,-0.1175226702,0.5,1,0.0,true
001,null,2734,1,0.02724095995,-0.1051554897,-0.1132925252,0.5,0,0.0,true
001,null,2735,1,1.04707497,-0.04357061865,-0.05170765423,0.5,0,0.0,true
001,null,2736,1,-0.333586928,-0.06047126985,-0.06860830543,0.5,1,0.0,true
001,null,2737,1,1.421351444,0.01920373205,0.01106669647,0.5,1,0.0,true
001,null,2738,1,-0.6472097524,-0.01601120137,-0.02414823695,0.5,1,0.0,true
001,null,2739,0,-0.06579739076,-0.01920226595,-0.03188281929,0.5,0,0.0,true
001,null,2740,1,1.006857536,0.03662904885,0.02849201327,0.5,1,0.0,true
001,null,2741,0,1.425230473,0.1085842759,0.09590372256,0.5,0,0.0,true
001,null,2742,1,-0.2659981816,0.09129573216,0.08315869657,0.5,0,0.0,true
001,null,2743,0,-0.1686017917,0.079601401,0.06692084766,0.5,1,0.0,true
001,null,2744,0,2.017510544,0.1708258553,0.1581453019,0.5,0,0.0,true
001,null,2745,0,-0.8556792429,0.1199036302,0.1072230769,0.5,1,0.0,true
001,null,2746,1,-1.055868168,0.06009913437,0.05196209879,0.5,0,0.0,true
001,null,2747,0,1.226505739,0.1175390767,0.1048585233,0.5,0,0.0,true
001,null,2748,1,0.8533529057,0.1553120688,0.1471750332,0.5,0,0.0,true
001,null,2749,1,-0.9160650771,0.1019104848,0.09377344922,0.5,0,0.0,true
001,null,2750,1,-0.8451539883,0.05456305268,0.0464260171,0.5,0,0.0,true
001,null,2751,0,1.394115921,0.119663664,0.1069831106,0.5,0,0.0,true
001,null,2752,1,0.5213560261,0.1421449109,0.1340078754,0.5,1,0.0,true
001,null,2753,0,0.1155998338,0.1444819259,0.1318013725,0.5,0,0.0,true
001,null,2754,1,0.9364552474,0.1860250417,0.1778880061,0.5,0,0.0,true
001,null,2755,0,0.2237566908,0.1929465271,0.1802659738,0.5,0,0.0,true
001,null,2756,0,1.878869026,0.2640946026,0.2514140492,0.5,1,0.0,true
001,null,2757,1,0.7621318058,0.2918096433,0.2836726077,0.5,1,0.0,true
001,null,2758,0,-0.02143745286,0.2833155063,0.2706349529,0.5,1,0.0,true
001,null,2759,1,0.4146132904,0.2965922402,0.2884552047,0.5,1,0.0,true
001,null,2760,0,1.182953228,0.3392843295,0.3266037762,0.5,0,0.0,true
001,null,2761,1,0.5633882865,0.3574396969,0.3493026613,0.5,0,0.0,true
001,null,2762,0,0.7777181476,0.3836943655,0.3710138121,0.5,0,0.0,true
001,null,2763,1,1.173065935,0.4210302256,0.41289319,0.5,0,0.0,true
001,null,2764,0,-0.05023819541,0.4076397146,0.3949591613,0.5,1,0.0,true
001,null,2765,1,-1.284838695,0.3112289284,0.3030918929,0.5,0,0.0,true
001,null,2766,1,0.8975030769,0.3437876448,0.3356506092,0.5,1,0.0,true
001,null,2767,0,-0.4188296894,0.3108432965,0.2981627431,0.5,0,0.0,true
001,null,2768,1,0.6706688375,0.3354269669,0.3272899314,0.5,1,0.0,true
001,null,2769,0,0.3612746281,0.3457133766,0.3330328233,0.5,0,0.0,true
001,null,2770,1,0.2785959519,0.3519759698,0.3438389342,0.5,1,0.0,true
001,null,2771,1,0.3507622546,0.3620404624,0.3539034268,0.5,1,0.0,true
001,null,2772,0,-0.2866945376,0.3347799974,0.3220994441,0.5,0,0.0,true
001,null,2773,0,0.05905629391,0.3298666861,0.3171861328,0.5,0,0.0,true
001,null,2774,1,1.12130011,0.3737506626,0.365613627,0.5,1,0.0,true
001,null,2775,0,0.564900179,0.3942238855,0.3815433322,0.5,0,0.0,true
001,null,2776,0,0.9252124559,0.4278337682,0.4151532149,0.5,1,0.0,true
001,null,2777,1,1.678906488,0.4723762665,0.4642392309,0.5,0,0.0,true
001,null,2778,1,-0.9502683762,0.3941832466,0.386046211,0.5,0,0.0,true
001,null,2779,1,0.7825958134,0.4206708679,0.4125338323,0.5,0,0.0,true
001,null,2780,0,-0.8242086389,0.3545927924,0.3419122391,0.5,0,0.0,true
001,null,2781,0,1.849601981,0.4082778289,0.3955972756,0.5,1,0.0,true
001,null,2782,0,-1.222721714,0.3190836522,0.3064030989,0.5,0,0.0,true
001,null,2783,0,-1.03949029,0.2488417612,0.2361612078,0.5,0,0.0,true
001,null,2784,0,0.1358085268,0.2495482737,0.2368677204,0.5,0,0.0,true
001,null,2785,1,1.531168867,0.3055851875,0.2974481519,0.5,1,0.0,true
001,null,2786,0,0.4713147982,0.3203790346,0.3076984812,0.5,0,0.0,true
001,null,2787,0,0.2550085689,0.3251622743,0.312481721,0.5,0,0.0,true
001,null,2788,1,2.063864022,0.3834652508,0.3753282153,0.5,1,0.0,true
001,null,2789,0,-0.6844808967,0.3358692863,0.3231887329,0.5,0,0.0,true
001,null,2790,1,0.45495908,0.3484730068,0.3403359712,0.5,0,0.0,true
001,null,2791,0,0.5027332667,0.3630957246,0.3504151712,0.5,0,0.0,true
001,null,2792,1,-0.6361674877,0.3170313922,0.3088943566,0.5,0,0.0,true
001,null,2793,1,-1.006029871,0.2484470765,0.240310041,0.5,0,0.0,true
001,null,2794,1,-1.094587272,0.178119346,0.1699823105,0.5,0,0.0,true
001,null,2795,1,0.6843544356,0.2070133938,0.1988763583,0.5,0,0.0,true
001,null,2796,1,-0.3069069319,0.184885985,0.1767489495,0.5,0,0.0,true
001,null,2797,0,1.388186868,0.2424871635,0.2298066102,0.5,0,0.0,true
001,null,2798,0,-0.2173528984,0.2245089054,0.2118283521,0.5,0,0.0,true
001,null,2799,1,-0.229415441,0.2060237779,0.1978867423,0.5,0,0.0,true
001,null,2800,1,-0.1482273327,0.1924159724,0.1842789368,0.5,1,0.0,true
001,null,2801,1,0.1766409576,0.1974350091,0.1892979735,0.5,1,0.0,true
001,null,2802,0,1.21813928,0.2512911537,0.2386106003,0.5,1,0.0,true
001,null,2803,0,-0.6115153392,0.2074012112,0.1947206579,0.5,0,0.0,true
001,null,2804,1,-0.3829299267,0.1790512955,0.17091426,0.5,1,0.0,true
001,null,2805,0,1.190066188,0.2336729493,0.2209923959,0.5,1,0.0,true
001,null,2806,1,-0.7761894425,0.1791775151,0.1710404795,0.5,0,0.0,true
001,null,2807,1,-1.207851802,0.09941275257,0.09127571699,0.5,1,0.0,true
001,null,2808,0,-2.050997513,-0.01782217973,-0.03050273307,0.5,0,0.0,true
001,null,2809,1,1.235617395,0.04490216006,0.03676512448,0.5,1,0.0,true
001,null,2810,1,1.732699402,0.1230770553,0.1149400197,0.5,0,0.0,true
001,null,2811,0,-2.021544223,0.01952305002,0.006842496684,0.5,1,0.0,true
001,null,2812,0,1.410040668,0.08032169212,0.06764113878,0.5,0,0.0,true
001,null,2813,0,-0.3466722145,0.06248565687,0.04980510353,0.5,0,0.0,true
001,null,2814,0,0.4834717483,0.0828283521,0.07014779876,0.5,0,0.0,true
001,null,2815,0,0.9094699331,0.1214140181,0.1087334647,0.5,0,0.0,true
001,null,2816,1,1.227214177,0.1709445388,0.1628075032,0.5,1,0.0,true
001,null,2817,1,0.3716787941,0.1835888473,0.1754518117,0.5,0,0.0,true
001,null,2818,0,-1.087040447,0.1231371659,0.1104566126,0.5,1,0.0,true
001,null,2819,0,1.185694003,0.1716557651,0.1589752118,0.5,1,0.0,true
001,null,2820,1,1.108206685,0.2144462363,0.2063092007,0.5,0,0.0,true
001,null,2821,1,0.6956158168,0.2396495579,0.2315125223,0.5,0,0.0,true
001,null,2822,1,-1.227095974,0.1681566685,0.1600196329,0.5,1,0.0,true
001,null,2823,0,1.353074616,0.219878737,0.2071981836,0.5,1,0.0,true
001,null,2824,0,0.6045365261,0.2409970796,0.2283165262,0.5,1,0.0,true
001,null,2825,1,-0.294805644,0.2202285432,0.2120915076,0.5,1,0.0,true
001,null,2826,1,1.316132829,0.2685418135,0.260404778,0.5,0,0.0,true
001,null,2827,1,0.3426691365,0.2776461158,0.2695090803,0.5,1,0.0,true
001,null,2828,0,-0.4800520068,0.2453179459,0.2326373926,0.5,0,0.0,true
001,null,2829,1,-1.142615845,0.1752640941,0.1671270585,0.5,0,0.0,true
001,null,2830,0,-0.5996336233,0.1393121621,0.1266316088,0.5,1,0.0,true
001,null,2831,0,-0.5859578057,0.1047928001,0.09211224678,0.5,1,0.0,true
001,null,2832,1,-0.2065039817,0.09126509484,0.08312805926,0.5,0,0.0,true
001,null,2833,1,0.4590912999,0.1128108687,0.1046738331,0.5,1,0.0,true
001,null,2834,0,-1.001188706,0.0538099117,0.04112935836,0.5,1,0.0,true
001,null,2835,0,0.3258483663,0.06992957937,0.05724902603,0.5,1,0.0,true
001,null,2836,0,1.301004445,0.1336338822,0.1209533288,0.5,1,0.0,true
001,null,2837,0,-0.226328272,0.11779682,0.1051162667,0.5,0,0.0,true
001,null,2838,1,-1.265896446,0.04242488176,0.03428784618,0.5,0,0.0,true
001,null,2839,0,-1.925525949,-0.0573820706,-0.07006262394,0.5,0,0.0,true
001,null,2840,1,-1.378316906,-0.119892561,-0.1280295966,0.5,1,0.0,true
001,null,2841,1,0.7911674856,-0.07653260908,-0.08466964466,0.5,1,0.0,true
001,null,2842,1,-0.3964056897,-0.09405405601,-0.1021910916,0.5,0,0.0,true
001,null,2843,0,0.6622918098,-0.05716518475,-0.06984573809,0.5,1,0.0,true
001,null,2844,1,0.3939489868,-0.03514267512,-0.0432797107,0.5,0,0.0,true
001,null,2845,1,-0.1278059179,-0.04100554547,-0.04914258106,0.5,0,0.0,true
001,null,2846,0,-0.1022196458,-0.04550724704,-0.05818780038,0.5,1,0.0,true
001,null,2847,1,0.9535657808,0.008547749341,0.0004107137574,0.5,0,0.0,true
001,null,2848,0,-2.738575983,-0.1190126223,-0.1316931756,0.5,0,0.0,true
001,null,2849,0,-0.6863997299,-0.1468429667,-0.15952352,0.5,0,0.0,true
001,null,2850,0,0.3063597911,-0.1281769255,-0.1408574788,0.5,0,0.0,true
001,null,2851,1,-0.02331260774,-0.1260728057,-0.1342098413,0.5,0,0.0,true
001,null,2852,0,0.2873845421,-0.1081980727,-0.120878626,0.5,0,0.0,true
001,null,2853,0,-0.1139013087,-0.1112864435,-0.1239669968,0.5,1,0.0,true
001,null,2854,1,-2.361601096,-0.2036654325,-0.2118024681,0.5,0,0.0,true
001,null,2855,0,0.5435115022,-0.1716528879,-0.1843334412,0.5,0,0.0,true
001,null,2856,0,0.3081115173,-0.1521076565,-0.1647882099,0.5,1,0.0,true
001,null,2857,1,-0.4960158039,-0.1717241334,-0.179861169,0.5,1,0.0,true
001,null,2858,0,0.9551075527,-0.1166036863,-0.1292842396,0.5,1,0.0,true
001,null,2859,0,1.128432798,-0.05488914739,-0.06756970073,0.5,0,0.0,true
001,null,2860,1,2.024391612,0.04385347266,0.03571643707,0.5,0,0.0,true
001,null,2861,0,-0.356160247,0.0259641316,0.01328357826,0.5,0,0.0,true
001,null,2862,1,-0.61139049,-0.00400102558,-0.01213806116,0.5,1,0.0,true
001,null,2863,0,0.1417561479,0.003019446201,-0.009661107138,0.5,1,0.0,true
001,null,2864,0,0.0009296357632,0.002989534105,-0.009691019235,0.5,0,0.0,true
001,null,2865,0,0.3686420163,0.02177137031,0.009090816971,0.5,0,0.0,true
001,null,2866,1,1.333907913,0.08709292585,0.07895589027,0.5,0,0.0,true
001,null,2867,1,-0.6010983928,0.05347538511,0.04533834953,0.5,1,0.0,true
001,null,2868,1,-0.1136245089,0.04616803862,0.03803100303,0.5,0,0.0,true
001,null,2869,0,1.439051464,0.1154448109,0.1027642576,0.5,0,0.0,true
001,null,2870,0,0.4518609854,0.1352642895,0.1225837361,0.5,1,0.0,true
001,null,2871,1,0.2197741565,0.1433007641,0.1351637285,0.5,1,0.0,true
001,null,2872,0,-1.555063007,0.05160753617,0.03892698283,0.5,0,0.0,true
001,null,2873,1,0.4415672708,0.07294368379,0.0648066482,0.5,1,0.0,true
001,null,2874,1,1.02709023,0.1221661054,0.1140290698,0.5,1,0.0,true
001,null,2875,1,-0.2262616824,0.1069166262,0.09877959057,0.5,0,0.0,true
001,null,2876,1,0.8980305962,0.1494942677,0.1413572321,0.5,1,0.0,true
001,null,2877,1,-0.1469715142,0.1376145135,0.1294774779,0.5,0,0.0,true
001,null,2878,0,0.02722122391,0.1356473284,0.1229667751,0.5,1,0.0,true
001,null,2879,1,1.501066356,0.2036795481,0.1955425126,0.5,1,0.0,true
001,null,2880,1,0.07580873197,0.2026470435,0.1945100079,0.5,0,0.0,true
001,null,2881,0,0.136930605,0.2051017286,0.1924211752,0.5,0,0.0,true
001,null,2882,0,0.03696222643,0.2020325767,0.1893520234,0.5,1,0.0,true
001,null,2883,1,1.280005577,0.2582766217,0.2501395861,0.5,1,0.0,true
001,null,2884,1,2.121695975,0.3281012003,0.3199641647,0.5,0,0.0,true
001,null,2885,0,0.3571792472,0.3371471392,0.3244665859,0.5,1,0.0,true
001,null,2886,1,-0.4077903377,0.3055838121,0.2974467765,0.5,0,0.0,true
001,null,2887,0,-0.2040718702,0.2864566481,0.2737760947,0.5,0,0.0,true
001,null,2888,0,-0.2860696211,0.2626839045,0.2500033511,0.5,1,0.0,true
001,null,2889,1,-0.6822509412,0.214138513,0.2060014774,0.5,1,0.0,true
001,null,2890,0,0.8328919561,0.2508288608,0.2381483074,0.5,1,0.0,true
001,null,2891,1,-1.251348998,0.1641597562,0.1560227206,0.5,0,0.0,true
001,null,2892,0,0.3396730258,0.1784442253,0.165763672,0.5,1,0.0,true
001,null,2893,1,0.4880928048,0.2003984846,0.192261449,0.5,1,0.0,true
001,null,2894,1,0.29390031,0.2118885279,0.2037514923,0.5,0,0.0,true
001,null,2895,0,-1.425421858,0.1132807933,0.10060024,0.5,0,0.0,true
001,null,2896,1,0.4098145245,0.1331833602,0.1250463247,0.5,1,0.0,true
001,null,2897,1,-0.3168700814,0.1108865624,0.1027495268,0.5,1,0.0,true
001,null,2898,1,1.037624733,0.1639636997,0.1558266641,0.5,1,0.0,true
001,null,2899,0,1.540760806,0.2323905469,0.2197099936,0.5,1,0.0,true
001,null,2900,0,-2.230785804,0.08821451656,0.07553396322,0.5,1,0.0,true
001,null,2901,1,0.09226704541,0.09060192471,0.08246488912,0.5,0,0.0,true
001,null,2902,0,-0.6733894669,0.05293241714,0.0402518638,0.5,0,0.0,true
001,null,2903,0,-0.1744786702,0.04243104391,0.02975049057,0.5,1,0.0,true
001,null,2904,1,1.791676544,0.1262624208,0.1181253853,0.5,0,0.0,true
001,null,2905,1,0.6447023002,0.1540238309,0.1458867953,0.5,1,0.0,true
001,null,2906,1,-1.097259433,0.09097895916,0.08284192358,0.5,0,0.0,true
001,null,2907,0,-2.560281936,-0.03629063447,-0.04897118781,0.5,0,0.0,true
001,null,2908,0,0.1735843026,-0.02750522933,-0.04018578267,0.5,0,0.0,true
001,null,2909,0,1.059604924,0.02180152037,0.009120967032,0.5,1,0.0,true
001,null,2910,1,-0.08143893245,0.01746310506,0.00932606948,0.5,1,0.0,true
001,null,2911,1,-1.053454463,-0.03238357986,-0.04052061544,0.5,1,0.0,true
001,null,2912,0,-0.239924839,-0.04295493329,-0.05563548663,0.5,1,0.0,true
001,null,2913,1,0.8774095326,0.001009684609,-0.007127350975,0.5,1,0.0,true
001,null,2914,1,-0.1184637613,-0.00484981471,-0.01298685029,0.5,0,0.0,true
001,null,2915,0,-0.5360359601,-0.03157839873,-0.04425895207,0.5,1,0.0,true
001,null,2916,1,0.04901549872,-0.02825470704,-0.03639174262,0.5,1,0.0,true
001,null,2917,1,0.5568663735,0.001843464923,-0.006293570661,0.5,1,0.0,true
001,null,2918,1,0.374470158,0.02181862325,0.01368158766,0.5,0,0.0,true
001,null,2919,0,-1.068030056,-0.0361227133,-0.04880326664,0.5,1,0.0,true
001,null,2920,1,0.7406612487,0.005048169798,-0.003088865786,0.5,0,0.0,true
001,null,2921,0,0.4703478065,0.03058042155,0.01789986821,0.5,1,0.0,true
001,null,2922,0,0.4065977346,0.05232243318,0.03964187984,0.5,0,0.0,true
001,null,2923,0,-2.31871546,-0.07021712157,-0.08289767491,0.5,1,0.0,true
001,null,2924,1,1.388171126,0.001557121213,-0.006579914371,0.5,1,0.0,true
001,null,2925,1,1.09255883,0.05395993818,0.04582290259,0.5,1,0.0,true
001,null,2926,0,0.9969858831,0.09936053219,0.08667997885,0.5,0,0.0,true
001,null,2927,0,2.482900408,0.1924335144,0.1797529611,0.5,0,0.0,true
001,null,2928,0,-0.05380594987,0.1851598687,0.1724793153,0.5,1,0.0,true
001,null,2929,1,0.01069004877,0.180958344,0.1728213085,0.5,0,0.0,true
001,null,2930,0,-0.4397740281,0.1551557185,0.1424751652,0.5,0,0.0,true
001,null,2931,1,-0.2742110032,0.1378894465,0.1297524109,0.5,1,0.0,true
001,null,2932,0,-0.6672807738,0.1006768527,0.08799629937,0.5,0,0.0,true
001,null,2933,1,0.542270646,0.1241693812,0.1160323456,0.5,0,0.0,true
001,null,2934,1,1.357937932,0.1813711618,0.1732341262,0.5,1,0.0,true
001,null,2935,1,-0.2396798087,0.1646511218,0.1565140863,0.5,0,0.0,true
001,null,2936,0,0.3081749969,0.175720415,0.1630398617,0.5,0,0.0,true
001,null,2937,1,0.2749426391,0.1851999747,0.1770629391,0.5,0,0.0,true
001,null,2938,0,-1.25353938,0.1089631395,0.09628258616,0.5,1,0.0,true
001,null,2939,1,-0.8750794838,0.05913867473,0.05100163914,0.5,0,0.0,true
001,null,2940,1,1.922275709,0.14470958,0.1365725445,0.5,0,0.0,true
001,null,2941,0,0.2233796195,0.1518541166,0.1391735632,0.5,1,0.0,true
001,null,2942,0,1.507946212,0.2121187175,0.1994381641,0.5,0,0.0,true
001,null,2943,1,1.499322783,0.2661968842,0.2580598486,0.5,1,0.0,true
001,null,2944,1,-0.3498352809,0.242079624,0.2339425884,0.5,1,0.0,true
001,null,2945,1,0.7611281018,0.2694308559,0.2612938203,0.5,1,0.0,true
001,null,2946,0,-0.1258111656,0.2562896463,0.243609093,0.5,0,0.0,true
001,null,2947,0,0.4519376009,0.2712942019,0.2586136486,0.5,0,0.0,true
001,null,2948,1,0.852014392,0.3026879516,0.2945509161,0.5,1,0.0,true
001,null,2949,1,-0.6474153728,0.2583771726,0.2502401371,0.5,0,0.0,true
001,null,2950,1,-0.4834529634,0.2248233786,0.216686343,0.5,0,0.0,true
001,null,2951,1,0.7793507277,0.256629407,0.2484923714,0.5,0,0.0,true
001,null,2952,1,0.8030945668,0.2883193414,0.2801823059,0.5,0,0.0,true
001,null,2953,1,-0.3440904305,0.261273583,0.2531365474,0.5,1,0.0,true
001,null,2954,0,-1.454700021,0.1628644749,0.1501839216,0.5,0,0.0,true
001,null,2955,1,-0.8192762564,0.1123949558,0.1042579202,0.5,1,0.0,true
001,null,2956,1,0.8993083247,0.1547118928,0.1465748572,0.5,0,0.0,true
001,null,2957,1,1.973676889,0.2327233387,0.2245863031,0.5,1,0.0,true
001,null,2958,0,-0.3332023488,0.2094784245,0.1967978712,0.5,0,0.0,true
001,null,2959,0,0.645955056,0.2348428099,0.2221622565,0.5,0,0.0,true
001,null,2960,1,-0.5345282392,0.199424808,0.1912877724,0.5,0,0.0,true
001,null,2961,1,-0.4567141125,0.1690915539,0.1609545183,0.5,0,0.0,true
001,null,2962,0,-2.884132931,0.00685079605,-0.005829757289,0.5,0,0.0,true
001,null,2963,0,-0.3788236937,-0.0105658152,-0.02324636854,0.5,0,0.0,true
001,null,2964,0,0.3174055455,0.004497677474,-0.008182875866,0.5,1,0.0,true
001,null,2965,0,-0.875380981,-0.03678155555,-0.04946210889,0.5,0,0.0,true
001,null,2966,1,-0.8028923948,-0.07342759133,-0.08156462691,0.5,0,0.0,true
001,null,2967,1,0.7438009919,-0.03489922059,-0.04303625618,0.5,1,0.0,true
001,null,2968,1,-1.505775579,-0.1027496262,-0.1108866618,0.5,0,0.0,true
001,null,2969,1,-0.5716081388,-0.1266426578,-0.1347796934,0.5,0,0.0,true
001,null,2970,0,0.6296868633,-0.09178205859,-0.1044626119,0.5,1,0.0,true
001,null,2971,0,-1.067053483,-0.1386406733,-0.1513212266,0.5,1,0.0,true
001,null,2972,1,2.082766241,-0.02886972053,-0.03700675611,0.5,1,0.0,true
001,null,2973,0,0.05181252138,-0.02574326016,-0.0384238135,0.5,0,0.0,true
001,null,2974,1,0.4329822035,-0.00454790775,-0.01268494333,0.5,0,0.0,true
001,null,2975,0,1.049095137,0.04522249685,0.03254194352,0.5,1,0.0,true
001,null,2976,1,0.1427113242,0.05096791403,0.04283087845,0.5,1,0.0,true
001,null,2977,0,0.3616090657,0.06742779423,0.05474724089,0.5,1,0.0,true
001,null,2978,0,0.6675163681,0.09851354724,0.0858329939,0.5,1,0.0,true
001,null,2979,1,-0.06067937447,0.09288227769,0.08474524211,0.5,1,0.0,true
001,null,2980,0,-1.275619929,0.02209273791,0.009412184566,0.5,0,0.0,true
001,null,2981,0,-2.042933163,-0.07641212239,-0.08909267573,0.5,1,0.0,true
001,null,2982,1,-2.190198478,-0.162736815,-0.1708738506,0.5,1,0.0,true
001,null,2983,0,-0.3846008959,-0.1752822894,-0.1879628427,0.5,0,0.0,true
001,null,2984,0,-0.7181658943,-0.2015070463,-0.2141875996,0.5,1,0.0,true
001,null,2985,1,0.495948221,-0.1724854903,-0.1806225259,0.5,0,0.0,true
001,null,2986,0,0.2437289894,-0.1563698031,-0.1690503564,0.5,0,0.0,true
001,null,2987,1,-0.5392648996,-0.1773623852,-0.1854994208,0.5,0,0.0,true
001,null,2988,1,-1.255593968,-0.2263833653,-0.2345204009,0.5,1,0.0,true
001,null,2989,0,1.791739543,-0.123920029,-0.1366005824,0.5,0,0.0,true
001,null,2990,0,-1.456963816,-0.180634117,-0.1933146704,0.5,0,0.0,true
001,null,2991,0,-0.4631833002,-0.196404649,-0.2090852023,0.5,0,0.0,true
001,null,2992,1,-0.5807899696,-0.217019825,-0.2251568606,0.5,1,0.0,true
001,null,2993,1,-0.4100003283,-0.2301934012,-0.2383304367,0.5,1,0.0,true
001,null,2994,0,-1.188406465,-0.2732577886,-0.285938342,0.5,1,0.0,true
001,null,2995,0,-0.7707101843,-0.2995000176,-0.312180571,0.5,1,0.0,true
001,null,2996,0,-0.7392788917,-0.3239051443,-0.3365856976,0.5,0,0.0,true
001,null,2997,1,-0.6739608385,-0.3452964872,-0.3534335228,0.5,1,0.0,true
001,null,2998,1,-0.04977719553,-0.3390375019,-0.3471745375,0.5,1,0.0,true
001,null,2999,1,0.4484501801,-0.305661812,-0.3137988476,0.5,0,0.0,true
001,null,3000,0,-0.6254436368,-0.3273440585,-0.3400246118,0.5,0,0.0,true
001,null,3001,0,0.08765317412,-0.314298119,-0.3269786723,0.5,1,0.0,true
001,null,3002,1,1.162766714,-0.2332384562,-0.2413754917,0.5,0,0.0,true
001,null,3003,1,0.6572805249,-0.1893719012,-0.1975089368,0.5,0,0.0,true
001,null,3004,1,1.21004864,-0.1133240264,-0.121461062,0.5,0,0.0,true
001,null,3005,1,-0.7065931566,-0.1464592558,-0.1545962914,0.5,1,0.0,true
001,null,3006,1,0.2723226735,-0.1276115916,-0.1357486272,0.5,0,0.0,true
001,null,3007,0,0.1899038465,-0.1136457429,-0.1263262963,0.5,0,0.0,true
001,null,3008,1,1.021263643,-0.05060962804,-0.05874666363,0.5,1,0.0,true
001,null,3009,1,-1.771073023,-0.1367476413,-0.1448846769,0.5,0,0.0,true
001,null,3010,0,-1.18219954,-0.188814312,-0.2014948653,0.5,1,0.0,true
001,null,3011,1,-0.7284878177,-0.2191007924,-0.227237828,0.5,0,0.0,true
001,null,3012,1,0.675290363,-0.1754545905,-0.1835916261,0.5,1,0.0,true
001,null,3013,0,1.45169413,-0.08772874312,-0.1004092965,0.5,0,0.0,true
001,null,3014,1,-0.3488262695,-0.1033413065,-0.111478342,0.5,1,0.0,true
001,null,3015,1,-0.7095814307,-0.1365927108,-0.1447297464,0.5,1,0.0,true
001,null,3016,0,1.39815237,-0.05474887751,-0.06742943085,0.5,0,0.0,true
001,null,3017,0,-1.289927122,-0.115784524,-0.1284650774,0.5,1,0.0,true
001,null,3018,0,-0.7588706444,-0.1496425573,-0.1623231106,0.5,0,0.0,true
001,null,3019,1,-0.3910689053,-0.1655112999,-0.1736483355,0.5,1,0.0,true
001,null,3020,0,-1.123744363,-0.2135571895,-0.2262377428,0.5,1,0.0,true
001,null,3021,1,0.2300331588,-0.1957443757,-0.2038814113,0.5,0,0.0,true
001,null,3022,1,-1.436670144,-0.2535158136,-0.2616528492,0.5,0,0.0,true
001,null,3023,1,0.302323102,-0.2307040295,-0.2388410651,0.5,1,0.0,true
001,null,3024,1,-0.8406254461,-0.2645642628,-0.2727012984,0.5,0,0.0,true
001,null,3025,0,-0.678573107,-0.2905534036,-0.3032339569,0.5,1,0.0,true
001,null,3026,0,0.1607185087,-0.2742223337,-0.286902887,0.5,1,0.0,true
001,null,3027,0,-0.8039055835,-0.3060975116,-0.3187780649,0.5,1,0.0,true
001,null,3028,1,1.918078166,-0.1715799347,-0.1797169703,0.5,1,0.0,true
001,null,3029,0,-0.7605145475,-0.2035978058,-0.2162783592,0.5,0,0.0,true
001,null,3030,0,-0.2555957072,-0.2114803566,-0.2241609099,0.5,0,0.0,true
001,null,3031,1,2.402026007,-0.06666182041,-0.074798856,0.5,0,0.0,true
001,null,3032,1,-1.168707372,-0.1172022552,-0.1253392908,0.5,0,0.0,true
001,null,3033,0,-0.1113402029,-0.1194952072,-0.1321757606,0.5,1,0.0,true
001,null,3034,1,-0.2859177477,-0.1301609225,-0.1382979581,0.5,1,0.0,true
001,null,3035,0,-2.121393911,-0.2103885954,-0.2230691488,0.5,1,0.0,true
001,null,3036,0,0.4265509772,-0.1845920304,-0.1972725838,0.5,0,0.0,true
001,null,3037,0,-0.2134765575,-0.1898265617,-0.202507115,0.5,0,0.0,true
001,null,3038,0,-0.7174650786,-0.2172039771,-0.2298845304,0.5,0,0.0,true
001,null,3039,1,1.627104395,-0.1240014655,-0.132138501,0.5,1,0.0,true
001,null,3040,0,-1.615844224,-0.186908446,-0.1995889994,0.5,0,0.0,true
001,null,3041,0,0.5450489325,-0.1560709288,-0.1687514822,0.5,0,0.0,true
001,null,3042,0,1.159120227,-0.09487209262,-0.107552646,0.5,1,0.0,true
001,null,3043,0,0.2793841789,-0.07924634436,-0.0919268977,0.5,0,0.0,true
001,null,3044,0,0.7485052063,-0.04080327636,-0.0534838297,0.5,0,0.0,true
001,null,3045,1,0.6902635096,-0.006151717651,-0.01428875324,0.5,1,0.0,true
001,null,3046,1,0.518240485,0.01943436029,0.0112973247,0.5,0,0.0,true
001,null,3047,1,1.238530237,0.07822571845,0.07008868287,0.5,0,0.0,true
001,null,3048,1,0.7507847361,0.1119995877,0.1038625522,0.5,1,0.0,true
001,null,3049,1,1.129696582,0.1608564555,0.15271942,0.5,1,0.0,true
001,null,3050,1,-1.227077889,0.09203006585,0.08389303027,0.5,0,0.0,true
001,null,3051,0,0.4266948754,0.1103176261,0.09763707278,0.5,0,0.0,true
001,null,3052,0,0.8597184933,0.1481948732,0.1355143198,0.5,0,0.0,true
001,null,3053,1,0.9310646278,0.1876582957,0.1795212601,0.5,0,0.0,true
001,null,3054,0,-0.4933088002,0.1567171982,0.1440366449,0.5,0,0.0,true
001,null,3055,0,-0.8732628186,0.1051209608,0.09244040742,0.5,0,0.0,true
001,null,3056,0,0.119870169,0.1086924918,0.09601193848,0.5,1,0.0,true
001,null,3057,1,-0.768263197,0.06361405443,0.05547701884,0.5,0,0.0,true
001,null,3058,0,-1.238268867,-0.0048677906,-0.01754834394,0.5,0,0.0,true
001,null,3059,1,-0.03875844287,-0.006807737837,-0.01494477342,0.5,1,0.0,true
001,null,3060,0,-1.882559363,-0.09945054195,-0.1121310953,0.5,0,0.0,true
001,null,3061,1,0.008646992801,-0.09649195626,-0.1046289918,0.5,0,0.0,true
001,null,3062,0,1.468000176,-0.01642607964,-0.02910663298,0.5,0,0.0,true
001,null,3063,1,-0.1411539337,-0.02315418426,-0.03129121985,0.5,0,0.0,true
001,null,3064,1,-1.632747507,-0.100453951,-0.1085909866,0.5,0,0.0,true
001,null,3065,1,0.4659867368,-0.07427414887,-0.08241118445,0.5,1,0.0,true
001,null,3066,1,-0.2206961312,-0.08351858774,-0.09165562332,0.5,1,0.0,true
001,null,3067,1,-0.06920425262,-0.08500125419,-0.09313828977,0.5,1,0.0,true
001,null,3068,1,-0.891332702,-0.1276567634,-0.135793799,0.5,0,0.0,true
001,null,3069,1,1.298827916,-0.05223284819,-0.06036988377,0.5,0,0.0,true
001,null,3070,1,0.5169343396,-0.02356077712,-0.0316978127,0.5,1,0.0,true
001,null,3071,1,1.045895352,0.03204692707,0.02390989149,0.5,1,0.0,true
001,null,3072,1,0.94104677,0.07941015793,0.07127312235,0.5,0,0.0,true
001,null,3073,1,0.07817756583,0.08155587413,0.07341883855,0.5,0,0.0,true
001,null,3074,0,-0.4768484309,0.05303570729,0.04035515395,0.5,0,0.0,true
001,null,3075,0,-1.558683339,-0.03283718169,-0.04551773503,0.5,1,0.0,true
001,null,3076,0,0.8079651079,0.0108817039,-0.001798849444,0.5,1,0.0,true
001,null,3077,0,-0.1608478395,0.001963061606,-0.01071749173,0.5,0,0.0,true
001,null,3078,0,0.2336424826,0.01475800491,0.002077451575,0.5,0,0.0,true
001,null,3079,1,-0.2341696428,0.001170965711,-0.006966069873,0.5,0,0.0,true
001,null,3080,0,0.0582763144,0.004508161363,-0.008172391976,0.5,0,0.0,true
001,null,3081,1,-2.207505946,-0.1091450024,-0.117282038,0.5,1,0.0,true
001,null,3082,1,1.347623917,-0.03398507785,-0.04212211343,0.5,1,0.0,true
001,null,3083,1,0.2428311675,-0.02062425655,-0.02876129213,0.5,0,0.0,true
001,null,3084,0,1.706363012,0.06463627845,0.05195572511,0.5,0,0.0,true
001,null,3085,1,1.044783986,0.11228971,0.1041526744,0.5,0,0.0,true
001,null,3086,1,0.1383670802,0.1163132573,0.1081762217,0.5,1,0.0,true
001,null,3087,0,1.705967493,0.1870726725,0.1743921192,0.5,0,0.0,true
001,null,3088,1,-0.5963217079,0.1518145475,0.1436775119,0.5,0,0.0,true
001,null,3089,1,-0.6071902641,0.1166280811,0.1084910455,0.5,0,0.0,true
001,null,3090,0,-0.1569410248,0.1056514266,0.09297087327,0.5,1,0.0,true
001,null,3091,0,0.5272194686,0.1294142141,0.1167336608,0.5,0,0.0,true
001,null,3092,0,0.6520387094,0.1587738885,0.1460933352,0.5,1,0.0,true
001,null,3093,0,0.1223789867,0.1612529645,0.1485724111,0.5,0,0.0,true
001,null,3094,0,1.718476626,0.2318715477,0.2191909943,0.5,0,0.0,true
001,null,3095,0,0.8702004566,0.2658709452,0.2531903919,0.5,0,0.0,true
001,null,3096,1,0.4013173495,0.2789035118,0.2707664762,0.5,1,0.0,true
001,null,3097,0,1.872363381,0.3394563626,0.3267758092,0.5,0,0.0,true
001,null,3098,1,1.078425558,0.3740840035,0.3659469679,0.5,0,0.0,true
001,null,3099,1,-0.03915856575,0.362643945,0.3545069094,0.5,1,0.0,true
001,null,3100,1,1.567702252,0.4082234955,0.4000864599,0.5,0,0.0,true
001,null,3101,1,-1.370414022,0.3159477958,0.3078107602,0.5,0,0.0,true
001,null,3102,1,1.122290177,0.3521282148,0.3439911793,0.5,1,0.0,true
001,null,3103,1,0.8992961665,0.3796075772,0.3714705416,0.5,1,0.0,true
001,null,3104,1,-0.5507700646,0.3407089493,0.3325719137,0.5,1,0.0,true
001,null,3105,1,0.6163162806,0.3593297573,0.3511927217,0.5,1,0.0,true
001,null,3106,0,0.8581902564,0.3863585469,0.3736779936,0.5,1,0.0,true
001,null,3107,0,0.3799890025,0.3944215453,0.3817409919,0.5,0,0.0,true
001,null,3108,1,-0.6101260709,0.3492428712,0.3411058356,0.5,0,0.0,true
001,null,3109,0,0.9076790004,0.3796894668,0.3670089135,0.5,0,0.0,true
001,null,3110,0,-0.4864057793,0.3420601757,0.3293796224,0.5,1,0.0,true
001,null,3111,1,-0.9027974829,0.2781523683,0.2700153327,0.5,1,0.0,true
001,null,3112,0,-1.034067197,0.2087341174,0.1960535641,0.5,1,0.0,true
001,null,3113,0,-0.3483836875,0.184043659,0.1713631056,0.5,0,0.0,true
001,null,3114,0,0.1075412301,0.1852388414,0.172558288,0.5,0,0.0,true
001,null,3115,0,0.06768414656,0.1843430642,0.1716625109,0.5,1,0.0,true
001,null,3116,0,1.110254829,0.2344769369,0.2217963835,0.5,1,0.0,true
001,null,3117,1,0.07311205997,0.2326746462,0.2245376107,0.5,1,0.0,true
001,null,3118,0,1.045561517,0.2778008199,0.2651202666,0.5,1,0.0,true
001,null,3119,1,0.2180661587,0.2829559833,0.2748189478,0.5,1,0.0,true
001,null,3120,0,1.550997556,0.3401660952,0.3274855418,0.5,0,0.0,true
001,null,3121,0,-0.2110543646,0.3192130036,0.3065324502,0.5,1,0.0,true
001,null,3122,1,-0.6091023707,0.2726285256,0.26449149,0.5,0,0.0,true
001,null,3123,0,-0.4962636241,0.2347271695,0.2220466162,0.5,0,0.0,true
001,null,3124,0,-1.483854864,0.1306527124,0.1179721591,0.5,0,0.0,true
001,null,3125,0,-0.1944809984,0.1161579603,0.1034774069,0.5,1,0.0,true
001,null,3126,1,0.3267996441,0.1317595712,0.1236225356,0.5,1,0.0,true
001,null,3127,0,-1.151933441,0.05726196422,0.04458141088,0.5,1,0.0,true
001,null,3128,1,-1.05733894,-0.005681252454,-0.01381828804,0.5,0,0.0,true
001,null,3129,0,-1.889484762,-0.1029977397,-0.115678293,0.5,1,0.0,true
001,null,3130,1,1.760239215,-0.006181061338,-0.01431809692,0.5,1,0.0,true
001,null,3131,1,-0.543701669,-0.03316046226,-0.04129749785,0.5,1,0.0,true
001,null,3132,0,-2.539202734,-0.1404686227,-0.153149176,0.5,1,0.0,true
001,null,3133,1,-0.04951802195,-0.1391565187,-0.1472935543,0.5,0,0.0,true
001,null,3134,0,0.4033882892,-0.1164029552,-0.1290835085,0.5,0,0.0,true
001,null,3135,1,0.6564351411,-0.08135365123,-0.08949068681,0.5,1,0.0,true
001,null,3136,0,-1.116513928,-0.1296590182,-0.1423395716,0.5,1,0.0,true
001,null,3137,0,-0.9912532514,-0.1704119206,-0.1830924739,0.5,1,0.0,true
001,null,3138,1,-1.500949349,-0.2271393685,-0.2352764041,0.5,0,0.0,true
001,null,3139,0,-0.06838671221,-0.2245991647,-0.2372797181,0.5,0,0.0,true
001,null,3140,0,-0.5365526613,-0.2433033257,-0.255983879,0.5,1,0.0,true
001,null,3141,0,-0.5725120948,-0.263350474,-0.2760310273,0.5,0,0.0,true
001,null,3142,0,1.253979842,-0.1862890427,-0.198969596,0.5,1,0.0,true
001,null,3143,0,-0.01154829301,-0.1821454176,-0.1948259709,0.5,0,0.0,true
001,null,3144,0,0.6927193638,-0.140471263,-0.1531518163,0.5,1,0.0,true
001,null,3145,0,1.999182305,-0.03051364614,-0.04319419947,0.5,1,0.0,true
001,null,3146,0,-1.049263858,-0.07826778889,-0.09094834223,0.5,1,0.0,true
001,null,3147,1,-0.3749670341,-0.09403977077,-0.1021768064,0.5,1,0.0,true
001,null,3148,1,0.1696732303,-0.08324324771,-0.09138028329,0.5,1,0.0,true
001,null,3149,0,1.993605653,0.01781766005,0.005137106713,0.5,0,0.0,true
001,null,3150,0,0.355383647,0.03406023768,0.02137968434,0.5,1,0.0,true
001,null,3151,1,0.6242207433,0.06280033037,0.05466329478,0.5,1,0.0,true
001,null,3152,1,1.201404102,0.1162684473,0.1081314117,0.5,0,0.0,true
001,null,3153,1,1.675233623,0.1831595726,0.175022537,0.5,1,0.0,true
001,null,3154,1,1.33832836,0.2323863554,0.2242493198,0.5,0,0.0,true
001,null,3155,0,1.502140191,0.2827848223,0.270104269,0.5,0,0.0,true
001,null,3156,0,-1.798888302,0.1820732451,0.1693926917,0.5,1,0.0,true
001,null,3157,1,-2.138999156,0.07727590882,0.06913887324,0.5,1,0.0,true
001,null,3158,1,-1.240475091,0.02330152425,0.01516448867,0.5,1,0.0,true
001,null,3159,0,0.01436240022,0.02330659957,0.01062604623,0.5,0,0.0,true
001,null,3160,0,1.317798183,0.07638218701,0.06370163367,0.5,1,0.0,true
001,null,3161,1,0.7739178783,0.1060629076,0.09792587202,0.5,0,0.0,true
001,null,3162,1,0.9294714996,0.1410701327,0.1329330972,0.5,1,0.0,true
001,null,3163,1,0.7403448204,0.1678933333,0.1597562977,0.5,0,0.0,true
001,null,3164,0,0.9215808792,0.2009588333,0.1882782799,0.5,1,0.0,true
001,null,3165,1,-0.6198334312,0.1670387245,0.1589016889,0.5,0,0.0,true
001,null,3166,0,-0.490979872,0.1398840426,0.1272034892,0.5,1,0.0,true
001,null,3167,1,0.002704527924,0.1364671247,0.1283300891,0.5,1,0.0,true
001,null,3168,1,1.280651488,0.1869841188,0.1788470833,0.5,1,0.0,true
001,null,3169,0,0.2218099989,0.1924585555,0.1797780022,0.5,1,0.0,true
001,null,3170,1,0.4128282752,0.2066424592,0.1985054237,0.5,1,0.0,true
001,null,3171,1,-0.04624082822,0.1991251982,0.1909881626,0.5,1,0.0,true
001,null,3172,0,1.236750894,0.247054288,0.2343737347,0.5,1,0.0,true
001,null,3173,0,-0.774391811,0.1992290046,0.1865484513,0.5,0,0.0,true
001,null,3174,0,0.2990942391,0.2087906097,0.1961100563,0.5,1,0.0,true
001,null,3175,1,0.1743709411,0.2123318309,0.2041947953,0.5,0,0.0,true
001,null,3176,1,0.4163032565,0.2278795553,0.2197425197,0.5,1,0.0,true
001,null,3177,0,-0.6178240741,0.1866640021,0.1739834488,0.5,1,0.0,true
001,null,3178,1,-1.642061383,0.08526905543,0.07713201984,0.5,1,0.0,true
001,null,3179,0,0.842654471,0.1246883057,0.1120077523,0.5,1,0.0,true
001,null,3180,1,0.2970147302,0.1367992697,0.1286622341,0.5,0,0.0,true
001,null,3181,0,0.3291518839,0.1505595617,0.1378790084,0.5,1,0.0,true
001,null,3182,0,-0.4958238597,0.1186069392,0.1059263858,0.5,0,0.0,true
001,null,3183,1,-1.741835898,0.01655903046,0.008421994879,0.5,0,0.0,true
001,null,3184,1,0.8031808639,0.05741716023,0.04928012465,0.5,1,0.0,true
001,null,3185,0,-1.787216567,-0.0358228488,-0.04850340214,0.5,0,0.0,true
001,null,3186,0,-0.6054506697,-0.06467924007,-0.07735979341,0.5,0,0.0,true
001,null,3187,1,1.43831056,0.009763570519,0.001626534935,0.5,1,0.0,true
001,null,3188,1,1.355919719,0.07362861077,0.06549157519,0.5,0,0.0,true
001,null,3189,0,-0.1102888977,0.06636099691,0.05368044357,0.5,0,0.0,true
001,null,3190,0,0.06737796705,0.06804667001,0.05536611667,0.5,1,0.0,true
001,null,3191,1,0.588648893,0.09568958773,0.08755255215,0.5,0,0.0,true
001,null,3192,1,-0.2155730582,0.08190450723,0.07376747165,0.5,1,0.0,true
001,null,3193,1,-1.021768475,0.02443138634,0.01629435076,0.5,1,0.0,true
001,null,3194,1,-0.3245571278,0.00648368198,-0.001653353604,0.5,1,0.0,true
001,null,3195,1,0.1748608697,0.01584473012,0.007707694537,0.5,1,0.0,true
001,null,3196,1,-1.855937302,-0.08013296866,-0.08827000424,0.5,0,0.0,true
001,null,3197,0,-0.3186660996,-0.09442863469,-0.107109188,0.5,0,0.0,true
001,null,3198,1,-1.320830742,-0.1548880478,-0.1630250833,0.5,1,0.0,true
001,null,3199,0,0.4699749405,-0.1257219961,-0.1384025495,0.5,0,0.0,true
001,null,3200,0,1.60776097,-0.03464273253,-0.04732328587,0.5,0,0.0,true
001,null,3201,1,-0.6753703325,-0.06737477517,-0.07551181076,0.5,0,0.0,true
001,null,3202,1,0.5122685648,-0.03893671726,-0.04707375284,0.5,1,0.0,true
001,null,3203,1,0.5122275795,-0.01091422971,-0.01905126529,0.5,1,0.0,true
001,null,3204,1,-0.7512892473,-0.05010607694,-0.05824311252,0.5,1,0.0,true
001,null,3205,1,0.3319524172,-0.03077000577,-0.03890704136,0.5,1,0.0,true
001,null,3206,0,1.703375068,0.05924947102,0.04656891768,0.5,1,0.0,true
001,null,3207,0,0.7255312285,0.09436696876,0.08168641542,0.5,0,0.0,true
001,null,3208,0,1.407591022,0.1579487101,0.1452681568,0.5,0,0.0,true
001,null,3209,0,-0.595570097,0.122118792,0.1094382387,0.5,1,0.0,true
001,null,3210,1,1.125321915,0.1720847211,0.1639476855,0.5,1,0.0,true
001,null,3211,0,0.4194587569,0.1886276842,0.1759471308,0.5,1,0.0,true
001,null,3212,1,-0.1321265593,0.1767545826,0.1686175471,0.5,1,0.0,true
001,null,3213,1,0.9299040026,0.2173780086,0.209240973,0.5,1,0.0,true
001,null,3214,1,-0.5417077557,0.1808147199,0.1726776844,0.5,0,0.0,true
001,null,3215,1,-0.1237974637,0.169300994,0.1611639585,0.5,1,0.0,true
001,null,3216,0,-0.09726951204,0.1594414737,0.1467609203,0.5,1,0.0,true
001,null,3217,0,1.744001104,0.2339766315,0.2212960781,0.5,1,0.0,true
001,null,3218,0,-2.984319071,0.05314079338,0.04046024004,0.5,0,0.0,true
001,null,3219,0,-0.2662183485,0.03971267964,0.0270321263,0.5,1,0.0,true
001,null,3220,1,-1.865489794,-0.04442600826,-0.05256304384,0.5,0,0.0,true
001,null,3221,1,-1.41934759,-0.1022053123,-0.1103423479,0.5,1,0.0,true
001,null,3222,0,-0.3709320468,-0.1155408302,-0.1282213835,0.5,0,0.0,true
001,null,3223,0,0.4358959482,-0.09274945259,-0.1054300059,0.5,0,0.0,true
001,null,3224,0,1.571970125,-0.01758789083,-0.03026844417,0.5,0,0.0,true
001,null,3225,0,1.565575712,0.05041106786,0.03773051452,0.5,0,0.0,true
001,null,3226,0,0.4904435489,0.07027244155,0.05759188822,0.5,0,0.0,true
001,null,3227,1,-0.4725273498,0.04716638689,0.03902935131,0.5,1,0.0,true
001,null,3228,1,0.2854164581,0.05890062796,0.05076359238,0.5,1,0.0,true
001,null,3229,0,-0.2930107157,0.04362813242,0.03094757908,0.5,0,0.0,true
001,null,3230,0,0.2280017874,0.05337623158,0.04069567824,0.5,0,0.0,true
001,null,3231,0,1.909166254,0.1343810069,0.1217004535,0.5,1,0.0,true
001,null,3232,1,0.0658754057,0.1340244042,0.1258873686,0.5,0,0.0,true
001,null,3233,0,0.525534796,0.1546962005,0.1420156471,0.5,1,0.0,true
001,null,3234,1,0.7614303075,0.1852419817,0.1771049461,0.5,0,0.0,true
001,null,3235,1,-0.6090710758,0.1492780531,0.1411410175,0.5,0,0.0,true
001,null,3236,0,0.5315659871,0.1708687755,0.1581882221,0.5,0,0.0,true
001,null,3237,1,-1.292157922,0.09663444662,0.08849741104,0.5,1,0.0,true
001,null,3238,0,0.584642528,0.1224469123,0.1097663589,0.5,1,0.0,true
001,null,3239,1,1.536995371,0.1865927681,0.1784557325,0.5,0,0.0,true
001,null,3240,0,2.165749303,0.2605400404,0.2478594871,0.5,0,0.0,true
001,null,3241,0,0.2493849343,0.2649957366,0.2523151833,0.5,1,0.0,true
001,null,3242,1,-0.1159053299,0.2527841125,0.2446470769,0.5,1,0.0,true
001,null,3243,0,2.425908218,0.3218273145,0.3091467612,0.5,0,0.0,true
001,null,3244,0,-0.1319203633,0.3078113671,0.2951308138,0.5,1,0.0,true
001,null,3245,1,0.732443862,0.3293152357,0.3211782001,0.5,1,0.0,true
001,null,3246,0,1.092204338,0.3618410091,0.3491604558,0.5,1,0.0,true
001,null,3247,1,-0.9094102745,0.3060296015,0.297892566,0.5,1,0.0,true
001,null,3248,1,1.577509875,0.3527119318,0.3445748962,0.5,1,0.0,true
001,null,3249,0,-1.29796304,0.2763363248,0.2636557715,0.5,1,0.0,true
001,null,3250,1,1.232327631,0.3148810308,0.3067439952,0.5,0,0.0,true
001,null,3251,0,-0.9053787933,0.2625212717,0.2498407184,0.5,1,0.0,true
001,null,3252,1,-0.2083757258,0.246320719,0.2381836834,0.5,0,0.0,true
001,null,3253,1,0.04655015999,0.2422112031,0.2340741675,0.5,1,0.0,true
001,null,3254,0,0.3402741699,0.2514700626,0.2387895093,0.5,0,0.0,true
001,null,3255,1,-2.192670757,0.1259664362,0.1178294006,0.5,0,0.0,true
001,null,3256,1,0.3987174868,0.1401680208,0.1320309852,0.5,1,0.0,true
001,null,3257,0,0.9820799831,0.1779923381,0.1653117848,0.5,0,0.0,true
001,null,3258,0,-0.6719986707,0.141216098,0.1285355447,0.5,1,0.0,true
001,null,3259,0,0.5713579834,0.1632016258,0.1505210725,0.5,1,0.0,true
001,null,3260,0,0.8389037342,0.1959340451,0.1832534918,0.5,0,0.0,true
001,null,3261,1,-0.2417594784,0.1790969196,0.170959884,0.5,1,0.0,true
001,null,3262,0,1.750390503,0.2433671016,0.2306865483,0.5,1,0.0,true
001,null,3263,1,-2.249157831,0.118399459,0.1102624235,0.5,1,0.0,true
001,null,3264,0,-0.8505642004,0.07713696126,0.06445640792,0.5,1,0.0,true
001,null,3265,0,-0.7367422154,0.04212376573,0.02944321239,0.5,0,0.0,true
001,null,3266,0,-2.056192357,-0.04746051479,-0.06014106813,0.5,1,0.0,true
001,null,3267,1,-0.2131866204,-0.05529801273,-0.06343504832,0.5,0,0.0,true
001,null,3268,0,0.07196372008,-0.05074904656,-0.0634295999,0.5,1,0.0,true
001,null,3269,1,0.7176783903,-0.01712434461,-0.02526138019,0.5,1,0.0,true
001,null,3270,1,-0.459033897,-0.03741925527,-0.04555629086,0.5,0,0.0,true
001,null,3271,0,0.1022396078,-0.03171132385,-0.04439187719,0.5,1,0.0,true
001,null,3272,0,1.484139127,0.03800967036,0.02532911702,0.5,1,0.0,true
001,null,3273,0,0.701247794,0.0690234522,0.05634289886,0.5,0,0.0,true
001,null,3274,1,-1.178633388,0.01112102843,0.002983992847,0.5,0,0.0,true
001,null,3275,0,1.359133521,0.07200935816,0.05932880482,0.5,0,0.0,true
001,null,3276,0,1.283742251,0.1254772684,0.1127967151,0.5,0,0.0,true
001,null,3277,0,-0.2591571826,0.1101993516,0.09751879824,0.5,0,0.0,true
001,null,3278,0,-0.9103612426,0.06326659924,0.0505860459,0.5,1,0.0,true
001,null,3279,1,1.048435454,0.1088656736,0.100728638,0.5,0,0.0,true
001,null,3280,0,-0.3586593043,0.08876481347,0.07608426013,0.5,0,0.0,true
001,null,3281,1,-0.5840322258,0.05759104584,0.04945401025,0.5,1,0.0,true
001,null,3282,1,-0.999694682,0.006393972833,-0.001743062751,0.5,1,0.0,true
001,null,3283,1,0.5208746782,0.03189646222,0.02375942664,0.5,0,0.0,true
001,null,3284,0,-1.88709196,-0.05927558236,-0.0719561357,0.5,1,0.0,true
001,null,3285,0,0.5191593593,-0.03277350703,-0.04545406036,0.5,1,0.0,true
001,null,3286,0,0.2913264192,-0.01771684985,-0.03039740318,0.5,1,0.0,true
001,null,3287,1,1.980020763,0.0745433275,0.06640629192,0.5,0,0.0,true
001,null,3288,1,0.4663596049,0.09403941713,0.08590238155,0.5,1,0.0,true
001,null,3289,1,-1.350166467,0.02605722979,0.01792019421,0.5,1,0.0,true
001,null,3290,1,0.6023019778,0.0533488394,0.04521180381,0.5,1,0.0,true
001,null,3291,1,-0.5600698228,0.02495906147,0.01682202589,0.5,0,0.0,true
001,null,3292,1,-0.4574924653,0.001967783764,-0.00616925182,0.5,1,0.0,true
001,null,3293,0,0.3891249503,0.02124483274,0.008564279396,0.5,0,0.0,true
001,null,3294,1,-0.04150217707,0.01859042348,0.0104533879,0.5,0,0.0,true
001,null,3295,1,-1.133432993,-0.03978320827,-0.04792024385,0.5,1,0.0,true
001,null,3296,1,-0.8083980236,-0.07932169571,-0.0874587313,0.5,1,0.0,true
001,null,3297,1,1.049528994,-0.02177456612,-0.02991160171,0.5,0,0.0,true
001,null,3298,1,-0.9207815304,-0.06766750283,-0.07580453842,0.5,0,0.0,true
001,null,3299,1,-0.03598903316,-0.0678331141,-0.07597014969,0.5,1,0.0,true
001,null,3300,1,-1.370296135,-0.1326286858,-0.1407657214,0.5,0,0.0,true
001,null,3301,1,0.07491759722,-0.1253349011,-0.1334719366,0.5,1,0.0,true
001,null,3302,0,0.3600105493,-0.1024745815,-0.1151551348,0.5,1,0.0,true
001,null,3303,0,-0.2881735741,-0.1153883006,-0.128068854,0.5,0,0.0,true
001,null,3304,0,0.9516625465,-0.05746481176,-0.0701453651,0.5,0,0.0,true
001,null,3305,0,0.7754306048,-0.01236853602,-0.02504908936,0.5,1,0.0,true
001,null,3306,0,0.905174189,0.03800445395,0.02532390061,0.5,0,0.0,true
001,null,3307,1,-0.5078505756,0.008332237528,0.0001952019442,0.5,0,0.0,true
001,null,3308,1,0.8192795375,0.05396305092,0.04582601534,0.5,1,0.0,true
001,null,3309,0,1.051750315,0.109261535,0.09658098163,0.5,1,0.0,true
001,null,3310,0,0.356687491,0.1263264211,0.1136458677,0.5,1,0.0,true
001,null,3311,1,1.086542527,0.1794165888,0.1712795532,0.5,0,0.0,true
001,null,3312,1,-0.1285899234,0.1673811481,0.1592441126,0.5,1,0.0,true
001,null,3313,0,-0.3521740434,0.1417477756,0.1290672223,0.5,1,0.0,true
001,null,3314,0,-0.2696972121,0.1215775662,0.1088970128,0.5,1,0.0,true
001,null,3315,1,0.1428439212,0.1272129245,0.1190758889,0.5,1,0.0,true
001,null,3316,1,-0.2320882578,0.109078159,0.1009411234,0.5,0,0.0,true
001,null,3317,1,1.09639404,0.1689957285,0.1608586929,0.5,1,0.0,true
001,null,3318,0,0.5368209408,0.1964504653,0.183769912,0.5,1,0.0,true
001,null,3319,1,-0.9332190363,0.127054825,0.1189177894,0.5,1,0.0,true
001,null,3320,1,0.6863082042,0.1644114822,0.1562744466,0.5,0,0.0,true
001,null,3321,1,1.021256601,0.2166111667,0.2084741311,0.5,1,0.0,true
001,null,3322,1,-0.5165947602,0.1766585305,0.1685214949,0.5,0,0.0,true
001,null,3323,0,-0.8813601811,0.112196134,0.09951558068,0.5,0,0.0,true
001,null,3324,0,0.3219786038,0.129332113,0.1166515597,0.5,0,0.0,true
001,null,3325,0,0.5570107112,0.1602324071,0.1475518538,0.5,0,0.0,true
001,null,3326,0,0.2613985245,0.1728998215,0.1602192681,0.5,0,0.0,true
001,null,3327,1,-2.102215929,0.02255939375,0.01442235817,0.5,0,0.0,true
001,null,3328,1,1.035838663,0.07966124349,0.07152420791,0.5,0,0.0,true
001,null,3329,1,-0.5442050406,0.04569392713,0.03755689154,0.5,1,0.0,true
001,null,3330,1,-0.3272378432,0.02520088768,0.0170638521,0.5,1,0.0,true
001,null,3331,0,0.5449716703,0.05671537722,0.04403482388,0.5,1,0.0,true
001,null,3332,1,0.1255222821,0.06290175396,0.05476471838,0.5,0,0.0,true
001,null,3333,0,-0.01456741429,0.06039708726,0.04771653392,0.5,0,0.0,true
001,null,3334,1,1.57031645,0.1455636771,0.1374266415,0.5,0,0.0,true
001,null,3335,1,1.267760557,0.2063670973,0.1982300617,0.5,1,0.0,true
001,null,3336,1,-0.8648438161,0.1470151722,0.1388781366,0.5,0,0.0,true
001,null,3337,0,-0.03169158,0.1414381762,0.1287576229,0.5,0,0.0,true
001,null,3338,1,0.7009347579,0.1767411924,0.1686041568,0.5,1,0.0,true
001,null,3339,0,-0.4389084852,0.1447519357,0.1320713823,0.5,1,0.0,true
001,null,3340,1,-0.6926398316,0.09673668717,0.08859965159,0.5,1,0.0,true
001,null,3341,0,-0.07137099315,0.08984467455,0.07716412121,0.5,1,0.0,true
001,null,3342,0,-0.2671087712,0.07037933698,0.05769878364,0.5,1,0.0,true
001,null,3343,1,-0.7596470142,0.01872067978,0.0105836442,0.5,1,0.0,true
001,null,3344,0,0.9581737079,0.07772550171,0.06504494837,0.5,1,0.0,true
001,null,3345,0,1.820957718,0.1709531172,0.1582725639,0.5,1,0.0,true
001,null,3346,1,2.267384773,0.2574046756,0.24926764,0.5,0,0.0,true
001,null,3347,0,-0.3532900964,0.231874991,0.2191944377,0.5,0,0.0,true
001,null,3348,0,0.5575386741,0.2532564667,0.2405759134,0.5,1,0.0,true
001,null,3349,1,-1.729705804,0.142163754,0.1340267184,0.5,0,0.0,true
001,null,3350,0,-0.883773593,0.09175468643,0.07907413309,0.5,1,0.0,true
001,null,3351,0,0.7661178352,0.1267103786,0.1140298253,0.5,0,0.0,true
001,null,3352,0,0.3135990738,0.1393563652,0.1266758118,0.5,1,0.0,true
001,null,3353,1,-0.7551224792,0.09436480332,0.08622776773,0.5,1,0.0,true
001,null,3354,0,0.02809461357,0.09347515699,0.08079460365,0.5,0,0.0,true
001,null,3355,1,-0.2683271022,0.07622736075,0.06809032517,0.5,1,0.0,true
001,null,3356,0,0.1535885199,0.08285917792,0.07017862458,0.5,0,0.0,true
001,null,3357,1,-0.3059138756,0.06295695762,0.05481992204,0.5,1,0.0,true
001,null,3358,1,-0.7154659706,0.01890658985,0.01076955427,0.5,1,0.0,true
001,null,3359,0,0.3824140605,0.04091813376,0.02823758042,0.5,1,0.0,true
001,null,3360,0,0.8874250647,0.09105713701,0.07837658367,0.5,0,0.0,true
001,null,3361,0,0.7382623793,0.1307953449,0.1181147916,0.5,1,0.0,true
001,null,3362,1,-1.792152749,0.0166256489,0.00848861332,0.5,0,0.0,true
001,null,3363,0,0.5092212623,0.04440434643,0.03172379309,0.5,1,0.0,true
001,null,3364,1,0.03625913093,0.04534772329,0.03721068771,0.5,0,0.0,true
001,null,3365,1,1.081964061,0.1034852135,0.0953481779,0.5,0,0.0,true
001,null,3366,1,0.6798932165,0.1380504049,0.1299133693,0.5,0,0.0,true
001,null,3367,1,-0.5355269171,0.1022777935,0.09414075796,0.5,1,0.0,true
001,null,3368,1,-1.831633,-0.008113858403,-0.01625089399,0.5,0,0.0,true
001,null,3369,1,-0.7373065256,-0.0475179443,-0.05565497988,0.5,1,0.0,true
001,null,3370,1,0.7402793179,-0.005294749118,-0.0134317847,0.5,1,0.0,true
001,null,3371,0,0.1526421488,0.003354603511,-0.009325949828,0.5,1,0.0,true
001,null,3372,1,1.19373015,0.06844203973,0.06030500415,0.5,0,0.0,true
001,null,3373,0,-0.2022477903,0.05528436367,0.04260381033,0.5,1,0.0,true
001,null,3374,1,0.6084779575,0.08781535564,0.07967832006,0.5,0,0.0,true
001,null,3375,1,1.312090721,0.1533659298,0.1452288942,0.5,1,0.0,true
001,null,3376,1,-0.3036307345,0.131908458,0.1237714224,0.5,1,0.0,true
001,null,3377,0,-0.7253177455,0.08508609599,0.07240554265,0.5,1,0.0,true
001,null,3378,1,-0.3710016031,0.06098642637,0.05284939079,0.5,0,0.0,true
001,null,3379,1,1.677195972,0.1455459284,0.1374088928,0.5,1,0.0,true
001,null,3380,1,-0.09629532392,0.1364441039,0.1283070683,0.5,1,0.0,true
001,null,3381,1,-0.09036225825,0.1277796807,0.1196426451,0.5,0,0.0,true
001,null,3382,1,-0.241058402,0.1101624065,0.1020253709,0.5,0,0.0,true
001,null,3383,1,3.010600525,0.2241700267,0.2160329911,0.5,0,0.0,true
001,null,3384,1,-0.4354089524,0.1967561526,0.188619117,0.5,1,0.0,true
001,null,3385,0,-0.4575573375,0.1685130986,0.1558325452,0.5,1,0.0,true
001,null,3386,0,0.103628744,0.169383598,0.1567030446,0.5,0,0.0,true
001,null,3387,0,0.5742215111,0.1928852187,0.1802046654,0.5,1,0.0,true
001,null,3388,0,1.706887027,0.2574001934,0.2447196401,0.5,1,0.0,true
001,null,3389,0,-0.0879600915,0.2464607174,0.2337801641,0.5,0,0.0,true
001,null,3390,1,-0.9391379019,0.1880385456,0.17990151,0.5,1,0.0,true
001,null,3391,0,-0.6876001857,0.1462838745,0.1336033212,0.5,0,0.0,true
001,null,3392,1,0.07605460313,0.1465022697,0.1383652342,0.5,0,0.0,true
001,null,3393,0,0.7256456601,0.1787603576,0.1660798043,0.5,1,0.0,true
001,null,3394,0,3.265090778,0.2751461009,0.2624655476,0.5,1,0.0,true
001,null,3395,1,1.078731537,0.308314754,0.3001777184,0.5,1,0.0,true
001,null,3396,1,-0.9546935184,0.2545258104,0.2463887749,0.5,1,0.0,true
001,null,3397,1,-1.753826897,0.1616346191,0.1534975835,0.5,1,0.0,true
001,null,3398,1,0.7401305277,0.1872471436,0.179110108,0.5,0,0.0,true
001,null,3399,1,0.2699061397,0.1939336176,0.185796582,0.5,1,0.0,true
001,null,3400,1,-0.03824061879,0.1873203679,0.1791833323,0.5,1,0.0,true
001,null,3401,0,1.989654968,0.253186653,0.2405060996,0.5,1,0.0,true
001,null,3402,0,-0.1886611359,0.2384475221,0.2257669687,0.5,0,0.0,true
001,null,3403,1,2.301115275,0.3043141869,0.2961771513,0.5,1,0.0,true
001,null,3404,1,0.08460702864,0.3000772137,0.2919401781,0.5,0,0.0,true
001,null,3405,1,0.2691543468,0.3035216117,0.2953845761,0.5,0,0.0,true
001,null,3406,1,-1.319835298,0.2308546882,0.2227176526,0.5,0,0.0,true
001,null,3407,0,-0.946702646,0.1810293078,0.1683487544,0.5,1,0.0,true
001,null,3408,1,-0.1480801428,0.1699077645,0.1617707289,0.5,0,0.0,true
001,null,3409,0,0.152518656,0.1723559502,0.1596753969,0.5,1,0.0,true
001,null,3410,1,0.2705370455,0.1801392219,0.1720021863,0.5,1,0.0,true
001,null,3411,1,0.3899319424,0.1932744558,0.1851374202,0.5,0,0.0,true
001,null,3412,1,-1.865071229,0.09155668049,0.08341964491,0.5,1,0.0,true
001,null,3413,0,0.3193007949,0.1036437061,0.09096315275,0.5,0,0.0,true
001,null,3414,1,1.247319652,0.1543234671,0.1461864315,0.5,0,0.0,true
001,null,3415,0,1.736515885,0.2174768836,0.2047963303,0.5,1,0.0,true
001,null,3416,0,0.4444050876,0.2310120842,0.2183315309,0.5,0,0.0,true
001,null,3417,0,-0.7774674402,0.1871098673,0.1744293139,0.5,1,0.0,true
001,null,3418,0,0.2055480539,0.1917556436,0.1790750902,0.5,1,0.0,true
001,null,3419,1,0.8208999871,0.2226472287,0.2145101931,0.5,1,0.0,true
001,null,3420,0,-0.04182863756,0.2149858963,0.202305343,0.5,1,0.0,true
001,null,3421,0,1.313298872,0.2635703256,0.2508897723,0.5,0,0.0,true
001,null,3422,0,-1.166266924,0.1939446217,0.1812640684,0.5,1,0.0,true
001,null,3423,1,0.291540602,0.2027479081,0.1946108725,0.5,0,0.0,true
001,null,3424,1,-0.1080843855,0.1921997668,0.1840627312,0.5,1,0.0,true
001,null,3425,1,-0.7594769875,0.1465379387,0.1384009032,0.5,1,0.0,true
001,null,3426,1,-0.3643285045,0.1236615626,0.1155245271,0.5,0,0.0,true
001,null,3427,0,-1.211542799,0.05466678148,0.04198622814,0.5,1,0.0,true
001,null,3428,0,0.3892101166,0.07317382226,0.06049326892,0.5,0,0.0,true
001,null,3429,0,0.5201874096,0.09814938049,0.08546882715,0.5,1,0.0,true
001,null,3430,1,0.0150123746,0.09647379038,0.0883367548,0.5,0,0.0,true
001,null,3431,1,-0.02547677653,0.09261844363,0.08448140804,0.5,0,0.0,true
001,null,3432,1,2.754606037,0.2021715081,0.1940344726,0.5,1,0.0,true
001,null,3433,0,0.1913057232,0.2060160737,0.1933355204,0.5,1,0.0,true
001,null,3434,0,-0.4607496175,0.1773444957,0.1646639424,0.5,0,0.0,true
001,null,3435,1,0.9213687425,0.2143983356,0.2062613,0.5,0,0.0,true
001,null,3436,0,-1.655903147,0.1179266089,0.1052460555,0.5,0,0.0,true
001,null,3437,1,0.3112726858,0.129679262,0.1215422264,0.5,1,0.0,true
001,null,3438,1,-1.010160656,0.07462265933,0.06648562374,0.5,1,0.0,true
001,null,3439,1,0.4968889564,0.09674456354,0.08860752796,0.5,0,0.0,true
001,null,3440,0,1.040281859,0.1429192388,0.1302386855,0.5,1,0.0,true
001,null,3441,0,0.6824449441,0.171687754,0.1590072007,0.5,1,0.0,true
001,null,3442,1,0.9137766316,0.2095345424,0.2013975068,0.5,0,0.0,true
001,null,3443,1,0.03514105689,0.2060266652,0.1978896296,0.5,0,0.0,true
001,null,3444,0,0.1253424999,0.2073224384,0.194641885,0.5,0,0.0,true
001,null,3445,1,0.02503625263,0.2034217401,0.1952847045,0.5,1,0.0,true
001,null,3446,0,-0.459809146,0.1716742387,0.1589936853,0.5,0,0.0,true
001,null,3447,0,1.103332771,0.2212293509,0.2085487975,0.5,0,0.0,true
001,null,3448,1,-0.3966750782,0.1925356987,0.1843986631,0.5,1,0.0,true
001,null,3449,0,1.219231793,0.2455776552,0.2328971019,0.5,0,0.0,true
001,null,3450,1,-1.194144122,0.1654571199,0.1573200844,0.5,1,0.0,true
001,null,3451,1,0.2714826237,0.17578578,0.1676487445,0.5,0,0.0,true
001,null,3452,0,0.890717581,0.2160568762,0.2033763229,0.5,1,0.0,true
001,null,3453,0,-0.1407663101,0.2025363505,0.1898557971,0.5,0,0.0,true
001,null,3454,0,-0.9608111369,0.1377876578,0.1251071045,0.5,0,0.0,true
001,null,3455,1,0.4278226379,0.1579329806,0.149795945,0.5,0,0.0,true
001,null,3456,0,0.1005162624,0.1597695878,0.1470890345,0.5,0,0.0,true
001,null,3457,1,-2.107521646,0.02526946369,0.01713242811,0.5,0,0.0,true
001,null,3458,1,0.3644724367,0.04401838351,0.03588134792,0.5,0,0.0,true
001,null,3459,0,1.558970684,0.1199334832,0.1072529299,0.5,0,0.0,true
001,null,3460,0,0.6917121079,0.1512644679,0.1385839146,0.5,1,0.0,true
001,null,3461,1,-0.2589415476,0.1333996317,0.1252625961,0.5,0,0.0,true
001,null,3462,1,1.124874867,0.1845200396,0.176383004,0.5,0,0.0,true
001,null,3463,1,-0.7543553707,0.1369197774,0.1287827419,0.5,1,0.0,true
001,null,3464,0,0.4046289585,0.1547300665,0.1420495132,0.5,1,0.0,true
001,null,3465,1,1.682608972,0.2254117064,0.2172746708,0.5,0,0.0,true
001,null,3466,1,-1.021551377,0.1613668046,0.153229769,0.5,1,0.0,true
001,null,3467,1,0.4720934044,0.1809492927,0.1728122571,0.5,0,0.0,true
001,null,3468,1,-0.1633700952,0.1674965849,0.1593595493,0.5,0,0.0,true
001,null,3469,1,1.365905369,0.2258492936,0.217712258,0.5,1,0.0,true
001,null,3470,0,0.06146553336,0.2233871859,0.2107066325,0.5,1,0.0,true
001,null,3471,1,-0.8311571152,0.1687628672,0.1606258317,0.5,1,0.0,true
001,null,3472,1,-0.6318921847,0.1281645321,0.1200274965,0.5,0,0.0,true
001,null,3473,0,0.6551484746,0.1593642537,0.1466837004,0.5,0,0.0,true
001,null,3474,0,-2.871437432,-0.005602705175,-0.01828325851,0.5,0,0.0,true
001,null,3475,0,0.5262579233,0.01911606862,0.006435515279,0.5,1,0.0,true
001,null,3476,0,2.625210055,0.1257626248,0.1130820715,0.5,1,0.0,true
001,null,3477,0,-1.368381507,0.06192033689,0.04923978355,0.5,0,0.0,true
001,null,3478,0,-1.154910378,0.01102888132,-0.001651672019,0.5,1,0.0,true
001,null,3479,0,-1.073206751,-0.0342311549,-0.04691170824,0.5,0,0.0,true
001,null,3480,1,0.1410426736,-0.0273187714,-0.03545580698,0.5,0,0.0,true
001,null,3481,1,-0.9502437573,-0.06717391597,-0.07531095155,0.5,0,0.0,true
001,null,3482,0,1.835296344,0.0148200521,0.002139498761,0.5,1,0.0,true
001,null,3483,1,-0.04391518698,0.01256980417,0.004432768587,0.5,0,0.0,true
001,null,3484,1,-0.322523111,-0.001869048504,-0.01000608409,0.5,1,0.0,true
001,null,3485,0,-0.8652223873,-0.04002158854,-0.05270214188,0.5,0,0.0,true
001,null,3486,0,-0.4462269899,-0.05899441119,-0.07167496453,0.5,1,0.0,true
001,null,3487,1,0.2361880353,-0.04650536397,-0.05464239956,0.5,0,0.0,true
001,null,3488,0,0.132651017,-0.03901620484,-0.05169675818,0.5,1,0.0,true
001,null,3489,1,0.5706552975,-0.01017186687,-0.01830890246,0.5,0,0.0,true
001,null,3490,0,1.233309916,0.04939788083,0.03671732749,0.5,0,0.0,true
001,null,3491,0,-0.2891856441,0.03389460803,0.02121405469,0.5,0,0.0,true
001,null,3492,1,-0.4253070137,0.01162343575,0.003486400165,0.5,0,0.0,true
001,null,3493,0,-1.126148478,-0.0449593834,-0.05763993674,0.5,0,0.0,true
001,null,3494,0,1.936897761,0.05019894564,0.0375183923,0.5,1,0.0,true
001,null,3495,0,0.3511628377,0.06553804052,0.05285748718,0.5,1,0.0,true
001,null,3496,0,0.04865109823,0.06625536058,0.05357480724,0.5,0,0.0,true
001,null,3497,1,0.1037865169,0.06976878634,0.06163175075,0.5,0,0.0,true
001,null,3498,0,0.8362883048,0.1090582935,0.09637774017,0.5,1,0.0,true
001,null,3499,0,0.8865388231,0.1491629539,0.1364824005,0.5,0,0.0,true
001,null,3500,0,-1.677523383,0.05395684286,0.04127628952,0.5,1,0.0,true
001,null,3501,0,-1.528303893,-0.02227952874,-0.03496008208,0.5,1,0.0,true
001,null,3502,1,-0.8894656089,-0.06357939049,-0.07171642608,0.5,0,0.0,true
001,null,3503,1,-0.4523782789,-0.08361313871,-0.0917501743,0.5,1,0.0,true
001,null,3504,1,-0.5156633779,-0.1064593628,-0.1145963984,0.5,1,0.0,true
001,null,3505,1,1.541488292,-0.02413822649,-0.03227526207,0.5,1,0.0,true
001,null,3506,1,0.6598207618,0.008795360265,0.0006583246807,0.5,1,0.0,true
001,null,3507,0,-1.477055928,-0.06183402732,-0.07451458066,0.5,0,0.0,true
001,null,3508,0,-0.7410581983,-0.09506283772,-0.1077433911,0.5,1,0.0,true
001,null,3509,1,0.6843723162,-0.05830310189,-0.06644013747,0.5,0,0.0,true
001,null,3510,1,0.5016814659,-0.03157059261,-0.0397076282,0.5,1,0.0,true
001,null,3511,1,1.660454757,0.05031471276,0.04217767718,0.5,1,0.0,true
001,null,3512,0,0.3334101295,0.06516265438,0.05248210104,0.5,1,0.0,true
001,null,3513,1,1.390411999,0.127046137,0.1189091014,0.5,0,0.0,true
001,null,3514,0,1.645651931,0.1923360501,0.1796554968,0.5,1,0.0,true
001,null,3515,1,0.9159837763,0.2265689022,0.2184318667,0.5,1,0.0,true
001,null,3516,1,-0.7511765322,0.1827287455,0.1745917099,0.5,1,0.0,true
001,null,3517,0,-0.4021328873,0.1581032068,0.1454226535,0.5,1,0.0,true
001,null,3518,1,0.1526675622,0.1615382867,0.1534012511,0.5,1,0.0,true
001,null,3519,0,-0.797284678,0.1152663217,0.1025857684,0.5,1,0.0,true
001,null,3520,0,-1.10987013,0.0539656014,0.04128504806,0.5,0,0.0,true
001,null,3521,1,-0.8979556505,0.006854672934,-0.00128236265,0.5,0,0.0,true
001,null,3522,1,-2.014240426,-0.0873587687,-0.09549580428,0.5,0,0.0,true
001,null,3523,0,-2.219648998,-0.1724990151,-0.1851795684,0.5,0,0.0,true
001,null,3524,0,-1.665852687,-0.2295761526,-0.242256706,0.5,0,0.0,true
001,null,3525,0,1.08166285,-0.1735043802,-0.1861849335,0.5,1,0.0,true
001,null,3526,0,0.9221594225,-0.1272515193,-0.1399320727,0.5,1,0.0,true
001,null,3527,0,-0.3758715105,-0.1400608496,-0.152741403,0.5,1,0.0,true
001,null,3528,0,-1.215767559,-0.1854292503,-0.1981098037,0.5,0,0.0,true
001,null,3529,1,1.172808257,-0.1251371867,-0.1332742223,0.5,0,0.0,true
001,null,3530,1,-0.2171666665,-0.1315081788,-0.1396452144,0.5,0,0.0,true
001,null,3531,1,0.3813364556,-0.1104536666,-0.1185907022,0.5,1,0.0,true
001,null,3532,0,1.837113787,-0.02050224136,-0.0331827947,0.5,0,0.0,true
001,null,3533,0,-0.5984853756,-0.04639950322,-0.05908005656,0.5,1,0.0,true
001,null,3534,1,1.60691093,0.02654969719,0.01841266161,0.5,1,0.0,true
001,null,3535,0,-1.211845148,-0.02714755783,-0.03982811117,0.5,0,0.0,true
001,null,3536,0,-0.03347885785,-0.02794214446,-0.04062269779,0.5,1,0.0,true
001,null,3537,1,0.6699046192,0.003172474274,-0.00496456131,0.5,1,0.0,true
001,null,3538,1,1.302181794,0.06106713656,0.05293010098,0.5,1,0.0,true
001,null,3539,0,-1.468483754,-0.007354406584,-0.02003495992,0.5,0,0.0,true
001,null,3540,0,-0.07973557299,-0.01075202376,-0.0234325771,0.5,0,0.0,true
001,null,3541,0,0.3013630073,0.00341429932,-0.009266254019,0.5,1,0.0,true
001,null,3542,0,-0.3964674996,-0.01534481957,-0.02802537291,0.5,0,0.0,true
001,null,3543,0,-0.3813772335,-0.03326076978,-0.04594132312,0.5,0,0.0,true
001,null,3544,1,-0.8318224138,-0.07228328392,-0.08042031951,0.5,0,0.0,true
001,null,3545,1,0.4703468027,-0.04676068714,-0.05489772272,0.5,0,0.0,true
001,null,3546,0,-1.089952038,-0.09802798329,-0.1107085366,0.5,0,0.0,true
001,null,3547,0,0.5501853346,-0.06716935317,-0.07984990651,0.5,0,0.0,true
001,null,3548,1,-0.07194427962,-0.06916775551,-0.07730479109,0.5,0,0.0,true
001,null,3549,0,0.1911103166,-0.05725179247,-0.06993234581,0.5,1,0.0,true
001,null,3550,0,-0.2037252798,-0.06676264256,-0.0794431959,0.5,1,0.0,true
001,null,3551,0,-0.01385975253,-0.06584155566,-0.078522109,0.5,0,0.0,true
001,null,3552,0,-1.524395122,-0.1407884559,-0.1534690092,0.5,1,0.0,true
001,null,3553,0,-0.1096761237,-0.1431493298,-0.1558298831,0.5,0,0.0,true
001,null,3554,0,-0.4798231165,-0.1651589921,-0.1778395455,0.5,0,0.0,true
001,null,3555,1,-0.677451133,-0.1966437842,-0.2047808198,0.5,1,0.0,true
001,null,3556,1,0.9229444836,-0.1347839897,-0.1429210253,0.5,0,0.0,true
001,null,3557,0,-0.3802585481,-0.1524945026,-0.1651750559,0.5,0,0.0,true
001,null,3558,1,-0.2294500326,-0.1618028227,-0.1699398583,0.5,1,0.0,true
001,null,3559,0,-0.44313592,-0.183040066,-0.1957206194,0.5,1,0.0,true
001,null,3560,1,-0.6572965642,-0.2151868634,-0.223323899,0.5,1,0.0,true
001,null,3561,1,-0.1886371775,-0.2210983091,-0.2292353447,0.5,1,0.0,true
001,null,3562,0,-0.6165870638,-0.2507558101,-0.2634363635,0.5,0,0.0,true
001,null,3563,0,0.4126014547,-0.2164907066,-0.22917126,0.5,0,0.0,true
001,null,3564,0,0.3098817286,-0.1900238418,-0.2027043951,0.5,0,0.0,true
001,null,3565,1,-2.520584184,-0.2823869956,-0.2905240311,0.5,0,0.0,true
001,null,3566,0,-0.8429900949,-0.3147067094,-0.3273872627,0.5,1,0.0,true
001,null,3567,1,0.2125598906,-0.2946601578,-0.3027971934,0.5,0,0.0,true
001,null,3568,1,0.6816409579,-0.2452506184,-0.253387654,0.5,1,0.0,true
001,null,3569,1,0.1061945089,-0.2329117361,-0.2410487717,0.5,1,0.0,true
001,null,3570,1,1.108262531,-0.155929574,-0.1640666096,0.5,0,0.0,true
001,null,3571,1,2.319176131,-0.01594115318,-0.02407818876,0.5,0,0.0,true
001,null,3572,1,0.1765919197,-0.006581496785,-0.01471853237,0.5,0,0.0,true
001,null,3573,0,-0.5871249845,-0.03658363313,-0.04926418647,0.5,1,0.0,true
001,null,3574,0,1.375734453,0.0351991731,0.02251861976,0.5,0,0.0,true
001,null,3575,1,-0.8826255955,-0.01095857,-0.01909560558,0.5,0,0.0,true
001,null,3576,0,2.251341673,0.09396002084,0.08127946751,0.5,1,0.0,true
001,null,3577,1,0.05924766013,0.09436617242,0.08622913684,0.5,1,0.0,true
001,null,3578,1,-0.7987334613,0.05257500622,0.04443797064,0.5,1,0.0,true
001,null,3579,0,-0.3765591819,0.03272388717,0.02004333383,0.5,0,0.0,true
001,null,3580,1,1.845769191,0.1147756873,0.1066386517,0.5,0,0.0,true
001,null,3581,1,0.2791946329,0.1248874478,0.1167504122,0.5,0,0.0,true
001,null,3582,0,0.4060881411,0.140896667,0.1282161137,0.5,0,0.0,true
001,null,3583,0,-0.2131441144,0.1266101736,0.1139296203,0.5,0,0.0,true
001,null,3584,1,-0.1262896848,0.1169333142,0.1087962786,0.5,0,0.0,true
001,null,3585,0,1.639020957,0.1863081345,0.1736275812,0.5,1,0.0,true
001,null,3586,1,2.573614049,0.2689063895,0.2607693539,0.5,1,0.0,true
001,null,3587,0,1.279534077,0.3091309825,0.2964504291,0.5,0,0.0,true
001,null,3588,0,1.517561986,0.3528454682,0.3401649148,0.5,1,0.0,true
001,null,3589,0,-1.236427213,0.2821826063,0.269502053,0.5,0,0.0,true
001,null,3590,0,0.3073231901,0.2878442505,0.2751636972,0.5,0,0.0,true
001,null,3591,1,0.07438328176,0.2838259395,0.2756889039,0.5,1,0.0,true
001,null,3592,1,0.6060190235,0.3019393265,0.2938022909,0.5,1,0.0,true
001,null,3593,0,0.5763405082,0.3187443842,0.3060638308,0.5,1,0.0,true
001,null,3594,0,-0.5007447425,0.2854338368,0.2727532835,0.5,0,0.0,true
001,null,3595,1,1.39172165,0.3307133874,0.3225763519,0.5,0,0.0,true
001,null,3596,0,0.6063521596,0.3481928251,0.3355122717,0.5,1,0.0,true
001,null,3597,1,-0.3415489164,0.3220471991,0.3139101635,0.5,1,0.0,true
001,null,3598,1,-0.728864749,0.2744345912,0.2662975556,0.5,0,0.0,true
001,null,3599,0,0.06742474555,0.2708225637,0.2581420104,0.5,0,0.0,true
001,null,3600,1,1.343654279,0.3180754005,0.3099383649,0.5,1,0.0,true
001,null,3601,0,0.6201529973,0.3379137621,0.3252332087,0.5,1,0.0,true
001,null,3602,0,0.3518991496,0.3462072712,0.3335267179,0.5,1,0.0,true
001,null,3603,1,1.253148509,0.3866565459,0.3785195103,0.5,0,0.0,true
001,null,3604,1,0.3700809904,0.3944670593,0.3863300237,0.5,0,0.0,true
001,null,3605,0,0.6852549805,0.4151435048,0.4024629514,0.5,0,0.0,true
001,null,3606,1,-0.3592725544,0.3841030625,0.3759660269,0.5,1,0.0,true
001,null,3607,0,-0.9157277783,0.3167716826,0.3040911293,0.5,0,0.0,true
001,null,3608,0,-0.2924025116,0.2920750615,0.2793945082,0.5,1,0.0,true
001,null,3609,0,-1.216779549,0.2074740289,0.1947934756,0.5,0,0.0,true
001,null,3610,1,0.3492581045,0.2205389644,0.2124019289,0.5,1,0.0,true
001,null,3611,0,-0.06161634297,0.2114808329,0.1988002795,0.5,0,0.0,true
001,null,3612,1,0.2068774028,0.2176978525,0.2095608169,0.5,0,0.0,true
001,null,3613,0,-1.459315136,0.1179429241,0.1052623708,0.5,1,0.0,true
001,null,3614,0,0.7156177973,0.1528143171,0.1401337637,0.5,0,0.0,true
001,null,3615,1,1.580093751,0.2216028297,0.2134657941,0.5,1,0.0,true
001,null,3616,0,-1.152329312,0.1479306384,0.1352500851,0.5,1,0.0,true
001,null,3617,1,0.38607078,0.1641479213,0.1560108857,0.5,1,0.0,true
001,null,3618,1,-0.05425499294,0.1570112965,0.1488742609,0.5,0,0.0,true
001,null,3619,0,-2.406227163,0.01546584678,0.002785293442,0.5,1,0.0,true
001,null,3620,1,0.5946972507,0.04399865241,0.03586161682,0.5,0,0.0,true
001,null,3621,1,0.5679272944,0.07077856088,0.0626415253,0.5,0,0.0,true
001,null,3622,1,-0.6257781451,0.03669248306,0.02855544747,0.5,0,0.0,true
001,null,3623,1,0.8555774174,0.07856319268,0.07042615709,0.5,0,0.0,true
001,null,3624,1,1.162702777,0.1324194975,0.1242824619,0.5,1,0.0,true
001,null,3625,0,-0.702979712,0.09157096276,0.07889040942,0.5,1,0.0,true
001,null,3626,1,2.285018956,0.1841012633,0.1759642277,0.5,1,0.0,true
001,null,3627,0,-0.1817045945,0.1707158686,0.1580353152,0.5,1,0.0,true
001,null,3628,1,0.3538034538,0.183018021,0.1748809854,0.5,1,0.0,true
001,null,3629,1,1.224124714,0.2307664577,0.2226294222,0.5,0,0.0,true
001,null,3630,1,0.2237170439,0.2356306647,0.2274936291,0.5,0,0.0,true
001,null,3631,0,0.700968025,0.2617172132,0.2490366599,0.5,0,0.0,true
001,null,3632,1,-0.6098835847,0.2218332502,0.2136962147,0.5,0,0.0,true
001,null,3633,1,1.187237588,0.2678118982,0.2596748626,0.5,1,0.0,true
001,null,3634,1,0.2368016424,0.2727741103,0.2646370747,0.5,0,0.0,true
001,null,3635,1,0.2681773632,0.2794043081,0.2712672726,0.5,1,0.0,true
001,null,3636,1,-1.53775002,0.177813216,0.1696761804,0.5,0,0.0,true
001,null,3637,1,0.4750506958,0.1967181715,0.1885811359,0.5,1,0.0,true
001,null,3638,0,-0.08441694393,0.187243013,0.1745624596,0.5,1,0.0,true
001,null,3639,1,-1.271066546,0.1086326219,0.1004955863,0.5,1,0.0,true
001,null,3640,0,-0.4067440774,0.08389129134,0.071210738,0.5,1,0.0,true
001,null,3641,1,-0.2659129065,0.06720643837,0.05906940278,0.5,1,0.0,true
001,null,3642,0,-1.710587863,-0.02713079405,-0.03981134739,0.5,0,0.0,true
001,null,3643,0,0.7505588862,0.01271549985,3.494651034e-05,0.5,1,0.0,true
001,null,3644,1,-0.698680555,-0.0242931604,-0.03243019599,0.5,1,0.0,true
001,null,3645,0,-1.254198803,-0.08708417061,-0.09976472395,0.5,1,0.0,true
001,null,3646,1,0.3224382286,-0.06769497261,-0.07583200819,0.5,1,0.0,true
001,null,3647,0,0.2856699888,-0.05046296995,-0.06314352329,0.5,0,0.0,true
001,null,3648,0,1.30801616,0.02187043838,0.009189885043,0.5,1,0.0,true
001,null,3649,0,-0.4494104923,-0.002876130435,-0.01555668377,0.5,1,0.0,true
001,null,3650,0,0.09474794571,0.002402256118,-0.01027829722,0.5,1,0.0,true
001,null,3651,1,-0.009355993569,0.001814118843,-0.006322916741,0.5,0,0.0,true
001,null,3652,1,1.035075569,0.0595251036,0.05138806802,0.5,0,0.0,true
001,null,3653,1,0.04709738131,0.06071257049,0.05257553491,0.5,0,0.0,true
001,null,3654,0,-0.6310827569,0.02177406754,0.009093514199,0.5,0,0.0,true
001,null,3655,1,-0.896308282,-0.03123762114,-0.03937465672,0.5,0,0.0,true
001,null,3656,0,1.156998895,0.03657608174,0.0238955284,0.5,0,0.0,true
001,null,3657,1,-0.003818444885,0.03542754316,0.02729050758,0.5,0,0.0,true
001,null,3658,1,0.6528734917,0.07244859055,0.06431155497,0.5,1,0.0,true
001,null,3659,1,-0.4151596971,0.0452569211,0.03711988552,0.5,0,0.0,true
001,null,3660,0,0.2533416935,0.05956650035,0.04688594701,0.5,1,0.0,true
001,null,3661,1,0.7559033311,0.1033784921,0.09524145654,0.5,1,0.0,true
001,null,3662,0,0.8786870093,0.1517163035,0.1390357502,0.5,0,0.0,true
001,null,3663,1,-0.03160196584,0.1458790096,0.137741974,0.5,1,0.0,true
001,null,3664,1,0.2210530104,0.1561478921,0.1480108565,0.5,1,0.0,true
001,null,3665,1,-0.7541010498,0.09985832006,0.09172128448,0.5,1,0.0,true
001,null,3666,1,1.593778675,0.1834773153,0.1753402797,0.5,0,0.0,true
001,null,3667,0,1.36724225,0.2460559319,0.2333753785,0.5,0,0.0,true
001,null,3668,1,-1.419900489,0.1460985434,0.1379615078,0.5,1,0.0,true
001,null,3669,0,2.114798042,0.2311704195,0.2184898662,0.5,0,0.0,true
001,null,3670,1,-0.6177966667,0.1917295215,0.1835924859,0.5,0,0.0,true
001,null,3671,0,0.1407699843,0.1941019158,0.1814213625,0.5,1,0.0,true
001,null,3672,1,-0.7494218751,0.1468308796,0.1386938441,0.5,1,0.0,true
001,null,3673,1,0.1313554764,0.1501223878,0.1419853522,0.5,0,0.0,true
001,null,3674,0,-1.381933953,0.06613172091,0.05345116757,0.5,0,0.0,true
001,null,3675,1,0.9357368636,0.1119113511,0.1037743155,0.5,0,0.0,true
001,null,3676,1,0.714372639,0.1453477443,0.1372107087,0.5,1,0.0,true
001,null,3677,0,-1.841753366,0.03793882945,0.02525827611,0.5,0,0.0,true
001,null,3678,1,-0.7157526302,0.0005424166898,-0.007594618894,0.5,1,0.0,true
001,null,3679,1,-2.041333239,-0.0947179778,-0.1028550134,0.5,0,0.0,true
001,null,3680,1,0.6061037322,-0.06279421242,-0.07093124801,0.5,0,0.0,true
001,null,3681,1,-0.9727573275,-0.1062036907,-0.1143407263,0.5,0,0.0,true
001,null,3682,0,-1.606994245,-0.1717538285,-0.1844343819,0.5,0,0.0,true
001,null,3683,0,1.467836127,-0.09356981523,-0.1062503686,0.5,1,0.0,true
001,null,3684,1,0.1524812899,-0.08409168374,-0.09222871933,0.5,1,0.0,true
001,null,3685,0,-0.05990064112,-0.08480241864,-0.09748297198,0.5,1,0.0,true
001,null,3686,0,-0.2977068623,-0.09696638391,-0.1096469373,0.5,0,0.0,true
001,null,3687,1,-0.113897211,-0.1001643531,-0.1083013887,0.5,1,0.0,true
001,null,3688,0,-0.8571461405,-0.1388639277,-0.151544481,0.5,1,0.0,true
001,null,3689,0,-1.234119957,-0.1913678573,-0.2040484106,0.5,0,0.0,true
001,null,3690,1,-0.6512996164,-0.2172797148,-0.2254167503,0.5,0,0.0,true
001,null,3691,0,-0.9976019413,-0.2565616253,-0.2692421786,0.5,1,0.0,true
001,null,3692,1,1.005126979,-0.1930588074,-0.2011958429,0.5,0,0.0,true
001,null,3693,0,-0.9098547047,-0.2300911084,-0.2427716617,0.5,0,0.0,true
001,null,3694,1,0.4683907943,-0.1988373383,-0.2069743739,0.5,0,0.0,true
001,null,3695,0,0.4764369949,-0.1675733503,-0.1802539037,0.5,0,0.0,true
001,null,3696,0,2.205792967,-0.03931263984,-0.05199319318,0.5,1,0.0,true
001,null,3697,1,0.07808223519,-0.03450165281,-0.0426386884,0.5,1,0.0,true
001,null,3698,0,-1.424212154,-0.09996850915,-0.1126490625,0.5,1,0.0,true
001,null,3699,0,-0.939906082,-0.1404906687,-0.153171222,0.5,1,0.0,true
001,null,3700,1,-1.126317219,-0.1866804286,-0.1948174642,0.5,1,0.0,true
001,null,3701,1,0.6194964512,-0.1502374106,-0.1583744462,0.5,0,0.0,true
001,null,3702,0,-0.6410611484,-0.1765623621,-0.1892429155,0.5,1,0.0,true
001,null,3703,0,0.6167030344,-0.1395532973,-0.1522338506,0.5,0,0.0,true
001,null,3704,1,1.659301293,-0.04742110142,-0.05555813701,0.5,0,0.0,true
001,null,3705,1,-0.6207545686,-0.07609207836,-0.08422911395,0.5,1,0.0,true
001,null,3706,1,-1.138308099,-0.1271026823,-0.1352397179,0.5,1,0.0,true
001,null,3707,1,-0.1233166562,-0.1299747047,-0.1381117403,0.5,1,0.0,true
001,null,3708,0,1.302760599,-0.05766844239,-0.07034899573,0.5,1,0.0,true
001,null,3709,0,0.2203020909,-0.0450915334,-0.05777208674,0.5,0,0.0,true
001,null,3710,1,1.098594082,0.0121920011,0.004054965516,0.5,1,0.0,true
001,null,3711,0,1.287286204,0.07459509801,0.06191454467,0.5,0,0.0,true
001,null,3712,1,-0.1547573544,0.06487208868,0.05673505309,0.5,1,0.0,true
001,null,3713,0,0.5383446459,0.09033672402,0.07765617068,0.5,0,0.0,true
001,null,3714,0,-0.2932175867,0.07245938482,0.05977883148,0.5,0,0.0,true
001,null,3715,0,0.0001752980137,0.07063410668,0.05795355334,0.5,1,0.0,true
001,null,3716,1,0.3228825932,0.08640039991,0.07826336433,0.5,0,0.0,true
001,null,3717,1,-1.221361937,0.01456115944,0.006424123857,0.5,1,0.0,true
001,null,3718,1,-0.2211220673,0.001946827716,-0.006190207868,0.5,1,0.0,true
001,null,3719,1,-1.406437993,-0.07334738087,-0.08148441646,0.5,0,0.0,true
001,null,3720,1,1.584542472,0.0143162249,0.006179189312,0.5,0,0.0,true
001,null,3721,0,0.3945279757,0.03448717153,0.02180661819,0.5,1,0.0,true
001,null,3722,1,-0.4255131169,0.01077113525,0.002634099667,0.5,1,0.0,true
001,null,3723,1,-0.4038936447,-0.01152238304,-0.01965941863,0.5,1,0.0,true
001,null,3724,1,0.01320333725,-0.01049371318,-0.01863074877,0.5,0,0.0,true
001,null,3725,0,0.6538456335,0.02683640853,0.01415585519,0.5,1,0.0,true
001,null,3726,0,0.9911428175,0.08095573895,0.06827518561,0.5,0,0.0,true
001,null,3727,0,-0.3428802716,0.05893501793,0.04625446459,0.5,1,0.0,true
001,null,3728,1,1.102855607,0.1174898673,0.1093528317,0.5,0,0.0,true
001,null,3729,1,-1.004992907,0.05442883734,0.04629180176,0.5,0,0.0,true
001,null,3730,0,0.03502535414,0.05506459171,0.04238403837,0.5,0,0.0,true
001,null,3731,1,-1.715123007,-0.0433753027,-0.05151233828,0.5,1,0.0,true
001,null,3732,0,0.4945201949,-0.01487317091,-0.02755372425,0.5,0,0.0,true
001,null,3733,0,0.6591392131,0.02224926745,0.009568714114,0.5,1,0.0,true
001,null,3734,1,-0.698708081,-0.0177868005,-0.02592383608,0.5,0,0.0,true
001,null,3735,0,0.3994691099,0.005591625605,-0.007088927734,0.5,1,0.0,true
001,null,3736,0,-0.2317938375,-0.008130703553,-0.02081125689,0.5,0,0.0,true
001,null,3737,0,-0.02815960335,-0.009616027487,-0.02229658083,0.5,1,0.0,true
001,null,3738,0,-0.2478574752,-0.02458971777,-0.03727027111,0.5,1,0.0,true
001,null,3739,1,0.5049909337,0.007808890674,-0.0003281449103,0.5,1,0.0,true
001,null,3740,1,-0.5260175447,-0.02580031788,-0.03393735347,0.5,0,0.0,true
001,null,3741,0,0.5843703698,0.01265693217,-2.362116834e-05,0.5,0,0.0,true
001,null,3742,0,-0.7019719652,-0.03311923004,-0.04579978338,0.5,1,0.0,true
001,null,3743,0,0.8220158623,0.02140306708,0.008722513741,0.5,1,0.0,true
001,null,3744,1,0.3300036691,0.04239726542,0.03426022983,0.5,1,0.0,true
001,null,3745,0,-1.68416233,-0.06418655717,-0.07686711051,0.5,0,0.0,true
001,null,3746,0,-0.3552175849,-0.08402727603,-0.09670782937,0.5,1,0.0,true
001,null,3747,0,-0.04503575388,-0.08472373485,-0.09740428819,0.5,0,0.0,true
001,null,3748,0,-0.3346537172,-0.1036772325,-0.1163577858,0.5,1,0.0,true
001,null,3749,1,-2.006825621,-0.2007671499,-0.2089041855,0.5,0,0.0,true
001,null,3750,0,-0.453887639,-0.2205525543,-0.2332331077,0.5,1,0.0,true
001,null,3751,1,0.5862147286,-0.1780889407,-0.1862259763,0.5,1,0.0,true
001,null,3752,0,0.7933360648,-0.1231456666,-0.1358262199,0.5,1,0.0,true
001,null,3753,0,1.031572922,-0.0557184335,-0.06839898684,0.5,0,0.0,true
001,null,3754,0,-2.037095536,-0.1544171402,-0.1670976936,0.5,1,0.0,true
001,null,3755,1,-1.152935751,-0.2047462062,-0.2128832418,0.5,1,0.0,true
001,null,3756,1,-0.09260535347,-0.2044324321,-0.2125694676,0.5,1,0.0,true
001,null,3757,1,-0.2697323444,-0.2134945266,-0.2216315621,0.5,1,0.0,true
001,null,3758,0,-0.3227681535,-0.225366639,-0.2380471923,0.5,1,0.0,true
001,null,3759,1,0.3917041511,-0.1963331328,-0.2044701684,0.5,1,0.0,true
001,null,3760,0,0.157625655,-0.1820271786,-0.194707732,0.5,1,0.0,true
001,null,3761,0,-1.918950641,-0.2598681484,-0.2725487017,0.5,0,0.0,true
001,null,3762,0,-0.6253864143,-0.2841006161,-0.2967811695,0.5,0,0.0,true
001,null,3763,1,0.2826341708,-0.2606421504,-0.2687791859,0.5,0,0.0,true
001,null,3764,0,0.2209349668,-0.2411617264,-0.2538422797,0.5,1,0.0,true
001,null,3765,1,2.652321875,-0.06697652165,-0.07511355723,0.5,1,0.0,true
001,null,3766,0,-1.090739258,-0.1154847976,-0.1281653509,0.5,0,0.0,true
001,null,3767,0,-1.500611838,-0.176677606,-0.1893581594,0.5,0,0.0,true
001,null,3768,0,1.898069749,-0.07574654568,-0.08842709902,0.5,0,0.0,true
001,null,3769,0,0.7739711975,-0.0382673741,-0.05094792744,0.5,0,0.0,true
001,null,3770,0,0.4543993066,-0.01634463865,-0.02902519199,0.5,1,0.0,true
001,null,3771,1,-0.06639253515,-0.01904581211,-0.02718284769,0.5,1,0.0,true
001,null,3772,0,-1.406086628,-0.08257844953,-0.09525900287,0.5,1,0.0,true
001,null,3773,1,1.80639537,0.004613781787,-0.003523253797,0.5,1,0.0,true
001,null,3774,0,1.510106291,0.06974768087,0.05706712753,0.5,1,0.0,true
001,null,3775,1,1.559237625,0.1311542388,0.1230172032,0.5,0,0.0,true
001,null,3776,1,-0.2570348919,0.1164872027,0.1083501672,0.5,0,0.0,true
001,null,3777,0,-0.4655453493,0.09235277009,0.07967221675,0.5,0,0.0,true
001,null,3778,0,-0.5481601984,0.06460815809,0.05192760476,0.5,0,0.0,true
001,null,3779,0,0.5309629806,0.08713685244,0.0744562991,0.5,1,0.0,true
001,null,3780,0,0.7539184808,0.1191736221,0.1064930687,0.5,1,0.0,true
001,null,3781,1,-1.202558573,0.05651643031,0.04837939473,0.5,0,0.0,true
001,null,3782,0,1.776026787,0.1307739229,0.1180933695,0.5,0,0.0,true
001,null,3783,0,-0.560328847,0.1011413409,0.08846078756,0.5,1,0.0,true
001,null,3784,0,1.762623907,0.1697258355,0.1570452822,0.5,0,0.0,true
001,null,3785,0,-0.7524275517,0.1301338049,0.1174532515,0.5,0,0.0,true
001,null,3786,1,1.448165045,0.1849667566,0.176829721,0.5,0,0.0,true
001,null,3787,0,0.4442406361,0.199421486,0.1867409327,0.5,1,0.0,true
001,null,3788,1,0.7575789519,0.2263878312,0.2182507956,0.5,1,0.0,true
001,null,3789,0,-0.7089392231,0.1857006665,0.1730201132,0.5,0,0.0,true
001,null,3790,0,-0.582585358,0.1523683615,0.1396878082,0.5,1,0.0,true
001,null,3791,1,-0.2400639737,0.1367959718,0.1286589362,0.5,0,0.0,true
001,null,3792,1,-1.378833577,0.06264155375,0.05450451817,0.5,1,0.0,true
001,null,3793,0,0.01198875051,0.06163456903,0.04895401569,0.5,1,0.0,true
001,null,3794,1,-0.1292314931,0.05364476304,0.04550772746,0.5,0,0.0,true
001,null,3795,0,-0.01781816509,0.05138004143,0.03869948809,0.5,1,0.0,true
001,null,3796,1,-0.7085786026,0.0129393528,0.004802317216,0.5,0,0.0,true
001,null,3797,1,-0.5628545796,-0.01696071726,-0.02509775285,0.5,0,0.0,true
001,null,3798,1,-0.06078277566,-0.01979346698,-0.02793050257,0.5,1,0.0,true
001,null,3799,1,1.66674271,0.06709751382,0.05896047823,0.5,0,0.0,true
001,null,3800,0,1.032857306,0.1160671102,0.1033865568,0.5,1,0.0,true
001,null,3801,1,1.289550142,0.1727321671,0.1645951316,0.5,0,0.0,true
001,null,3802,1,1.839012937,0.2419753404,0.2338383049,0.5,0,0.0,true
001,null,3803,1,-0.7234092481,0.1983844158,0.1902473802,0.5,1,0.0,true
001,null,3804,0,-1.452844682,0.1162539988,0.1035734455,0.5,0,0.0,true
001,null,3805,0,-0.4995826879,0.08882495358,0.07614440024,0.5,0,0.0,true
001,null,3806,1,0.109215944,0.09189665752,0.08375962194,0.5,0,0.0,true
001,null,3807,0,0.0007605116667,0.08960797089,0.07692741755,0.5,0,0.0,true
001,null,3808,0,-0.3005086882,0.07168498163,0.05900442829,0.5,1,0.0,true
001,null,3809,0,-1.636361695,-0.01531918454,-0.02799973787,0.5,1,0.0,true
001,null,3810,1,-0.1605316251,-0.02301900011,-0.03115603569,0.5,0,0.0,true
001,null,3811,1,0.9454771833,0.02588192809,0.01774489251,0.5,1,0.0,true
001,null,3812,1,-0.8224738093,-0.01712563863,-0.02526267422,0.5,1,0.0,true
001,null,3813,1,0.2040298307,-0.006019732489,-0.01415676807,0.5,1,0.0,true
001,null,3814,0,-0.2020538394,-0.01667200749,-0.02935256083,0.5,1,0.0,true
001,null,3815,0,0.03829715403,-0.0141467861,-0.02682733944,0.5,1,0.0,true
001,null,3816,1,-0.1536629219,-0.02242640091,-0.03056343649,0.5,1,0.0,true
001,null,3817,1,-0.7034477251,-0.06147105576,-0.06960809134,0.5,0,0.0,true
001,null,3818,1,0.5806440509,-0.0257763229,-0.03391335848,0.5,1,0.0,true
001,null,3819,1,-0.8716619963,-0.07470527521,-0.0828423108,0.5,1,0.0,true
001,null,3820,1,0.2455769336,-0.05817394998,-0.06631098557,0.5,0,0.0,true
001,null,3821,0,-0.863124231,-0.106083561,-0.1187641144,0.5,0,0.0,true
001,null,3822,0,-1.108203782,-0.1632353384,-0.1759158917,0.5,0,0.0,true
001,null,3823,0,0.4996531238,-0.1282831103,-0.1409636637,0.5,0,0.0,true
001,null,3824,1,-0.544827115,-0.1562789185,-0.164415954,0.5,0,0.0,true
001,null,3825,1,-0.3459050304,-0.1727664438,-0.1809034794,0.5,1,0.0,true
001,null,3826,1,-1.59703844,-0.245043494,-0.2531805296,0.5,0,0.0,true
001,null,3827,0,1.546236247,-0.137237265,-0.1499178183,0.5,1,0.0,true
001,null,3828,1,0.2048074377,-0.1221773593,-0.1303143949,0.5,0,0.0,true
001,null,3829,0,1.309808111,-0.04192519107,-0.05460574441,0.5,1,0.0,true
001,null,3830,0,1.387312266,0.03430317982,0.02162262648,0.5,1,0.0,true
001,null,3831,0,0.4271367974,0.05617550043,0.04349494709,0.5,0,0.0,true
001,null,3832,1,1.483161349,0.1281227129,0.1199856774,0.5,1,0.0,true
001,null,3833,0,-1.609713379,0.03688373497,0.02420318163,0.5,1,0.0,true
001,null,3834,0,1.38266424,0.1013622516,0.08868169824,0.5,1,0.0,true
001,null,3835,1,-0.1476599349,0.09139789305,0.08326085747,0.5,1,0.0,true
001,null,3836,1,-0.9299580216,0.04071956475,0.03258252917,0.5,0,0.0,true
001,null,3837,1,0.5599697342,0.06781264925,0.05967561367,0.5,1,0.0,true
001,null,3838,0,-1.097852251,0.008598524526,-0.004082028813,0.5,0,0.0,true
001,null,3839,0,0.5781040906,0.03799008148,0.02530952814,0.5,1,0.0,true
001,null,3840,1,-0.2697265553,0.02277299907,0.01463596349,0.5,0,0.0,true
001,null,3841,0,0.3876932628,0.04292119218,0.03024063885,0.5,0,0.0,true
001,null,3842,0,1.701694016,0.1250497412,0.1123691878,0.5,0,0.0,true
001,null,3843,1,0.6477312281,0.1539071199,0.1457700843,0.5,0,0.0,true
001,null,3844,1,0.3563323552,0.1682595203,0.1601224847,0.5,1,0.0,true
001,null,3845,1,-0.8696366839,0.1144732633,0.1063362278,0.5,0,0.0,true
001,null,3846,1,0.1626864546,0.1203128934,0.1121758579,0.5,0,0.0,true
001,null,3847,1,0.9029952534,0.1634456009,0.1553085653,0.5,1,0.0,true
001,null,3848,1,-0.364861531,0.1384094555,0.13027242,0.5,1,0.0,true
001,null,3849,0,1.391937996,0.2018420756,0.1891615223,0.5,1,0.0,true
001,null,3850,0,1.153092921,0.2503171799,0.2376366266,0.5,0,0.0,true
001,null,3851,0,-0.6571680896,0.2056681873,0.192987634,0.5,0,0.0,true
001,null,3852,0,0.5368674133,0.2280301843,0.215349631,0.5,1,0.0,true
001,null,3853,0,1.381285472,0.2831372485,0.2704566952,0.5,0,0.0,true
001,null,3854,0,0.1119071747,0.2819392876,0.2692587342,0.5,0,0.0,true
001,null,3855,0,0.8507208356,0.3151734732,0.3024929199,0.5,0,0.0,true
001,null,3856,1,-0.6655946752,0.2663367217,0.2581996861,0.5,0,0.0,true
001,null,3857,0,-1.239623403,0.1808013871,0.1681208338,0.5,1,0.0,true
001,null,3858,1,0.1670609859,0.1853151454,0.1771781098,0.5,0,0.0,true
001,null,3859,0,0.7165259651,0.2177211956,0.2050406423,0.5,1,0.0,true
001,null,3860,1,0.1788840858,0.2222242139,0.2140871783,0.5,0,0.0,true
001,null,3861,1,0.7671507157,0.2564924049,0.2483553693,0.5,1,0.0,true
001,null,3862,1,-0.6332050652,0.2096879964,0.2015509608,0.5,1,0.0,true
001,null,3863,0,-2.209034769,0.06230651485,0.04962596151,0.5,0,0.0,true
001,null,3864,0,-0.623837655,0.02749292125,0.01481236791,0.5,1,0.0,true
001,null,3865,1,0.1859305971,0.03672516037,0.02858812479,0.5,1,0.0,true
001,null,3866,1,-1.307045866,-0.0342797121,-0.04241674769,0.5,1,0.0,true
001,null,3867,1,2.37653315,0.08175368573,0.07361665014,0.5,0,0.0,true
001,null,3868,0,1.095759553,0.1286026684,0.1159221151,0.5,0,0.0,true
001,null,3869,0,-0.5871401723,0.09654103603,0.08386048269,0.5,1,0.0,true
001,null,3870,0,-1.055933935,0.04166012913,0.02897957579,0.5,1,0.0,true
001,null,3871,0,-0.5008061759,0.01615588873,0.003475335392,0.5,0,0.0,true
001,null,3872,0,1.718020412,0.09434122809,0.08166067475,0.5,0,0.0,true
001,null,3873,0,0.2563809295,0.1039894239,0.09130887059,0.5,0,0.0,true
001,null,3874,0,0.1427934984,0.1082601548,0.09557960149,0.5,0,0.0,true
001,null,3875,0,0.6737796464,0.137627938,0.1249473847,0.5,0,0.0,true
001,null,3876,1,-0.2223985013,0.1227154658,0.1145784302,0.5,1,0.0,true
001,null,3877,0,0.1402311578,0.1268237289,0.1141431756,0.5,1,0.0,true
001,null,3878,1,0.388720972,0.1436992059,0.1355621703,0.5,1,0.0,true
001,null,3879,0,0.1081830047,0.145895881,0.1332153277,0.5,1,0.0,true
001,null,3880,1,0.5918416004,0.1733458744,0.1652088388,0.5,1,0.0,true
001,null,3881,0,0.5131729737,0.1963683645,0.1836878111,0.5,0,0.0,true
001,null,3882,1,2.163048752,0.2760473693,0.2679103337,0.5,1,0.0,true
001,null,3883,0,1.060947704,0.3145400125,0.3018594592,0.5,0,0.0,true
001,null,3884,1,-0.4342053808,0.2828240301,0.2746869945,0.5,1,0.0,true
001,null,3885,0,0.7359889692,0.3097304447,0.2970498914,0.5,1,0.0,true
001,null,3886,0,0.9427351928,0.3434517141,0.3307711608,0.5,1,0.0,true
001,null,3887,1,-0.9627267647,0.2764136881,0.2682766525,0.5,1,0.0,true
001,null,3888,1,1.138607259,0.3184938049,0.3103567693,0.5,0,0.0,true
001,null,3889,0,-1.281774465,0.2325612992,0.2198807458,0.5,0,0.0,true
001,null,3890,0,0.8413835904,0.2652171261,0.2525365728,0.5,0,0.0,true
001,null,3891,1,-1.472089551,0.171985198,0.1638481625,0.5,0,0.0,true
001,null,3892,0,-0.4268246031,0.1453769905,0.1326964372,0.5,0,0.0,true
001,null,3893,0,0.1291282851,0.1482967667,0.1356162134,0.5,0,0.0,true
001,null,3894,1,-1.238082925,0.07580000047,0.06766296488,0.5,1,0.0,true
001,null,3895,0,0.06325127383,0.07716946633,0.06448891299,0.5,0,0.0,true
001,null,3896,0,-0.9127492199,0.02579762794,0.0131170746,0.5,0,0.0,true
001,null,3897,1,0.608610711,0.05716275637,0.04902572078,0.5,0,0.0,true
001,null,3898,1,0.1426534664,0.06344029217,0.05530325658,0.5,0,0.0,true
001,null,3899,1,-0.7563427821,0.01928963172,0.01115259613,0.5,1,0.0,true
001,null,3900,1,-0.85554029,-0.02867151753,-0.03680855311,0.5,0,0.0,true
001,null,3901,0,1.544133032,0.0551442992,0.04246374586,0.5,0,0.0,true
001,null,3902,0,-0.04080883744,0.0515442499,0.03886369656,0.5,0,0.0,true
001,null,3903,0,-0.277053601,0.03482533024,0.0221447769,0.5,0,0.0,true
001,null,3904,0,-0.5128525058,0.004852641241,-0.007827912098,0.5,1,0.0,true
001,null,3905,0,1.05934913,0.0634587297,0.05077817636,0.5,1,0.0,true
001,null,3906,0,-0.6449619089,0.02473037966,0.01204982632,0.5,1,0.0,true
001,null,3907,0,-0.1283503934,0.01668328757,0.004002734234,0.5,1,0.0,true
001,null,3908,1,1.629580208,0.103526402,0.09538936639,0.5,1,0.0,true
001,null,3909,0,0.5930867979,0.1325446531,0.1198640998,0.5,0,0.0,true
001,null,3910,0,-0.1538932322,0.1203848754,0.1077043221,0.5,0,0.0,true
001,null,3911,0,-0.1507577234,0.1085037222,0.09582316891,0.5,0,0.0,true
001,null,3912,0,-0.6513098593,0.06601811698,0.05333756364,0.5,0,0.0,true
001,null,3913,0,0.0233809631,0.06575158326,0.05307102992,0.5,1,0.0,true
001,null,3914,0,-1.79867175,-0.0420206728,-0.05470122614,0.5,0,0.0,true
001,null,3915,1,-0.6168466905,-0.07502682227,-0.08316385785,0.5,1,0.0,true
001,null,3916,0,0.6244780862,-0.03675749074,-0.04943804408,0.5,0,0.0,true
001,null,3917,0,0.0796502576,-0.03118171204,-0.04386226538,0.5,0,0.0,true
001,null,3918,0,1.574705141,0.05868975356,0.04600920022,0.5,1,0.0,true
001,null,3919,1,1.328992537,0.1254003559,0.1172633203,0.5,1,0.0,true
001,null,3920,0,-0.4623019434,0.09620557011,0.08352501677,0.5,0,0.0,true
001,null,3921,1,-0.6003083325,0.05947679965,0.05133976407,0.5,0,0.0,true
001,null,3922,0,-0.3085888825,0.04031067171,0.02763011837,0.5,1,0.0,true
001,null,3923,0,-0.9912758807,-0.01774857871,-0.03042913205,0.5,0,0.0,true
001,null,3924,0,0.9162430165,0.03465592866,0.02197537532,0.5,1,0.0,true
001,null,3925,1,0.9001103058,0.08345775812,0.07532072254,0.5,0,0.0,true
001,null,3926,1,0.1782583724,0.09151986768,0.08338283209,0.5,1,0.0,true
001,null,3927,0,-0.6711227975,0.04880664658,0.03612609324,0.5,1,0.0,true
001,null,3928,1,0.2559916523,0.06269775354,0.05456071795,0.5,1,0.0,true
001,null,3929,0,-0.9811278213,0.001152339442,-0.0115282139,0.5,1,0.0,true
001,null,3930,1,-0.1855190937,-0.01009195065,-0.01822898623,0.5,0,0.0,true
001,null,3931,1,-1.603757694,-0.09986127341,-0.107998309,0.5,0,0.0,true
001,null,3932,1,-0.5324555849,-0.1270752429,-0.1352122784,0.5,0,0.0,true
001,null,3933,0,-0.1941215734,-0.1351490368,-0.1478295901,0.5,0,0.0,true
001,null,3934,0,1.09347443,-0.0628355854,-0.07551613874,0.5,1,0.0,true
001,null,3935,1,-1.017327707,-0.1175914103,-0.1257284459,0.5,1,0.0,true
001,null,3936,1,-1.184731307,-0.1760879863,-0.1842250219,0.5,0,0.0,true
001,null,3937,1,0.4344325852,-0.1456253031,-0.1537623387,0.5,1,0.0,true
001,null,3938,0,-0.5208358675,-0.1710062561,-0.1836868095,0.5,0,0.0,true
001,null,3939,0,-0.4074342755,-0.189936652,-0.2026172053,0.5,1,0.0,true
001,null,3940,1,-1.918153789,-0.2677350113,-0.2758720468,0.5,0,0.0,true
001,null,3941,1,-1.492632998,-0.3223736641,-0.3305106997,0.5,0,0.0,true
001,null,3942,1,-2.007033941,-0.3799845716,-0.3881216072,0.5,1,0.0,true
001,null,3943,1,0.2227929132,-0.3589244967,-0.3670615323,0.5,1,0.0,true
001,null,3944,0,-1.214273123,-0.3965883581,-0.4092689115,0.5,1,0.0,true
001,null,3945,0,-1.642680607,-0.4399766317,-0.452657185,0.5,1,0.0,true
001,null,3946,0,1.01284518,-0.3712520426,-0.3839325959,0.5,1,0.0,true
001,null,3947,1,0.4249389313,-0.3398848539,-0.3480218895,0.5,1,0.0,true
001,null,3948,1,1.353940046,-0.253346949,-0.2614839846,0.5,1,0.0,true
001,null,3949,0,0.04679892562,-0.2446480231,-0.2573285765,0.5,1,0.0,true
001,null,3950,0,-0.3664645194,-0.2558505972,-0.2685311506,0.5,1,0.0,true
001,null,3951,1,-0.733854584,-0.2828172259,-0.2909542615,0.5,1,0.0,true
001,null,3952,1,-0.435198684,-0.2965927312,-0.3047297668,0.5,0,0.0,true
001,null,3953,1,-0.7034157048,-0.3217088059,-0.3298458415,0.5,1,0.0,true
001,null,3954,1,0.5837523842,-0.2797918249,-0.2879288605,0.5,1,0.0,true
001,null,3955,1,0.8662512962,-0.221033825,-0.2291708606,0.5,0,0.0,true
001,null,3956,1,-0.6824979681,-0.2491161847,-0.2572532203,0.5,1,0.0,true
001,null,3957,0,0.5788084616,-0.2088729991,-0.2215535524,0.5,1,0.0,true
001,null,3958,1,1.447393573,-0.1154234733,-0.1235605089,0.5,1,0.0,true
001,null,3959,1,-0.2876528342,-0.1276971413,-0.1358341769,0.5,0,0.0,true
001,null,3960,1,-0.3586629697,-0.1436869287,-0.1518239643,0.5,1,0.0,true
001,null,3961,1,-1.085242544,-0.1940948783,-0.2022319138,0.5,1,0.0,true
001,null,3962,0,0.09205794592,-0.1839959795,-0.1966765328,0.5,0,0.0,true
001,null,3963,1,-1.661812734,-0.2525423382,-0.2606793738,0.5,0,0.0,true
001,null,3964,1,-2.133424402,-0.3212428124,-0.329379848,0.5,0,0.0,true
001,null,3965,0,-0.4809913004,-0.3349313316,-0.347611885,0.5,0,0.0,true
001,null,3966,0,-0.4407927861,-0.346909472,-0.3595900253,0.5,0,0.0,true
001,null,3967,1,0.3235623022,-0.3206364562,-0.3287734917,0.5,0,0.0,true
001,null,3968,0,1.979109517,-0.1891597905,-0.2018403439,0.5,0,0.0,true
001,null,3969,0,-1.716727111,-0.2511565499,-0.2638371032,0.5,0,0.0,true
001,null,3970,1,0.8965402397,-0.1992234625,-0.2073604981,0.5,0,0.0,true
001,null,3971,1,1.321020356,-0.1268042859,-0.1349413215,0.5,1,0.0,true
001,null,3972,1,0.4400052658,-0.1025864656,-0.1107235012,0.5,0,0.0,true
001,null,3973,1,-0.2508918902,-0.1118137426,-0.1199507782,0.5,0,0.0,true
001,null,3974,0,1.117226303,-0.0527494708,-0.06543002414,0.5,1,0.0,true
001,null,3975,1,0.6769949992,-0.01819542513,-0.02633246071,0.5,0,0.0,true
001,null,3976,1,-0.5248163678,-0.04342419931,-0.05156123489,0.5,1,0.0,true
001,null,3977,0,0.4077070381,-0.02166323883,-0.03434379217,0.5,0,0.0,true
001,null,3978,1,-0.5585570457,-0.04949739376,-0.05763442934,0.5,1,0.0,true
001,null,3979,1,0.5132537632,-0.02117006993,-0.02930710552,0.5,1,0.0,true
001,null,3980,0,-0.5456962542,-0.04937195026,-0.0620525036,0.5,1,0.0,true
001,null,3981,0,-0.8656485663,-0.09313577788,-0.1058163312,0.5,0,0.0,true
001,null,3982,1,-0.4549002688,-0.1148970668,-0.1230341024,0.5,1,0.0,true
001,null,3983,0,-0.6682781761,-0.1471556743,-0.1598362276,0.5,0,0.0,true
001,null,3984,1,-0.2557980999,-0.1575099113,-0.1656469469,0.5,1,0.0,true
001,null,3985,0,0.3934113327,-0.1301674477,-0.1428480011,0.5,0,0.0,true
001,null,3986,1,-1.094713883,-0.1838270147,-0.1919640503,0.5,0,0.0,true
001,null,3987,0,-0.9024117849,-0.2254387151,-0.2381192685,0.5,1,0.0,true
001,null,3988,0,-0.7512026007,-0.2584213762,-0.2711019295,0.5,1,0.0,true
001,null,3989,0,1.839942012,-0.1302230216,-0.142903575,0.5,0,0.0,true
001,null,3990,0,0.4595156339,-0.1014946515,-0.1141752048,0.5,0,0.0,true
001,null,3991,1,-0.6784126773,-0.1344111771,-0.1425482127,0.5,0,0.0,true
001,null,3992,1,-1.277993637,-0.1926748781,-0.2008119137,0.5,0,0.0,true
001,null,3993,0,-0.7120764292,-0.2232459097,-0.2359264631,0.5,1,0.0,true
001,null,3994,1,0.5030762663,-0.1884550409,-0.1965920764,0.5,0,0.0,true
001,null,3995,0,2.098137924,-0.05846859701,-0.07114915035,0.5,0,0.0,true
001,null,3996,1,0.6559617787,-0.02333915198,-0.03147618756,0.5,1,0.0,true
001,null,3997,0,-0.7519986547,-0.06068195821,-0.07336251155,0.5,0,0.0,true
001,null,3998,0,0.4212487356,-0.03697266732,-0.04965322066,0.5,1,0.0,true
001,null,3999,1,-1.238875257,-0.09790141919,-0.1060384548,0.5,1,0.0,true
001,null,4000,1,0.9169184441,-0.04626638714,-0.05440342273,0.5,0,0.0,true
001,null,4001,1,-0.08497177674,-0.04955580644,-0.05769284202,0.5,0,0.0,true
001,null,4002,1,-0.339124816,-0.06638204445,-0.07451908004,0.5,0,0.0,true
001,null,4003,1,-1.244320207,-0.1274966521,-0.1356336877,0.5,1,0.0,true
001,null,4004,1,-0.5953971366,-0.1548952374,-0.163032273,0.5,1,0.0,true
001,null,4005,1,-1.770314129,-0.2276578124,-0.235794848,0.5,1,0.0,true
001,null,4006,1,0.09148639956,-0.2171140789,-0.2252511144,0.5,1,0.0,true
001,null,4007,0,1.52929137,-0.1226789129,-0.1353594663,0.5,0,0.0,true
001,null,4008,0,1.071989687,-0.0628696931,-0.07555024644,0.5,1,0.0,true
001,null,4009,1,0.3821120296,-0.04164181741,-0.049778853,0.5,0,0.0,true
001,null,4010,0,-2.033023653,-0.1324075646,-0.145088118,0.5,1,0.0,true
001,null,4011,1,0.1124222954,-0.1235874137,-0.1317244493,0.5,0,0.0,true
001,null,4012,1,2.297002574,-0.005919165089,-0.01405620067,0.5,0,0.0,true
001,null,4013,0,-0.650555876,-0.03494102187,-0.04762157521,0.5,1,0.0,true
001,null,4014,0,-0.1270049566,-0.03989554881,-0.05257610215,0.5,0,0.0,true
001,null,4015,1,-1.576337019,-0.1075766418,-0.1157136773,0.5,0,0.0,true
001,null,4016,1,0.412870643,-0.08554995058,-0.09368698616,0.5,0,0.0,true
001,null,4017,1,-1.300420446,-0.139423936,-0.1475609716,0.5,0,0.0,true
001,null,4018,0,-0.6852216328,-0.1661057143,-0.1787862677,0.5,1,0.0,true
001,null,4019,0,-1.821414916,-0.2314400627,-0.2441206161,0.5,0,0.0,true
001,null,4020,1,-0.5665955337,-0.2495895012,-0.2577265368,0.5,1,0.0,true
001,null,4021,0,0.001686538698,-0.2431919282,-0.2558724816,0.5,1,0.0,true
001,null,4022,1,0.1568782958,-0.2294818281,-0.2376188637,0.5,1,0.0,true
001,null,4023,1,-1.524569668,-0.2825978149,-0.2907348504,0.5,1,0.0,true
001,null,4024,0,0.316833705,-0.2598808072,-0.2725613606,0.5,0,0.0,true
001,null,4025,0,0.2411466711,-0.2413012655,-0.2539818188,0.5,0,0.0,true
001,null,4026,0,-1.134671746,-0.2826456242,-0.2953261776,0.5,0,0.0,true
001,null,4027,1,-0.4049231635,-0.2942943626,-0.3024313981,0.5,1,0.0,true
001,null,4028,0,-0.4055139295,-0.3060113444,-0.3186918977,0.5,1,0.0,true
001,null,4029,1,-0.545449504,-0.3238141679,-0.3319512035,0.5,1,0.0,true
001,null,4030,1,-0.2931831246,-0.3302095601,-0.3383465957,0.5,0,0.0,true
001,null,4031,0,1.253117055,-0.2437979929,-0.2564785462,0.5,1,0.0,true
001,null,4032,0,-0.8234904427,-0.2758964452,-0.2885769986,0.5,0,0.0,true
001,null,4033,1,-0.567790838,-0.2963839588,-0.3045209944,0.5,1,0.0,true
001,null,4034,0,1.31958468,-0.207343047,-0.2200236003,0.5,1,0.0,true
001,null,4035,1,0.709248584,-0.1623910626,-0.1705280981,0.5,0,0.0,true
001,null,4036,0,0.145235498,-0.1504305668,-0.1631111201,0.5,0,0.0,true
001,null,4037,1,0.7013111162,-0.1066468927,-0.1147839283,0.5,1,0.0,true
001,null,4038,1,-0.6107562363,-0.1362228505,-0.144359886,0.5,0,0.0,true
001,null,4039,0,-0.5609288932,-0.1626808475,-0.1753614009,0.5,0,0.0,true
001,null,4040,1,1.910465942,-0.04450389872,-0.0526409343,0.5,0,0.0,true
001,null,4041,1,1.489979678,0.03307458004,0.02493754446,0.5,1,0.0,true
001,null,4042,1,-0.2966497835,0.01708081582,0.008943780238,0.5,0,0.0,true
001,null,4043,1,-0.2064658034,0.005871246491,-0.002265789093,0.5,1,0.0,true
001,null,4044,1,1.508622525,0.08124771153,0.07311067594,0.5,1,0.0,true
001,null,4045,1,-1.500418988,0.00168047834,-0.006456557244,0.5,1,0.0,true
001,null,4046,0,0.1525479529,0.009263169765,-0.003417383575,0.5,1,0.0,true
001,null,4047,1,1.477662731,0.08033025324,0.07219321765,0.5,0,0.0,true
001,null,4048,0,0.5127683182,0.1031800713,0.090499518,0.5,0,0.0,true
001,null,4049,1,0.1916036925,0.1101970391,0.1020600035,0.5,0,0.0,true
001,null,4050,1,-0.8814615282,0.06025040325,0.05211336767,0.5,1,0.0,true
001,null,4051,0,0.1949151365,0.06885396479,0.05617341145,0.5,0,0.0,true
001,null,4052,0,0.1963956556,0.07755880553,0.0648782522,0.5,1,0.0,true
001,null,4053,0,0.8693943204,0.1206609276,0.1079803743,0.5,0,0.0,true
001,null,4054,1,-0.1758285257,0.1078069285,0.09966989295,0.5,1,0.0,true
001,null,4055,0,0.01197613287,0.1057537532,0.09307319982,0.5,1,0.0,true
001,null,4056,0,0.7841655476,0.1455773962,0.1328968428,0.5,0,0.0,true
001,null,4057,1,1.69575832,0.2202054525,0.2120684169,0.5,0,0.0,true
001,null,4058,1,-1.295273469,0.1370376936,0.1289006581,0.5,1,0.0,true
001,null,4059,0,0.04361594615,0.1358945076,0.1232139543,0.5,1,0.0,true
001,null,4060,1,-0.4543134019,0.106848267,0.0987112314,0.5,1,0.0,true
001,null,4061,0,0.2279944804,0.1167161592,0.1040356059,0.5,0,0.0,true
001,null,4062,1,-1.143876289,0.04622133089,0.0380842953,0.5,0,0.0,true
001,null,4063,1,-1.741335696,-0.04874937284,-0.05688640843,0.5,0,0.0,true
001,null,4064,0,-0.0829080908,-0.05190091709,-0.06458147043,0.5,1,0.0,true
001,null,4065,0,0.0723728329,-0.04664326666,-0.05932382,0.5,0,0.0,true
001,null,4066,1,1.491238007,0.03536932305,0.02723228747,0.5,1,0.0,true
001,null,4067,1,0.4329605685,0.05739281377,0.04925577818,0.5,1,0.0,true
001,null,4068,0,0.5003709729,0.08271551899,0.07003496565,0.5,0,0.0,true
001,null,4069,1,0.01747817454,0.08159480988,0.0734577743,0.5,0,0.0,true
001,null,4070,1,-1.66485912,-0.0144476806,-0.02258471618,0.5,1,0.0,true
001,null,4071,0,1.135205607,0.04553320525,0.03285265191,0.5,1,0.0,true
001,null,4072,1,-0.2061886762,0.03332398221,0.02518694662,0.5,1,0.0,true
001,null,4073,0,1.328690595,0.1000613892,0.08738083589,0.5,0,0.0,true
001,null,4074,0,-1.478910532,0.01747394409,0.004793390747,0.5,1,0.0,true
001,null,4075,1,0.07363940666,0.02083361183,0.01269657624,0.5,0,0.0,true
001,null,4076,0,0.7022328755,0.05674857971,0.04406802637,0.5,0,0.0,true
001,null,4077,1,1.125894429,0.1117079273,0.1035708918,0.5,1,0.0,true
001,null,4078,0,-0.7258962873,0.06928546598,0.05660491264,0.5,0,0.0,true
001,null,4079,1,2.28387832,0.1667701642,0.1586331286,0.5,0,0.0,true
001,null,4080,0,-1.74836358,0.07302547935,0.06034492601,0.5,1,0.0,true
001,null,4081,1,0.4597401624,0.09208018445,0.08394314886,0.5,0,0.0,true
001,null,4082,1,1.226089847,0.1430778443,0.1349408087,0.5,0,0.0,true
001,null,4083,0,-1.400401495,0.07058546672,0.05790491338,0.5,0,0.0,true
001,null,4084,1,0.6374512836,0.09746213808,0.0893251025,0.5,0,0.0,true
001,null,4085,1,1.997917666,0.1742738368,0.1661368013,0.5,0,0.0,true
001,null,4086,1,-0.7224074938,0.1362897521,0.1281527165,0.5,1,0.0,true
001,null,4087,0,0.9627485047,0.1731239615,0.1604434082,0.5,0,0.0,true
001,null,4088,1,1.650329096,0.2311873932,0.2230503576,0.5,0,0.0,true
001,null,4089,1,0.2520362819,0.2362017889,0.2280647533,0.5,0,0.0,true
001,null,4090,1,0.08485925569,0.2340374459,0.2259004103,0.5,1,0.0,true
001,null,4091,0,0.03063374448,0.2295329585,0.2168524051,0.5,1,0.0,true
001,null,4092,1,0.8654288597,0.2606406011,0.2525035655,0.5,0,0.0,true
001,null,4093,0,-0.5156562297,0.2277907619,0.2151102085,0.5,0,0.0,true
001,null,4094,1,-1.381960798,0.1474678982,0.1393308627,0.5,1,0.0,true
001,null,4095,1,-0.1506409675,0.1363953029,0.1282582673,0.5,0,0.0,true
001,null,4096,0,-1.150829808,0.07366612604,0.0609855727,0.5,1,0.0,true
001,null,4097,1,-0.07191358271,0.06825551395,0.06011847837,0.5,0,0.0,true
001,null,4098,0,1.196460432,0.1225063827,0.1098258294,0.5,0,0.0,true
001,null,4099,0,0.8131236581,0.1574608707,0.1447803173,0.5,0,0.0,true
001,null,4100,1,-0.4081185819,0.1323260513,0.1241890157,0.5,0,0.0,true
001,null,4101,0,-0.7448399793,0.08928109062,0.07660053728,0.5,0,0.0,true
001,null,4102,1,0.6602296694,0.1200159897,0.1118789542,0.5,1,0.0,true
001,null,4103,1,-0.5020208225,0.08981671811,0.08167968253,0.5,0,0.0,true
001,null,4104,0,1.620597473,0.1628403387,0.1501597853,0.5,1,0.0,true
001,null,4105,1,-0.8078025649,0.1151726974,0.1070356618,0.5,1,0.0,true
001,null,4106,1,0.3018826148,0.1276139715,0.1194769359,0.5,1,0.0,true
001,null,4107,0,-1.512291502,0.04144435925,0.02876380591,0.5,1,0.0,true
001,null,4108,1,-1.582232182,-0.03832212101,-0.04645915659,0.5,0,0.0,true
001,null,4109,0,1.392668181,0.0301467535,0.01746620016,0.5,1,0.0,true
001,null,4110,1,-0.566487391,0.001891054398,-0.006245981186,0.5,1,0.0,true
001,null,4111,1,-0.1781345078,-0.006950356504,-0.01508739209,0.5,1,0.0,true
001,null,4112,0,-1.085611718,-0.05996280535,-0.07264335869,0.5,0,0.0,true
001,null,4113,1,-0.7722572778,-0.09596054194,-0.1040975775,0.5,0,0.0,true
001,null,4114,0,-0.05262130749,-0.09620722277,-0.1088877761,0.5,1,0.0,true
001,null,4115,1,0.7831346797,-0.05193676651,-0.06007380209,0.5,1,0.0,true
001,null,4116,0,-0.1687669185,-0.05948460972,-0.07216516306,0.5,0,0.0,true
001,null,4117,1,-0.2367563169,-0.07067666377,-0.07881369936,0.5,0,0.0,true
001,null,4118,1,-0.01777808606,-0.06987201272,-0.0780090483,0.5,0,0.0,true
001,null,4119,1,1.007670671,-0.01044994662,-0.0185869822,0.5,1,0.0,true
001,null,4120,0,-0.8761752568,-0.05830149251,-0.07098204585,0.5,0,0.0,true
001,null,4121,1,1.158177837,0.008402599122,0.0002655635383,0.5,0,0.0,true
001,null,4122,1,1.295146214,0.07650211532,0.06836507973,0.5,1,0.0,true
001,null,4123,1,-1.094321859,0.01449677787,0.006359742286,0.5,1,0.0,true
001,null,4124,0,0.732357998,0.05282998021,0.04014942687,0.5,1,0.0,true
001,null,4125,0,-2.028537027,-0.05297490391,-0.06565545725,0.5,0,0.0,true
001,null,4126,1,-0.340994727,-0.06853016263,-0.07666719821,0.5,1,0.0,true
001,null,4127,0,0.5974896955,-0.03581471934,-0.04849527268,0.5,1,0.0,true
001,null,4128,0,0.02957384821,-0.03336523268,-0.04604578602,0.5,1,0.0,true
001,null,4129,1,-1.443440484,-0.1037192513,-0.1118562869,0.5,1,0.0,true
001,null,4130,0,0.5156686523,-0.07381745352,-0.08649800686,0.5,0,0.0,true
001,null,4131,0,0.7624492952,-0.03115592792,-0.04383648126,0.5,0,0.0,true
001,null,4132,0,0.2530352565,-0.01683509996,-0.0295156533,0.5,0,0.0,true
001,null,4133,1,-0.7923977175,-0.05861962935,-0.06675666493,0.5,1,0.0,true
001,null,4134,0,0.1395664056,-0.04942430904,-0.06210486238,0.5,0,0.0,true
001,null,4135,1,-0.6991582801,-0.08629832706,-0.09443536264,0.5,1,0.0,true
001,null,4136,0,-0.604815601,-0.1172154384,-0.1298959917,0.5,1,0.0,true
001,null,4137,1,-0.8372158684,-0.1589729987,-0.1671100343,0.5,0,0.0,true
001,null,4138,1,-0.9445389927,-0.2036915964,-0.211828632,0.5,1,0.0,true
001,null,4139,1,-0.9728585344,-0.2470575187,-0.2551945543,0.5,0,0.0,true
001,null,4140,1,-1.335026659,-0.3003525858,-0.3084896214,0.5,0,0.0,true
001,null,4141,0,0.5074285315,-0.2623445076,-0.2750250609,0.5,1,0.0,true
001,null,4142,1,1.084627885,-0.1871418932,-0.1952789288,0.5,1,0.0,true
001,null,4143,1,0.3322544031,-0.1631738235,-0.1713108591,0.5,0,0.0,true
001,null,4144,1,-0.6939581533,-0.1958091839,-0.2039462195,0.5,0,0.0,true
001,null,4145,0,0.5301717208,-0.1586051797,-0.171285733,0.5,0,0.0,true
001,null,4146,0,-0.4051707865,-0.1774673284,-0.1901478817,0.5,0,0.0,true
001,null,4147,0,-0.3423379994,-0.1927489045,-0.2054294579,0.5,0,0.0,true
001,null,4148,0,2.177958005,-0.0463636263,-0.05904417964,0.5,0,0.0,true
001,null,4149,0,2.607724049,0.0810905065,0.06840995316,0.5,0,0.0,true
001,null,4150,1,0.0700997697,0.08231889573,0.07418186015,0.5,0,0.0,true
001,null,4151,1,0.4681657412,0.1022607706,0.09412373505,0.5,0,0.0,true
001,null,4152,0,1.295371935,0.1571022986,0.1444217453,0.5,1,0.0,true
001,null,4153,1,1.218179976,0.2051704464,0.1970334109,0.5,0,0.0,true
001,null,4154,0,-1.619575694,0.1152528043,0.102572251,0.5,0,0.0,true
001,null,4155,0,-0.3334284774,0.09655889155,0.08387833821,0.5,1,0.0,true
001,null,4156,0,0.1759053131,0.1024343807,0.08975382735,0.5,1,0.0,true
001,null,4157,0,-0.1484928707,0.09252826901,0.07984771567,0.5,0,0.0,true
001,null,4158,0,0.1304642177,0.09668806706,0.08400751372,0.5,0,0.0,true
001,null,4159,0,1.630637304,0.1667730807,0.1540925274,0.5,1,0.0,true
001,null,4160,0,-0.4839338508,0.1378507512,0.1251701979,0.5,0,0.0,true
001,null,4161,1,0.4568336549,0.1565615993,0.1484245637,0.5,0,0.0,true
001,null,4162,1,-0.003452237674,0.1524197106,0.144282675,0.5,0,0.0,true
001,null,4163,1,-0.2989473059,0.1324510207,0.1243139851,0.5,1,0.0,true
001,null,4164,0,-1.525833826,0.04378837133,0.031107818,0.5,0,0.0,true
001,null,4165,1,0.01096709513,0.04324982173,0.03511278615,0.5,0,0.0,true
001,null,4166,0,1.08622166,0.09690822233,0.084227669,0.5,0,0.0,true
001,null,4167,1,-0.7782436286,0.05233245849,0.0441954229,0.5,0,0.0,true
001,null,4168,0,0.3891390363,0.07150395782,0.05882340448,0.5,0,0.0,true
001,null,4169,0,-0.7715767667,0.02707456424,0.0143940109,0.5,1,0.0,true
001,null,4170,0,-0.3467537295,0.007267615569,-0.005412937771,0.5,0,0.0,true
001,null,4171,0,-0.1049518382,0.001175083559,-0.01150546978,0.5,0,0.0,true
001,null,4172,0,0.1121648392,0.007618053209,-0.005062500131,0.5,1,0.0,true
001,null,4173,0,0.5765654081,0.04108793577,0.02840738243,0.5,1,0.0,true
001,null,4174,1,-0.03313169169,0.03805639853,0.02991936295,0.5,1,0.0,true
001,null,4175,1,-0.0314753276,0.03515224868,0.0270152131,0.5,0,0.0,true
001,null,4176,1,-0.5615737261,-0.001219027539,-0.009356063123,0.5,0,0.0,true
001,null,4177,1,0.3841757998,0.02327739702,0.01514036143,0.5,0,0.0,true
001,null,4178,1,-0.6872715903,-0.02176923358,-0.02990626916,0.5,1,0.0,true
001,null,4179,1,0.07692826362,-0.0161593695,-0.02429640509,0.5,1,0.0,true
001,null,4180,0,1.103069222,0.05559804109,0.04291748775,0.5,1,0.0,true
001,null,4181,1,0.08797617022,0.05994274452,0.05180570894,0.5,1,0.0,true
001,null,4182,1,-0.07010995654,0.0536948976,0.04555786201,0.5,0,0.0,true
001,null,4183,1,0.6515243653,0.09539876961,0.08726173402,0.5,1,0.0,true
001,null,4184,1,0.09685111697,0.09966268716,0.09152565157,0.5,1,0.0,true
001,null,4185,0,1.224965514,0.1717564882,0.1590759349,0.5,0,0.0,true
001,null,4186,1,0.5699074166,0.2031607871,0.1950237515,0.5,0,0.0,true
001,null,4187,0,-0.9939347577,0.1239674727,0.1112869194,0.5,1,0.0,true
001,null,4188,1,0.8466407694,0.1724347093,0.1642976737,0.5,0,0.0,true
001,null,4189,1,0.2137532293,0.1820367914,0.1738997558,0.5,0,0.0,true
001,null,4190,0,-1.407187752,0.07412385807,0.06144330473,0.5,1,0.0,true
001,null,4191,0,-0.3556750147,0.04897738482,0.03629683148,0.5,1,0.0,true
001,null,4192,1,-2.221829643,-0.08274758537,-0.09088462095,0.5,0,0.0,true
001,null,4193,0,0.2275135139,-0.06765339856,-0.0803339519,0.5,0,0.0,true
001,null,4194,0,-1.693218879,-0.1503098308,-0.1629903841,0.5,0,0.0,true
001,null,4195,1,-0.8817680966,-0.190214661,-0.1983516965,0.5,1,0.0,true
001,null,4196,0,0.1064894221,-0.1795163095,-0.1921968628,0.5,0,0.0,true
001,null,4197,1,-0.372309428,-0.1949968102,-0.2031338458,0.5,1,0.0,true
001,null,4198,0,1.13723225,-0.1199419302,-0.1326224836,0.5,1,0.0,true
001,null,4199,0,0.9829867254,-0.05964160232,-0.07232215566,0.5,0,0.0,true
001,null,4200,1,-0.345646699,-0.07725906724,-0.08539610282,0.5,0,0.0,true
001,null,4201,1,2.288572415,0.04837793764,0.04024090206,0.5,1,0.0,true
001,null,4202,0,0.9771552448,0.09448551391,0.08180496057,0.5,0,0.0,true
001,null,4203,0,0.01803068775,0.09300959363,0.08032904029,0.5,0,0.0,true
001,null,4204,0,1.431606329,0.1568511402,0.1441705868,0.5,1,0.0,true
001,null,4205,1,0.7259005047,0.1872203171,0.1790832815,0.5,0,0.0,true
001,null,4206,1,-0.904539484,0.133123736,0.1249867004,0.5,1,0.0,true
001,null,4207,1,-0.1792384068,0.1203929411,0.1122559055,0.5,0,0.0,true
001,null,4208,0,-1.904876428,0.01503772749,0.00235717415,0.5,0,0.0,true
001,null,4209,0,-1.878999846,-0.07236672915,-0.08504728249,0.5,1,0.0,true
001,null,4210,0,1.313432697,-0.008609768009,-0.02129032135,0.5,0,0.0,true
001,null,4211,0,-2.248247061,-0.102130154,-0.1148107074,0.5,1,0.0,true
001,null,4212,0,-0.1556166031,-0.106209011,-0.1188895644,0.5,0,0.0,true
001,null,4213,1,-0.9614259675,-0.1434779277,-0.1516149633,0.5,0,0.0,true
001,null,4214,1,-0.1706533452,-0.1473685555,-0.1555055911,0.5,0,0.0,true
001,null,4215,1,0.06308751065,-0.1407411265,-0.148878162,0.5,1,0.0,true
001,null,4216,1,1.075219463,-0.08462181241,-0.09275884799,0.5,1,0.0,true
001,null,4217,0,0.3501810812,-0.06586331136,-0.0785438647,0.5,1,0.0,true
001,null,4218,0,-0.5621727872,-0.09053990812,-0.1032204615,0.5,1,0.0,true
001,null,4219,1,-0.7309280949,-0.122451278,-0.1305883136,0.5,1,0.0,true
001,null,4220,0,1.562368172,-0.03960411666,-0.05228467,0.5,0,0.0,true
001,null,4221,1,-0.5178131584,-0.0630941833,-0.07123121889,0.5,1,0.0,true
001,null,4222,0,0.338945129,-0.0447654794,-0.05744603274,0.5,1,0.0,true
001,null,4223,1,1.615295935,0.03511630644,0.02697927085,0.5,1,0.0,true
001,null,4224,1,0.8851740959,0.07566179844,0.06752476285,0.5,1,0.0,true
001,null,4225,0,1.241016779,0.1295692149,0.1168886615,0.5,1,0.0,true
001,null,4226,1,-0.1856122665,0.1172358112,0.1090987756,0.5,0,0.0,true
001,null,4227,0,1.254843947,0.1699269474,0.157246394,0.5,0,0.0,true
001,null,4228,0,-0.1663509425,0.1573832487,0.1447026954,0.5,0,0.0,true
001,null,4229,0,1.032132424,0.1998755952,0.1871950419,0.5,1,0.0,true
001,null,4230,0,-0.3753646547,0.1753782334,0.16269768,0.5,1,0.0,true
001,null,4231,1,0.6208623009,0.2007344875,0.1925974519,0.5,1,0.0,true
001,null,4232,1,-0.8371070774,0.1492665455,0.1411295099,0.5,0,0.0,true
001,null,4233,1,-0.4926303148,0.1188717271,0.1107346915,0.5,1,0.0,true
001,null,4234,1,0.412169421,0.1372200211,0.1290829855,0.5,0,0.0,true
001,null,4235,1,-0.5593385438,0.1022835571,0.09414652151,0.5,0,0.0,true
001,null,4236,1,-1.569361538,0.01179940692,0.003662371335,0.5,1,0.0,true
001,null,4237,0,-0.3267597166,-0.005807718098,-0.01848827144,0.5,0,0.0,true
001,null,4238,0,0.08844209284,-0.0008635572451,-0.01354411058,0.5,1,0.0,true
001,null,4239,0,0.3258836569,0.01723198408,0.004551430739,0.5,0,0.0,true
001,null,4240,0,0.2490989449,0.03090554298,0.01822498964,0.5,0,0.0,true
001,null,4241,0,0.8158159955,0.07595086056,0.06327030722,0.5,1,0.0,true
001,null,4242,1,1.658140879,0.156859232,0.1487221964,0.5,1,0.0,true
001,null,4243,0,0.1816777084,0.1627228546,0.1500423013,0.5,1,0.0,true
001,null,4244,0,0.2411530191,0.1718870264,0.159206473,0.5,1,0.0,true
001,null,4245,1,-0.4926332292,0.1379660379,0.1298290023,0.5,0,0.0,true
001,null,4246,1,-0.4444862125,0.1076092066,0.09947217098,0.5,0,0.0,true
001,null,4247,0,-0.2471551116,0.08988079308,0.07720023974,0.5,0,0.0,true
001,null,4248,1,-0.3614441843,0.06511796018,0.05698092459,0.5,0,0.0,true
001,null,4249,1,1.274863228,0.134955488,0.1268184524,0.5,1,0.0,true
001,null,4250,0,1.087500078,0.1893106355,0.1766300822,0.5,0,0.0,true
001,null,4251,1,-1.658141729,0.07846292989,0.07032589431,0.5,0,0.0,true
001,null,4252,1,0.1972596538,0.08739510599,0.0792580704,0.5,0,0.0,true
001,null,4253,1,-0.7744773057,0.04004486346,0.03190782788,0.5,1,0.0,true
001,null,4254,1,0.2912075499,0.05565902243,0.04752198685,0.5,1,0.0,true
001,null,4255,1,0.50278631,0.08317093025,0.07503389467,0.5,1,0.0,true
001,null,4256,1,0.5909900488,0.1150738326,0.106936797,0.5,1,0.0,true
001,null,4257,1,-0.1537550377,0.102725823,0.0945887874,0.5,1,0.0,true
001,null,4258,1,0.2078749451,0.1128862756,0.10474924,0.5,1,0.0,true
001,null,4259,1,1.572974647,0.1919503442,0.1838133086,0.5,0,0.0,true
001,null,4260,0,-2.08794886,0.05448071539,0.04180016205,0.5,0,0.0,true
001,null,4261,1,-0.08279313947,0.04866068051,0.04052364493,0.5,1,0.0,true
001,null,4262,0,-0.9584250766,-0.005049598345,-0.01773015168,0.5,0,0.0,true
001,null,4263,0,-0.06312590965,-0.008381754479,-0.02106230782,0.5,1,0.0,true
001,null,4264,0,0.6116095407,0.0259253476,0.01324479426,0.5,0,0.0,true
001,null,4265,0,0.8872716178,0.0740029356,0.06132238226,0.5,0,0.0,true
001,null,4266,0,0.3148238355,0.08980769955,0.07712714621,0.5,0,0.0,true
001,null,4267,0,-0.5527409672,0.05470495341,0.04202440007,0.5,1,0.0,true
001,null,4268,0,0.4792752873,0.08107501633,0.06839446299,0.5,1,0.0,true
001,null,4269,0,0.1123894027,0.08576266194,0.0730821086,0.5,1,0.0,true
001,null,4270,1,1.980111637,0.1807439166,0.172606881,0.5,1,0.0,true
001,null,4271,0,1.970787818,0.2566480619,0.2439675086,0.5,1,0.0,true
001,null,4272,0,0.4299777563,0.2708824899,0.2582019366,0.5,1,0.0,true
001,null,4273,1,1.381052718,0.320011372,0.3118743364,0.5,1,0.0,true
001,null,4274,1,-0.50185224,0.2843960519,0.2762590163,0.5,1,0.0,true
001,null,4275,1,1.752502649,0.3411500279,0.3330129924,0.5,0,0.0,true
001,null,4276,0,0.1247764048,0.3385569061,0.3258763527,0.5,1,0.0,true
001,null,4277,0,-0.3630895685,0.3105064462,0.2978258929,0.5,1,0.0,true
001,null,4278,0,0.1567468593,0.3105723288,0.2978917754,0.5,1,0.0,true
001,null,4279,1,-1.454191673,0.2129563037,0.2048192681,0.5,1,0.0,true
001,null,4280,0,-1.616569263,0.1163481146,0.1036675613,0.5,1,0.0,true
001,null,4281,0,-0.189441437,0.1039164488,0.09123589548,0.5,1,0.0,true
001,null,4282,1,0.9980948321,0.148251573,0.1401145374,0.5,1,0.0,true
001,null,4283,0,2.026019036,0.2248173994,0.212136846,0.5,1,0.0,true
001,null,4284,0,0.9956998411,0.2605730382,0.2478924848,0.5,1,0.0,true
001,null,4285,1,0.6110860716,0.2806846899,0.2725476543,0.5,1,0.0,true
001,null,4286,1,0.2230186038,0.2840414811,0.2759044455,0.5,0,0.0,true
001,null,4287,0,-0.4398028342,0.2538290739,0.2411485205,0.5,0,0.0,true
001,null,4288,0,1.222269904,0.2980963031,0.2854157497,0.5,0,0.0,true
001,null,4289,1,-0.2631225568,0.2768901932,0.2687531576,0.5,0,0.0,true
001,null,4290,0,-0.02741776446,0.2684674957,0.2557869424,0.5,0,0.0,true
001,null,4291,1,1.749784552,0.3271026982,0.3189656627,0.5,0,0.0,true
001,null,4292,1,1.09618973,0.3628384073,0.3547013717,0.5,0,0.0,true
001,null,4293,1,0.74791835,0.3855603631,0.3774233275,0.5,0,0.0,true
001,null,4294,0,0.3612394237,0.3926903447,0.3800097914,0.5,1,0.0,true
001,null,4295,1,1.34157283,0.4316957985,0.4235587629,0.5,1,0.0,true
001,null,4296,1,-0.1871406458,0.4109524768,0.4028154413,0.5,1,0.0,true
001,null,4297,1,0.3364614947,0.4166947182,0.4085576826,0.5,0,0.0,true
001,null,4298,1,-1.557517632,0.3037317568,0.2955947212,0.5,1,0.0,true
001,null,4299,1,-1.086244648,0.2336495023,0.2255124667,0.5,0,0.0,true
001,null,4300,0,1.714033626,0.293300239,0.2806196857,0.5,1,0.0,true
001,null,4301,1,0.8028515356,0.3200072191,0.3118701835,0.5,1,0.0,true
001,null,4302,0,1.169823092,0.3576881976,0.3450076443,0.5,0,0.0,true
001,null,4303,0,-0.750717376,0.3079498346,0.2952692813,0.5,0,0.0,true
001,null,4304,1,-0.385712395,0.2801063612,0.2719693256,0.5,1,0.0,true
001,null,4305,0,0.07362017135,0.2766895125,0.2640089591,0.5,1,0.0,true
001,null,4306,1,-0.867853645,0.2203729345,0.2122358989,0.5,1,0.0,true
001,null,4307,0,-1.840386569,0.1093797912,0.09669923789,0.5,0,0.0,true
001,null,4308,0,-0.6884667235,0.07199574511,0.05931519177,0.5,0,0.0,true
001,null,4309,1,0.9685396793,0.1157435936,0.107606558,0.5,1,0.0,true
001,null,4310,1,-0.2634978132,0.09948046406,0.09134342847,0.5,1,0.0,true
001,null,4311,1,-0.3568334268,0.0784473247,0.07031028912,0.5,1,0.0,true
001,null,4312,0,-0.4274632285,0.05383258065,0.04115202732,0.5,0,0.0,true
001,null,4313,0,-1.588609294,-0.03025934301,-0.04293989635,0.5,0,0.0,true
001,null,4314,1,1.800580512,0.05800194423,0.04986490865,0.5,0,0.0,true
001,null,4315,0,-1.199302886,-0.001679105782,-0.01435965912,0.5,1,0.0,true
001,null,4316,0,-0.3930131337,-0.02052059674,-0.03320115008,0.5,0,0.0,true
001,null,4317,0,0.4035120643,-0.000102283135,-0.01278283647,0.5,0,0.0,true
001,null,4318,1,0.6853277247,0.03403365963,0.02589662405,0.5,1,0.0,true
001,null,4319,1,-0.2312506888,0.02132570225,0.01318866666,0.5,0,0.0,true
001,null,4320,0,-1.641579871,-0.06081771107,-0.07349826441,0.5,1,0.0,true
001,null,4321,1,0.5206357539,-0.03295094265,-0.04108797823,0.5,1,0.0,true
001,null,4322,0,0.6573823282,0.001454346183,-0.01122620716,0.5,1,0.0,true
001,null,4323,0,0.8832443221,0.04624385157,0.03356329823,0.5,0,0.0,true
001,null,4324,0,0.3490003078,0.06304904266,0.05036848932,0.5,1,0.0,true
001,null,4325,1,-0.07489596437,0.0574528874,0.04931585182,0.5,0,0.0,true
001,null,4326,0,-1.277212694,-0.01318291892,-0.02586347226,0.5,0,0.0,true
001,null,4327,0,-0.2471014978,-0.02603069175,-0.03871124509,0.5,0,0.0,true
001,null,4328,1,-0.5173578277,-0.05330789218,-0.06144492776,0.5,1,0.0,true
001,null,4329,0,1.375804011,0.02346819158,0.01078763824,0.5,1,0.0,true
001,null,4330,1,-0.4443500264,-0.001179853841,-0.009316889425,0.5,1,0.0,true
001,null,4331,1,1.070977974,0.05607707355,0.04794003796,0.5,1,0.0,true
001,null,4332,0,-0.2223419765,0.04241308157,0.02973252823,0.5,1,0.0,true
001,null,4333,0,1.43482788,0.1146607973,0.101980244,0.5,0,0.0,true
001,null,4334,0,-0.8772876345,0.06282470223,0.05014414889,0.5,1,0.0,true
001,null,4335,0,0.2059683311,0.07234183731,0.05966128397,0.5,0,0.0,true
001,null,4336,1,0.6185706868,0.1037475446,0.09561050903,0.5,0,0.0,true
001,null,4337,1,-1.64555,0.00753307683,-0.0006039587544,0.5,0,0.0,true
001,null,4338,0,-1.736158039,-0.07902522819,-0.09170578153,0.5,1,0.0,true
001,null,4339,0,0.7795249181,-0.03692479315,-0.04960534649,0.5,0,0.0,true
001,null,4340,0,1.874444149,0.05516533051,0.04248477717,0.5,0,0.0,true
001,null,4341,1,0.1965166296,0.06320244704,0.05506541146,0.5,1,0.0,true
001,null,4342,0,-0.08645081372,0.05731184605,0.04463129271,0.5,0,0.0,true
001,null,4343,1,-1.156016691,-0.002751131961,-0.01088816754,0.5,0,0.0,true
001,null,4344,1,-1.301285592,-0.06549942322,-0.0736364588,0.5,1,0.0,true
001,null,4345,0,-0.8153068561,-0.1026253403,-0.1153058937,0.5,0,0.0,true
001,null,4346,0,-1.517240219,-0.1666614339,-0.1793419872,0.5,0,0.0,true
001,null,4347,1,0.06713127793,-0.1591580873,-0.1672951229,0.5,1,0.0,true
001,null,4348,1,0.6018207482,-0.1239740656,-0.1321111012,0.5,1,0.0,true
001,null,4349,0,0.7386740678,-0.08219513285,-0.09487568619,0.5,0,0.0,true
001,null,4350,0,0.7524825459,-0.04086207736,-0.0535426307,0.5,0,0.0,true
001,null,4351,0,1.38402051,0.03049809204,0.0178175387,0.5,0,0.0,true
001,null,4352,1,-1.334050134,-0.03630703003,-0.04444406561,0.5,0,0.0,true
001,null,4353,1,-1.890480458,-0.1193894174,-0.127526453,0.5,1,0.0,true
001,null,4354,1,1.170227772,-0.05947655964,-0.06761359523,0.5,1,0.0,true
001,null,4355,0,0.419871427,-0.03812547654,-0.05080602988,0.5,1,0.0,true
001,null,4356,1,-1.248957571,-0.0937395787,-0.1018766143,0.5,0,0.0,true
001,null,4357,1,0.6509748824,-0.05986341701,-0.0680004526,0.5,1,0.0,true
001,null,4358,1,1.459027702,0.01155154822,0.003414512638,0.5,0,0.0,true
001,null,4359,0,-0.4858533327,-0.01163916595,-0.02431971929,0.5,1,0.0,true
001,null,4360,1,0.4434380895,0.009996904224,0.00185986864,0.5,1,0.0,true
001,null,4361,0,-0.2823592382,-0.00415665688,-0.01683721022,0.5,1,0.0,true
001,null,4362,0,1.825757985,0.08140652747,0.06872597413,0.5,0,0.0,true
001,null,4363,0,0.8501509573,0.1180876951,0.1054071418,0.5,1,0.0,true
001,null,4364,0,0.03990243598,0.1170206483,0.104340095,0.5,0,0.0,true
001,null,4365,0,0.6524138646,0.1448811205,0.1322005671,0.5,1,0.0,true
001,null,4366,0,0.7428147571,0.1761460955,0.1634655421,0.5,1,0.0,true
001,null,4367,0,0.4209702073,0.1922401916,0.1795596383,0.5,0,0.0,true
001,null,4368,1,1.679485641,0.2558852127,0.2477481771,0.5,0,0.0,true
001,null,4369,1,0.5164074843,0.2732764414,0.2651394059,0.5,1,0.0,true
001,null,4370,1,1.467573412,0.3232994148,0.3151623792,0.5,1,0.0,true
001,null,4371,1,1.639463504,0.3723722069,0.3642351713,0.5,0,0.0,true
001,null,4372,1,-1.220142203,0.2950988134,0.2869617778,0.5,1,0.0,true
001,null,4373,1,0.891757946,0.3240613398,0.3159243042,0.5,1,0.0,true
001,null,4374,0,-0.766585085,0.2756809699,0.2630004166,0.5,1,0.0,true
001,null,4375,0,-0.4340707765,0.2466813291,0.2340007757,0.5,1,0.0,true
001,null,4376,0,-2.044945154,0.1273303665,0.1146498132,0.5,0,0.0,true
001,null,4377,0,-2.532747231,0.006525834051,-0.006154719288,0.5,1,0.0,true
001,null,4378,0,0.1852963295,0.01412002624,0.001439472905,0.5,0,0.0,true
001,null,4379,1,1.527738594,0.07621342764,0.06807639205,0.5,1,0.0,true
001,null,4380,1,0.9163474267,0.1113960138,0.1032589783,0.5,0,0.0,true
001,null,4381,1,-0.02608962695,0.1074580715,0.09932103596,0.5,1,0.0,true
001,null,4382,1,0.6478907462,0.1321068098,0.1239697743,0.5,1,0.0,true
001,null,4383,0,1.118282946,0.1744129781,0.1617324248,0.5,1,0.0,true
001,null,4384,0,-0.07820807258,0.1664785528,0.1537979995,0.5,0,0.0,true
001,null,4385,1,-1.290361006,0.09962759819,0.09149056261,0.5,0,0.0,true
001,null,4386,0,-0.3118531077,0.08274768149,0.07006712815,0.5,1,0.0,true
001,null,4387,1,-0.4694733704,0.05849894207,0.05036190649,0.5,0,0.0,true
001,null,4388,0,-0.0379971379,0.05520813926,0.04252758592,0.5,1,0.0,true
001,null,4389,0,0.3580836552,0.07107183521,0.05839128187,0.5,1,0.0,true
001,null,4390,0,0.09545878708,0.0740213812,0.06134082786,0.5,0,0.0,true
001,null,4391,0,0.6296232175,0.1033226831,0.09064212981,0.5,1,0.0,true
001,null,4392,1,-0.4055551189,0.07926399601,0.07112696042,0.5,1,0.0,true
001,null,4393,1,-1.116093102,0.01737022541,0.009233189829,0.5,0,0.0,true
001,null,4394,0,0.01436743421,0.01768716976,0.005006616425,0.5,1,0.0,true
001,null,4395,0,0.2057582565,0.02832508145,0.01564452811,0.5,1,0.0,true
001,null,4396,1,1.588572125,0.1075619149,0.09942487934,0.5,1,0.0,true
001,null,4397,0,-0.8720564103,0.05751694965,0.04483639631,0.5,1,0.0,true
001,null,4398,1,1.911648155,0.143518314,0.1353812784,0.5,1,0.0,true
001,null,4399,1,-2.20660885,0.02727054082,0.01913350524,0.5,0,0.0,true
001,null,4400,1,-1.381550006,-0.03522057967,-0.04335761526,0.5,1,0.0,true
001,null,4401,1,1.580213106,0.03526793288,0.02713089729,0.5,1,0.0,true
001,null,4402,0,1.27434531,0.08787753444,0.0751969811,0.5,0,0.0,true
001,null,4403,1,0.512621793,0.107618224,0.09948118845,0.5,0,0.0,true
001,null,4404,1,-0.6390284317,0.07563070089,0.0674936653,0.5,1,0.0,true
001,null,4405,0,0.7285184637,0.1057864692,0.09310591583,0.5,1,0.0,true
001,null,4406,1,-0.4006125376,0.08427281502,0.07613577944,0.5,0,0.0,true
001,null,4407,0,-1.161436507,0.02637856308,0.01369800974,0.5,1,0.0,true
001,null,4408,0,-0.9033601229,-0.01659232092,-0.02927287426,0.5,1,0.0,true
001,null,4409,0,-0.4865984574,-0.03909121362,-0.05177176695,0.5,0,0.0,true
001,null,4410,0,0.4589023746,-0.015764424,-0.02844497734,0.5,0,0.0,true
001,null,4411,1,-1.096110405,-0.06767951967,-0.07581655526,0.5,0,0.0,true
001,null,4412,1,1.37333583,0.001760627956,-0.006376407628,0.5,0,0.0,true
001,null,4413,1,-0.09021666287,-0.002656773323,-0.01079380891,0.5,0,0.0,true
001,null,4414,0,1.308523334,0.05998948924,0.0473089359,0.5,0,0.0,true
001,null,4415,1,-1.755628877,-0.02569519596,-0.03383223154,0.5,1,0.0,true
001,null,4416,0,0.07656374076,-0.02145032702,-0.03413088036,0.5,0,0.0,true
001,null,4417,1,0.2348717732,-0.009592721025,-0.01772975661,0.5,0,0.0,true
001,null,4418,0,-0.4976091981,-0.03368375986,-0.0463643132,0.5,1,0.0,true
001,null,4419,1,-0.3137620398,-0.04848848694,-0.05662552252,0.5,1,0.0,true
001,null,4420,0,-0.1956814134,-0.05727351562,-0.06995406896,0.5,1,0.0,true
001,null,4421,0,0.7701740675,-0.01495260373,-0.02763315707,0.5,0,0.0,true
001,null,4422,0,0.4283065057,0.008189835062,-0.004490718278,0.5,1,0.0,true
001,null,4423,0,0.6932417545,0.0450247747,0.03234422136,0.5,1,0.0,true
001,null,4424,1,-0.8513759403,-0.002866711545,-0.01100374713,0.5,1,0.0,true
001,null,4425,0,0.6672596126,0.03359700945,0.02091645611,0.5,0,0.0,true
001,null,4426,1,-1.082501722,-0.02679930518,-0.03493634076,0.5,1,0.0,true
001,null,4427,0,0.8260659924,0.0192117063,0.006531152963,0.5,1,0.0,true
001,null,4428,1,0.05300741861,0.02167298073,0.01353594514,0.5,1,0.0,true
001,null,4429,1,-0.05554958378,0.01795130785,0.009814272268,0.5,1,0.0,true
001,null,4430,0,-0.4419907877,-0.008331883408,-0.02101243675,0.5,1,0.0,true
001,null,4431,0,-1.64610681,-0.09738424296,-0.1100647963,0.5,1,0.0,true
001,null,4432,1,-1.293360303,-0.1592640423,-0.1674010778,0.5,1,0.0,true
001,null,4433,0,-1.101934957,-0.2080918341,-0.2207723875,0.5,1,0.0,true
001,null,4434,0,-1.568305776,-0.269041909,-0.2817224623,0.5,0,0.0,true
001,null,4435,1,-0.4222843234,-0.2828203498,-0.2909573854,0.5,1,0.0,true
001,null,4436,1,-0.01678487174,-0.276547836,-0.2846848716,0.5,0,0.0,true
001,null,4437,0,-0.794016322,-0.3070939629,-0.3197745162,0.5,0,0.0,true
001,null,4438,0,0.7252439869,-0.2555250912,-0.2682056445,0.5,1,0.0,true
001,null,4439,0,-1.023047594,-0.2963646421,-0.3090451954,0.5,1,0.0,true
001,null,4440,0,0.5441002878,-0.256582765,-0.2692633183,0.5,1,0.0,true
001,null,4441,0,0.3428426443,-0.2300280415,-0.2427085948,0.5,1,0.0,true
001,null,4442,0,0.4517936238,-0.1970109394,-0.2096914928,0.5,1,0.0,true
001,null,4443,0,-0.6234957054,-0.2254526181,-0.2381331715,0.5,1,0.0,true
001,null,4444,0,-1.01044016,-0.2700082586,-0.2826888119,0.5,1,0.0,true
001,null,4445,1,-0.9481946983,-0.309326001,-0.3174630366,0.5,0,0.0,true
001,null,4446,1,0.01939502888,-0.3003582635,-0.3084952991,0.5,1,0.0,true
001,null,4447,0,-0.5144202975,-0.3205207691,-0.3332013224,0.5,1,0.0,true
001,null,4448,1,0.5120378555,-0.2785624182,-0.2866994538,0.5,1,0.0,true
001,null,4449,1,-0.06060703317,-0.275217341,-0.2833543765,0.5,0,0.0,true
001,null,4450,0,-0.9175730144,-0.3159184406,-0.328598994,0.5,0,0.0,true
001,null,4451,1,-0.7145932059,-0.3459813632,-0.3541183988,0.5,1,0.0,true
001,null,4452,1,-1.001531403,-0.3854449241,-0.3935819597,0.5,1,0.0,true
001,null,4453,1,-0.07201780965,-0.380110398,-0.3882474336,0.5,0,0.0,true
001,null,4454,1,-0.5420089849,-0.4004341599,-0.4085711955,0.5,1,0.0,true
001,null,4455,1,-0.477349079,-0.417328108,-0.4254651436,0.5,1,0.0,true
001,null,4456,0,0.8867518476,-0.3368080317,-0.3494885851,0.5,1,0.0,true
001,null,4457,0,0.6276636938,-0.2823806995,-0.2950612528,0.5,0,0.0,true
001,null,4458,1,-0.6039265203,-0.3102729678,-0.3184100034,0.5,0,0.0,true
001,null,4459,0,0.7531651611,-0.2459358356,-0.258616389,0.5,1,0.0,true
001,null,4460,0,-0.5521491524,-0.2729416852,-0.2856222385,0.5,1,0.0,true
001,null,4461,1,0.1873712795,-0.2529378259,-0.2610748615,0.5,1,0.0,true
001,null,4462,0,0.1750941605,-0.2340451376,-0.2467256909,0.5,1,0.0,true
001,null,4463,0,0.7701240518,-0.1684322326,-0.181112786,0.5,1,0.0,true
001,null,4464,1,-0.6802184296,-0.2075707939,-0.2157078295,0.5,0,0.0,true
001,null,4465,0,-0.4040432137,-0.229130181,-0.2418107344,0.5,1,0.0,true
001,null,4466,1,-0.7206897177,-0.2682320743,-0.2763691098,0.5,1,0.0,true
001,null,4467,0,-0.36362298,-0.2857354717,-0.298416025,0.5,1,0.0,true
001,null,4468,0,-1.590139276,-0.3504310463,-0.3631115996,0.5,1,0.0,true
001,null,4469,0,0.1827467516,-0.3288427761,-0.3415233295,0.5,1,0.0,true
001,null,4470,1,0.7713852317,-0.2604766002,-0.2686136358,0.5,1,0.0,true
001,null,4471,0,0.2020062408,-0.2396024559,-0.2522830093,0.5,1,0.0,true
001,null,4472,1,-0.209072953,-0.2476533558,-0.2557903914,0.5,1,0.0,true
001,null,4473,1,-1.082533817,-0.3013787458,-0.3095157813,0.5,1,0.0,true
001,null,4474,0,-1.835384672,-0.3659556338,-0.3786361872,0.5,0,0.0,true
001,null,4475,0,-0.03827411216,-0.3590403619,-0.3717209153,0.5,0,0.0,true
001,null,4476,1,-0.4594016159,-0.3759557514,-0.384092787,0.5,1,0.0,true
001,null,4477,1,-0.4816912224,-0.3937804625,-0.4019174981,0.5,0,0.0,true
001,null,4478,1,-1.587923539,-0.4423595432,-0.4504965788,0.5,1,0.0,true
001,null,4479,0,-0.7282024457,-0.4665016047,-0.4791821581,0.5,0,0.0,true
001,null,4480,1,0.2125920283,-0.4408690075,-0.4490060431,0.5,1,0.0,true
001,null,4481,1,-1.703364744,-0.4841464864,-0.492283522,0.5,0,0.0,true
001,null,4482,1,-1.355604233,-0.5194138564,-0.527550892,0.5,1,0.0,true
001,null,4483,0,0.003651732744,-0.5060560244,-0.5187365778,0.5,1,0.0,true
001,null,4484,0,-1.236930289,-0.5379142009,-0.5505947542,0.5,0,0.0,true
001,null,4485,1,-0.6167510833,-0.5524699327,-0.5606069683,0.5,0,0.0,true
001,null,4486,0,0.3914764293,-0.5134862228,-0.5261667762,0.5,1,0.0,true
001,null,4487,1,-0.3429106007,-0.5184532082,-0.5265902438,0.5,0,0.0,true
001,null,4488,0,-1.061734965,-0.5471680179,-0.5598485713,0.5,1,0.0,true
001,null,4489,1,1.959682216,-0.3711192824,-0.379256318,0.5,0,0.0,true
001,null,4490,1,0.5196854571,-0.3312159852,-0.3393530208,0.5,0,0.0,true
001,null,4491,0,0.06643844863,-0.3191517678,-0.3318323212,0.5,0,0.0,true
001,null,4492,1,-0.09634273283,-0.3163861863,-0.3245232219,0.5,1,0.0,true
001,null,4493,0,0.07680387641,-0.303893726,-0.3165742794,0.5,0,0.0,true
001,null,4494,1,-0.01657126148,-0.2971747995,-0.3053118351,0.5,1,0.0,true
001,null,4495,1,0.5139066756,-0.2560404891,-0.2641775246,0.5,0,0.0,true
001,null,4496,0,1.799059718,-0.1243612891,-0.1370418425,0.5,1,0.0,true
001,null,4497,1,0.2655394815,-0.105941948,-0.1140789835,0.5,1,0.0,true
001,null,4498,1,2.006746992,0.01155556716,0.003418531573,0.5,1,0.0,true
001,null,4499,1,-2.055628111,-0.0874270634,-0.09556409898,0.5,1,0.0,true
001,null,4500,0,-1.592860439,-0.153786563,-0.1664671164,0.5,0,0.0,true
001,null,4501,1,2.110041721,-0.04594775738,-0.05408479297,0.5,1,0.0,true
001,null,4502,0,-1.361363054,-0.1013934512,-0.1140740046,0.5,1,0.0,true
001,null,4503,0,-0.6817960142,-0.1275713869,-0.1402519403,0.5,0,0.0,true
001,null,4504,1,-0.4528368829,-0.1439375293,-0.1520745648,0.5,1,0.0,true
001,null,4505,1,1.163405102,-0.08496018729,-0.09309722288,0.5,0,0.0,true
001,null,4506,1,0.3302687424,-0.06764143427,-0.07577846985,0.5,1,0.0,true
001,null,4507,1,0.6323443164,-0.03618747795,-0.04432451353,0.5,1,0.0,true
001,null,4508,0,1.079701424,0.01544413458,0.002763581236,0.5,1,0.0,true
001,null,4509,0,-0.4993435623,-0.008542768105,-0.02122332144,0.5,0,0.0,true
001,null,4510,0,0.6441060896,0.02257269612,0.009892142777,0.5,1,0.0,true
001,null,4511,0,0.5548496552,0.04887840279,0.03619784945,0.5,0,0.0,true
001,null,4512,0,-2.144013493,-0.0537026039,-0.06638315724,0.5,1,0.0,true
001,null,4513,1,-1.629008862,-0.1210081099,-0.1291451455,0.5,1,0.0,true
001,null,4514,0,-0.667386611,-0.1466431442,-0.1593236976,0.5,1,0.0,true
001,null,4515,0,-1.079619589,-0.187779184,-0.2004597373,0.5,1,0.0,true
001,null,4516,1,0.3297239377,-0.1675361914,-0.1756732269,0.5,0,0.0,true
001,null,4517,0,1.338892525,-0.09675907598,-0.1094396293,0.5,1,0.0,true
001,null,4518,0,-0.9423615204,-0.1354077041,-0.1480882575,0.5,1,0.0,true
001,null,4519,1,-1.032188391,-0.1760923312,-0.1842293668,0.5,0,0.0,true
001,null,4520,1,-1.342077334,-0.2256957673,-0.2338328029,0.5,0,0.0,true
001,null,4521,0,2.146302038,-0.1104132884,-0.1230938417,0.5,1,0.0,true
001,null,4522,0,0.4054212779,-0.08976876457,-0.1024493179,0.5,0,0.0,true
001,null,4523,0,-0.6645801717,-0.1159557248,-0.1286362781,0.5,1,0.0,true
001,null,4524,0,-0.2529434934,-0.1242643021,-0.1369448555,0.5,0,0.0,true
001,null,4525,0,1.518395832,-0.04862283868,-0.06130339202,0.5,0,0.0,true
001,null,4526,0,0.1916237277,-0.03869519073,-0.05137574407,0.5,1,0.0,true
001,null,4527,1,-1.088225435,-0.08601512682,-0.09415216241,0.5,0,0.0,true
001,null,4528,1,0.3044547854,-0.06956890386,-0.07770593945,0.5,1,0.0,true
001,null,4529,0,-0.7941370555,-0.1040731462,-0.1167536995,0.5,1,0.0,true
001,null,4530,0,-0.5129422735,-0.1253376708,-0.1380182242,0.5,1,0.0,true
001,null,4531,1,-0.1866364163,-0.1312043669,-0.1393414025,0.5,0,0.0,true
001,null,4532,0,-0.1906759688,-0.1373391284,-0.1500196817,0.5,0,0.0,true
001,null,4533,0,-1.273641423,-0.191404911,-0.2040854644,0.5,0,0.0,true
001,null,4534,1,-2.035930482,-0.2631155756,-0.2712526111,0.5,1,0.0,true
001,null,4535,0,1.189623817,-0.1942150487,-0.206895602,0.5,1,0.0,true
001,null,4536,1,1.186483272,-0.1295566995,-0.137693735,0.5,0,0.0,true
001,null,4537,0,-1.530047465,-0.1884482275,-0.2011287809,0.5,1,0.0,true
001,null,4538,0,-0.258072467,-0.1952047312,-0.2078852845,0.5,0,0.0,true
001,null,4539,1,-0.5175199611,-0.2132556042,-0.2213926397,0.5,1,0.0,true
001,null,4540,1,0.8898888877,-0.1624245382,-0.1705615738,0.5,1,0.0,true
001,null,4541,0,0.5356613263,-0.1316410164,-0.1443215698,0.5,1,0.0,true
001,null,4542,1,-0.6015630419,-0.156477589,-0.1646146246,0.5,1,0.0,true
001,null,4543,1,0.4772599684,-0.1279625227,-0.1360995583,0.5,0,0.0,true
001,null,4544,1,1.298826108,-0.05615870939,-0.06429574497,0.5,1,0.0,true
001,null,4545,0,0.09962482657,-0.04973192686,-0.0624124802,0.5,0,0.0,true
001,null,4546,1,0.143648136,-0.04106661469,-0.04920365027,0.5,0,0.0,true
001,null,4547,1,0.06868417725,-0.03640182206,-0.04453885764,0.5,1,0.0,true
001,null,4548,1,1.784118877,0.05599824156,0.04786120597,0.5,1,0.0,true
001,null,4549,0,-1.371915661,-0.01460390311,-0.02728445645,0.5,1,0.0,true
001,null,4550,0,-0.2866063122,-0.0284721419,-0.04115269524,0.5,1,0.0,true
001,null,4551,0,-0.3448338041,-0.04522263226,-0.0579031856,0.5,0,0.0,true
001,null,4552,1,-0.2623286382,-0.05767272301,-0.0658097586,0.5,1,0.0,true
001,null,4553,1,-0.05931704109,-0.05937954587,-0.06751658146,0.5,0,0.0,true
001,null,4554,0,-0.1851943314,-0.06796898266,-0.080649536,0.5,1,0.0,true
001,null,4555,0,-0.6997991522,-0.1040096131,-0.1166901665,0.5,0,0.0,true
001,null,4556,0,0.1552432139,-0.0924811055,-0.1051616588,0.5,0,0.0,true
001,null,4557,1,0.4322455374,-0.06454686667,-0.07268390225,0.5,1,0.0,true
001,null,4558,1,0.8978629201,-0.009316054274,-0.01745308986,0.5,0,0.0,true
001,null,4559,0,-0.7415901726,-0.05204701304,-0.06472756638,0.5,0,0.0,true
001,null,4560,1,-0.8891702575,-0.1009898937,-0.1091269293,0.5,0,0.0,true
001,null,4561,1,-0.5916726807,-0.1320513839,-0.1401884195,0.5,1,0.0,true
001,null,4562,1,2.125288962,-0.0003361729766,-0.008473208561,0.5,0,0.0,true
001,null,4563,0,0.3802269543,0.02001778089,0.00733722755,0.5,1,0.0,true
001,null,4564,0,-0.1443210279,0.0115811384,-0.001099414935,0.5,1,0.0,true
001,null,4565,0,0.50018326,0.03913219075,0.02645163741,0.5,0,0.0,true
001,null,4566,0,-0.6242246693,0.002346121328,-0.01033443201,0.5,1,0.0,true
001,null,4567,1,-0.3847863179,-0.01994944798,-0.02808648357,0.5,1,0.0,true
001,null,4568,1,1.402474743,0.05967677522,0.05153973963,0.5,1,0.0,true
001,null,4569,0,0.484048379,0.08510632382,0.07242577048,0.5,1,0.0,true
001,null,4570,1,-0.5921930363,0.04802242046,0.03988538488,0.5,1,0.0,true
001,null,4571,1,0.6932778476,0.08618107318,0.0780440376,0.5,0,0.0,true
001,null,4572,1,-0.3702446308,0.06171045906,0.05357342348,0.5,1,0.0,true
001,null,4573,1,-0.5444990482,0.02683539887,0.01869836329,0.5,0,0.0,true
001,null,4574,0,-1.989110761,-0.08444988795,-0.09713044129,0.5,1,0.0,true
001,null,4575,0,1.178189282,-0.01636600845,-0.02904656179,0.5,1,0.0,true
001,null,4576,0,0.6649135201,0.02006066649,0.007380113154,0.5,0,0.0,true
001,null,4577,0,-0.4599959954,-0.005824664928,-0.01850521827,0.5,1,0.0,true
001,null,4578,1,0.0534505174,-0.00266645073,-0.01080348631,0.5,1,0.0,true
001,null,4579,0,0.3054126446,0.01500142339,0.00232087005,0.5,0,0.0,true
001,null,4580,0,-0.3126664057,-0.003843325963,-0.0165238793,0.5,0,0.0,true
001,null,4581,1,-1.056777756,-0.06500549134,-0.07314252693,0.5,0,0.0,true
001,null,4582,1,-0.06452705575,-0.0671962829,-0.07533331848,0.5,0,0.0,true
001,null,4583,1,1.24450803,0.01004532318,0.001908287595,0.5,1,0.0,true
001,null,4584,0,-1.637932211,-0.0802311275,-0.09291168084,0.5,1,0.0,true
001,null,4585,1,-0.9468210951,-0.1275846611,-0.1357216967,0.5,1,0.0,true
001,null,4586,0,0.6541911404,-0.08670898014,-0.09938953348,0.5,0,0.0,true
001,null,4587,1,2.426475553,0.04481355192,0.03667651634,0.5,1,0.0,true
001,null,4588,0,1.340136106,0.1053763531,0.09269579975,0.5,1,0.0,true
001,null,4589,0,-0.3820647909,0.08384698958,0.07116643624,0.5,0,0.0,true
001,null,4590,1,0.4016885783,0.1012859107,0.09314887511,0.5,1,0.0,true
001,null,4591,1,0.8159985691,0.1378197155,0.1296826799,0.5,1,0.0,true
001,null,4592,1,-1.022245707,0.07979204842,0.07165501284,0.5,1,0.0,true
001,null,4593,0,-1.277576049,0.01188260726,-0.0007979460799,0.5,1,0.0,true
001,null,4594,0,-0.2037380783,0.001311423053,-0.01136913029,0.5,0,0.0,true
001,null,4595,1,0.5129898016,0.02758496423,0.01944792865,0.5,1,0.0,true
001,null,4596,0,0.3000702204,0.04257349679,0.02989294346,0.5,0,0.0,true
001,null,4597,0,1.509360649,0.115404821,0.1027242677,0.5,0,0.0,true
001,null,4598,1,0.3141809545,0.1284587884,0.1203217528,0.5,0,0.0,true
001,null,4599,1,0.2196845184,0.136695093,0.1285580574,0.5,1,0.0,true
001,null,4600,0,-0.9254620561,0.08081424314,0.0681336898,0.5,1,0.0,true
001,null,4601,1,1.247416675,0.1404055212,0.1322684857,0.5,0,0.0,true
001,null,4602,1,-1.052299704,0.07811764448,0.06998060889,0.5,1,0.0,true
001,null,4603,0,0.2698980912,0.09031908144,0.0776385281,0.5,1,0.0,true
001,null,4604,1,0.211206193,0.09941053092,0.09127349534,0.5,0,0.0,true
001,null,4605,1,0.2372895797,0.1099503821,0.1018133465,0.5,0,0.0,true
001,null,4606,1,-1.465804532,0.02185393697,0.01371690138,0.5,1,0.0,true
001,null,4607,1,0.3786797769,0.04192433433,0.03378729874,0.5,1,0.0,true
001,null,4608,0,1.449844327,0.1148661769,0.1021856235,0.5,1,0.0,true
001,null,4609,1,0.1959789449,0.1224248421,0.1142878065,0.5,1,0.0,true
001,null,4610,1,-0.3542214761,0.09929918402,0.09116214844,0.5,0,0.0,true
001,null,4611,1,2.719232957,0.2065872732,0.1984502376,0.5,0,0.0,true
001,null,4612,0,2.075840822,0.2748208449,0.2621402916,0.5,0,0.0,true
001,null,4613,1,-0.6760861472,0.235356075,0.2272190394,0.5,0,0.0,true
001,null,4614,0,-0.5074030938,0.2051438301,0.1924632767,0.5,1,0.0,true
001,null,4615,1,-1.526971681,0.1227749513,0.1146379157,0.5,1,0.0,true
001,null,4616,0,1.243528498,0.1708960136,0.1582154602,0.5,0,0.0,true
001,null,4617,1,0.1216098126,0.1720241734,0.1638871378,0.5,0,0.0,true
001,null,4618,1,-0.7151020943,0.132991936,0.1248549004,0.5,1,0.0,true
001,null,4619,0,1.090009407,0.1764100893,0.1637295359,0.5,0,0.0,true
001,null,4620,0,0.43687601,0.1917247264,0.179044173,0.5,1,0.0,true
001,null,4621,0,-0.3268891056,0.1707056032,0.1580250498,0.5,1,0.0,true
001,null,4622,0,-0.3651276861,0.1479092654,0.135228712,0.5,1,0.0,true
001,null,4623,0,0.4027309449,0.1637896879,0.1511091345,0.5,0,0.0,true
001,null,4624,1,-1.242002196,0.09198814934,0.08385111375,0.5,0,0.0,true
001,null,4625,0,0.185020166,0.09897085409,0.08629030075,0.5,0,0.0,true
001,null,4626,0,-0.1024955776,0.09110142662,0.07842087328,0.5,0,0.0,true
001,null,4627,1,-1.489320238,0.008711056402,0.0005740208177,0.5,0,0.0,true
001,null,4628,0,-0.2846390368,-0.006192217719,-0.01887277106,0.5,1,0.0,true
001,null,4629,1,-0.08819191018,-0.0106947312,-0.01883176678,0.5,1,0.0,true
001,null,4630,1,-1.456697751,-0.08430069991,-0.09243773549,0.5,1,0.0,true
001,null,4631,1,-0.08632419292,-0.086676256,-0.09481329158,0.5,0,0.0,true
001,null,4632,0,0.05145639431,-0.08170676983,-0.09438732317,0.5,0,0.0,true
001,null,4633,0,-1.307008242,-0.1444488777,-0.1571294311,0.5,0,0.0,true
001,null,4634,1,-1.028025985,-0.1904381089,-0.1985751445,0.5,1,0.0,true
001,null,4635,1,0.6058297158,-0.1515063278,-0.1596433634,0.5,1,0.0,true
001,null,4636,1,0.5704267554,-0.1154751345,-0.1236121701,0.5,1,0.0,true
001,null,4637,0,2.24464135,0.01026934023,-0.002411213111,0.5,1,0.0,true
001,null,4638,0,1.198171773,0.06717127464,0.0544907213,0.5,1,0.0,true
001,null,4639,0,0.7587757277,0.1014231736,0.08874262024,0.5,1,0.0,true
001,null,4640,0,-0.7144464558,0.06247209156,0.04979153822,0.5,0,0.0,true
001,null,4641,1,1.087613131,0.1124551001,0.1043180645,0.5,0,0.0,true
001,null,4642,1,2.1077296,0.1948357646,0.186698729,0.5,0,0.0,true
001,null,4643,1,-0.4426838638,0.1685431121,0.1604060765,0.5,0,0.0,true
001,null,4644,0,-0.3306577267,0.1481559765,0.1354754231,0.5,0,0.0,true
001,null,4645,0,1.513821195,0.2072161562,0.1945356028,0.5,1,0.0,true
001,null,4646,0,-0.3876549536,0.1829356839,0.1702551306,0.5,1,0.0,true
001,null,4647,0,-1.650680081,0.09236930758,0.07968875424,0.5,0,0.0,true
001,null,4648,1,1.219632382,0.1426472228,0.1345101872,0.5,1,0.0,true
001,null,4649,1,1.108232184,0.1858108402,0.1776738046,0.5,0,0.0,true
001,null,4650,0,-1.2594402,0.1183934264,0.1057128731,0.5,1,0.0,true
001,null,4651,0,0.8706052686,0.1531989247,0.1405183714,0.5,0,0.0,true
001,null,4652,0,0.8785552037,0.1872248353,0.174544282,0.5,1,0.0,true
001,null,4653,1,0.1046565119,0.1873709838,0.1792339482,0.5,0,0.0,true
001,null,4654,1,1.64447441,0.2469791901,0.2388421545,0.5,0,0.0,true
001,null,4655,0,0.4847182864,0.2620363075,0.2493557542,0.5,1,0.0,true
001,null,4656,1,-0.7864647224,0.2148821852,0.2067451496,0.5,0,0.0,true
001,null,4657,1,0.8789991449,0.2474527408,0.2393157052,0.5,1,0.0,true
001,null,4658,0,-0.3356178888,0.224261341,0.2115807876,0.5,1,0.0,true
001,null,4659,0,0.1976397215,0.2282013478,0.2155207945,0.5,0,0.0,true
001,null,4660,1,-0.2545508509,0.2090815609,0.2009445253,0.5,1,0.0,true
001,null,4661,0,-0.03887520292,0.2017473491,0.1890667958,0.5,1,0.0,true
001,null,4662,0,-0.3487630687,0.177319011,0.1646384577,0.5,0,0.0,true
001,null,4663,0,-0.6790083373,0.1337635032,0.1210829499,0.5,0,0.0,true
001,null,4664,0,-0.8002238933,0.08433143756,0.07165088422,0.5,0,0.0,true
001,null,4665,0,-1.208650646,0.01408449436,0.001403941024,0.5,1,0.0,true
001,null,4666,0,-0.6048230658,-0.01923120147,-0.03191175481,0.5,0,0.0,true
001,null,4667,0,-1.297645103,-0.08656433198,-0.09924488532,0.5,1,0.0,true
001,null,4668,1,-0.07056780481,-0.08819409635,-0.09633113193,0.5,0,0.0,true
001,null,4669,0,1.535442558,-0.0003469826667,-0.01302753601,0.5,1,0.0,true
001,null,4670,0,0.3680303216,0.01924467724,0.006564123899,0.5,0,0.0,true
001,null,4671,0,0.9521202546,0.068895671,0.05621511766,0.5,1,0.0,true
001,null,4672,0,0.6447411122,0.1010805966,0.08840004326,0.5,0,0.0,true
001,null,4673,0,-0.6658520345,0.06088662554,0.0482060722,0.5,1,0.0,true
001,null,4674,1,-0.3237246941,0.04109052718,0.0329534916,0.5,1,0.0,true
001,null,4675,0,-0.7316464571,-0.001797434983,-0.01447798832,0.5,0,0.0,true
001,null,4676,1,0.5900230178,0.03193732245,0.02380028687,0.5,0,0.0,true
001,null,4677,1,-1.368406621,-0.04611648162,-0.0542535172,0.5,1,0.0,true
001,null,4678,1,-0.1239307441,-0.05193129118,-0.06006832676,0.5,1,0.0,true
001,null,4679,1,-0.1668907025,-0.06023767577,-0.06837471136,0.5,1,0.0,true
001,null,4680,0,0.2098379929,-0.04616808092,-0.05884863426,0.5,0,0.0,true
001,null,4681,0,1.447293495,0.04012122445,0.02744067111,0.5,0,0.0,true
001,null,4682,1,-1.82482194,-0.06049323663,-0.06863027222,0.5,1,0.0,true
001,null,4683,1,0.3228360763,-0.04144303663,-0.04958007222,0.5,1,0.0,true
001,null,4684,0,0.5958845674,-0.007474486209,-0.02015503955,0.5,0,0.0,true
001,null,4685,0,0.2332685684,0.005754327754,-0.006926225586,0.5,1,0.0,true
001,null,4686,1,-0.3635518888,-0.0151562125,-0.02329324808,0.5,0,0.0,true
001,null,4687,0,-0.265719216,-0.03025246819,-0.04293302153,0.5,0,0.0,true
001,null,4688,0,0.1895818193,-0.01810565941,-0.03078621275,0.5,0,0.0,true
001,null,4689,0,-1.184325749,-0.08592013613,-0.09860068947,0.5,1,0.0,true
001,null,4690,0,-0.5249397571,-0.1140631983,-0.1267437517,0.5,1,0.0,true
001,null,4691,1,-0.935293817,-0.1628950904,-0.171032126,0.5,1,0.0,true
001,null,4692,1,1.339140315,-0.07309800447,-0.08123504005,0.5,1,0.0,true
001,null,4693,1,1.619082753,0.02141182666,0.01327479107,0.5,1,0.0,true
001,null,4694,1,1.255186893,0.08606904741,0.07793201183,0.5,1,0.0,true
001,null,4695,0,1.824159505,0.1669818422,0.1543012889,0.5,1,0.0,true
001,null,4696,0,-0.9694270385,0.1109072519,0.09822669856,0.5,1,0.0,true
001,null,4697,1,0.7417366185,0.1437838285,0.1356467929,0.5,0,0.0,true
001,null,4698,0,-0.9983064267,0.08653511779,0.07385456445,0.5,1,0.0,true
001,null,4699,1,0.1629790853,0.09266244524,0.08452540966,0.5,0,0.0,true
001,null,4700,0,0.4629232021,0.1140523517,0.1013717984,0.5,1,0.0,true
001,null,4701,1,0.03403725705,0.1129915272,0.1048544916,0.5,0,0.0,true
001,null,4702,0,-0.8900029719,0.05959542565,0.04691487231,0.5,0,0.0,true
001,null,4703,1,-1.840921997,-0.03978702528,-0.04792406086,0.5,1,0.0,true
001,null,4704,1,2.049786166,0.06061685836,0.05247982278,0.5,0,0.0,true
001,null,4705,1,1.75598183,0.1340052567,0.1258682211,0.5,0,0.0,true
001,null,4706,1,0.01347903619,0.1312314949,0.1230944593,0.5,1,0.0,true
001,null,4707,1,0.641488935,0.1567444017,0.1486073661,0.5,1,0.0,true
001,null,4708,0,-1.723560581,0.06575037593,0.05306982259,0.5,1,0.0,true
001,null,4709,1,0.04469527466,0.06614583997,0.05800880439,0.5,1,0.0,true
001,null,4710,1,-0.9005455028,0.02143767524,0.01330063966,0.5,1,0.0,true
001,null,4711,0,0.01347029207,0.02153766486,0.008857111523,0.5,1,0.0,true
001,null,4712,0,0.3920344482,0.04004153733,0.02736098399,0.5,1,0.0,true
001,null,4713,1,0.3495386243,0.05635134827,0.04821431269,0.5,1,0.0,true
001,null,4714,1,-0.3647336183,0.03612505661,0.02798802103,0.5,0,0.0,true
001,null,4715,1,-0.3032849817,0.01928604911,0.01114901352,0.5,1,0.0,true
001,null,4716,0,0.8586947675,0.06346968886,0.05078913552,0.5,1,0.0,true
001,null,4717,1,-0.6286802293,0.02770189421,0.01956485863,0.5,1,0.0,true
001,null,4718,1,-0.106608847,0.02117119008,0.0130341545,0.5,0,0.0,true
001,null,4719,1,-0.4492841362,-0.004501556997,-0.01263859258,0.5,0,0.0,true
001,null,4720,0,-1.94178351,-0.1032739791,-0.1159545324,0.5,1,0.0,true
001,null,4721,0,-1.105393188,-0.1535943714,-0.1662749248,0.5,1,0.0,true
001,null,4722,0,0.1433638394,-0.1421527562,-0.1548333096,0.5,0,0.0,true
001,null,4723,0,-0.3947837061,-0.1589489445,-0.1716294978,0.5,0,0.0,true
001,null,4724,1,0.2524190838,-0.140875504,-0.1490125396,0.5,0,0.0,true
001,null,4725,0,0.3226970825,-0.1188801939,-0.1315607472,0.5,1,0.0,true
001,null,4726,1,0.5042687866,-0.08632315542,-0.094460191,0.5,1,0.0,true
001,null,4727,0,0.9545195599,-0.02776004234,-0.04044059568,0.5,0,0.0,true
001,null,4728,0,2.012465873,0.07938591329,0.06670535995,0.5,1,0.0,true
001,null,4729,0,-1.523003523,-0.002721348478,-0.01540190182,0.5,1,0.0,true
001,null,4730,1,0.669795552,0.03107627506,0.02293923947,0.5,0,0.0,true
001,null,4731,0,-1.697124797,-0.05336444359,-0.06604499693,0.5,0,0.0,true
001,null,4732,1,0.1369659708,-0.04523876313,-0.05337579871,0.5,0,0.0,true
001,null,4733,0,-0.1261808652,-0.05045349773,-0.06313405107,0.5,0,0.0,true
001,null,4734,0,-1.953982626,-0.1370904541,-0.1497710074,0.5,1,0.0,true
001,null,4735,0,0.7509928803,-0.09596054966,-0.108641103,0.5,0,0.0,true
001,null,4736,1,0.6871933239,-0.05913668663,-0.06727372222,0.5,0,0.0,true
001,null,4737,1,0.04836292112,-0.05522818646,-0.06336522205,0.5,0,0.0,true
001,null,4738,0,0.09673909444,-0.0488764992,-0.06155705254,0.5,1,0.0,true
001,null,4739,1,0.008197465607,-0.04720933958,-0.05534637517,0.5,1,0.0,true
001,null,4740,1,-0.08602981364,-0.05062761447,-0.05876465005,0.5,1,0.0,true
001,null,4741,1,0.3928725708,-0.02755413096,-0.03569116655,0.5,1,0.0,true
001,null,4742,0,-0.4673164194,-0.05280559116,-0.0654861445,0.5,1,0.0,true
001,null,4743,0,-1.542760279,-0.1301569899,-0.1428375433,0.5,1,0.0,true
001,null,4744,1,0.4341670175,-0.1025208686,-0.1106579041,0.5,0,0.0,true
001,null,4745,1,-1.411581206,-0.1685805782,-0.1767176138,0.5,1,0.0,true
001,null,4746,0,1.186119445,-0.09634441898,-0.1090249723,0.5,1,0.0,true
001,null,4747,0,-0.3021347504,-0.1097216561,-0.1224022094,0.5,0,0.0,true
001,null,4748,1,1.809309718,-0.007571400296,-0.01570843588,0.5,1,0.0,true
001,null,4749,1,1.309220749,0.05712642948,0.0489893939,0.5,1,0.0,true
001,null,4750,1,0.4242709461,0.07667530313,0.06853826755,0.5,1,0.0,true
001,null,4751,1,-0.6455921048,0.04111309035,0.03297605476,0.5,0,0.0,true
001,null,4752,0,0.006638667887,0.04041820621,0.02773765287,0.5,1,0.0,true
001,null,4753,0,0.2469596826,0.05251535275,0.03983479941,0.5,1,0.0,true
001,null,4754,1,1.59196178,0.1289503474,0.1208133119,0.5,1,0.0,true
001,null,4755,1,-0.278001694,0.110890653,0.1027536175,0.5,0,0.0,true
001,null,4756,0,-0.5041791339,0.08046284002,0.06778228668,0.5,1,0.0,true
001,null,4757,0,-0.587989473,0.04584195432,0.03316140098,0.5,1,0.0,true
001,null,4758,1,-0.2235787338,0.03223089228,0.0240938567,0.5,1,0.0,true
001,null,4759,1,-0.2824985719,0.01532419345,0.007187157869,0.5,0,0.0,true
001,null,4760,1,0.6989039462,0.05467831299,0.04654127741,0.5,0,0.0,true
001,null,4761,0,-1.465692296,-0.03055068329,-0.04323123663,0.5,0,0.0,true
001,null,4762,1,-2.271970877,-0.1367430757,-0.1448801113,0.5,1,0.0,true
001,null,4763,0,0.344720414,-0.1156751282,-0.1283556815,0.5,0,0.0,true
001,null,4764,1,-0.4009799576,-0.1327264415,-0.1408634771,0.5,1,0.0,true
001,null,4765,0,1.643749854,-0.04045415288,-0.05313470622,0.5,1,0.0,true
001,null,4766,1,1.777409417,0.04611532697,0.03797829138,0.5,1,0.0,true
001,null,4767,1,0.07373275337,0.048463401,0.04032636542,0.5,1,0.0,true
001,null,4768,1,-1.225974938,-0.01239512333,-0.02053215892,0.5,0,0.0,true
001,null,4769,0,-0.5732117081,-0.03960511972,-0.05228567306,0.5,1,0.0,true
001,null,4770,1,-1.808316193,-0.1188436446,-0.1269806802,0.5,1,0.0,true
001,null,4771,1,-1.098499823,-0.1632522568,-0.1713892923,0.5,0,0.0,true
001,null,4772,1,0.6968285223,-0.1249806551,-0.1331176907,0.5,0,0.0,true
001,null,4773,1,-2.465338591,-0.211996896,-0.2201339316,0.5,1,0.0,true
001,null,4774,1,0.01378242313,-0.2060304914,-0.2141675269,0.5,1,0.0,true
001,null,4775,1,-0.1976429228,-0.209446793,-0.2175838286,0.5,1,0.0,true
001,null,4776,0,0.8302839723,-0.1639301662,-0.1766107195,0.5,0,0.0,true
001,null,4777,1,0.223873063,-0.1492887554,-0.1574257909,0.5,1,0.0,true
001,null,4778,0,0.9188351857,-0.1001764952,-0.1128570486,0.5,0,0.0,true
001,null,4779,1,-1.021258557,-0.1429430086,-0.1510800442,0.5,0,0.0,true
001,null,4780,1,-0.2879943051,-0.152787904,-0.1609249396,0.5,1,0.0,true
001,null,4781,0,1.933213994,-0.05008729469,-0.06276784803,0.5,0,0.0,true
001,null,4782,0,-0.04985936691,-0.0511204653,-0.06380101864,0.5,1,0.0,true
001,null,4783,0,0.6164257958,-0.020427311,-0.03310786434,0.5,0,0.0,true
001,null,4784,1,-0.6853936465,-0.05239838548,-0.06053542107,0.5,1,0.0,true
001,null,4785,0,-0.4845463203,-0.0743742439,-0.08705479724,0.5,0,0.0,true
001,null,4786,1,-0.9878242796,-0.1189659411,-0.1271029767,0.5,1,0.0,true
001,null,4787,0,0.2097712987,-0.1053410624,-0.1180216158,0.5,0,0.0,true
001,null,4788,0,1.405170043,-0.02913855634,-0.04181910968,0.5,1,0.0,true
001,null,4789,0,0.03342500772,-0.02672615119,-0.03940670453,0.5,1,0.0,true
001,null,4790,1,-1.072927014,-0.07881397333,-0.08695100891,0.5,1,0.0,true
001,null,4791,1,-0.4600580124,-0.09981219236,-0.1079492279,0.5,0,0.0,true
001,null,4792,1,1.192038225,-0.03375242467,-0.04188946026,0.5,1,0.0,true
001,null,4793,0,1.101708033,0.02322705055,0.01054649721,0.5,1,0.0,true
001,null,4794,0,0.2360126915,0.03470066728,0.02202011394,0.5,0,0.0,true
001,null,4795,1,0.2371426513,0.0462187261,0.03808169052,0.5,0,0.0,true
001,null,4796,0,0.6353447277,0.07835604168,0.06567548834,0.5,1,0.0,true
001,null,4797,1,-0.570112793,0.0447980849,0.03666104931,0.5,1,0.0,true
001,null,4798,1,1.440838171,0.1164178336,0.108280798,0.5,0,0.0,true
001,null,4799,1,2.702685331,0.2168349403,0.2086979047,0.5,1,0.0,true
001,null,4800,1,1.767152211,0.2751843549,0.2670473193,0.5,0,0.0,true
001,null,4801,0,2.02846291,0.3324166712,0.3197361179,0.5,0,0.0,true
001,null,4802,0,0.9831853732,0.3594478449,0.3467672915,0.5,1,0.0,true
001,null,4803,0,1.45314474,0.3973801227,0.3846995694,0.5,0,0.0,true
001,null,4804,1,0.3222888409,0.4001834232,0.3920463876,0.5,0,0.0,true
001,null,4805,0,-0.9079805635,0.3455141589,0.3328336056,0.5,1,0.0,true
001,null,4806,0,-0.6576096317,0.3055257725,0.2928452192,0.5,0,0.0,true
001,null,4807,1,0.7566204993,0.3277385644,0.3196015288,0.5,0,0.0,true
001,null,4808,1,-0.6918466713,0.2854692663,0.2773322307,0.5,0,0.0,true
001,null,4809,0,-2.677532859,0.136345248,0.1236646947,0.5,0,0.0,true
001,null,4810,0,-0.9771121616,0.09114753352,0.07846698018,0.5,0,0.0,true
001,null,4811,0,-0.5331532912,0.06632241791,0.05364186457,0.5,0,0.0,true
001,null,4812,0,-0.05844608312,0.06215556956,0.04947501622,0.5,0,0.0,true
001,null,4813,0,0.1183455758,0.06572374217,0.05304318884,0.5,0,0.0,true
001,null,4814,0,0.6284856569,0.09144438258,0.07876382924,0.5,0,0.0,true
001,null,4815,0,1.016400871,0.1325879459,0.1199073925,0.5,1,0.0,true
001,null,4816,1,1.132869812,0.1763696156,0.1682325801,0.5,0,0.0,true
001,null,4817,0,-0.5287710407,0.1468771457,0.1341965923,0.5,0,0.0,true
001,null,4818,0,1.22359961,0.1939964931,0.1813159398,0.5,0,0.0,true
001,null,4819,0,1.340307179,0.2420437714,0.229363218,0.5,0,0.0,true
001,null,4820,1,-0.5956031363,0.2070864274,0.1989493918,0.5,1,0.0,true
001,null,4821,1,-0.4020616671,0.1824390014,0.1743019658,0.5,0,0.0,true
001,null,4822,0,-0.4626438033,0.1549930135,0.1423124601,0.5,1,0.0,true
001,null,4823,0,-1.112804228,0.09413302753,0.08145247419,0.5,1,0.0,true
001,null,4824,1,0.7340595667,0.1258150116,0.117677976,0.5,0,0.0,true
001,null,4825,1,-0.3972492414,0.1026880271,0.09455099151,0.5,1,0.0,true
001,null,4826,1,-1.000492259,0.04854989275,0.04041285717,0.5,1,0.0,true
001,null,4827,0,-0.5045369099,0.02177891322,0.009098359885,0.5,1,0.0,true
001,null,4828,1,2.006887175,0.1128337514,0.1046967158,0.5,0,0.0,true
001,null,4829,0,-0.5582112195,0.08269172925,0.07001117591,0.5,1,0.0,true
001,null,4830,1,-0.5078850082,0.0555130132,0.04737597761,0.5,0,0.0,true
001,null,4831,1,-0.06382172735,0.0509312205,0.04279418491,0.5,1,0.0,true
001,null,4832,1,-0.05373009438,0.04689938112,0.03876234554,0.5,0,0.0,true
001,null,4833,1,0.7993071157,0.08601931541,0.07788227983,0.5,0,0.0,true
001,null,4834,1,-0.2397547804,0.07108376225,0.06294672667,0.5,1,0.0,true
001,null,4835,0,-1.218101685,0.00333955723,-0.009340996109,0.5,0,0.0,true
001,null,4836,1,-0.3051883666,-0.01293773491,-0.02107477049,0.5,1,0.0,true
001,null,4837,1,0.1927952873,-0.002118242949,-0.01025527853,0.5,0,0.0,true
001,null,4838,0,1.492371563,0.07605414729,0.06337359395,0.5,0,0.0,true
001,null,4839,0,1.130427165,0.1300450119,0.1173644586,0.5,1,0.0,true
001,null,4840,0,1.958426385,0.2092175193,0.1965369659,0.5,1,0.0,true
001,null,4841,1,-0.4686737097,0.1798096332,0.1716725976,0.5,0,0.0,true
001,null,4842,0,1.492623639,0.2374160185,0.2247354651,0.5,1,0.0,true
001,null,4843,1,1.796022025,0.2972326287,0.2890955931,0.5,0,0.0,true
001,null,4844,1,-0.9610305027,0.2399323187,0.2317952832,0.5,1,0.0,true
001,null,4845,0,-0.8042138545,0.1932559299,0.1805753765,0.5,0,0.0,true
001,null,4846,1,0.9425072926,0.2286779046,0.220540869,0.5,0,0.0,true
001,null,4847,0,0.4559140773,0.2435647305,0.2308841771,0.5,0,0.0,true
001,null,4848,0,-2.050655544,0.1251022159,0.1124216626,0.5,0,0.0,true
001,null,4849,1,-0.1140385789,0.1166817992,0.1085447636,0.5,0,0.0,true
001,null,4850,0,2.541602757,0.205621414,0.1929408607,0.5,0,0.0,true
001,null,4851,0,0.8883262426,0.2348473781,0.2221668247,0.5,0,0.0,true
001,null,4852,1,-0.2204201906,0.2192262628,0.2110892272,0.5,0,0.0,true
001,null,4853,1,-0.3197627977,0.1991861059,0.1910490703,0.5,0,0.0,true
001,null,4854,1,0.374470528,0.2104428835,0.2023058479,0.5,1,0.0,true
001,null,4855,1,-0.8177482922,0.1650208195,0.1568837839,0.5,1,0.0,true
001,null,4856,0,-0.246782415,0.1491169923,0.1364364389,0.5,0,0.0,true
001,null,4857,0,-0.9550209327,0.09761482193,0.08493426859,0.5,1,0.0,true
001,null,4858,1,1.886851759,0.1722644156,0.16412738,0.5,0,0.0,true
001,null,4859,1,1.946942434,0.2387140989,0.2305770633,0.5,1,0.0,true
001,null,4860,1,1.203716613,0.2776021205,0.269465085,0.5,1,0.0,true
001,null,4861,1,0.2880421457,0.2826708981,0.2745338625,0.5,1,0.0,true
001,null,4862,1,-0.4089887016,0.2564191749,0.2482821393,0.5,1,0.0,true
001,null,4863,1,-0.3971751562,0.2310539519,0.2229169163,0.5,0,0.0,true
001,null,4864,0,0.645057724,0.2530108532,0.2403302998,0.5,1,0.0,true
001,null,4865,1,-0.9724881625,0.1963485936,0.188211558,0.5,1,0.0,true
001,null,4866,0,-0.547596008,0.1641663869,0.1514858336,0.5,1,0.0,true
001,null,4867,1,-1.821563598,0.06652890281,0.05839186723,0.5,0,0.0,true
001,null,4868,0,0.5596082147,0.09016804962,0.07748749628,0.5,0,0.0,true
001,null,4869,0,-0.533835208,0.06228307822,0.04960252488,0.5,1,0.0,true
001,null,4870,1,-0.5861851734,0.03223076929,0.02409373371,0.5,0,0.0,true
001,null,4871,0,-0.2464640349,0.01930903241,0.006628479066,0.5,1,0.0,true
001,null,4872,1,1.252987094,0.07867009788,0.0705330623,0.5,0,0.0,true
001,null,4873,0,-0.6988457812,0.04153188821,0.02885133487,0.5,1,0.0,true
001,null,4874,1,-0.2779414245,0.0264563958,0.01831936021,0.5,1,0.0,true
001,null,4875,1,-0.02400193225,0.024550603,0.01641356742,0.5,0,0.0,true
001,null,4876,1,0.1961133047,0.03424950289,0.02611246731,0.5,1,0.0,true
001,null,4877,1,-0.6543555303,-0.002010664152,-0.01014769974,0.5,0,0.0,true
001,null,4878,1,-0.1290962646,-0.009036011919,-0.0171730475,0.5,0,0.0,true
001,null,4879,0,-2.226093762,-0.116931688,-0.1296122413,0.5,0,0.0,true
001,null,4880,0,0.110544198,-0.108371373,-0.1210519263,0.5,0,0.0,true
001,null,4881,0,1.307796485,-0.03646235976,-0.0491429131,0.5,0,0.0,true
001,null,4882,0,-1.19624643,-0.09285635148,-0.1055369048,0.5,0,0.0,true
001,null,4883,1,-0.7624760134,-0.1269506362,-0.1350876718,0.5,1,0.0,true
001,null,4884,1,0.3527825408,-0.1054809634,-0.113617999,0.5,0,0.0,true
001,null,4885,0,0.2232863169,-0.09108998166,-0.103770535,0.5,0,0.0,true
001,null,4886,1,-0.5515270619,-0.1171303313,-0.1252673669,0.5,0,0.0,true
001,null,4887,0,0.7130202971,-0.07446246806,-0.0871430214,0.5,0,0.0,true
001,null,4888,1,0.03934243576,-0.07042041297,-0.07855744856,0.5,0,0.0,true
001,null,4889,0,0.668620006,-0.03066307039,-0.04334362373,0.5,1,0.0,true
001,null,4890,0,-0.5557847023,-0.06086049643,-0.07354104977,0.5,0,0.0,true
001,null,4891,1,-0.04068978567,-0.06166467617,-0.06980171176,0.5,0,0.0,true
001,null,4892,1,0.7376201653,-0.01611977257,-0.02425680816,0.5,1,0.0,true
001,null,4893,0,0.1232486709,-0.008358111501,-0.02103866484,0.5,0,0.0,true
001,null,4894,1,-0.6377990452,-0.04644262833,-0.05457966392,0.5,0,0.0,true
001,null,4895,0,-0.0338358378,-0.04735562284,-0.06003617618,0.5,1,0.0,true
001,null,4896,0,-1.284567578,-0.1198950548,-0.1325756081,0.5,1,0.0,true
001,null,4897,1,0.6039951228,-0.07887492797,-0.08701196356,0.5,0,0.0,true
001,null,4898,1,-0.3738962413,-0.09948014786,-0.1076171834,0.5,1,0.0,true
001,null,4899,0,-1.210939233,-0.1640934661,-0.1767740195,0.5,1,0.0,true
001,null,4900,1,0.6221093163,-0.1200715047,-0.1282085403,0.5,1,0.0,true
001,null,4901,1,-0.3578210656,-0.138534118,-0.1466711536,0.5,0,0.0,true
001,null,4902,0,0.8513753416,-0.07888092563,-0.09156147897,0.5,0,0.0,true
001,null,4903,0,0.3515280793,-0.05442384182,-0.06710439516,0.5,1,0.0,true
001,null,4904,0,1.089461266,0.01638598905,0.003705435711,0.5,0,0.0,true
001,null,4905,1,-1.458685113,-0.07033491782,-0.07847195341,0.5,0,0.0,true
001,null,4906,1,1.247910835,0.005827666527,-0.002309369057,0.5,1,0.0,true
001,null,4907,1,0.2342125316,0.01928698045,0.01114994487,0.5,0,0.0,true
001,null,4908,1,-0.7986500496,-0.02820906432,-0.0363460999,0.5,0,0.0,true
001,null,4909,1,0.3098976325,-0.008914364048,-0.01705139963,0.5,0,0.0,true
001,null,4910,1,1.464546643,0.0751337828,0.06699674722,0.5,0,0.0,true
001,null,4911,1,1.813023164,0.1617499501,0.1536129146,0.5,1,0.0,true
001,null,4912,0,-2.011398485,0.04398212909,0.03130157575,0.5,0,0.0,true
001,null,4913,1,-1.554313479,-0.03275291081,-0.0408899464,0.5,0,0.0,true
001,null,4914,0,-0.114200472,-0.037434328,-0.05011488134,0.5,1,0.0,true
001,null,4915,0,0.7646197246,0.001415372841,-0.0112651805,0.5,0,0.0,true
001,null,4916,0,-1.829403266,-0.08362798905,-0.09630854238,0.5,1,0.0,true
001,null,4917,0,0.3987604665,-0.06229868038,-0.07497923372,0.5,0,0.0,true
001,null,4918,0,-0.1111621216,-0.06611307763,-0.07879363097,0.5,0,0.0,true
001,null,4919,1,-0.7611171664,-0.1009923218,-0.1091293574,0.5,0,0.0,true
001,null,4920,1,0.796618854,-0.05728509487,-0.06542213045,0.5,0,0.0,true
001,null,4921,1,-0.5318026177,-0.08235017335,-0.09048720894,0.5,0,0.0,true
001,null,4922,1,-0.363997694,-0.09881800067,-0.1069550363,0.5,0,0.0,true
001,null,4923,1,-0.2980217795,-0.1118606098,-0.1199976454,0.5,0,0.0,true
001,null,4924,1,0.04563338635,-0.1065418759,-0.1146789115,0.5,0,0.0,true
001,null,4925,0,-0.1022063367,-0.1095066573,-0.1221872106,0.5,1,0.0,true
001,null,4926,0,-0.1245214507,-0.1137963476,-0.1264769009,0.5,1,0.0,true
001,null,4927,0,-1.078000172,-0.167558277,-0.1802388303,0.5,0,0.0,true
001,null,4928,0,-0.8052753161,-0.2055145985,-0.2181951518,0.5,0,0.0,true
001,null,4929,0,-1.92964572,-0.2793188596,-0.291999413,0.5,0,0.0,true
001,null,4930,0,0.8436600865,-0.2227995226,-0.2354800759,0.5,0,0.0,true
001,null,4931,1,-0.8281285902,-0.256558932,-0.2646959676,0.5,0,0.0,true
001,null,4932,1,0.3604715063,-0.2297406369,-0.2378776724,0.5,1,0.0,true
001,null,4933,1,-0.01292996202,-0.2246355798,-0.2327726154,0.5,1,0.0,true
001,null,4934,0,2.360438369,-0.07327696106,-0.0859575144,0.5,0,0.0,true
001,null,4935,1,-0.1640579894,-0.07954618886,-0.08768322445,0.5,1,0.0,true
001,null,4936,1,1.481656404,-0.001712141674,-0.009849177258,0.5,1,0.0,true
001,null,4937,1,0.1226822205,0.004422583963,-0.003714451621,0.5,0,0.0,true
001,null,4938,1,-0.3335263314,-0.01264157223,-0.02077860781,0.5,1,0.0,true
001,null,4939,0,-0.3906021838,-0.03254098768,-0.04522154102,0.5,1,0.0,true
001,null,4940,0,-0.329598145,-0.0491147985,-0.06179535184,0.5,1,0.0,true
001,null,4941,0,-0.8008115423,-0.08979051927,-0.1024710726,0.5,0,0.0,true
001,null,4942,0,0.3566624982,-0.06769904256,-0.0803795959,0.5,0,0.0,true
001,null,4943,1,-0.3634918983,-0.08600261192,-0.09413964751,0.5,1,0.0,true
001,null,4944,0,0.3594491939,-0.06297315025,-0.07565370359,0.5,1,0.0,true
001,null,4945,0,-0.1944338424,-0.07266098243,-0.08534153577,0.5,0,0.0,true
001,null,4946,0,1.374350661,0.01086066388,-0.001819889464,0.5,0,0.0,true
001,null,4947,1,0.465807295,0.03720237541,0.02906533983,0.5,1,0.0,true
001,null,4948,0,0.7347827973,0.07801725572,0.06533670238,0.5,1,0.0,true
001,null,4949,0,0.1638899019,0.08566742254,0.0729868692,0.5,0,0.0,true
001,null,4950,0,-1.241871988,0.007684483427,-0.004996069913,0.5,1,0.0,true
001,null,4951,0,2.643525023,0.1340932716,0.1214127183,0.5,1,0.0,true
001,null,4952,0,-0.534243908,0.10344243,0.09076187664,0.5,1,0.0,true
001,null,4953,1,-0.6615894655,0.06660848847,0.05847145288,0.5,1,0.0,true
001,null,4954,0,0.06725362426,0.06836634207,0.05568578873,0.5,1,0.0,true
001,null,4955,0,1.563817386,0.1398106035,0.1271300502,0.5,0,0.0,true
001,null,4956,1,3.141733104,0.240726827,0.2325897914,0.5,0,0.0,true
001,null,4957,1,0.3529109992,0.2490275552,0.2408905197,0.5,1,0.0,true
001,null,4958,0,-0.3095740264,0.2288829438,0.2162023905,0.5,0,0.0,true
001,null,4959,0,0.0090227631,0.2234879186,0.2108073652,0.5,0,0.0,true
001,null,4960,1,0.9881719252,0.2576885624,0.2495515268,0.5,1,0.0,true
001,null,4961,0,-1.541954069,0.1720945837,0.1594140303,0.5,0,0.0,true
001,null,4962,1,2.116477754,0.2417665349,0.2336294993,0.5,1,0.0,true
001,null,4963,0,0.6563475595,0.2614283661,0.2487478128,0.5,0,0.0,true
001,null,4964,0,-0.6572398009,0.2246735047,0.2119929514,0.5,0,0.0,true
001,null,4965,1,-1.341385256,0.1548402985,0.1467032629,0.5,0,0.0,true
001,null,4966,0,0.2374476134,0.161086636,0.1484060826,0.5,0,0.0,true
001,null,4967,1,0.7188760609,0.1871719553,0.1790349197,0.5,0,0.0,true
001,null,4968,0,-2.060522102,0.08216903805,0.06948848471,0.5,0,0.0,true
001,null,4969,0,1.954068852,0.1534963498,0.1408157965,0.5,0,0.0,true
001,null,4970,0,-1.798501158,0.071641882,0.05896132866,0.5,1,0.0,true
001,null,4971,1,-0.6158362601,0.04483401002,0.03669697443,0.5,0,0.0,true
001,null,4972,1,-0.6460883131,0.0171316821,0.008994646515,0.5,0,0.0,true
001,null,4973,1,-1.0208099,-0.02542113281,-0.0335581684,0.5,1,0.0,true
001,null,4974,0,-0.7089679894,-0.05410130518,-0.06678185852,0.5,0,0.0,true
001,null,4975,1,-0.1126774838,-0.05753505516,-0.06567209075,0.5,1,0.0,true
001,null,4976,1,0.03901453938,-0.0543658365,-0.06250287208,0.5,1,0.0,true
001,null,4977,0,-0.05743854707,-0.05556961798,-0.06825017132,0.5,1,0.0,true
001,null,4978,0,-1.022923675,-0.09918781333,-0.1118683667,0.5,0,0.0,true
001,null,4979,1,1.390879796,-0.03097410086,-0.03911113644,0.5,0,0.0,true
001,null,4980,0,0.3509380259,-0.01412406459,-0.02680461793,0.5,1,0.0,true
001,null,4981,0,1.101967858,0.0367794428,0.02409888947,0.5,1,0.0,true
001,null,4982,0,-0.9351067768,-0.007706600961,-0.0203871543,0.5,0,0.0,true
001,null,4983,1,-1.076517107,-0.05673154389,-0.06486857947,0.5,1,0.0,true
001,null,4984,1,-0.07144994581,-0.05865274396,-0.06678977954,0.5,0,0.0,true
001,null,4985,1,-2.796760009,-0.1645607339,-0.1726977695,0.5,0,0.0,true
001,null,4986,1,-0.3042573091,-0.1730121056,-0.1811491412,0.5,1,0.0,true
001,null,4987,1,-0.5968987055,-0.1932698366,-0.2014068722,0.5,1,0.0,true
001,null,4988,0,0.02213381451,-0.1873942529,-0.2000748062,0.5,1,0.0,true
001,null,4989,0,1.462850355,-0.1113774853,-0.1240580386,0.5,1,0.0,true
001,null,4990,1,-0.8632831508,-0.1449864018,-0.1531234374,0.5,1,0.0,true
001,null,4991,0,1.663158404,-0.0627404474,-0.07542100074,0.5,0,0.0,true
001,null,4992,1,-0.9575314383,-0.1014388238,-0.1095758594,0.5,0,0.0,true
001,null,4993,0,-0.7582697332,-0.1309893915,-0.1436699449,0.5,0,0.0,true
001,null,4994,0,-0.05559704743,-0.1301632346,-0.142843788,0.5,0,0.0,true
001,null,4995,0,0.4542059624,-0.1054635421,-0.1181440954,0.5,1,0.0,true
001,null,4996,1,-0.5169166358,-0.1263925715,-0.1345296071,0.5,0,0.0,true
001,null,4997,1,0.2721461823,-0.1099308922,-0.1180679278,0.5,1,0.0,true
001,null,4998,0,0.1343895703,-0.1004910962,-0.1131716495,0.5,1,0.0,true
001,null,4999,0,1.672420284,-0.01268460922,-0.02536516256,0.5,0,0.0,true
001,null,5000,0,-1.616799997,-0.08557743254,-0.09825798588,0.5,1,0.0,true
001,null,5001,1,-0.2514712633,-0.09507256504,-0.1032096006,0.5,1,0.0,true
001,null,5002,1,-0.9510997731,-0.1355651335,-0.1437021691,0.5,1,0.0,true
001,null,5003,0,1.364892605,-0.06350297625,-0.07618352959,0.5,1,0.0,true
001,null,5004,0,0.09313654872,-0.05745664809,-0.07013720143,0.5,1,0.0,true
001,null,5005,1,-0.03859188013,-0.05788147006,-0.06601850564,0.5,0,0.0,true
001,null,5006,1,-2.104151921,-0.1462777754,-0.154414811,0.5,1,0.0,true
001,null,5007,1,0.1466020055,-0.1357034511,-0.1438404867,0.5,0,0.0,true
001,null,5008,1,1.338226936,-0.06591596045,-0.07405299603,0.5,0,0.0,true
001,null,5009,1,-1.386185462,-0.1242166638,-0.1323536994,0.5,1,0.0,true
001,null,5010,1,-0.2244728428,-0.131319176,-0.1394562115,0.5,1,0.0,true
001,null,5011,0,-0.4418018483,-0.1483009999,-0.1609815532,0.5,1,0.0,true
001,null,5012,0,-0.5790706332,-0.1712616028,-0.1839421561,0.5,1,0.0,true
001,null,5013,1,-0.1015257709,-0.171889991,-0.1800270265,0.5,1,0.0,true
001,null,5014,1,-1.478812171,-0.2298335445,-0.23797058,0.5,1,0.0,true
001,null,5015,0,0.4429470474,-0.2012544132,-0.2139349666,0.5,1,0.0,true
001,null,5016,1,0.8252545003,-0.1520800764,-0.160217112,0.5,1,0.0,true
001,null,5017,1,0.3487613721,-0.1301379007,-0.1382749363,0.5,1,0.0,true
001,null,5018,1,0.9088999953,-0.07798986889,-0.08612690448,0.5,1,0.0,true
001,null,5019,1,-0.1956203632,-0.08611109304,-0.09424812863,0.5,0,0.0,true
001,null,5020,1,0.1239731398,-0.077281228,-0.08541826358,0.5,1,0.0,true
001,null,5021,1,0.5004600847,-0.04758063043,-0.05571766601,0.5,0,0.0,true
001,null,5022,1,1.344349262,0.02706744495,0.01893040937,0.5,0,0.0,true
001,null,5023,0,0.9411300345,0.07546710626,0.06278655292,0.5,1,0.0,true
001,null,5024,0,0.2750858419,0.08827819338,0.07559764004,0.5,0,0.0,true
001,null,5025,0,0.05794053804,0.08925036164,0.0765698083,0.5,0,0.0,true
001,null,5026,0,0.476944099,0.1133207427,0.1006401894,0.5,0,0.0,true
001,null,5027,0,0.01598846753,0.1113778657,0.09869731237,0.5,0,0.0,true
001,null,5028,0,-0.9259370563,0.05190029421,0.03921974087,0.5,0,0.0,true
001,null,5029,1,-0.7909402733,0.003616815832,-0.004520219752,0.5,0,0.0,true
001,null,5030,1,-0.9015577547,-0.04875967291,-0.05689670849,0.5,0,0.0,true
001,null,5031,0,0.6221853292,-0.0104321303,-0.02311268364,0.5,0,0.0,true
001,null,5032,0,-0.8231540531,-0.05824450723,-0.07092506057,0.5,1,0.0,true
001,null,5033,1,-0.580755275,-0.09064189728,-0.09877893286,0.5,0,0.0,true
001,null,5034,1,0.6916331637,-0.04532571342,-0.05346274901,0.5,0,0.0,true
001,null,5035,0,0.9918986176,0.01627059472,0.003590041376,0.5,1,0.0,true
001,null,5036,1,0.9166313441,0.06955716625,0.06142013067,0.5,1,0.0,true
001,null,5037,0,-0.6724533373,0.02658464823,0.01390409489,0.5,0,0.0,true
001,null,5038,0,0.2802906889,0.04293891699,0.03025836365,0.5,1,0.0,true
001,null,5039,1,-1.630893268,-0.05480729901,-0.06294433459,0.5,1,0.0,true
001,null,5040,0,0.06815206977,-0.04942968286,-0.0621102362,0.5,1,0.0,true
001,null,5041,0,0.4829206599,-0.01907417311,-0.03175472645,0.5,1,0.0,true
001,null,5042,0,0.7002491551,0.02368553345,0.01100498011,0.5,1,0.0,true
001,null,5043,0,1.193230927,0.09161882385,0.07893827051,0.5,1,0.0,true
001,null,5044,0,0.5637359703,0.1216949003,0.109014347,0.5,0,0.0,true
001,null,5045,0,-0.05037937327,0.1155405071,0.1028599537,0.5,1,0.0,true
001,null,5046,1,0.1065341718,0.1192053558,0.1110683203,0.5,0,0.0,true
001,null,5047,1,0.5302663365,0.1483994194,0.1402623839,0.5,1,0.0,true
001,null,5048,0,-0.4392571872,0.1152170073,0.1025364539,0.5,1,0.0,true
001,null,5049,1,0.5023555217,0.1438901983,0.1357531627,0.5,1,0.0,true
001,null,5050,1,-1.144602793,0.06012062329,0.0519835877,0.5,0,0.0,true
001,null,5051,1,-0.7985845093,0.00649904117,-0.001637994414,0.5,1,0.0,true
001,null,5052,0,1.851705271,0.1115393537,0.09885880034,0.5,0,0.0,true
001,null,5053,1,-3.028745895,-0.05408615148,-0.06222318707,0.5,1,0.0,true
001,null,5054,0,-0.4232976068,-0.07238551747,-0.0850660708,0.5,0,0.0,true
001,null,5055,1,2.790332961,0.05474917371,0.04661213813,0.5,1,0.0,true
001,null,5056,0,1.219308033,0.1023224556,0.08964190226,0.5,0,0.0,true
001,null,5057,0,-0.8912493063,0.06112360315,0.04844304981,0.5,1,0.0,true
001,null,5058,0,-0.5809960884,0.03447141346,0.02179086012,0.5,1,0.0,true
001,null,5059,0,2.034899559,0.1138296827,0.1011491293,0.5,0,0.0,true
001,null,5060,0,0.4435670975,0.1289826267,0.1163020733,0.5,1,0.0,true
001,null,5061,1,-0.03832857611,0.1240811046,0.115944069,0.5,0,0.0,true
001,null,5062,0,1.052105971,0.1634892052,0.1508086519,0.5,0,0.0,true
001,null,5063,1,-1.274393607,0.1002992026,0.09216216704,0.5,0,0.0,true
001,null,5064,0,0.4795764211,0.1182000095,0.1055194561,0.5,1,0.0,true
001,null,5065,0,-1.739985638,0.03545291461,0.02277236127,0.5,0,0.0,true
001,null,5066,0,0.695957057,0.064087621,0.05140706766,0.5,0,0.0,true
001,null,5067,0,-0.1984711799,0.05369277248,0.04101221914,0.5,1,0.0,true
001,null,5068,0,2.558405045,0.1490452747,0.1363647214,0.5,0,0.0,true
001,null,5069,0,1.334262414,0.1943712853,0.1816907319,0.5,0,0.0,true
001,null,5070,1,-0.8264559038,0.1538331163,0.1456960808,0.5,0,0.0,true
001,null,5071,1,-0.3900322003,0.1333766958,0.1252396602,0.5,0,0.0,true
001,null,5072,1,0.4773480488,0.1496863253,0.1415492897,0.5,1,0.0,true
001,null,5073,0,1.226623305,0.1937727043,0.181092151,0.5,1,0.0,true
001,null,5074,1,1.703630008,0.2494872447,0.2413502091,0.5,0,0.0,true
001,null,5075,1,-0.8605873284,0.204127914,0.1959908785,0.5,1,0.0,true
001,null,5076,0,-1.649684264,0.1224198772,0.1097393239,0.5,1,0.0,true
001,null,5077,0,-1.348705683,0.06094735995,0.04826680661,0.5,0,0.0,true
001,null,5078,0,-2.071951136,-0.02507584906,-0.0377564024,0.5,1,0.0,true
001,null,5079,0,-0.8868431989,-0.05905723481,-0.07173778815,0.5,0,0.0,true
001,null,5080,0,0.1893225197,-0.04988520194,-0.06256575528,0.5,0,0.0,true
001,null,5081,0,0.9265783004,-0.01009631486,-0.02277686819,0.5,1,0.0,true
001,null,5082,1,1.50133423,0.0510589975,0.04292196191,0.5,1,0.0,true
001,null,5083,1,-0.6698489808,0.02188950134,0.01375246575,0.5,1,0.0,true
001,null,5084,1,-0.1794756872,0.01376807179,0.005631036207,0.5,0,0.0,true
001,null,5085,1,1.194297531,0.06333600675,0.05519897117,0.5,0,0.0,true
001,null,5086,0,0.8005531463,0.09516710032,0.08248654698,0.5,0,0.0,true
001,null,5087,1,-0.2106349441,0.0834652531,0.07532821751,0.5,1,0.0,true
001,null,5088,0,0.4655577012,0.1018014484,0.08912089506,0.5,0,0.0,true
001,null,5089,1,1.319822772,0.1541842731,0.1460472375,0.5,0,0.0,true
001,null,5090,1,1.161196732,0.197583132,0.1894460964,0.5,0,0.0,true
001,null,5091,1,-0.115973843,0.1872704181,0.1791333825,0.5,1,0.0,true
001,null,5092,1,0.01778890091,0.1833546081,0.1752175725,0.5,1,0.0,true
001,null,5093,1,0.568521697,0.2043386517,0.1962016161,0.5,1,0.0,true
001,null,5094,1,0.0259270886,0.2004214008,0.1922843652,0.5,0,0.0,true
001,null,5095,0,0.9451556831,0.2372570418,0.2245764884,0.5,1,0.0,true
001,null,5096,1,-0.2463569594,0.2185869377,0.2104499021,0.5,0,0.0,true
001,null,5097,1,0.9689495239,0.2564795814,0.2483425458,0.5,0,0.0,true
001,null,5098,1,-0.7031439398,0.2111411658,0.2030041302,0.5,0,0.0,true
001,null,5099,0,0.4187840418,0.2265053271,0.2138247737,0.5,0,0.0,true
001,null,5100,0,1.016740786,0.2670940009,0.2544134476,0.5,0,0.0,true
001,null,5101,1,2.491206972,0.3378471717,0.3297101361,0.5,0,0.0,true
001,null,5102,0,-1.680061547,0.2364637896,0.2237832362,0.5,1,0.0,true
001,null,5103,1,0.4323997015,0.2491103646,0.240973329,0.5,1,0.0,true
001,null,5104,0,-0.3712371497,0.2249508232,0.2122702699,0.5,0,0.0,true
001,null,5105,0,-2.531118359,0.08758036985,0.07489981651,0.5,0,0.0,true
001,null,5106,1,-0.1883930246,0.07724422819,0.0691071926,0.5,1,0.0,true
001,null,5107,1,2.576370241,0.1681260697,0.1599890341,0.5,0,0.0,true
001,null,5108,0,1.33099012,0.2114062598,0.1987257064,0.5,0,0.0,true
001,null,5109,1,-0.02102851146,0.2052083888,0.1970713532,0.5,1,0.0,true
001,null,5110,0,0.2643273508,0.210641217,0.1979606637,0.5,1,0.0,true
001,null,5111,0,1.229818746,0.2505215676,0.2378410143,0.5,0,0.0,true
001,null,5112,1,2.253162217,0.3121596619,0.3040226263,0.5,1,0.0,true
001,null,5113,0,0.3686251475,0.3182435975,0.3055630442,0.5,1,0.0,true
001,null,5114,0,0.4052538553,0.325812013,0.3131314596,0.5,0,0.0,true
001,null,5115,1,-0.9830236278,0.2720434009,0.2639063653,0.5,1,0.0,true
001,null,5116,0,-1.751136343,0.1818548265,0.1691742732,0.5,0,0.0,true
001,null,5117,0,-1.99528889,0.08963089313,0.07695033979,0.5,0,0.0,true
001,null,5118,0,-1.674447694,0.02034060317,0.007660049827,0.5,1,0.0,true
001,null,5119,0,-0.07258645453,0.01700303635,0.004322483014,0.5,0,0.0,true
001,null,5120,0,-0.6836966471,-0.01060994484,-0.02329049818,0.5,1,0.0,true
001,null,5121,1,0.6330827061,0.0152664415,0.007129405915,0.5,1,0.0,true
001,null,5122,0,0.8169539086,0.04814654657,0.03546599323,0.5,1,0.0,true
001,null,5123,0,-0.6601774725,0.01906182234,0.006381269004,0.5,1,0.0,true
001,null,5124,1,-0.5362299531,-0.004322981392,-0.01246001698,0.5,1,0.0,true
001,null,5125,1,-1.053568421,-0.04915654308,-0.05729357866,0.5,0,0.0,true
001,null,5126,0,1.135959272,0.001854647683,-0.01082590566,0.5,1,0.0,true
001,null,5127,1,-0.6453802065,-0.02632226249,-0.03445929807,0.5,0,0.0,true
001,null,5128,0,-0.9840031851,-0.06832775596,-0.0810083093,0.5,1,0.0,true
001,null,5129,0,0.07151601691,-0.06337322178,-0.07605377512,0.5,1,0.0,true
001,null,5130,1,-1.931116183,-0.1401796862,-0.1483167218,0.5,0,0.0,true
001,null,5131,1,-2.242058972,-0.2152521315,-0.2233891671,0.5,0,0.0,true
001,null,5132,1,-0.2846561264,-0.2212513756,-0.2293884112,0.5,1,0.0,true
001,null,5133,1,-0.3738918544,-0.2308914563,-0.2390284919,0.5,0,0.0,true
001,null,5134,1,2.033780021,-0.1274522696,-0.1355893052,0.5,0,0.0,true
001,null,5135,1,0.4317759382,-0.1060401304,-0.114177166,0.5,0,0.0,true
001,null,5136,1,0.5031726067,-0.08171459547,-0.08985163105,0.5,1,0.0,true
001,null,5137,0,-0.6599388156,-0.1072730652,-0.1199536186,0.5,1,0.0,true
001,null,5138,1,-0.3888231453,-0.1212899449,-0.1294269805,0.5,1,0.0,true
001,null,5139,0,-0.839087809,-0.1537675531,-0.1664481064,0.5,1,0.0,true
001,null,5140,1,1.329190471,-0.08632288415,-0.09445991973,0.5,0,0.0,true
001,null,5141,1,0.9987820101,-0.03837806864,-0.04651510422,0.5,0,0.0,true
001,null,5142,0,0.6598541742,-0.007444022329,-0.02012457567,0.5,1,0.0,true
001,null,5143,1,-0.5081250354,-0.03050022014,-0.03863725572,0.5,0,0.0,true
001,null,5144,1,0.5219475476,-0.0051581072,-0.01329514278,0.5,0,0.0,true
001,null,5145,0,-0.1921143601,-0.01422684429,-0.02690739763,0.5,1,0.0,true
001,null,5146,0,-1.032172494,-0.06299826893,-0.07567882227,0.5,0,0.0,true
001,null,5147,0,0.5164883254,-0.03577297287,-0.04845352621,0.5,0,0.0,true
001,null,5148,0,-0.06506365539,-0.0381250004,-0.05080555374,0.5,0,0.0,true
001,null,5149,1,-1.703412519,-0.1161691727,-0.1243062083,0.5,0,0.0,true
001,null,5150,0,-2.614913501,-0.2095721164,-0.2222526698,0.5,1,0.0,true
001,null,5151,1,-1.486172323,-0.2585338683,-0.2666709038,0.5,0,0.0,true
001,null,5152,1,-1.065567304,-0.2917927257,-0.2999297613,0.5,0,0.0,true
001,null,5153,1,-0.3988798157,-0.3007723735,-0.3089094091,0.5,0,0.0,true
001,null,5154,1,1.092172297,-0.2392746566,-0.2474116922,0.5,0,0.0,true
001,null,5155,1,1.722291281,-0.1483225536,-0.1564595892,0.5,0,0.0,true
001,null,5156,1,0.4620685978,-0.12416101,-0.1322980456,0.5,0,0.0,true
001,null,5157,1,-0.644979946,-0.1482331751,-0.1563702107,0.5,1,0.0,true
001,null,5158,0,-0.6927233715,-0.1738644906,-0.186545044,0.5,0,0.0,true
001,null,5159,1,0.2939774552,-0.1557908033,-0.1639278389,0.5,0,0.0,true
001,null,5160,1,-0.3945595295,-0.1696802457,-0.1778172813,0.5,0,0.0,true
001,null,5161,1,-0.1749454823,-0.1736088429,-0.1817458785,0.5,0,0.0,true
001,null,5162,0,1.443318085,-0.09404366942,-0.1067242228,0.5,0,0.0,true
001,null,5163,1,1.75272458,-0.007292556384,-0.01542959197,0.5,1,0.0,true
001,null,5164,1,0.1615561014,0.0003185001338,-0.00781853545,0.5,0,0.0,true
001,null,5165,0,-0.4209005935,-0.01945324119,-0.03213379453,0.5,0,0.0,true
001,null,5166,0,0.5396409218,0.006988142921,-0.005692410419,0.5,1,0.0,true
001,null,5167,1,-0.3402679522,-0.009866200431,-0.01800323602,0.5,1,0.0,true
001,null,5168,1,0.4416159442,0.01250405772,0.004367022132,0.5,1,0.0,true
001,null,5169,0,-0.0843633258,0.00785966556,-0.00482088778,0.5,0,0.0,true
001,null,5170,1,0.3317020699,0.02503349728,0.0168964617,0.5,0,0.0,true
001,null,5171,0,1.117464772,0.08162773862,0.06894718528,0.5,0,0.0,true
001,null,5172,0,0.5568440719,0.1082967686,0.09561621527,0.5,0,0.0,true
001,null,5173,1,0.1665912696,0.1144939253,0.1063568897,0.5,0,0.0,true
001,null,5174,0,0.8195897631,0.1539874905,0.1413069371,0.5,0,0.0,true
001,null,5175,0,-0.4150627875,0.1262176339,0.1135370806,0.5,0,0.0,true
001,null,5176,1,1.160818657,0.1814346334,0.1732975979,0.5,1,0.0,true
001,null,5177,0,-1.910361952,0.06282538418,0.05014483084,0.5,0,0.0,true
001,null,5178,1,0.5997819664,0.09148335781,0.08334632223,0.5,1,0.0,true
001,null,5179,0,-0.2370199988,0.07654610105,0.06386554771,0.5,0,0.0,true
001,null,5180,1,1.118714375,0.1303724145,0.1222353789,0.5,1,0.0,true
001,null,5181,1,-0.6044571275,0.09374948413,0.08561244854,0.5,1,0.0,true
001,null,5182,1,-0.1279302162,0.08438356658,0.07624653099,0.5,1,0.0,true
001,null,5183,0,1.311842509,0.1476556311,0.1349750778,0.5,1,0.0,true
001,null,5184,1,-1.126568801,0.07976450994,0.07162747436,0.5,1,0.0,true
001,null,5185,1,-1.271807086,0.008947565798,0.0008105302143,0.5,0,0.0,true
001,null,5186,0,-0.2623645791,-0.005110795964,-0.0177913493,0.5,0,0.0,true
001,null,5187,1,1.389781797,0.06645428285,0.05831724727,0.5,0,0.0,true
001,null,5188,1,1.116473106,0.1193956448,0.1112586092,0.5,0,0.0,true
001,null,5189,0,-2.041178102,0.008970879136,-0.003709674203,0.5,0,0.0,true
001,null,5190,1,-0.4063267756,-0.01084268636,-0.01897972195,0.5,0,0.0,true
001,null,5191,0,1.094851747,0.04226860535,0.02958805201,0.5,1,0.0,true
001,null,5192,0,-0.6775083744,0.007754923709,-0.00492562963,0.5,0,0.0,true
001,null,5193,0,-0.7508280174,-0.02954139196,-0.0422219453,0.5,0,0.0,true
001,null,5194,0,1.099396182,0.02599387686,0.01331332352,0.5,1,0.0,true
001,null,5195,0,0.194123777,0.03507347131,0.02239291797,0.5,0,0.0,true
001,null,5196,0,-0.08480260435,0.02980442175,0.01712386841,0.5,0,0.0,true
001,null,5197,1,0.2540899396,0.04242049612,0.03428346054,0.5,1,0.0,true
001,null,5198,0,0.627470131,0.07449892062,0.06181836728,0.5,0,0.0,true
001,null,5199,0,-0.9877159763,0.01779427814,0.005113724799,0.5,0,0.0,true
001,null,5200,1,2.366757135,0.1272113494,0.1190743138,0.5,1,0.0,true
001,null,5201,1,-0.1676753688,0.1157571929,0.1076201573,0.5,0,0.0,true
001,null,5202,1,1.462084655,0.1765920304,0.1684549948,0.5,0,0.0,true
001,null,5203,0,2.250476873,0.2529132934,0.2402327401,0.5,0,0.0,true
001,null,5204,0,0.1387182771,0.2526299727,0.2399494194,0.5,1,0.0,true
001,null,5205,1,-0.461048557,0.2240330985,0.2158960629,0.5,1,0.0,true
001,null,5206,1,0.3838457667,0.2356204844,0.2274834489,0.5,1,0.0,true
001,null,5207,1,1.615040847,0.2902479493,0.2821109137,0.5,1,0.0,true
001,null,5208,0,0.3167039684,0.296995983,0.2843154296,0.5,1,0.0,true
001,null,5209,1,0.3380394626,0.3047949245,0.2966578889,0.5,1,0.0,true
001,null,5210,0,-2.130236243,0.1752100723,0.1625295189,0.5,0,0.0,true
001,null,5211,1,-0.1051935548,0.1659626981,0.1578256625,0.5,0,0.0,true
001,null,5212,0,-0.2724815777,0.1488391008,0.1361585474,0.5,1,0.0,true
001,null,5213,1,-0.1683324729,0.1369568824,0.1288198469,0.5,1,0.0,true
001,null,5214,0,0.2560118598,0.1457754657,0.1330949124,0.5,0,0.0,true
001,null,5215,1,-0.3739079698,0.1229310301,0.1147939945,0.5,0,0.0,true
001,null,5216,0,0.04825151285,0.1222811625,0.1096006092,0.5,0,0.0,true
001,null,5217,0,0.010778413,0.1197506612,0.1070701078,0.5,1,0.0,true
001,null,5218,0,1.175009205,0.1732252118,0.1605446585,0.5,1,0.0,true
001,null,5219,1,0.7549621884,0.2057080144,0.1975709788,0.5,1,0.0,true
001,null,5220,1,-1.536138891,0.1106852812,0.1025482456,0.5,1,0.0,true
001,null,5221,0,-0.2811058282,0.09315156157,0.08047100823,0.5,1,0.0,true
001,null,5222,1,-0.6670772067,0.05480114668,0.0466641111,0.5,0,0.0,true
001,null,5223,1,-0.7903093091,0.01082324852,0.002686212941,0.5,0,0.0,true
001,null,5224,0,1.363092643,0.08002497679,0.06734442345,0.5,0,0.0,true
001,null,5225,1,-0.2946477256,0.06232292735,0.05418589177,0.5,0,0.0,true
001,null,5226,1,0.7168314138,0.09795149583,0.08981446025,0.5,0,0.0,true
001,null,5227,0,0.5358235788,0.1236355861,0.1109550328,0.5,1,0.0,true
001,null,5228,0,-0.6515287631,0.08328489167,0.07060433833,0.5,1,0.0,true
001,null,5229,1,0.7474584373,0.1210526301,0.1129155945,0.5,1,0.0,true
001,null,5230,0,1.463795118,0.1883750498,0.1756944965,0.5,1,0.0,true
001,null,5231,0,1.656759362,0.2539694952,0.2412889419,0.5,0,0.0,true
001,null,5232,0,0.6287292674,0.2772049308,0.2645243774,0.5,0,0.0,true
001,null,5233,0,1.449415642,0.3279156486,0.3152350952,0.5,1,0.0,true
001,null,5234,1,0.829172433,0.3556599591,0.3475229235,0.5,1,0.0,true
001,null,5235,0,-1.211299555,0.2737857733,0.26110522,0.5,0,0.0,true
001,null,5236,1,-0.4943192036,0.2401698594,0.2320328238,0.5,0,0.0,true
001,null,5237,0,-0.7763065982,0.1907203295,0.1780397762,0.5,1,0.0,true
001,null,5238,1,0.3206037915,0.2021246837,0.1939876481,0.5,0,0.0,true
001,null,5239,1,-0.01741726414,0.1960711113,0.1879340758,0.5,1,0.0,true
001,null,5240,0,-2.029828599,0.07106675469,0.05838620135,0.5,0,0.0,true
001,null,5241,0,0.2296305591,0.08075443422,0.06807388088,0.5,0,0.0,true
001,null,5242,1,-0.3945703988,0.05805347165,0.04991643607,0.5,0,0.0,true
001,null,5243,0,1.138310918,0.11274733,0.1000667767,0.5,0,0.0,true
001,null,5244,0,0.229075673,0.1217149209,0.1090343675,0.5,0,0.0,true
001,null,5245,0,0.6686289081,0.1525584202,0.1398778668,0.5,0,0.0,true
001,null,5246,1,-0.6179683877,0.1138283599,0.1056913243,0.5,1,0.0,true
001,null,5247,0,0.807757275,0.1524963523,0.139815799,0.5,1,0.0,true
001,null,5248,0,1.606341589,0.2208701932,0.2081896398,0.5,1,0.0,true
001,null,5249,1,-0.1886632234,0.2050960098,0.1969589742,0.5,1,0.0,true
001,null,5250,0,1.610044012,0.2675219061,0.2548413528,0.5,1,0.0,true
001,null,5251,1,-0.5481055473,0.2305009758,0.2223639402,0.5,0,0.0,true
001,null,5252,1,-1.439640772,0.1408567376,0.132719702,0.5,0,0.0,true
001,null,5253,0,0.7712050761,0.1741009864,0.161420433,0.5,0,0.0,true
001,null,5254,0,-1.1391744,0.1070724222,0.09439186889,0.5,1,0.0,true
001,null,5255,1,1.805450458,0.1820407898,0.1739037542,0.5,0,0.0,true
001,null,5256,0,1.632086282,0.2420406457,0.2293600924,0.5,0,0.0,true
001,null,5257,1,0.2177711459,0.2458998805,0.237762845,0.5,0,0.0,true
001,null,5258,0,0.7905290297,0.273842418,0.2611618647,0.5,1,0.0,true
001,null,5259,0,0.8054175766,0.3015707437,0.2888901904,0.5,0,0.0,true
001,null,5260,1,0.06808631466,0.297256751,0.2891197154,0.5,1,0.0,true
001,null,5261,0,0.2654761012,0.3026069282,0.2899263748,0.5,0,0.0,true
001,null,5262,0,0.6908523676,0.3265627516,0.3138821982,0.5,1,0.0,true
001,null,5263,0,0.6373608519,0.3478598978,0.3351793445,0.5,1,0.0,true
001,null,5264,0,0.6301130989,0.3684685928,0.3557880394,0.5,0,0.0,true
001,null,5265,1,0.275355931,0.3731848764,0.3650478408,0.5,0,0.0,true
001,null,5266,1,-0.5267856007,0.3318096738,0.3236726382,0.5,0,0.0,true
001,null,5267,1,-1.306978739,0.2373951911,0.2292581556,0.5,0,0.0,true
001,null,5268,1,0.2981264712,0.2470687177,0.2389316821,0.5,1,0.0,true
001,null,5269,0,-0.2291372212,0.2275835454,0.214902992,0.5,1,0.0,true
001,null,5270,1,1.632601439,0.2910529388,0.2829159032,0.5,0,0.0,true
001,null,5271,1,0.2563519132,0.2970425214,0.2889054858,0.5,1,0.0,true
001,null,5272,1,-1.458460905,0.1958282745,0.1876912389,0.5,0,0.0,true
001,null,5273,0,0.3149964885,0.2071879641,0.1945074107,0.5,0,0.0,true
001,null,5274,1,-0.5618582181,0.1694783925,0.1613413569,0.5,0,0.0,true
001,null,5275,0,-1.938768311,0.05127938362,0.03859883028,0.5,1,0.0,true
001,null,5276,1,-2.07954458,-0.05159376956,-0.05973080515,0.5,1,0.0,true
001,null,5277,0,-0.1928679644,-0.05943508709,-0.07211564043,0.5,0,0.0,true
001,null,5278,0,1.381936106,0.009218420296,-0.003462133044,0.5,0,0.0,true
001,null,5279,1,-0.1324361032,0.002625106877,-0.005511928707,0.5,1,0.0,true
001,null,5280,0,0.0932168841,0.007147299217,-0.005533254123,0.5,1,0.0,true
001,null,5281,1,-0.03443357582,0.005226914415,-0.002910121169,0.5,0,0.0,true
001,null,5282,0,0.5300429517,0.03231899689,0.01963844355,0.5,1,0.0,true
001,null,5283,1,-1.747936071,-0.05614925154,-0.06428628713,0.5,0,0.0,true
001,null,5284,1,-1.219354794,-0.1116720373,-0.1198090729,0.5,1,0.0,true
001,null,5285,1,1.668061688,-0.02458592074,-0.03272295632,0.5,0,0.0,true
001,null,5286,0,1.208793954,0.03259980295,0.01991924961,0.5,0,0.0,true
001,null,5287,0,-0.3920167879,0.01316114392,0.0004805905817,0.5,0,0.0,true
001,null,5288,0,-0.5429840786,-0.013376045,-0.02605659834,0.5,1,0.0,true
001,null,5289,0,0.8388806612,0.02788501253,0.01520445919,0.5,1,0.0,true
001,null,5290,0,-2.761129506,-0.09394697075,-0.1066275241,0.5,0,0.0,true
001,null,5291,0,-0.9413302652,-0.130358652,-0.1430392054,0.5,1,0.0,true
001,null,5292,0,-1.350560387,-0.180135706,-0.1928162593,0.5,0,0.0,true
001,null,5293,1,-1.448414181,-0.2296860332,-0.2378230688,0.5,0,0.0,true
001,null,5294,0,1.599130072,-0.1482551138,-0.1609356671,0.5,0,0.0,true
001,null,5295,0,-0.2154691691,-0.1534606256,-0.1661411789,0.5,1,0.0,true
001,null,5296,1,0.5284947675,-0.1260725638,-0.1342095994,0.5,0,0.0,true
001,null,5297,1,0.4519391347,-0.1025330785,-0.1106701141,0.5,1,0.0,true
001,null,5298,0,0.8141972985,-0.06239020323,-0.07507075657,0.5,0,0.0,true
001,null,5299,1,1.421074841,0.003899822831,-0.004237212753,0.5,0,0.0,true
001,null,5300,1,0.2385696181,0.01451536022,0.006378324633,0.5,0,0.0,true
001,null,5301,1,-0.7672603713,-0.02095925902,-0.0290962946,0.5,0,0.0,true
001,null,5302,1,-1.01573505,-0.06639802237,-0.07453505796,0.5,0,0.0,true
001,null,5303,0,-0.3482427303,-0.08082810294,-0.09350865628,0.5,1,0.0,true
001,null,5304,1,-1.18435155,-0.1314219238,-0.1395589594,0.5,1,0.0,true
001,null,5305,0,0.4766406582,-0.1048165103,-0.1174970636,0.5,1,0.0,true
001,null,5306,1,0.4793323168,-0.07839729618,-0.08653433176,0.5,1,0.0,true
001,null,5307,0,1.53316008,-0.0002226304809,-0.01290318382,0.5,1,0.0,true
001,null,5308,1,2.791167061,0.115186386,0.1070493504,0.5,1,0.0,true
001,null,5309,0,-0.7808061538,0.07830300954,0.0656224562,0.5,0,0.0,true
001,null,5310,1,0.05648544997,0.07874686456,0.07060982898,0.5,0,0.0,true
001,null,5311,1,-0.05550939678,0.07429738825,0.06616035267,0.5,1,0.0,true
001,null,5312,1,0.2749295543,0.08473933249,0.07660229691,0.5,1,0.0,true
001,null,5313,1,-0.3958469632,0.06400848214,0.05587144655,0.5,1,0.0,true
001,null,5314,0,1.814370038,0.1385661515,0.1258855982,0.5,1,0.0,true
001,null,5315,1,0.194928418,0.143800997,0.1356639615,0.5,1,0.0,true
001,null,5316,0,1.651083992,0.2052619774,0.192581424,0.5,0,0.0,true
001,null,5317,0,0.3032229935,0.213366703,0.2006861497,0.5,1,0.0,true
001,null,5318,1,-1.854969176,0.1140111901,0.1058741545,0.5,1,0.0,true
001,null,5319,0,0.02219484799,0.1121070482,0.09942649487,0.5,1,0.0,true
001,null,5320,0,-1.658820207,0.03205793611,0.01937738277,0.5,1,0.0,true
001,null,5321,1,0.1680078987,0.03865231676,0.03051528118,0.5,1,0.0,true
001,null,5322,1,-0.7519220235,0.003546339245,-0.004590696339,0.5,0,0.0,true
001,null,5323,1,0.4423427235,0.02369708898,0.0155600534,0.5,0,0.0,true
001,null,5324,1,-0.9742775819,-0.02221320319,-0.03035023877,0.5,1,0.0,true
001,null,5325,0,-0.0235391328,-0.02276200332,-0.03544255666,0.5,1,0.0,true
001,null,5326,0,0.377809723,-0.003869071749,-0.01654962509,0.5,1,0.0,true
001,null,5327,1,2.444598282,0.1031733199,0.09503628436,0.5,1,0.0,true
001,null,5328,1,-1.208608935,0.04524352867,0.03710649309,0.5,0,0.0,true
001,null,5329,0,0.5828329289,0.06960762814,0.0569270748,0.5,1,0.0,true
001,null,5330,0,-0.3267507842,0.05288638552,0.04020583218,0.5,1,0.0,true
001,null,5331,1,0.4978402818,0.07430059924,0.06616356366,0.5,1,0.0,true
001,null,5332,0,-0.2864865627,0.05871527589,0.04603472255,0.5,1,0.0,true
001,null,5333,0,0.1029559285,0.06221658119,0.04953602785,0.5,1,0.0,true
001,null,5334,1,0.3872412356,0.07964869103,0.07151165545,0.5,0,0.0,true
001,null,5335,1,-1.691544928,-0.007987547079,-0.01612458266,0.5,1,0.0,true
001,null,5336,1,0.8256097721,0.03197354119,0.02383650561,0.5,1,0.0,true
001,null,5337,0,0.9533356101,0.07645276514,0.0637722118,0.5,1,0.0,true
001,null,5338,0,0.5163654503,0.09940794067,0.08672738733,0.5,1,0.0,true
001,null,5339,0,0.7017780005,0.130644327,0.1179637736,0.5,1,0.0,true
001,null,5340,1,-0.824865138,0.08372279371,0.07558575812,0.5,1,0.0,true
001,null,5341,1,-0.07914867352,0.07751326303,0.06937622744,0.5,0,0.0,true
001,null,5342,0,0.1348201313,0.08263211097,0.06995155763,0.5,0,0.0,true
001,null,5343,0,1.204835695,0.1399768283,0.1272962749,0.5,0,0.0,true
001,null,5344,1,-0.3811930076,0.1156139975,0.1074769619,0.5,1,0.0,true
001,null,5345,1,-0.6996084383,0.07348038206,0.06534334648,0.5,1,0.0,true
001,null,5346,0,1.145523878,0.129710906,0.1170303527,0.5,0,0.0,true
001,null,5347,1,-1.148030529,0.06156262719,0.05342559161,0.5,0,0.0,true
001,null,5348,1,-0.116744036,0.05370219435,0.04556515876,0.5,1,0.0,true
001,null,5349,0,-0.8221137433,0.006844882532,-0.005835670808,0.5,1,0.0,true
001,null,5350,1,1.839720554,0.09891567313,0.09077863754,0.5,0,0.0,true
001,null,5351,0,-2.040356584,-0.008350865108,-0.02103141845,0.5,0,0.0,true
001,null,5352,0,-0.3025394327,-0.02262345447,-0.03530400781,0.5,0,0.0,true
001,null,5353,1,-0.40048298,-0.04158406318,-0.04972109877,0.5,0,0.0,true
001,null,5354,0,0.548438621,-0.01286938307,-0.02554993641,0.5,0,0.0,true
001,null,5355,1,0.5186656079,0.01390309549,0.005766059908,0.5,1,0.0,true
001,null,5356,1,-0.762144366,-0.02578415948,-0.03392119506,0.5,1,0.0,true
001,null,5357,0,-0.3533422713,-0.04359131387,-0.05627186721,0.5,0,0.0,true
001,null,5358,0,-1.173788776,-0.1017131689,-0.1143937223,0.5,0,0.0,true
001,null,5359,1,-1.562358777,-0.170800483,-0.1789375186,0.5,0,0.0,true
001,null,5360,1,0.5209448671,-0.1388554175,-0.1469924531,0.5,0,0.0,true
001,null,5361,1,1.695748294,-0.04371206373,-0.05184909932,0.5,1,0.0,true
001,null,5362,1,0.6473196199,-0.01032097361,-0.01845800919,0.5,0,0.0,true
001,null,5363,0,-0.2905002091,-0.02467135196,-0.0373519053,0.5,1,0.0,true
001,null,5364,0,-0.9944624439,-0.0735246286,-0.08620518194,0.5,0,0.0,true
001,null,5365,1,0.5471823431,-0.04304371667,-0.05118075225,0.5,0,0.0,true
001,null,5366,1,-0.238418614,-0.05440914241,-0.06254617799,0.5,0,0.0,true
001,null,5367,1,0.6092705858,-0.01998860926,-0.02812564485,0.5,0,0.0,true
001,null,5368,1,1.790167294,0.07184515023,0.06370811464,0.5,0,0.0,true
001,null,5369,1,-0.4399436795,0.04717050819,0.0390334726,0.5,1,0.0,true
001,null,5370,1,-1.325807212,-0.02252620854,-0.03066324412,0.5,0,0.0,true
001,null,5371,0,2.254490889,0.08339944632,0.07071889298,0.5,1,0.0,true
001,null,5372,1,0.3674109051,0.09820138632,0.09006435074,0.5,0,0.0,true
001,null,5373,0,-0.7479978707,0.05913188082,0.04645132748,0.5,0,0.0,true
001,null,5374,0,1.193833822,0.1118718737,0.0991913204,0.5,0,0.0,true
001,null,5375,0,0.3717669334,0.1265506816,0.1138701282,0.5,1,0.0,true
001,null,5376,0,-0.4883572076,0.09870576375,0.08602521041,0.5,0,0.0,true
001,null,5377,1,0.5855294562,0.124570949,0.1164339134,0.5,1,0.0,true
001,null,5378,0,-0.682344778,0.08548467709,0.07280412375,0.5,1,0.0,true
001,null,5379,1,-0.05161885034,0.08063824281,0.07250120723,0.5,1,0.0,true
001,null,5380,1,1.241129191,0.1386912744,0.1305542388,0.5,1,0.0,true
001,null,5381,0,1.162809248,0.1891559588,0.1764754054,0.5,0,0.0,true
001,null,5382,1,-0.390615102,0.1634601154,0.1553230798,0.5,1,0.0,true
001,null,5383,0,-0.5428568378,0.1295167019,0.1168361486,0.5,1,0.0,true
001,null,5384,1,1.268034632,0.1860607437,0.1779237081,0.5,1,0.0,true
001,null,5385,1,-0.236450027,0.1685875433,0.1604505078,0.5,1,0.0,true
001,null,5386,1,-0.5973200943,0.1306150212,0.1224779856,0.5,1,0.0,true
001,null,5387,0,-1.17157542,0.06043249175,0.04775193841,0.5,0,0.0,true
001,null,5388,0,-0.9285823843,0.008357047838,-0.004323505502,0.5,1,0.0,true
001,null,5389,0,-0.382615682,-0.01256048848,-0.02524104182,0.5,1,0.0,true
001,null,5390,0,-0.332494454,-0.03056867167,-0.04324922501,0.5,1,0.0,true
001,null,5391,1,-0.803471321,-0.07381768596,-0.08195472155,0.5,0,0.0,true
001,null,5392,0,0.3441590971,-0.05213839309,-0.06481894643,0.5,1,0.0,true
001,null,5393,0,0.3143889682,-0.03240091199,-0.04508146533,0.5,1,0.0,true
001,null,5394,1,1.362336524,0.04657590622,0.03843887064,0.5,0,0.0,true
001,null,5395,0,0.9630433602,0.09776133204,0.0850807787,0.5,1,0.0,true
001,null,5396,1,0.7318174964,0.1348052819,0.1266682464,0.5,1,0.0,true
001,null,5397,1,-0.4909198602,0.1022561188,0.09411908323,0.5,1,0.0,true
001,null,5398,1,-0.3218140252,0.08048471373,0.07234767814,0.5,1,0.0,true
001,null,5399,1,-0.09391970325,0.07278598561,0.06464895003,0.5,1,0.0,true
001,null,5400,0,0.8655575717,0.1208478965,0.1081673431,0.5,1,0.0,true
001,null,5401,0,2.205666101,0.2166311713,0.2039506179,0.5,1,0.0,true
001,null,5402,0,0.5585606039,0.2391005987,0.2264200454,0.5,0,0.0,true
001,null,5403,0,-1.207305145,0.1600038086,0.1473232553,0.5,0,0.0,true
001,null,5404,1,0.4212178069,0.1777534637,0.1696164281,0.5,0,0.0,true
001,null,5405,0,-1.799441438,0.06784080672,0.05516025338,0.5,1,0.0,true
001,null,5406,0,0.8574989377,0.1082989769,0.09561842357,0.5,0,0.0,true
001,null,5407,0,-0.4631661322,0.08101820036,0.06833764702,0.5,1,0.0,true
001,null,5408,0,-0.7586237929,0.03813765365,0.02545710031,0.5,1,0.0,true
001,null,5409,0,1.243728939,0.09943661223,0.08675605889,0.5,0,0.0,true
001,null,5410,1,1.578593856,0.1687392421,0.1606022065,0.5,1,0.0,true
001,null,5411,0,1.522164456,0.2283455029,0.2156649496,0.5,0,0.0,true
001,null,5412,1,-1.011190852,0.1687977877,0.1606607521,0.5,0,0.0,true
001,null,5413,1,-1.7695289,0.07221720299,0.06408016741,0.5,0,0.0,true
001,null,5414,0,0.0774219035,0.07401948947,0.06133893613,0.5,1,0.0,true
001,null,5415,1,1.331215587,0.1310641633,0.1229271277,0.5,0,0.0,true
001,null,5416,0,0.4101092709,0.1466969642,0.1340164109,0.5,0,0.0,true
001,null,5417,0,0.8087552005,0.179549516,0.1668689627,0.5,0,0.0,true
001,null,5418,0,0.9365236586,0.2164789767,0.2037984233,0.5,1,0.0,true
001,null,5419,1,1.973220175,0.2827486951,0.2746116595,0.5,1,0.0,true
001,null,5420,0,-1.068180639,0.220621481,0.2079409276,0.5,1,0.0,true
001,null,5421,0,-0.4894113391,0.1912821046,0.1786015513,0.5,1,0.0,true
001,null,5422,1,-0.3498743456,0.1693611506,0.161224115,0.5,0,0.0,true
001,null,5423,1,1.062709898,0.2111417326,0.203004697,0.5,0,0.0,true
001,null,5424,0,-1.157968671,0.1450472627,0.1323667093,0.5,1,0.0,true
001,null,5425,1,0.4996155874,0.1645588446,0.156421809,0.5,1,0.0,true
001,null,5426,0,0.9447167244,0.2026082877,0.1899277344,0.5,0,0.0,true
001,null,5427,0,-0.5420748486,0.1694267297,0.1567461764,0.5,1,0.0,true
001,null,5428,1,-0.7852168083,0.1236152347,0.1154781991,0.5,1,0.0,true
001,null,5429,1,-1.287344984,0.05267957335,0.04454253777,0.5,1,0.0,true
001,null,5430,1,3.190303075,0.171884767,0.1637477315,0.5,1,0.0,true
001,null,5431,1,0.6095298801,0.1917966593,0.1836596238,0.5,0,0.0,true
001,null,5432,1,-1.054322736,0.1391762595,0.1310392239,0.5,1,0.0,true
001,null,5433,1,0.607744884,0.1606406679,0.1525036323,0.5,1,0.0,true
001,null,5434,0,-0.3831532586,0.1394284447,0.1267478914,0.5,1,0.0,true
001,null,5435,1,-0.06311220409,0.1330639868,0.1249269512,0.5,1,0.0,true
001,null,5436,1,0.1064266413,0.13454713,0.1264100944,0.5,1,0.0,true
001,null,5437,1,0.3960702267,0.1492678688,0.1411308332,0.5,1,0.0,true
001,null,5438,1,0.2127518432,0.1555655338,0.1474284982,0.5,0,0.0,true
001,null,5439,0,-1.311170522,0.08352097076,0.07084041742,0.5,0,0.0,true
001,null,5440,0,0.5739902856,0.1084717226,0.0957911693,0.5,0,0.0,true
001,null,5441,0,2.27157518,0.1949100894,0.1822295361,0.5,1,0.0,true
001,null,5442,0,0.5127921971,0.2120958343,0.1994152809,0.5,1,0.0,true
001,null,5443,1,-0.7150537362,0.1717463006,0.1636092651,0.5,0,0.0,true
001,null,5444,1,-0.2010283475,0.1578104231,0.1496733875,0.5,0,0.0,true
001,null,5445,0,-1.150868402,0.09548865694,0.0828081036,0.5,0,0.0,true
001,null,5446,0,0.6593421343,0.1234688748,0.1107883214,0.5,0,0.0,true
001,null,5447,1,-0.4627097051,0.09730199802,0.08916496243,0.5,0,0.0,true
001,null,5448,1,-0.1481196086,0.08742301888,0.07928598329,0.5,0,0.0,true
001,null,5449,0,-1.136838591,0.02635137426,0.01367082092,0.5,1,0.0,true
001,null,5450,1,0.3183556129,0.04170252283,0.03356548724,0.5,0,0.0,true
001,null,5451,0,-0.9130184757,-0.006537226506,-0.01921777985,0.5,1,0.0,true
001,null,5452,0,-0.3416647092,-0.02407306009,-0.03675361343,0.5,0,0.0,true
001,null,5453,0,1.221554252,0.03989034569,0.02720979235,0.5,1,0.0,true
001,null,5454,0,-0.5527273181,0.009820226182,-0.002860327157,0.5,0,0.0,true
001,null,5455,1,-0.2705733096,-0.004851555669,-0.01298859125,0.5,0,0.0,true
001,null,5456,0,1.192150126,0.05797320571,0.04529265237,0.5,1,0.0,true
001,null,5457,0,0.0164166524,0.05738805519,0.04470750185,0.5,0,0.0,true
001,null,5458,0,-1.261542278,-0.01307881131,-0.02575936465,0.5,0,0.0,true
001,null,5459,0,1.347943944,0.05717493138,0.04449437804,0.5,1,0.0,true
001,null,5460,1,-0.8415627167,0.01112329259,0.002986257009,0.5,0,0.0,true
001,null,5461,0,-0.6613362272,-0.0239672246,-0.03664777794,0.5,1,0.0,true
001,null,5462,0,-0.2949111636,-0.03912762545,-0.05180817879,0.5,0,0.0,true
001,null,5463,1,-0.07277953232,-0.04213716204,-0.05027419762,0.5,0,0.0,true
001,null,5464,1,-0.6153151326,-0.07492279424,-0.08305982982,0.5,0,0.0,true
001,null,5465,1,-2.031119083,-0.1679644339,-0.1761014695,0.5,1,0.0,true
001,null,5466,1,0.1491455308,-0.1558441755,-0.1639812111,0.5,0,0.0,true
001,null,5467,0,-0.9152116803,-0.1961690745,-0.2088496278,0.5,1,0.0,true
001,null,5468,0,-0.02955934032,-0.1927803784,-0.2054609317,0.5,1,0.0,true
001,null,5469,0,-0.1027075942,-0.1934814102,-0.2061619635,0.5,0,0.0,true
001,null,5470,1,-0.6204182778,-0.2208656802,-0.2290027158,0.5,1,0.0,true
001,null,5471,1,-0.6924469169,-0.2509366076,-0.2590736432,0.5,1,0.0,true
001,null,5472,1,-1.395227913,-0.3058813304,-0.314018366,0.5,0,0.0,true
001,null,5473,1,-0.1295992377,-0.3051978202,-0.3133348558,0.5,1,0.0,true
001,null,5474,0,-0.1240012552,-0.3044018479,-0.3170824012,0.5,1,0.0,true
001,null,5475,1,-0.007814895184,-0.2971514549,-0.3052884905,0.5,1,0.0,true
001,null,5476,1,-2.070413709,-0.3618151366,-0.3699521722,0.5,0,0.0,true
001,null,5477,0,-2.947625153,-0.4169936622,-0.4296742156,0.5,0,0.0,true
001,null,5478,1,-2.236031528,-0.462419408,-0.4705564436,0.5,0,0.0,true
001,null,5479,1,1.346689556,-0.3818198597,-0.3899568953,0.5,1,0.0,true
001,null,5480,1,-1.130089159,-0.4104185307,-0.4185555663,0.5,1,0.0,true
001,null,5481,0,0.8832551414,-0.3579491028,-0.3706296562,0.5,1,0.0,true
001,null,5482,0,0.6228975532,-0.3201128551,-0.3327934084,0.5,0,0.0,true
001,null,5483,0,1.748273393,-0.223631588,-0.2363121414,0.5,0,0.0,true
001,null,5484,0,-0.5103366573,-0.2383826944,-0.2510632477,0.5,0,0.0,true
001,null,5485,0,-1.515001256,-0.2856675469,-0.2983481003,0.5,0,0.0,true
001,null,5486,0,1.282246993,-0.2177164166,-0.23039697,0.5,1,0.0,true
001,null,5487,1,1.397615493,-0.1480393665,-0.156176402,0.5,0,0.0,true
001,null,5488,0,0.9824289859,-0.1013876874,-0.1140682407,0.5,0,0.0,true
001,null,5489,1,-0.6761045082,-0.1263969594,-0.134533995,0.5,1,0.0,true
001,null,5490,0,-0.5481808834,-0.1459895939,-0.1586701473,0.5,0,0.0,true
001,null,5491,1,-1.087854838,-0.1858878611,-0.1940248967,0.5,1,0.0,true
001,null,5492,1,0.5689275971,-0.1551305236,-0.1632675591,0.5,0,0.0,true
001,null,5493,1,-1.686824469,-0.2149929045,-0.22312994,0.5,0,0.0,true
001,null,5494,1,1.373852077,-0.1444459815,-0.1525830171,0.5,1,0.0,true
001,null,5495,1,-1.218987227,-0.1883671908,-0.1965042264,0.5,0,0.0,true
001,null,5496,1,0.2264917302,-0.1736444812,-0.1817815168,0.5,0,0.0,true
001,null,5497,0,1.446158486,-0.1011287352,-0.1138092886,0.5,1,0.0,true
001,null,5498,0,0.02775912345,-0.09735401741,-0.1100345708,0.5,0,0.0,true
001,null,5499,0,1.52653207,-0.02531306007,-0.03799361341,0.5,0,0.0,true
001,null,5500,0,-0.4432590137,-0.04399585182,-0.05667640516,0.5,1,0.0,true
001,null,5501,1,-0.1940321049,-0.05156302183,-0.05970005742,0.5,1,0.0,true
001,null,5502,1,-0.04761552566,-0.05244879789,-0.06058583348,0.5,0,0.0,true
001,null,5503,1,-0.4895344783,-0.07386662817,-0.08200366375,0.5,1,0.0,true
001,null,5504,1,1.20744749,-0.01330445004,-0.02144148563,0.5,0,0.0,true
001,null,5505,0,-0.3425902908,-0.02929728487,-0.04197783821,0.5,1,0.0,true
001,null,5506,1,0.901477634,0.01532769568,0.007190660092,0.5,1,0.0,true
001,null,5507,0,0.367739228,0.03297090004,0.0202903467,0.5,0,0.0,true
001,null,5508,1,-0.6885280939,-0.002564708114,-0.0107017437,0.5,1,0.0,true
001,null,5509,1,1.115101524,0.05283574078,0.04469870519,0.5,1,0.0,true
001,null,5510,0,-0.1006245057,0.04636986962,0.03368931628,0.5,1,0.0,true
001,null,5511,1,-1.568347061,-0.03436488738,-0.04250192297,0.5,0,0.0,true
001,null,5512,0,-0.0446194275,-0.03573497827,-0.04841553161,0.5,0,0.0,true
001,null,5513,0,0.7454549395,0.003546439132,-0.009134114207,0.5,1,0.0,true
001,null,5514,1,-0.4384882245,-0.01929923241,-0.027436268,0.5,0,0.0,true
001,null,5515,0,0.5693404776,0.0113758476,-0.001304705741,0.5,0,0.0,true
001,null,5516,0,1.008282075,0.0637572946,0.05107674126,0.5,0,0.0,true
001,null,5517,0,-0.3840002079,0.04126298265,0.02858242931,0.5,0,0.0,true
001,null,5518,0,0.8163989212,0.08351366742,0.07083311408,0.5,1,0.0,true
001,null,5519,0,-0.8541451865,0.03333932678,0.02065877344,0.5,0,0.0,true
001,null,5520,1,-2.526061154,-0.09143286129,-0.09956989687,0.5,0,0.0,true
001,null,5521,0,-0.03792482592,-0.09094689897,-0.1036274523,0.5,0,0.0,true
001,null,5522,1,0.3218054146,-0.07250943071,-0.0806464663,0.5,1,0.0,true
001,null,5523,1,-0.1644113568,-0.07895817287,-0.08709520845,0.5,1,0.0,true
001,null,5524,0,0.5004436306,-0.05059147407,-0.06327202741,0.5,1,0.0,true
001,null,5525,0,0.8997531632,-0.001588804478,-0.01426935782,0.5,1,0.0,true
001,null,5526,0,-1.049558293,-0.05565628251,-0.06833683585,0.5,1,0.0,true
001,null,5527,1,-1.045207504,-0.1063692907,-0.1145063263,0.5,0,0.0,true
001,null,5528,1,0.5023479857,-0.07665519527,-0.08479223085,0.5,0,0.0,true
001,null,5529,0,-0.8396537302,-0.1174519551,-0.1301325084,0.5,1,0.0,true
001,null,5530,0,-0.1737104599,-0.1237535747,-0.1364341281,0.5,0,0.0,true
001,null,5531,0,0.525604566,-0.09074722905,-0.1034277824,0.5,1,0.0,true
001,null,5532,0,1.58348276,0.0007123146564,-0.01196823868,0.5,1,0.0,true
001,null,5533,1,0.4106381515,0.02263162381,0.01449458823,0.5,1,0.0,true
001,null,5534,1,1.012020267,0.07525470111,0.06711766553,0.5,1,0.0,true
001,null,5535,0,-1.463360772,-0.006151769338,-0.01883232268,0.5,1,0.0,true
001,null,5536,0,-1.015026306,-0.05789396556,-0.0705745189,0.5,1,0.0,true
001,null,5537,0,-0.5600337676,-0.08516304108,-0.09784359442,0.5,0,0.0,true
001,null,5538,1,0.8939513122,-0.03437629828,-0.04251333386,0.5,1,0.0,true
001,null,5539,0,-0.2393282652,-0.04628220029,-0.05896275363,0.5,0,0.0,true
001,null,5540,0,-0.1821755483,-0.05507607609,-0.06775662943,0.5,1,0.0,true
001,null,5541,0,-0.9213360498,-0.1028868042,-0.1155673576,0.5,1,0.0,true
001,null,5542,1,-0.3193575831,-0.1178945462,-0.1260315818,0.5,1,0.0,true
001,null,5543,0,-1.357720248,-0.1823074443,-0.1949879976,0.5,1,0.0,true
001,null,5544,1,0.70136436,-0.1364791061,-0.1446161416,0.5,1,0.0,true
001,null,5545,1,0.7395035646,-0.08977165871,-0.09790869429,0.5,0,0.0,true
001,null,5546,0,-1.446149891,-0.1593162126,-0.171996766,0.5,1,0.0,true
001,null,5547,1,-0.2290998512,-0.1675660004,-0.175703036,0.5,1,0.0,true
001,null,5548,1,-0.9514213019,-0.2107782334,-0.218915269,0.5,0,0.0,true
001,null,5549,1,-0.7988809951,-0.2453089156,-0.2534459512,0.5,1,0.0,true
001,null,5550,1,0.2496836423,-0.2245901671,-0.2327272026,0.5,1,0.0,true
001,null,5551,0,0.4850727176,-0.1894497799,-0.2021303332,0.5,0,0.0,true
001,null,5552,0,1.99382131,-0.0598749265,-0.07255547984,0.5,1,0.0,true
001,null,5553,1,-1.815128432,-0.1424384109,-0.1505754465,0.5,0,0.0,true
001,null,5554,1,-0.2655596126,-0.1519041815,-0.160041217,0.5,0,0.0,true
001,null,5555,0,0.1778496062,-0.1387900907,-0.151470644,0.5,0,0.0,true
001,null,5556,1,-0.6093870917,-0.1657171627,-0.1738541983,0.5,0,0.0,true
001,null,5557,0,0.7676868739,-0.118410797,-0.1310913504,0.5,1,0.0,true
001,null,5558,0,1.769985286,-0.01814600667,-0.03082656001,0.5,1,0.0,true
001,null,5559,1,-0.7495130868,-0.05510324445,-0.06324028004,0.5,1,0.0,true
001,null,5560,0,0.9513767261,-0.004542936426,-0.01722348976,0.5,1,0.0,true
001,null,5561,0,0.575532092,0.02509164098,0.01241108764,0.5,1,0.0,true
001,null,5562,1,-0.3482268782,0.006134929007,-0.002002106577,0.5,1,0.0,true
001,null,5563,1,-0.2254640418,-0.00612786319,-0.01426489877,0.5,1,0.0,true
001,null,5564,0,1.059638672,0.05066993621,0.03798938287,0.5,0,0.0,true
001,null,5565,0,-0.8728493984,0.001643475344,-0.011037078,0.5,1,0.0,true
001,null,5566,0,-1.443614389,-0.07312047439,-0.08580102773,0.5,1,0.0,true
001,null,5567,0,-0.1595775557,-0.07967595229,-0.09235650563,0.5,0,0.0,true
001,null,5568,0,0.1381195164,-0.07010818427,-0.08278873761,0.5,1,0.0,true
001,null,5569,1,1.343382759,0.006233728982,-0.001903306602,0.5,0,0.0,true
001,null,5570,1,0.7672810701,0.04689225562,0.03875522003,0.5,0,0.0,true
001,null,5571,0,2.058839274,0.141422057,0.1287415036,0.5,1,0.0,true
001,null,5572,1,1.409165603,0.1988020243,0.1906649887,0.5,1,0.0,true
001,null,5573,0,-0.00474568768,0.1935353794,0.180854826,0.5,1,0.0,true
001,null,5574,0,0.5000610474,0.2124573874,0.199776834,0.5,1,0.0,true
001,null,5575,0,0.07936691859,0.2111147054,0.198434152,0.5,1,0.0,true
001,null,5576,1,-1.437073489,0.1232778081,0.1151407726,0.5,1,0.0,true
001,null,5577,0,-0.4705982412,0.09553379704,0.08285324371,0.5,1,0.0,true
001,null,5578,1,0.9495268446,0.1392799833,0.1311429477,0.5,1,0.0,true
001,null,5579,1,0.3726530961,0.1546442877,0.1465072521,0.5,0,0.0,true
001,null,5580,1,1.066453752,0.2012687705,0.1931317349,0.5,0,0.0,true
001,null,5581,1,1.127497617,0.2473391797,0.2392021441,0.5,1,0.0,true
001,null,5582,1,0.2446370683,0.2535330617,0.2453960262,0.5,1,0.0,true
001,null,5583,1,-0.6939146574,0.2068269543,0.1986899187,0.5,0,0.0,true
001,null,5584,1,0.6334234457,0.2333766265,0.2252395909,0.5,1,0.0,true
001,null,5585,0,-0.6314799839,0.1902287561,0.1775482027,0.5,1,0.0,true
001,null,5586,1,1.388715761,0.2486370016,0.240499966,0.5,0,0.0,true
001,null,5587,0,-1.341082552,0.1611412107,0.1484606574,0.5,1,0.0,true
001,null,5588,0,0.3272667674,0.1738835035,0.1612029501,0.5,0,0.0,true
001,null,5589,0,1.128228054,0.2224724558,0.2097919025,0.5,0,0.0,true
001,null,5590,0,-0.5699287741,0.1845450022,0.1718644489,0.5,0,0.0,true
001,null,5591,0,-0.1211556133,0.1731892039,0.1605086505,0.5,1,0.0,true
001,null,5592,1,-0.4637546284,0.1419150859,0.1337780503,0.5,1,0.0,true
001,null,5593,0,-1.149320355,0.06987369529,0.05719314195,0.5,1,0.0,true
001,null,5594,0,0.7185655606,0.1067099545,0.09402940118,0.5,1,0.0,true
001,null,5595,1,-0.7990855823,0.05755926117,0.04942222559,0.5,1,0.0,true
001,null,5596,0,0.2824490458,0.0720097331,0.05932917976,0.5,1,0.0,true
001,null,5597,0,0.4744802551,0.09711293525,0.08443238191,0.5,1,0.0,true
001,null,5598,1,0.8974779811,0.143909686,0.1357726505,0.5,0,0.0,true
001,null,5599,0,-0.8799891351,0.08581907323,0.07313851989,0.5,1,0.0,true
001,null,5600,1,-0.08466897676,0.07861339317,0.07047635759,0.5,1,0.0,true
001,null,5601,1,-0.4224748286,0.05063410313,0.04249706755,0.5,1,0.0,true
001,null,5602,1,-1.293979431,-0.0289451634,-0.03708219898,0.5,1,0.0,true
001,null,5603,1,-0.9293738496,-0.08130546164,-0.08944249723,0.5,1,0.0,true
001,null,5604,1,-0.2214108626,-0.09226747111,-0.1004045067,0.5,0,0.0,true
001,null,5605,1,0.6287913021,-0.05085055066,-0.05898758624,0.5,0,0.0,true
001,null,5606,1,0.4762080742,-0.0200298576,-0.02816689318,0.5,0,0.0,true
001,null,5607,1,-1.149334733,-0.08718974853,-0.09532678412,0.5,1,0.0,true
001,null,5608,0,-0.8178856382,-0.1318067577,-0.144487311,0.5,0,0.0,true
001,null,5609,1,0.5728053035,-0.09221633656,-0.1003533721,0.5,0,0.0,true
001,null,5610,0,-0.7400985442,-0.133090103,-0.1457706563,0.5,0,0.0,true
001,null,5611,1,-0.3784064482,-0.1525038793,-0.1606409149,0.5,1,0.0,true
001,null,5612,1,-0.5593866761,-0.1819897174,-0.1901267529,0.5,0,0.0,true
001,null,5613,0,-0.842946445,-0.2252291245,-0.2379096778,0.5,1,0.0,true
001,null,5614,1,0.6235423361,-0.1765734893,-0.1847105249,0.5,0,0.0,true
001,null,5615,1,0.435339767,-0.1426704353,-0.1508074709,0.5,0,0.0,true
001,null,5616,1,0.4184448055,-0.1105319776,-0.1186690132,0.5,1,0.0,true
001,null,5617,1,1.238716483,-0.02276117372,-0.03089820931,0.5,1,0.0,true
001,null,5618,0,0.17339012,-0.01094436365,-0.02362491699,0.5,1,0.0,true
001,null,5619,0,2.357939952,0.1194438122,0.1067632589,0.5,1,0.0,true
001,null,5620,1,-0.711362835,0.07556280376,0.06742576817,0.5,1,0.0,true
001,null,5621,0,-1.693255291,-0.02000994329,-0.03269049663,0.5,1,0.0,true
001,null,5622,0,0.7554519211,0.02033877525,0.007658221912,0.5,0,0.0,true
001,null,5623,0,-1.218727687,-0.04377638412,-0.05645693746,0.5,1,0.0,true
001,null,5624,0,-0.9028304937,-0.08840845492,-0.1010890083,0.5,0,0.0,true
001,null,5625,1,0.7335696759,-0.04655577058,-0.05469280616,0.5,0,0.0,true
001,null,5626,0,-0.0590823883,-0.04854008679,-0.06122064013,0.5,1,0.0,true
001,null,5627,0,-1.002995611,-0.09949938402,-0.1121799374,0.5,1,0.0,true
001,null,5628,0,-0.03114384408,-0.09868360451,-0.1113641578,0.5,0,0.0,true
001,null,5629,0,0.598637063,-0.06183605373,-0.07451660707,0.5,0,0.0,true
001,null,5630,0,0.5130341492,-0.0307482028,-0.04342875614,0.5,1,0.0,true
001,null,5631,0,0.3836731202,-0.007670919661,-0.020351473,0.5,0,0.0,true
001,null,5632,0,0.9422960202,0.04690081099,0.03422025766,0.5,0,0.0,true
001,null,5633,1,1.868862115,0.1398493028,0.1317122672,0.5,1,0.0,true
001,null,5634,0,-0.1005332614,0.1308139336,0.1181333803,0.5,0,0.0,true
001,null,5635,0,-0.8886943324,0.07619715403,0.06351660069,0.5,0,0.0,true
001,null,5636,1,-0.1343235238,0.06674107809,0.05860404251,0.5,0,0.0,true
001,null,5637,0,0.9175174345,0.1144017035,0.1017211502,0.5,1,0.0,true
001,null,5638,1,-0.06783159501,0.107615187,0.09947815141,0.5,1,0.0,true
001,null,5639,0,-0.08152824447,0.1000914189,0.08741086555,0.5,1,0.0,true
001,null,5640,0,-0.1278334988,0.08982256959,0.07714201625,0.5,1,0.0,true
001,null,5641,0,-0.2956201302,0.06910482996,0.05642427662,0.5,1,0.0,true
001,null,5642,0,-0.2302662634,0.05273590374,0.0400553504,0.5,1,0.0,true
001,null,5643,1,-0.9139604135,-0.007307103051,-0.01544413864,0.5,0,0.0,true
001,null,5644,1,-1.135544137,-0.07588575768,-0.08402279327,0.5,0,0.0,true
001,null,5645,1,1.200006019,0.000918585312,-0.007218450272,0.5,1,0.0,true
001,null,5646,0,0.6356973894,0.03893505059,0.02625449725,0.5,0,0.0,true
001,null,5647,1,-0.3132689653,0.01864091767,0.01050388209,0.5,1,0.0,true
001,null,5648,0,1.415171315,0.09944923549,0.08676868215,0.5,0,0.0,true
001,null,5649,1,-0.2519625776,0.08166364127,0.07352660569,0.5,1,0.0,true
001,null,5650,0,0.6110596814,0.1154306951,0.1027501417,0.5,1,0.0,true
001,null,5651,1,1.057047152,0.1708593145,0.1627222789,0.5,0,0.0,true
001,null,5652,1,0.2264106543,0.180010725,0.1718736895,0.5,1,0.0,true
001,null,5653,1,1.67418782,0.2536964678,0.2455594322,0.5,1,0.0,true
001,null,5654,1,0.8768703946,0.2907600934,0.2826230578,0.5,0,0.0,true
001,null,5655,1,-1.241200098,0.2010729252,0.1929358896,0.5,1,0.0,true
001,null,5656,0,-1.272927396,0.1177656335,0.1050850802,0.5,1,0.0,true
001,null,5657,1,1.347302482,0.1796739825,0.1715369469,0.5,0,0.0,true
001,null,5658,1,-0.8574237636,0.1262311845,0.118094149,0.5,0,0.0,true
001,null,5659,0,1.029563437,0.1734882237,0.1608076704,0.5,0,0.0,true
001,null,5660,0,-0.7472517942,0.1267608939,0.1140803405,0.5,0,0.0,true
001,null,5661,1,0.683544768,0.1585856918,0.1504486563,0.5,1,0.0,true
001,null,5662,0,0.60675535,0.1859366849,0.1732561316,0.5,0,0.0,true
001,null,5663,0,-0.9083907816,0.1271989153,0.114518362,0.5,0,0.0,true
001,null,5664,1,0.9432320277,0.1720178944,0.1638808589,0.5,0,0.0,true
001,null,5665,1,1.03813358,0.2184255411,0.2102885055,0.5,0,0.0,true
001,null,5666,1,-0.1874629722,0.2022768011,0.1941397655,0.5,0,0.0,true
001,null,5667,0,0.03747668094,0.1992767026,0.1865961493,0.5,1,0.0,true
001,null,5668,1,-1.637441335,0.09078627875,0.08264924317,0.5,0,0.0,true
001,null,5669,0,-1.541301852,0.003425495093,-0.009255058246,0.5,0,0.0,true
001,null,5670,1,0.7503778507,0.04229464462,0.03415760903,0.5,1,0.0,true
001,null,5671,0,1.014093945,0.09263774191,0.07995718857,0.5,1,0.0,true
001,null,5672,1,-0.409429226,0.06819379435,0.06005675877,0.5,1,0.0,true
001,null,5673,0,-1.392337097,-0.008668843476,-0.02134939682,0.5,1,0.0,true
001,null,5674,1,-0.06679608023,-0.01197365755,-0.02011069313,0.5,0,0.0,true
001,null,5675,1,0.678692118,0.02474806625,0.01661103067,0.5,0,0.0,true
001,null,5676,0,-0.03945232911,0.02195761447,0.009277061128,0.5,1,0.0,true
001,null,5677,1,0.004520097419,0.02165583985,0.01351880426,0.5,1,0.0,true
001,null,5678,0,-0.4978552752,-0.007558058226,-0.02023861157,0.5,1,0.0,true
001,null,5679,0,-0.8762842945,-0.0573233559,-0.07000390924,0.5,0,0.0,true
001,null,5680,0,1.371867179,0.02321107911,0.01053052577,0.5,0,0.0,true
001,null,5681,0,1.418972951,0.09695904208,0.08427848874,0.5,0,0.0,true
001,null,5682,0,-1.375403915,0.01824595823,0.005565404893,0.5,0,0.0,true
001,null,5683,1,-1.354034961,-0.05164016614,-0.05977720172,0.5,0,0.0,true
001,null,5684,0,0.9725834502,0.0001929282094,-0.01248762513,0.5,1,0.0,true
001,null,5685,0,0.252795616,0.01330879777,0.0006282444281,0.5,1,0.0,true
001,null,5686,0,0.4969734457,0.03916343532,0.02648288198,0.5,1,0.0,true
001,null,5687,1,-1.027726721,-0.01706690415,-0.02520393973,0.5,0,0.0,true
001,null,5688,1,-0.2400895417,-0.02955291838,-0.03768995397,0.5,1,0.0,true
001,null,5689,0,-0.07998290849,-0.03322298029,-0.04590353363,0.5,0,0.0,true
001,null,5690,1,-0.5790713711,-0.06454995491,-0.0726869905,0.5,0,0.0,true
001,null,5691,0,0.5924660248,-0.02845743794,-0.04113799128,0.5,0,0.0,true
001,null,5692,0,0.01231845241,-0.02701704546,-0.0396975988,0.5,0,0.0,true
001,null,5693,0,-1.892963697,-0.1246677595,-0.1373483128,0.5,0,0.0,true
001,null,5694,1,0.2291875021,-0.1087703158,-0.1169073514,0.5,0,0.0,true
001,null,5695,0,0.207308983,-0.09424225926,-0.1069228126,0.5,0,0.0,true
001,null,5696,1,0.372691105,-0.07008237036,-0.07821940594,0.5,0,0.0,true
001,null,5697,1,-1.355243996,-0.1393925909,-0.1475296265,0.5,0,0.0,true
001,null,5698,0,-0.7309550345,-0.1744089639,-0.1870895173,0.5,1,0.0,true
001,null,5699,0,-0.7588254431,-0.2095544848,-0.2222350382,0.5,0,0.0,true
001,null,5700,1,0.0002248160515,-0.2042354707,-0.2123725062,0.5,0,0.0,true
001,null,5701,1,0.4953032551,-0.1682924833,-0.1764295189,0.5,1,0.0,true
001,null,5702,1,0.07192353441,-0.1596686715,-0.1678057071,0.5,0,0.0,true
001,null,5703,1,0.2151464146,-0.1420805464,-0.150217582,0.5,0,0.0,true
001,null,5704,1,-0.5636442209,-0.1719790203,-0.1801160558,0.5,1,0.0,true
001,null,5705,0,-0.7319493953,-0.2099810037,-0.222661557,0.5,0,0.0,true
001,null,5706,1,0.3575058416,-0.1806925567,-0.1888295923,0.5,1,0.0,true
001,null,5707,0,-1.607178953,-0.2547404816,-0.2674210349,0.5,1,0.0,true
001,null,5708,1,-1.196211444,-0.305381547,-0.3135185826,0.5,0,0.0,true
001,null,5709,1,1.155982496,-0.2188103195,-0.2269473551,0.5,1,0.0,true
001,null,5710,1,-0.1734604778,-0.2231565153,-0.2312935509,0.5,0,0.0,true
001,null,5711,1,-0.6359648149,-0.2519016047,-0.2600386403,0.5,0,0.0,true
001,null,5712,1,-0.1493622318,-0.2543451438,-0.2624821794,0.5,0,0.0,true
001,null,5713,1,0.4178595132,-0.2205359363,-0.2286729719,0.5,0,0.0,true
001,null,5714,1,-0.6338626239,-0.2509947954,-0.259131831,0.5,0,0.0,true
001,null,5715,0,0.3054739709,-0.2243047539,-0.2369853072,0.5,1,0.0,true
001,null,5716,0,-0.6428284598,-0.2560757123,-0.2687562656,0.5,0,0.0,true
001,null,5717,1,-0.7680748944,-0.2927170129,-0.3008540485,0.5,1,0.0,true
001,null,5718,0,1.539986672,-0.1675795671,-0.1802601204,0.5,1,0.0,true
001,null,5719,0,-0.07632015679,-0.1679920258,-0.1806725791,0.5,0,0.0,true
001,null,5720,0,0.9091426876,-0.1030642028,-0.1157447561,0.5,0,0.0,true
001,null,5721,0,-0.8939616055,-0.151794905,-0.1644754583,0.5,1,0.0,true
001,null,5722,0,-0.288426215,-0.1654087871,-0.1780893404,0.5,1,0.0,true
001,null,5723,0,0.542968271,-0.1250903399,-0.1377708932,0.5,1,0.0,true
001,null,5724,1,3.523614309,0.07422526812,0.06608823254,0.5,0,0.0,true
001,null,5725,1,1.031011347,0.1175923204,0.1094552848,0.5,0,0.0,true
001,null,5726,1,0.7069921017,0.1459995874,0.1378625518,0.5,0,0.0,true
001,null,5727,1,1.06235222,0.1878867054,0.1797496698,0.5,0,0.0,true
001,null,5728,0,-0.1233007416,0.1772280596,0.1645475062,0.5,1,0.0,true
001,null,5729,1,1.129815558,0.2210684208,0.2129313853,0.5,0,0.0,true
001,null,5730,1,0.7451515553,0.2483325037,0.2401954681,0.5,0,0.0,true
001,null,5731,0,-0.2904816299,0.2273406898,0.2146601365,0.5,1,0.0,true
001,null,5732,1,-0.7073521172,0.1837685565,0.1756315209,0.5,0,0.0,true
001,null,5733,1,-1.121264837,0.1182868957,0.1101498601,0.5,1,0.0,true
001,null,5734,1,-0.5787817565,0.08529301475,0.07715597917,0.5,0,0.0,true
001,null,5735,0,-1.364742833,0.01232594557,-0.0003546077741,0.5,0,0.0,true
001,null,5736,1,0.2089236973,0.02251047357,0.01437343799,0.5,1,0.0,true
001,null,5737,0,-1.611895536,-0.05740788926,-0.07008844259,0.5,0,0.0,true
001,null,5738,1,1.321162257,0.009225314748,0.001088279164,0.5,1,0.0,true
001,null,5739,0,-1.133559108,-0.04503419223,-0.05771474557,0.5,1,0.0,true
001,null,5740,0,-1.554249859,-0.1132226314,-0.1259031847,0.5,0,0.0,true
001,null,5741,1,1.120427301,-0.05582245902,-0.0639594946,0.5,1,0.0,true
001,null,5742,0,-0.4165482509,-0.07379073716,-0.0864712905,0.5,1,0.0,true
001,null,5743,0,0.2288878605,-0.06080355287,-0.07348410621,0.5,1,0.0,true
001,null,5744,0,-0.3921600274,-0.07836091456,-0.0910414679,0.5,0,0.0,true
001,null,5745,0,-0.7233589754,-0.1114565759,-0.1241371293,0.5,0,0.0,true
001,null,5746,1,-1.185123276,-0.1633802811,-0.1715173167,0.5,1,0.0,true
001,null,5747,0,0.002858575953,-0.159098512,-0.1717790653,0.5,1,0.0,true
001,null,5748,1,-0.1577909003,-0.1631638421,-0.1713008777,0.5,0,0.0,true
001,null,5749,1,-0.8013968195,-0.1981669262,-0.2063039618,0.5,0,0.0,true
001,null,5750,0,-0.8805338663,-0.235244222,-0.2479247753,0.5,1,0.0,true
001,null,5751,0,-0.2589312638,-0.2427766149,-0.2554571682,0.5,1,0.0,true
001,null,5752,1,-0.02309704421,-0.2379007778,-0.2460378134,0.5,0,0.0,true
001,null,5753,0,-1.337293238,-0.2913645145,-0.3040450679,0.5,0,0.0,true
001,null,5754,0,-0.5613939489,-0.3119246501,-0.3246052034,0.5,0,0.0,true
001,null,5755,1,-1.712513844,-0.3675188521,-0.3756558877,0.5,1,0.0,true
001,null,5756,0,-0.3439944769,-0.375128213,-0.3878087664,0.5,0,0.0,true
001,null,5757,1,-1.089713968,-0.4104709562,-0.4186079918,0.5,0,0.0,true
001,null,5758,1,-0.4763720301,-0.4228386058,-0.4309756413,0.5,1,0.0,true
001,null,5759,0,0.15485176,-0.4033937323,-0.4160742857,0.5,1,0.0,true
001,null,5760,0,-0.5225342542,-0.4188499573,-0.4315305106,0.5,1,0.0,true
001,null,5761,0,-0.4139200254,-0.4294268805,-0.4421074338,0.5,0,0.0,true
001,null,5762,1,0.3541851277,-0.3963110589,-0.4044480945,0.5,1,0.0,true
001,null,5763,1,1.077401351,-0.3099340879,-0.3180711234,0.5,0,0.0,true
001,null,5764,0,0.8201079756,-0.2484263716,-0.2611069249,0.5,0,0.0,true
001,null,5765,0,-0.2517441255,-0.2563571795,-0.2690377329,0.5,1,0.0,true
001,null,5766,1,1.346320091,-0.1588603012,-0.1669973368,0.5,0,0.0,true
001,null,5767,1,0.4334140201,-0.1288936252,-0.1370306608,0.5,0,0.0,true
001,null,5768,1,1.036213068,-0.0620794611,-0.07021649668,0.5,1,0.0,true
001,null,5769,1,1.314440224,0.0154985989,0.007361563315,0.5,1,0.0,true
001,null,5770,0,-0.2922336578,-0.001476674166,-0.01415722751,0.5,0,0.0,true
001,null,5771,1,-0.3588183539,-0.02218118346,-0.03031821905,0.5,1,0.0,true
001,null,5772,1,0.6028494932,0.01396733151,0.005830295924,0.5,0,0.0,true
001,null,5773,1,0.6632053564,0.05264430183,0.04450726625,0.5,0,0.0,true
001,null,5774,1,-2.087888057,-0.06562826141,-0.073765297,0.5,0,0.0,true
001,null,5775,0,1.59920906,0.02115323311,0.008472679772,0.5,0,0.0,true
001,null,5776,1,1.646854658,0.0990139499,0.09087691432,0.5,0,0.0,true
001,null,5777,0,-0.1506178297,0.08897358732,0.07629303398,0.5,1,0.0,true
001,null,5778,0,-0.3802372726,0.06709733284,0.0544167795,0.5,1,0.0,true
001,null,5779,0,-0.8779429356,0.01927996168,0.006599408338,0.5,0,0.0,true
001,null,5780,1,-0.5669000045,-0.01078837543,-0.01892541101,0.5,0,0.0,true
001,null,5781,0,-0.06000478745,-0.01370838718,-0.02638894052,0.5,1,0.0,true
001,null,5782,0,1.02561221,0.04137529098,0.02869473764,0.5,1,0.0,true
001,null,5783,1,-0.6751760478,0.003580220272,-0.004556815312,0.5,1,0.0,true
001,null,5784,1,-0.3910415819,-0.01794703614,-0.02608407173,0.5,1,0.0,true
001,null,5785,1,-0.05785404329,-0.02074188382,-0.02887891941,0.5,1,0.0,true
001,null,5786,1,-2.126774798,-0.125241428,-0.1333784636,0.5,0,0.0,true
001,null,5787,1,-0.7267141928,-0.1575398106,-0.1656768462,0.5,0,0.0,true
001,null,5788,1,-0.1847901538,-0.1630941296,-0.1712311652,0.5,1,0.0,true
001,null,5789,1,-1.956672075,-0.239052623,-0.2471896586,0.5,1,0.0,true
001,null,5790,0,-0.2620861789,-0.245665241,-0.2583457943,0.5,1,0.0,true
001,null,5791,0,-2.097703505,-0.3126066526,-0.3252872059,0.5,1,0.0,true
001,null,5792,0,0.1108696071,-0.2993641887,-0.3120447421,0.5,0,0.0,true
001,null,5793,0,0.5722909953,-0.2620033896,-0.2746839429,0.5,1,0.0,true
001,null,5794,0,0.6222036771,-0.2225383106,-0.2352188639,0.5,1,0.0,true
001,null,5795,1,-1.936812565,-0.2880885282,-0.2962255638,0.5,0,0.0,true
001,null,5796,1,1.234882897,-0.2152491942,-0.2233862297,0.5,1,0.0,true
001,null,5797,1,0.1351137694,-0.2033804496,-0.2115174852,0.5,1,0.0,true
001,null,5798,1,0.520191881,-0.1721356059,-0.1802726415,0.5,0,0.0,true
001,null,5799,1,-1.145398546,-0.2172016461,-0.2253386816,0.5,1,0.0,true
001,null,5800,1,0.09598893334,-0.2069722634,-0.215109299,0.5,0,0.0,true
001,null,5801,0,0.7748055695,-0.1605498191,-0.1732303725,0.5,1,0.0,true
001,null,5802,1,-0.4746057912,-0.1794685003,-0.1876055359,0.5,0,0.0,true
001,null,5803,0,-1.022979077,-0.2216338633,-0.2343144166,0.5,1,0.0,true
001,null,5804,0,-0.532015206,-0.2416334583,-0.2543140116,0.5,1,0.0,true
001,null,5805,0,-0.8839554842,-0.276033234,-0.2887137874,0.5,1,0.0,true
001,null,5806,1,0.1781713921,-0.2594202094,-0.267557245,0.5,1,0.0,true
001,null,5807,1,0.8293211259,-0.2039675481,-0.2121045837,0.5,0,0.0,true
001,null,5808,1,-0.06360535055,-0.2022372445,-0.2103742801,0.5,1,0.0,true
001,null,5809,1,-0.9316040937,-0.2426157302,-0.2507527658,0.5,1,0.0,true
001,null,5810,0,-1.40242372,-0.2970192015,-0.3096997548,0.5,0,0.0,true
001,null,5811,1,0.9114489529,-0.2346771013,-0.2428141369,0.5,0,0.0,true
001,null,5812,0,1.260930293,-0.1535398754,-0.1662204288,0.5,1,0.0,true
001,null,5813,1,-0.7451559783,-0.1863162408,-0.1944532764,0.5,0,0.0,true
001,null,5814,0,-0.7757204019,-0.2194361844,-0.2321167378,0.5,0,0.0,true
001,null,5815,1,0.1181868064,-0.2074016461,-0.2155386817,0.5,0,0.0,true
001,null,5816,0,1.217338039,-0.1288633012,-0.1415438545,0.5,1,0.0,true
001,null,5817,1,1.717893234,-0.02951162145,-0.03764865703,0.5,0,0.0,true
001,null,5818,1,0.05509534516,-0.02592107778,-0.03405811336,0.5,1,0.0,true
001,null,5819,1,0.5188918097,0.00217051538,-0.005966520204,0.5,1,0.0,true
001,null,5820,1,-0.2208238385,-0.009767311839,-0.01790434742,0.5,0,0.0,true
001,null,5821,0,0.4178107582,0.01346986379,0.0007893104536,0.5,1,0.0,true
001,null,5822,0,0.4739589283,0.03954633924,0.0268657859,0.5,1,0.0,true
001,null,5823,0,0.4365754929,0.06320304937,0.05052249603,0.5,1,0.0,true
001,null,5824,1,0.4246338149,0.08591975559,0.07778272001,0.5,0,0.0,true
001,null,5825,1,-0.256396607,0.06828695842,0.06014992284,0.5,1,0.0,true
001,null,5826,1,0.8616666157,0.1160116301,0.1078745946,0.5,1,0.0,true
001,null,5827,0,-0.2860694685,0.09533654706,0.08265599372,0.5,1,0.0,true
001,null,5828,0,0.7270497067,0.1355205314,0.1228399781,0.5,0,0.0,true
001,null,5829,0,-0.300088389,0.1128654401,0.1001848868,0.5,1,0.0,true
001,null,5830,1,0.08943921557,0.1157054993,0.1075684637,0.5,0,0.0,true
001,null,5831,1,2.726197042,0.2278723309,0.2197352953,0.5,0,0.0,true
001,null,5832,1,-0.2164802887,0.2104322094,0.2022951738,0.5,1,0.0,true
001,null,5833,0,0.005328329805,0.2053912137,0.1927106603,0.5,0,0.0,true
001,null,5834,1,0.6560604922,0.2334433105,0.2253062749,0.5,1,0.0,true
001,null,5835,1,0.6903599429,0.2623282289,0.2541911933,0.5,0,0.0,true
001,null,5836,0,0.8128561227,0.2955407874,0.2828602341,0.5,1,0.0,true
001,null,5837,0,0.1471210658,0.296226862,0.2835463086,0.5,1,0.0,true
001,null,5838,0,1.294883902,0.3451311583,0.3324506049,0.5,1,0.0,true
001,null,5839,1,0.8234858623,0.3750173149,0.3668802793,0.5,0,0.0,true
001,null,5840,0,0.6392723527,0.3967198168,0.3840392634,0.5,0,0.0,true
001,null,5841,0,0.7875375937,0.42346177,0.4107812166,0.5,1,0.0,true
001,null,5842,1,0.02963631693,0.4144466226,0.406309587,0.5,0,0.0,true
001,null,5843,0,0.1494668241,0.4125227791,0.3998422258,0.5,0,0.0,true
001,null,5844,1,0.2227080799,0.4149015793,0.4067645438,0.5,1,0.0,true
001,null,5845,1,-0.05716024388,0.400772971,0.3926359354,0.5,0,0.0,true
001,null,5846,1,1.24032381,0.4429652407,0.4348282051,0.5,1,0.0,true
001,null,5847,0,0.1166664131,0.4387495735,0.4260690202,0.5,1,0.0,true
001,null,5848,1,-1.658459686,0.2914982343,0.2833611987,0.5,0,0.0,true
001,null,5849,0,-0.8946202828,0.2251741662,0.2124936129,0.5,0,0.0,true
001,null,5850,1,0.3672009115,0.239977462,0.2318404264,0.5,0,0.0,true
001,null,5851,0,-0.8970946703,0.1749310134,0.16225046,0.5,0,0.0,true
001,null,5852,0,-0.4151683169,0.1447051847,0.1320246314,0.5,1,0.0,true
001,null,5853,1,2.737696778,0.2469250022,0.2387879666,0.5,0,0.0,true
001,null,5854,1,-1.885020092,0.134436741,0.1262997054,0.5,1,0.0,true
001,null,5855,0,0.443555889,0.1514119797,0.1387314264,0.5,1,0.0,true
001,null,5856,1,-0.4044602388,0.1274837909,0.1193467553,0.5,1,0.0,true
001,null,5857,0,-0.4157723175,0.1032206581,0.09054010471,0.5,0,0.0,true
001,null,5858,1,-0.07714593291,0.09668760034,0.08855056475,0.5,1,0.0,true
001,null,5859,0,-0.4969582192,0.06798541673,0.05530486339,0.5,0,0.0,true
001,null,5860,0,-0.5779817404,0.03534846283,0.02266790949,0.5,1,0.0,true
001,null,5861,1,-0.8202636489,-0.009488132937,-0.01762516852,0.5,1,0.0,true
001,null,5862,1,0.5509484421,0.02040321212,0.01226617654,0.5,1,0.0,true
001,null,5863,1,0.05645729121,0.02299319833,0.01485616275,0.5,1,0.0,true
001,null,5864,1,-0.216019006,0.01019287509,0.002055839507,0.5,1,0.0,true
001,null,5865,1,-1.192181221,-0.05643342738,-0.06457046297,0.5,0,0.0,true
001,null,5866,0,0.7989316664,-0.009483642615,-0.02216419595,0.5,1,0.0,true
001,null,5867,0,1.243064842,0.05878682862,0.04610627528,0.5,0,0.0,true
001,null,5868,1,-2.738803115,-0.07885354671,-0.08699058229,0.5,0,0.0,true
001,null,5869,1,-1.215969095,-0.1300969213,-0.1382339568,0.5,0,0.0,true
001,null,5870,1,-1.625609776,-0.1922495707,-0.2003866062,0.5,1,0.0,true
001,null,5871,1,-0.5173005973,-0.2098055638,-0.2179425993,0.5,1,0.0,true
001,null,5872,0,0.2747765323,-0.1913967553,-0.2040773086,0.5,1,0.0,true
001,null,5873,0,-0.9483740004,-0.2271522764,-0.2398328298,0.5,1,0.0,true
001,null,5874,0,-0.7674922539,-0.2547586273,-0.2674391806,0.5,0,0.0,true
001,null,5875,1,-2.113520748,-0.3189155139,-0.3270525494,0.5,1,0.0,true
001,null,5876,1,-0.2441990871,-0.3214973794,-0.329634415,0.5,0,0.0,true
001,null,5877,1,-0.7584403845,-0.3442909708,-0.3524280064,0.5,0,0.0,true
001,null,5878,1,-1.097770772,-0.3772511263,-0.3853881618,0.5,0,0.0,true
001,null,5879,0,0.5384596118,-0.3402320979,-0.3529126513,0.5,1,0.0,true
001,null,5880,0,0.3775137169,-0.3125164369,-0.3251969903,0.5,0,0.0,true
001,null,5881,0,0.9692539906,-0.2515244244,-0.2642049778,0.5,1,0.0,true
001,null,5882,1,0.4471303843,-0.2221063843,-0.2302434199,0.5,0,0.0,true
001,null,5883,1,0.3689333448,-0.1972902062,-0.2054272418,0.5,1,0.0,true
001,null,5884,1,1.81476807,-0.0915404271,-0.09967746268,0.5,0,0.0,true
001,null,5885,1,1.049969752,-0.03723164679,-0.04536868237,0.5,1,0.0,true
001,null,5886,1,0.1367700634,-0.02962642787,-0.03776346345,0.5,0,0.0,true
001,null,5887,0,1.417419696,0.03985095925,0.02717040591,0.5,0,0.0,true
001,null,5888,1,0.6169219685,0.06831680205,0.06017976647,0.5,0,0.0,true
001,null,5889,0,0.1429054639,0.07363748086,0.06095692753,0.5,1,0.0,true
001,null,5890,1,-0.4278059623,0.04978028938,0.0416432538,0.5,1,0.0,true
001,null,5891,1,1.268175044,0.1097212315,0.1015841959,0.5,1,0.0,true
001,null,5892,1,-0.2280316273,0.09515857579,0.08702154021,0.5,1,0.0,true
001,null,5893,1,-0.03309361734,0.09101328537,0.08287624979,0.5,1,0.0,true
001,null,5894,0,0.5524672029,0.1173622494,0.1046816961,0.5,0,0.0,true
001,null,5895,1,0.4694328606,0.1391299856,0.13099295,0.5,1,0.0,true
001,null,5896,1,1.92649675,0.2190001448,0.2108631092,0.5,0,0.0,true
001,null,5897,0,0.3559104051,0.2310162279,0.2183356745,0.5,0,0.0,true
001,null,5898,0,0.1200785127,0.2314001911,0.2187196378,0.5,1,0.0,true
001,null,5899,1,2.068317163,0.3017109329,0.2935738973,0.5,0,0.0,true
001,null,5900,1,-0.508312305,0.2671746017,0.2590375661,0.5,1,0.0,true
001,null,5901,1,1.105874868,0.3068696466,0.298732611,0.5,1,0.0,true
001,null,5902,1,-2.041497714,0.1784464042,0.1703093687,0.5,0,0.0,true
001,null,5903,0,0.5760067738,0.1994980941,0.1868175407,0.5,1,0.0,true
001,null,5904,1,-0.370653582,0.1761840795,0.1680470439,0.5,0,0.0,true
001,null,5905,0,1.395747899,0.2294940965,0.2168135432,0.5,0,0.0,true
001,null,5906,1,-0.4552779567,0.2008931324,0.1927560968,0.5,1,0.0,true
001,null,5907,1,-0.6014098496,0.1649298382,0.1567928026,0.5,1,0.0,true
001,null,5908,0,0.1835615128,0.169755723,0.1570751697,0.5,1,0.0,true
001,null,5909,0,1.200292707,0.2186836573,0.206003104,0.5,0,0.0,true
001,null,5910,1,0.02900443048,0.2146073843,0.2064703487,0.5,0,0.0,true
001,null,5911,1,0.008023053243,0.209588951,0.2014519154,0.5,1,0.0,true
001,null,5912,0,0.1129493275,0.2102135071,0.1975329538,0.5,0,0.0,true
001,null,5913,0,-0.4022739897,0.1820729801,0.1693924267,0.5,0,0.0,true
001,null,5914,1,-0.59483386,0.1427734216,0.134636386,0.5,0,0.0,true
001,null,5915,1,-1.70400503,0.03934072127,0.03120368569,0.5,1,0.0,true
001,null,5916,0,-1.381775558,-0.03348708133,-0.04616763467,0.5,1,0.0,true
001,null,5917,0,0.6289798185,9.98759914e-06,-0.01267056574,0.5,1,0.0,true
001,null,5918,0,0.2583155684,0.01359727296,0.0009167196236,0.5,0,0.0,true
001,null,5919,0,-0.9180603499,-0.03543270999,-0.04811326333,0.5,1,0.0,true
001,null,5920,1,0.9630490572,0.01706846453,0.008931428942,0.5,1,0.0,true
001,null,5921,1,1.678689249,0.09944884718,0.0913118116,0.5,1,0.0,true
001,null,5922,1,-0.653661265,0.06265743499,0.05452039941,0.5,0,0.0,true
001,null,5923,0,-1.233440896,-0.003077531817,-0.01575808516,0.5,1,0.0,true
001,null,5924,1,0.1153696223,0.002927282013,-0.005209753571,0.5,1,0.0,true
001,null,5925,1,-0.5877387301,-0.02785371432,-0.0359907499,0.5,0,0.0,true
001,null,5926,0,-0.7854176117,-0.0680191857,-0.08069973904,0.5,0,0.0,true
001,null,5927,0,0.1774911684,-0.05666033541,-0.06934088875,0.5,0,0.0,true
001,null,5928,1,-0.6167939265,-0.08834271652,-0.09647975211,0.5,1,0.0,true
001,null,5929,1,0.09701021453,-0.08063581399,-0.08877284957,0.5,0,0.0,true
001,null,5930,1,0.1619234277,-0.06921024939,-0.07734728498,0.5,1,0.0,true
001,null,5931,1,0.08816641008,-0.062236899,-0.07037393458,0.5,1,0.0,true
001,null,5932,1,0.0599730995,-0.05702259561,-0.0651596312,0.5,0,0.0,true
001,null,5933,1,0.6621881537,-0.01421384611,-0.0223508817,0.5,0,0.0,true
001,null,5934,0,-2.296601692,-0.1326729729,-0.1453535263,0.5,0,0.0,true
001,null,5935,1,-0.2643320392,-0.1433125314,-0.151449567,0.5,0,0.0,true
001,null,5936,1,0.08045552404,-0.1352031535,-0.1433401891,0.5,1,0.0,true
001,null,5937,0,-1.55836373,-0.2048151206,-0.217495674,0.5,0,0.0,true
001,null,5938,1,0.6835703252,-0.1604141823,-0.1685512179,0.5,0,0.0,true
001,null,5939,1,0.7278935863,-0.1146287537,-0.1227657892,0.5,1,0.0,true
001,null,5940,1,0.2058526321,-0.1001957612,-0.1083327968,0.5,1,0.0,true
001,null,5941,1,-0.3268393464,-0.1158079951,-0.1239450307,0.5,0,0.0,true
001,null,5942,0,1.574301418,-0.01993369107,-0.03261424441,0.5,1,0.0,true
001,null,5943,0,1.893853897,0.0769666393,0.06428608597,0.5,1,0.0,true
001,null,5944,1,-1.246490656,0.0107265568,0.002589521221,0.5,0,0.0,true
001,null,5945,1,-0.9808718812,-0.03819444319,-0.04633147878,0.5,0,0.0,true
001,null,5946,1,-0.9851539797,-0.08501392552,-0.0931509611,0.5,0,0.0,true
001,null,5947,1,1.431344656,-0.009794030753,-0.01793106634,0.5,1,0.0,true
001,null,5948,0,0.8741470455,0.03308819281,0.02040763947,0.5,0,0.0,true
001,null,5949,0,0.5315853394,0.05833425745,0.04565370411,0.5,0,0.0,true
001,null,5950,0,-1.656212552,-0.02549385915,-0.03817441248,0.5,1,0.0,true
001,null,5951,1,0.08600739521,-0.02065099553,-0.02878803111,0.5,1,0.0,true
001,null,5952,0,0.5936792412,0.009483185968,-0.003197367371,0.5,1,0.0,true
001,null,5953,0,-1.854279339,-0.07839521745,-0.09107577079,0.5,0,0.0,true
001,null,5954,1,-1.164223252,-0.1284314893,-0.1365685249,0.5,1,0.0,true
001,null,5955,1,-0.7238319501,-0.1579381547,-0.1660751903,0.5,1,0.0,true
001,null,5956,0,1.224767026,-0.09133648392,-0.1040170373,0.5,1,0.0,true
001,null,5957,0,1.88801088,0.001683977567,-0.01099657577,0.5,0,0.0,true
001,null,5958,0,0.2150768191,0.01146674072,-0.001213812623,0.5,0,0.0,true
001,null,5959,1,0.2014084876,0.02059958062,0.01246254504,0.5,0,0.0,true
001,null,5960,0,1.609727809,0.09207599956,0.07939544622,0.5,1,0.0,true
001,null,5961,1,0.5684865218,0.1154245125,0.1072874769,0.5,0,0.0,true
001,null,5962,1,-0.7140992282,0.07771534056,0.06957830497,0.5,1,0.0,true
001,null,5963,1,-2.00744807,-0.01920062239,-0.02733765798,0.5,1,0.0,true
001,null,5964,0,0.03846005194,-0.01696983675,-0.02965039009,0.5,1,0.0,true
001,null,5965,1,0.04759961266,-0.01432487725,-0.02246191284,0.5,1,0.0,true
001,null,5966,1,1.643674497,0.06085547569,0.0527184401,0.5,0,0.0,true
001,null,5967,1,-0.4988180551,0.03607327822,0.02793624263,0.5,1,0.0,true
001,null,5968,0,-1.195258895,-0.02056523837,-0.03324579171,0.5,0,0.0,true
001,null,5969,0,-0.949591621,-0.06335166288,-0.07603221622,0.5,0,0.0,true
001,null,5970,1,0.4229029201,-0.04161747189,-0.04975450748,0.5,0,0.0,true
001,null,5971,1,-0.4587351338,-0.06238955073,-0.07052658631,0.5,0,0.0,true
001,null,5972,1,-0.7315460172,-0.09560904707,-0.1037460827,0.5,1,0.0,true
001,null,5973,0,-0.462253437,-0.1156372213,-0.1283177747,0.5,1,0.0,true
001,null,5974,1,-0.7305331888,-0.1478740362,-0.1560110718,0.5,1,0.0,true
001,null,5975,0,1.061891549,-0.08684565371,-0.09952620705,0.5,1,0.0,true
001,null,5976,1,-0.9736669035,-0.1314042013,-0.1395412369,0.5,1,0.0,true
001,null,5977,0,-1.793987509,-0.2036723468,-0.2163529001,0.5,0,0.0,true
001,null,5978,0,-2.002483335,-0.2714169286,-0.2840974819,0.5,1,0.0,true
001,null,5979,0,-0.8027932248,-0.2973527474,-0.3100333008,0.5,0,0.0,true
001,null,5980,0,0.6225232078,-0.2587745146,-0.271455068,0.5,0,0.0,true
001,null,5981,1,2.597740978,-0.1135525344,-0.12168957,0.5,0,0.0,true
001,null,5982,0,-1.408407323,-0.164716784,-0.1773973373,0.5,1,0.0,true
001,null,5983,0,-0.009163318196,-0.1609316546,-0.173612208,0.5,0,0.0,true
001,null,5984,0,-1.085520904,-0.1994131499,-0.2120937033,0.5,0,0.0,true
001,null,5985,0,1.327996208,-0.1324331152,-0.1451136685,0.5,1,0.0,true
001,null,5986,1,-0.8056882147,-0.161863537,-0.1700005726,0.5,1,0.0,true
001,null,5987,1,1.419738791,-0.09224670676,-0.1003837423,0.5,1,0.0,true
001,null,5988,1,-0.2382289938,-0.1000959629,-0.1082329985,0.5,0,0.0,true
001,null,5989,0,-0.2700227297,-0.1093600228,-0.1220405762,0.5,0,0.0,true
001,null,5990,1,1.080867004,-0.0562289156,-0.06436595118,0.5,1,0.0,true
001,null,5991,0,-0.9006659891,-0.09418105238,-0.1068616057,0.5,1,0.0,true
001,null,5992,1,0.2704124315,-0.07926920703,-0.08740624261,0.5,1,0.0,true
001,null,5993,1,-1.576122203,-0.1436552678,-0.1517923034,0.5,1,0.0,true
001,null,5994,0,-1.096126027,-0.1855738574,-0.1982544107,0.5,1,0.0,true
001,null,5995,0,-0.4584890554,-0.2009977703,-0.2136783237,0.5,0,0.0,true
001,null,5996,0,-0.3507231217,-0.2117538078,-0.2244343612,0.5,0,0.0,true
001,null,5997,1,1.963089984,-0.1035937958,-0.1117308313,0.5,1,0.0,true
001,null,5998,1,0.2185048444,-0.09098459387,-0.09912162945,0.5,0,0.0,true
001,null,5999,1,-0.9117401127,-0.128723018,-0.1368600536,0.5,0,0.0,true
001,null,6000,1,-1.188570345,-0.1757335652,-0.1838706007,0.5,1,0.0,true
001,null,6001,1,0.3425387307,-0.1549286641,-0.1630656996,0.5,0,0.0,true
001,null,6002,0,0.3080804414,-0.1360215676,-0.1487021209,0.5,0,0.0,true
001,null,6003,0,1.31179512,-0.06588793128,-0.07856848462,0.5,1,0.0,true
001,null,6004,0,-0.04240174642,-0.06625855267,-0.07893910601,0.5,0,0.0,true
001,null,6005,1,-0.2944409784,-0.07895942099,-0.08709645658,0.5,1,0.0,true
001,null,6006,0,0.01847933087,-0.07602483669,-0.08870539002,0.5,1,0.0,true
001,null,6007,0,1.141142127,-0.0143898468,-0.02707040014,0.5,0,0.0,true
001,null,6008,1,0.4643495765,0.009816001569,0.001678965985,0.5,0,0.0,true
001,null,6009,1,-0.8404716801,-0.03390526763,-0.04204230321,0.5,0,0.0,true
001,null,6010,0,-0.9431398911,-0.0809033509,-0.09358390424,0.5,1,0.0,true
001,null,6011,0,1.051537889,-0.02251943674,-0.03519999008,0.5,1,0.0,true
001,null,6012,1,3.124748442,0.1149036467,0.1067666111,0.5,0,0.0,true
001,null,6013,0,-2.146182457,0.01713378775,0.004453234414,0.5,1,0.0,true
001,null,6014,1,0.5597684024,0.03955774459,0.031420709,0.5,1,0.0,true
001,null,6015,1,-0.3556408275,0.02354639638,0.01540936079,0.5,0,0.0,true
001,null,6016,1,-0.03243423176,0.02155337283,0.01341633724,0.5,1,0.0,true
001,null,6017,0,-1.412007063,-0.03984097245,-0.05252152579,0.5,1,0.0,true
001,null,6018,1,-0.4303355452,-0.05741492235,-0.06555195794,0.5,0,0.0,true
001,null,6019,0,0.2901258744,-0.04294125363,-0.05562180697,0.5,0,0.0,true
001,null,6020,1,-1.780887319,-0.1158240809,-0.1239611165,0.5,1,0.0,true
001,null,6021,0,0.9480441164,-0.06990191145,-0.08258246479,0.5,1,0.0,true
001,null,6022,0,-0.08713080132,-0.07199369658,-0.08467424992,0.5,1,0.0,true
001,null,6023,1,-0.9338804791,-0.1107589832,-0.1188960188,0.5,1,0.0,true
001,null,6024,1,-0.8185784851,-0.1435525937,-0.1516896293,0.5,1,0.0,true
001,null,6025,0,-1.071039128,-0.1851767316,-0.1978572849,0.5,1,0.0,true
001,null,6026,0,0.9925938783,-0.1314942236,-0.144174777,0.5,0,0.0,true
001,null,6027,0,-0.5030980366,-0.1508664591,-0.1635470124,0.5,0,0.0,true
001,null,6028,0,0.8080665297,-0.1068972039,-0.1195777572,0.5,1,0.0,true
001,null,6029,0,0.09041195262,-0.09980829312,-0.1124888465,0.5,1,0.0,true
001,null,6030,0,-1.440178888,-0.1606090978,-0.1732896511,0.5,1,0.0,true
001,null,6031,0,0.09274370926,-0.1520239461,-0.1647044994,0.5,1,0.0,true
001,null,6032,1,-2.683870785,-0.2417423262,-0.2498793618,0.5,0,0.0,true
001,null,6033,1,0.4787087455,-0.2137421793,-0.2218792148,0.5,0,0.0,true
001,null,6034,0,0.03662247144,-0.2066878698,-0.2193684231,0.5,1,0.0,true
001,null,6035,1,0.7806507082,-0.163578394,-0.1717154295,0.5,0,0.0,true
001,null,6036,0,0.5515179165,-0.1329484095,-0.1456289628,0.5,1,0.0,true
001,null,6037,0,-0.01110704134,-0.1301076133,-0.1427881666,0.5,1,0.0,true
001,null,6038,0,0.6297290247,-0.09533452345,-0.1080150768,0.5,1,0.0,true
001,null,6039,1,-0.9121808688,-0.1352469848,-0.1433840203,0.5,1,0.0,true
001,null,6040,0,0.5098180769,-0.1058261736,-0.118506727,0.5,1,0.0,true
001,null,6041,1,0.2739938299,-0.08910259047,-0.09723962606,0.5,0,0.0,true
001,null,6042,1,-1.635496097,-0.1604898589,-0.1686268945,0.5,0,0.0,true
001,null,6043,1,-0.3208783102,-0.1719485018,-0.1800855374,0.5,1,0.0,true
001,null,6044,1,1.308464345,-0.09679120446,-0.10492824,0.5,1,0.0,true
001,null,6045,1,0.02311742209,-0.09318212786,-0.1013191634,0.5,0,0.0,true
001,null,6046,0,1.575005953,-0.00935425222,-0.02203480556,0.5,1,0.0,true
001,null,6047,0,0.6697594855,0.0238033938,0.01112284046,0.5,1,0.0,true
001,null,6048,0,1.207369791,0.08097480858,0.06829425524,0.5,1,0.0,true
001,null,6049,1,-0.7066913336,0.043211692,0.03507465641,0.5,0,0.0,true
001,null,6050,0,0.6590323965,0.07454964786,0.06186909452,0.5,1,0.0,true
001,null,6051,1,0.2020913749,0.08292101441,0.07478397883,0.5,0,0.0,true
001,null,6052,1,0.5505213015,0.1088069204,0.1006698848,0.5,1,0.0,true
001,null,6053,0,0.284925725,0.120986261,0.1083057077,0.5,0,0.0,true
001,null,6054,0,1.225718129,0.1771379489,0.1644573955,0.5,0,0.0,true
001,null,6055,0,1.113158191,0.224558787,0.2118782337,0.5,1,0.0,true
001,null,6056,1,-0.5849465568,0.1859337851,0.1777967496,0.5,1,0.0,true
001,null,6057,1,0.3060718263,0.1972453192,0.1891082836,0.5,0,0.0,true
001,null,6058,0,0.8187082549,0.2328382311,0.2201576777,0.5,0,0.0,true
001,null,6059,1,0.6515107734,0.2598133968,0.2516763612,0.5,0,0.0,true
001,null,6060,0,0.4092624869,0.2748471542,0.2621666008,0.5,0,0.0,true
001,null,6061,0,-0.174052285,0.2576160297,0.2449354764,0.5,1,0.0,true
001,null,6062,0,-1.490618941,0.1518810969,0.1392005436,0.5,1,0.0,true
001,null,6063,0,0.2363042016,0.1610557954,0.148375242,0.5,0,0.0,true
001,null,6064,0,-0.488163997,0.1278181549,0.1151376016,0.5,0,0.0,true
001,null,6065,1,1.140208209,0.1834704154,0.1753333798,0.5,0,0.0,true
001,null,6066,1,-0.1891654679,0.1677109277,0.1595738921,0.5,0,0.0,true
001,null,6067,0,0.1807912016,0.1739550819,0.1612745285,0.5,0,0.0,true
001,null,6068,0,0.5020581456,0.1981459283,0.1854653749,0.5,1,0.0,true
001,null,6069,0,-1.776457363,0.07518139575,0.06250084242,0.5,1,0.0,true
001,null,6070,0,0.5641284481,0.1042376069,0.09155705353,0.5,1,0.0,true
001,null,6071,1,-0.7532987913,0.05710159959,0.048964564,0.5,0,0.0,true
001,null,6072,1,0.1687144241,0.06538947383,0.05725243825,0.5,0,0.0,true
001,null,6073,0,0.09741280978,0.06950809353,0.05682754019,0.5,0,0.0,true
001,null,6074,1,1.420626582,0.1440154705,0.1358784349,0.5,1,0.0,true
001,null,6075,1,-1.686281891,0.03835208828,0.0302150527,0.5,1,0.0,true
001,null,6076,1,-1.299849243,-0.03228625333,-0.04042328891,0.5,0,0.0,true
001,null,6077,0,-1.728551003,-0.1146599379,-0.1273404913,0.5,0,0.0,true
001,null,6078,0,-0.5947426058,-0.140691355,-0.1533719084,0.5,0,0.0,true
001,null,6079,0,0.9941672998,-0.08360340587,-0.0962839592,0.5,1,0.0,true
001,null,6080,1,1.231693938,-0.01718967051,-0.02532670609,0.5,1,0.0,true
001,null,6081,1,1.674226776,0.06406999052,0.05593295493,0.5,1,0.0,true
001,null,6082,0,0.9066796498,0.1047088329,0.09202827953,0.5,0,0.0,true
001,null,6083,0,-1.070878358,0.04808856155,0.03540800821,0.5,1,0.0,true
001,null,6084,0,0.9887123474,0.09324725243,0.08056669909,0.5,0,0.0,true
001,null,6085,1,-1.085492161,0.03641988985,0.02828285427,0.5,1,0.0,true
001,null,6086,1,0.7690202163,0.07225343676,0.06411640118,0.5,1,0.0,true
001,null,6087,1,0.02760786559,0.07179467021,0.06365763463,0.5,0,0.0,true
001,null,6088,0,-1.407050919,-0.001682999593,-0.01436355293,0.5,1,0.0,true
001,null,6089,0,-0.01206341815,-0.00224128672,-0.01492184006,0.5,0,0.0,true
001,null,6090,0,1.319167413,0.06245637555,0.04977582221,0.5,1,0.0,true
001,null,6091,0,0.5488451615,0.08776426428,0.07508371094,0.5,1,0.0,true
001,null,6092,0,0.9598365005,0.1314801862,0.1187996328,0.5,1,0.0,true
001,null,6093,0,1.202535376,0.1829395489,0.1702589956,0.5,0,0.0,true
001,null,6094,1,-0.582513595,0.1475108738,0.1393738382,0.5,1,0.0,true
001,null,6095,0,1.686657232,0.2150291433,0.20234859,0.5,0,0.0,true
001,null,6096,0,-0.5481535699,0.1812499474,0.1685693941,0.5,0,0.0,true
001,null,6097,0,0.7531905194,0.2114698248,0.1987892715,0.5,0,0.0,true
001,null,6098,1,1.009775586,0.2508833595,0.2427463239,0.5,1,0.0,true
001,null,6099,1,-0.7415472251,0.2039979386,0.195860903,0.5,1,0.0,true
001,null,6100,0,0.1076915103,0.2043033791,0.1916228257,0.5,1,0.0,true
001,null,6101,0,0.4337352065,0.2208372907,0.2081567374,0.5,0,0.0,true
001,null,6102,0,0.3331379285,0.232419533,0.2197389796,0.5,1,0.0,true
001,null,6103,1,-0.483999473,0.1985076648,0.1903706292,0.5,1,0.0,true
001,null,6104,0,1.217014791,0.2503014362,0.2376208829,0.5,1,0.0,true
001,null,6105,1,0.9015278143,0.2865845425,0.278447507,0.5,1,0.0,true
001,null,6106,0,1.165518555,0.3301918022,0.3175112489,0.5,0,0.0,true
001,null,6107,1,-1.955532528,0.1947391871,0.1866021515,0.5,0,0.0,true
001,null,6108,1,1.28064378,0.2443265829,0.2361895474,0.5,1,0.0,true
001,null,6109,0,0.1442758765,0.2451746768,0.2324941234,0.5,1,0.0,true
001,null,6110,1,-0.2330205191,0.2267891049,0.2186520693,0.5,0,0.0,true
001,null,6111,0,-0.8401371061,0.1739349466,0.1612543933,0.5,1,0.0,true
001,null,6112,1,1.512808201,0.2345923088,0.2264552732,0.5,0,0.0,true
001,null,6113,1,-0.6075787015,0.1959598705,0.1878228349,0.5,0,0.0,true
001,null,6114,1,-1.584166874,0.1026386603,0.0945016247,0.5,1,0.0,true
001,null,6115,1,0.5739685727,0.1275375956,0.11940056,0.5,1,0.0,true
001,null,6116,1,-0.6294199705,0.09154174676,0.08340471118,0.5,1,0.0,true
001,null,6117,0,-1.273439465,0.02282839529,0.01014784195,0.5,1,0.0,true
001,null,6118,1,1.237285469,0.08171405115,0.07357701556,0.5,1,0.0,true
001,null,6119,0,0.4828338565,0.1031831916,0.09050263831,0.5,0,0.0,true
001,null,6120,0,-0.298027036,0.08517643811,0.07249588477,0.5,1,0.0,true
001,null,6121,0,-1.213888614,0.01891212744,0.006231574099,0.5,1,0.0,true
001,null,6122,0,0.7180816993,0.05468923709,0.04200868375,0.5,1,0.0,true
001,null,6123,1,0.5600293259,0.08181774634,0.07368071076,0.5,0,0.0,true
001,null,6124,0,0.7861311355,0.1193979498,0.1067173965,0.5,1,0.0,true
001,null,6125,1,0.5000046378,0.1421182952,0.1339812596,0.5,1,0.0,true
001,null,6126,0,0.1580236354,0.1470254793,0.1343449259,0.5,1,0.0,true
001,null,6127,0,1.296195536,0.2052446447,0.1925640913,0.5,1,0.0,true
001,null,6128,0,-0.0740582138,0.1959758106,0.1832952573,0.5,0,0.0,true
001,null,6129,1,-0.4399300611,0.1653962371,0.1572592016,0.5,0,0.0,true
001,null,6130,1,0.1681426787,0.170646793,0.1625097574,0.5,1,0.0,true
001,null,6131,1,-1.111490667,0.0972787137,0.08914167811,0.5,1,0.0,true
001,null,6132,1,0.5633504632,0.1259603676,0.117823332,0.5,1,0.0,true
001,null,6133,1,0.3449368878,0.1423754414,0.1342384058,0.5,1,0.0,true
001,null,6134,1,1.008162198,0.1921878117,0.1840507761,0.5,0,0.0,true
001,null,6135,0,-0.6046939813,0.1495993416,0.1369187882,0.5,0,0.0,true
001,null,6136,1,0.1352909193,0.1538278905,0.1456908549,0.5,1,0.0,true
001,null,6137,1,-0.7296205086,0.1029912885,0.09485425287,0.5,1,0.0,true
001,null,6138,0,-0.8745967649,0.04496103216,0.03228047883,0.5,0,0.0,true
001,null,6139,1,0.485745494,0.07314379155,0.06500675597,0.5,1,0.0,true
001,null,6140,1,0.4753162621,0.1002310529,0.09209401737,0.5,1,0.0,true
001,null,6141,0,0.9456973609,0.1525848047,0.1399042513,0.5,0,0.0,true
001,null,6142,0,0.947459661,0.2015099718,0.1888294184,0.5,1,0.0,true
001,null,6143,0,0.1950229792,0.2083144874,0.195633934,0.5,1,0.0,true
001,null,6144,1,-0.1050247094,0.1962103846,0.188073349,0.5,0,0.0,true
001,null,6145,1,-1.864542099,0.0600734819,0.05193644632,0.5,0,0.0,true
001,null,6146,0,1.055104111,0.1165499898,0.1038694365,0.5,1,0.0,true
001,null,6147,1,-0.3545294657,0.09246361585,0.08432658027,0.5,1,0.0,true
001,null,6148,0,1.190677608,0.1536827921,0.1410022388,0.5,0,0.0,true
001,null,6149,1,1.010721137,0.201920142,0.1937831065,0.5,0,0.0,true
001,null,6150,1,1.015978728,0.2472600789,0.2391230433,0.5,1,0.0,true
001,null,6151,0,0.1619272831,0.250093568,0.2374130146,0.5,1,0.0,true
001,null,6152,0,-0.1449429354,0.2350460877,0.2223655344,0.5,0,0.0,true
001,null,6153,1,0.4881116669,0.2563705979,0.2482335623,0.5,0,0.0,true
001,null,6154,0,1.446177603,0.3148086441,0.3021280907,0.5,1,0.0,true
001,null,6155,1,0.0847472661,0.31172715,0.3035901145,0.5,0,0.0,true
001,null,6156,0,-0.06874529038,0.2996504927,0.2869699394,0.5,0,0.0,true
001,null,6157,1,-1.838605715,0.1593751337,0.1512380981,0.5,0,0.0,true
001,null,6158,0,-0.08187141027,0.1506878225,0.1380072692,0.5,0,0.0,true
001,null,6159,0,0.3128566759,0.1644420274,0.151761474,0.5,0,0.0,true
001,null,6160,1,0.2797981985,0.1763563431,0.1682193076,0.5,1,0.0,true
001,null,6161,0,1.185835497,0.2320331416,0.2193525883,0.5,1,0.0,true
001,null,6162,1,-0.3530387413,0.2043831869,0.1962461513,0.5,0,0.0,true
001,null,6163,0,0.5497676994,0.2299078308,0.2172272775,0.5,1,0.0,true
001,null,6164,1,-0.5304234827,0.1895607389,0.1814237033,0.5,0,0.0,true
001,null,6165,1,-0.257686763,0.1682829969,0.1601459614,0.5,0,0.0,true
001,null,6166,0,0.4044385969,0.1885448511,0.1758642978,0.5,0,0.0,true
001,null,6167,1,0.2265261088,0.1980544882,0.1899174526,0.5,1,0.0,true
001,null,6168,1,2.625150189,0.2897584018,0.2816213662,0.5,0,0.0,true
001,null,6169,0,0.8756834272,0.3224381906,0.3097576372,0.5,1,0.0,true
001,null,6170,0,1.215831853,0.3645313208,0.3518507674,0.5,0,0.0,true
001,null,6171,1,-1.127172929,0.285333738,0.2771967024,0.5,0,0.0,true
001,null,6172,0,0.8946842827,0.3182417456,0.3055611923,0.5,0,0.0,true
001,null,6173,0,0.132216482,0.3170199355,0.3043393822,0.5,0,0.0,true
001,null,6174,1,-0.6942971741,0.2675794241,0.2594423885,0.5,1,0.0,true
001,null,6175,0,-0.477783982,0.2329974741,0.2203169208,0.5,1,0.0,true
001,null,6176,0,-0.2518046459,0.2126004315,0.1999198782,0.5,1,0.0,true
001,null,6177,1,0.1367224431,0.2149118962,0.2067748606,0.5,0,0.0,true
001,null,6178,1,-2.649993799,0.04427687773,0.03613984215,0.5,1,0.0,true
001,null,6179,0,0.6234744531,0.07328411144,0.0606035581,0.5,1,0.0,true
001,null,6180,1,-0.8031967748,0.0305788271,0.02244179152,0.5,0,0.0,true
001,null,6181,1,-0.6498821388,-0.00312982379,-0.01126685937,0.5,0,0.0,true
001,null,6182,1,-1.937554701,-0.09389495493,-0.1020319905,0.5,1,0.0,true
001,null,6183,1,-0.5065235944,-0.1152680608,-0.1234050964,0.5,0,0.0,true
001,null,6184,0,1.048003854,-0.05922820831,-0.07190876165,0.5,1,0.0,true
001,null,6185,1,0.5367428134,-0.03110906531,-0.0392461009,0.5,0,0.0,true
001,null,6186,0,1.195396177,0.028585295,0.01590474166,0.5,0,0.0,true
001,null,6187,1,0.377064257,0.04642821352,0.03829117794,0.5,1,0.0,true
001,null,6188,0,0.6847410855,0.07907596263,0.06639540929,0.5,1,0.0,true
001,null,6189,1,-0.02860515989,0.07559935683,0.06746232124,0.5,0,0.0,true
001,null,6190,1,-0.4726847233,0.04841672494,0.04027968936,0.5,0,0.0,true
001,null,6191,0,-0.4021083296,0.02541504193,0.01273448859,0.5,0,0.0,true
001,null,6192,0,-0.3580640858,0.005058425967,-0.007622127372,0.5,0,0.0,true
001,null,6193,1,-0.3805329522,-0.01638506807,-0.02452210365,0.5,1,0.0,true
001,null,6194,1,-0.3441627296,-0.03558969415,-0.04372672974,0.5,0,0.0,true
001,null,6195,0,1.875274808,0.06759779602,0.05491724268,0.5,0,0.0,true
001,null,6196,1,-0.9132425521,0.01617144621,0.008034410631,0.5,0,0.0,true
001,null,6197,1,1.23861155,0.0793022039,0.07116516832,0.5,0,0.0,true
001,null,6198,1,-1.45400179,-3.071801796e-05,-0.008167753602,0.5,0,0.0,true
001,null,6199,1,2.135013991,0.09874635404,0.09060931846,0.5,0,0.0,true
001,null,6200,1,2.767431023,0.1962465112,0.1881094756,0.5,1,0.0,true
001,null,6201,1,1.119737289,0.233195168,0.2250581324,0.5,1,0.0,true
001,null,6202,0,-0.2455629553,0.2167059037,0.2040253503,0.5,0,0.0,true
001,null,6203,0,0.3520238436,0.2259067227,0.2132261693,0.5,0,0.0,true
001,null,6204,0,0.5221882222,0.2419943434,0.2293137901,0.5,0,0.0,true
001,null,6205,0,-1.182151397,0.1775247464,0.164844193,0.5,0,0.0,true
001,null,6206,0,2.310106132,0.2512171233,0.23853657,0.5,1,0.0,true
001,null,6207,1,-0.8178113654,0.2081602005,0.200023165,0.5,1,0.0,true
001,null,6208,1,1.323332951,0.2512966038,0.2431595682,0.5,0,0.0,true
001,null,6209,0,1.582356583,0.298750149,0.2860695957,0.5,0,0.0,true
001,null,6210,1,-1.055879734,0.2426770978,0.2345400622,0.5,0,0.0,true
001,null,6211,1,-0.4601833265,0.216477563,0.2083405274,0.5,1,0.0,true
001,null,6212,1,1.355129975,0.2603496839,0.2522126484,0.5,0,0.0,true
001,null,6213,1,0.08634263184,0.2573903183,0.2492532827,0.5,0,0.0,true
001,null,6214,1,-0.7139639966,0.2176668746,0.209529839,0.5,0,0.0,true
001,null,6215,1,0.3585702054,0.2274597689,0.2193227333,0.5,1,0.0,true
001,null,6216,1,0.05626584591,0.2242354599,0.2160984243,0.5,0,0.0,true
001,null,6217,1,-1.28153153,0.1536213331,0.1454842975,0.5,0,0.0,true
001,null,6218,0,-0.675346528,0.1174729415,0.1047923881,0.5,0,0.0,true
001,null,6219,1,-0.7524423842,0.07829177551,0.07015473992,0.5,1,0.0,true
001,null,6220,0,0.5159411269,0.1001996307,0.08751907738,0.5,1,0.0,true
001,null,6221,0,-0.7389525769,0.06111341824,0.0484328649,0.5,1,0.0,true
001,null,6222,1,1.102088402,0.1104353375,0.1022983019,0.5,0,0.0,true
001,null,6223,0,-0.1921671149,0.0981537645,0.08547321116,0.5,0,0.0,true
001,null,6224,0,0.01970794533,0.09665556769,0.08397501436,0.5,0,0.0,true
001,null,6225,1,-2.78134711,-0.04115326414,-0.04929029972,0.5,0,0.0,true
001,null,6226,0,0.4833426287,-0.01853968733,-0.03122024067,0.5,0,0.0,true
001,null,6227,1,-2.336819967,-0.1121745844,-0.12031162,0.5,0,0.0,true
001,null,6228,0,-0.6086917925,-0.1340725454,-0.1467530987,0.5,0,0.0,true
001,null,6229,1,-0.8640098646,-0.1654817982,-0.1736188338,0.5,1,0.0,true
001,null,6230,0,0.6371827202,-0.1326160807,-0.145296634,0.5,1,0.0,true
001,null,6231,0,-1.321755348,-0.1815923635,-0.1942729168,0.5,1,0.0,true
001,null,6232,0,-1.589338263,-0.2355470052,-0.2482275585,0.5,0,0.0,true
001,null,6233,1,-1.081613038,-0.2702914786,-0.2784285141,0.5,0,0.0,true
001,null,6234,0,1.278237326,-0.2021941461,-0.2148746994,0.5,1,0.0,true
001,null,6235,0,0.2817776245,-0.1846855995,-0.1973661529,0.5,0,0.0,true
001,null,6236,0,1.286393457,-0.1195533509,-0.1322339043,0.5,0,0.0,true
001,null,6237,0,-0.0112453676,-0.1170186429,-0.1296991963,0.5,1,0.0,true
001,null,6238,0,1.300617935,-0.05377848642,-0.06645903976,0.5,1,0.0,true
001,null,6239,1,1.581696762,0.01732008698,0.009183051399,0.5,0,0.0,true
001,null,6240,1,-1.02652903,-0.02739043179,-0.03552746738,0.5,0,0.0,true
001,null,6241,0,0.6913696289,0.003634160057,-0.009046393282,0.5,1,0.0,true
001,null,6242,0,1.348161302,0.0615468542,0.04886630086,0.5,1,0.0,true
001,null,6243,1,-1.063424599,0.01267005775,0.004533022163,0.5,1,0.0,true
001,null,6244,1,0.227443545,0.02242769964,0.01429066406,0.5,0,0.0,true
001,null,6245,1,0.9962959089,0.06586989554,0.05773285996,0.5,0,0.0,true
001,null,6246,1,0.334735784,0.07933702521,0.07119998963,0.5,0,0.0,true
001,null,6247,1,0.2208910674,0.08758308704,0.07944605146,0.5,0,0.0,true
001,null,6248,0,-1.030599848,0.03503323641,0.02235268307,0.5,1,0.0,true
001,null,6249,0,0.1326289169,0.04050900447,0.02782845113,0.5,1,0.0,true
001,null,6250,1,0.5486908123,0.06606711028,0.0579300747,0.5,0,0.0,true
001,null,6251,0,-0.6593964539,0.03092648866,0.01824593532,0.5,1,0.0,true
001,null,6252,1,-1.082459887,-0.02432301493,-0.03246005052,0.5,1,0.0,true
001,null,6253,1,0.7590143544,0.01462877154,0.006491735954,0.5,0,0.0,true
001,null,6254,0,0.3264893035,0.03093794319,0.01825738985,0.5,0,0.0,true
001,null,6255,0,1.352953975,0.09648125804,0.0838007047,0.5,1,0.0,true
001,null,6256,1,-0.2585675699,0.08061310061,0.07247606503,0.5,0,0.0,true
001,null,6257,0,3.24884644,0.1982222692,0.1855417159,0.5,0,0.0,true
001,null,6258,1,0.8326928236,0.2260489877,0.2179119522,0.5,0,0.0,true
001,null,6259,1,-0.7467426569,0.1859331071,0.1777960715,0.5,1,0.0,true
001,null,6260,1,-0.4133868995,0.1624489915,0.1543119559,0.5,0,0.0,true
001,null,6261,1,-0.6838155634,0.1262913681,0.1181543325,0.5,1,0.0,true
001,null,6262,1,-1.694394765,0.04289149455,0.03475445897,0.5,1,0.0,true
001,null,6263,0,-1.240175454,-0.01291555554,-0.02559610888,0.5,1,0.0,true
001,null,6264,1,1.062139737,0.03369054712,0.02555351154,0.5,0,0.0,true
001,null,6265,1,-0.09439730989,0.02863711845,0.02050008287,0.5,1,0.0,true
001,null,6266,0,0.3292506714,0.04282610062,0.03014554728,0.5,0,0.0,true
001,null,6267,1,-0.1320299657,0.03556649595,0.02742946036,0.5,0,0.0,true
001,null,6268,1,-1.197348392,-0.02193422589,-0.03007126148,0.5,1,0.0,true
001,null,6269,1,1.407437823,0.043657053,0.03552001741,0.5,1,0.0,true
001,null,6270,0,1.54124303,0.1090868061,0.09640625278,0.5,0,0.0,true
001,null,6271,0,0.4369791811,0.1257760315,0.1130954781,0.5,0,0.0,true
001,null,6272,1,-0.05663752865,0.1199403756,0.11180334,0.5,1,0.0,true
001,null,6273,1,-1.811756411,0.0281394435,0.02000240792,0.5,1,0.0,true
001,null,6274,0,1.761578665,0.1016717747,0.08899122138,0.5,1,0.0,true
001,null,6275,0,0.9426103899,0.1383704537,0.1256899003,0.5,0,0.0,true
001,null,6276,0,-1.398461466,0.06987276364,0.0571922103,0.5,1,0.0,true
001,null,6277,1,1.996659324,0.1452247585,0.1370877229,0.5,0,0.0,true
001,null,6278,1,-0.08352415865,0.1380177703,0.1298807347,0.5,0,0.0,true
001,null,6279,0,-0.005916586718,0.1342677274,0.1215871741,0.5,1,0.0,true
001,null,6280,1,1.334976521,0.1836559445,0.1755189089,0.5,1,0.0,true
001,null,6281,1,0.7136815671,0.2083062789,0.2001692433,0.5,1,0.0,true
001,null,6282,1,-0.02455773467,0.2019338421,0.1937968065,0.5,0,0.0,true
001,null,6283,1,-0.1001132162,0.1921981454,0.1840611098,0.5,0,0.0,true
001,null,6284,1,-0.3728478464,0.1693083384,0.1611713028,0.5,0,0.0,true
001,null,6285,0,0.4974697613,0.1878422141,0.1751616608,0.5,1,0.0,true
001,null,6286,0,0.5578069226,0.2088597498,0.1961791965,0.5,0,0.0,true
001,null,6287,0,-0.6967419859,0.1668050475,0.1541244941,0.5,1,0.0,true
001,null,6288,1,1.424227917,0.2233176387,0.2151806031,0.5,0,0.0,true
001,null,6289,1,-0.6131859718,0.1856788872,0.1775418516,0.5,1,0.0,true
001,null,6290,1,-1.328806156,0.1094736363,0.1013366007,0.5,0,0.0,true
001,null,6291,0,-0.909559447,0.0605844847,0.04790393136,0.5,1,0.0,true
001,null,6292,1,0.3431753833,0.07587375617,0.06773672058,0.5,0,0.0,true
001,null,6293,1,1.045839767,0.123645091,0.1155080554,0.5,0,0.0,true
001,null,6294,0,1.633378117,0.1906860369,0.1780054835,0.5,1,0.0,true
001,null,6295,1,0.5013184523,0.2090706487,0.2009336132,0.5,1,0.0,true
001,null,6296,1,-1.464362043,0.1244648249,0.1163277894,0.5,1,0.0,true
001,null,6297,1,-1.28416369,0.05681085772,0.04867382213,0.5,0,0.0,true
001,null,6298,1,0.8817135016,0.09596966814,0.08783263256,0.5,0,0.0,true
001,null,6299,0,-0.8656634707,0.05079138016,0.03811082682,0.5,0,0.0,true
001,null,6300,0,0.5107372585,0.07395724982,0.06127669648,0.5,0,0.0,true
001,null,6301,0,-0.6227467123,0.04072612151,0.02804556817,0.5,0,0.0,true
001,null,6302,0,-0.00337148594,0.03952450554,0.0268439522,0.5,0,0.0,true
001,null,6303,0,-0.3254919688,0.02158449646,0.008903943118,0.5,1,0.0,true
001,null,6304,0,0.03919072779,0.023116012,0.01043545866,0.5,1,0.0,true
001,null,6305,0,-0.9901541527,-0.0304858326,-0.04316638594,0.5,0,0.0,true
001,null,6306,0,-0.396735138,-0.05101456211,-0.06369511545,0.5,1,0.0,true
001,null,6307,1,-0.3534095266,-0.06905080817,-0.07718784375,0.5,1,0.0,true
001,null,6308,1,1.752209664,0.02922911587,0.02109208028,0.5,0,0.0,true
001,null,6309,0,0.1428398385,0.03605759629,0.02337704295,0.5,0,0.0,true
001,null,6310,1,0.4579549396,0.0597236925,0.05158665692,0.5,1,0.0,true
001,null,6311,1,0.3968985944,0.07987235375,0.07173531817,0.5,0,0.0,true
001,null,6312,0,0.1524785441,0.08643380495,0.07375325161,0.5,0,0.0,true
001,null,6313,0,-1.149337514,0.01668275302,0.004002199683,0.5,1,0.0,true
001,null,6314,0,-0.2007174506,0.004780756729,-0.00789979661,0.5,0,0.0,true
001,null,6315,0,1.453259218,0.08390304039,0.07122248705,0.5,1,0.0,true
001,null,6316,1,-0.605687988,0.04722004174,0.03908300615,0.5,1,0.0,true
001,null,6317,0,-1.059896119,-0.01385472187,-0.02653527521,0.5,0,0.0,true
001,null,6318,1,1.539742598,0.06839194401,0.06025490843,0.5,0,0.0,true
001,null,6319,0,0.09552232776,0.07179543599,0.05911488265,0.5,0,0.0,true
001,null,6320,0,-0.1847568307,0.05968959835,0.04700904501,0.5,0,0.0,true
001,null,6321,1,-1.563283815,-0.02835036801,-0.03648740359,0.5,1,0.0,true
001,null,6322,1,-0.1309358591,-0.03469865432,-0.0428356899,0.5,1,0.0,true
001,null,6323,1,1.122602711,0.02741498325,0.01927794766,0.5,1,0.0,true
001,null,6324,1,0.9855244112,0.07849856213,0.07036152654,0.5,0,0.0,true
001,null,6325,1,0.007282544978,0.07690903247,0.06877199689,0.5,0,0.0,true
001,null,6326,0,1.623208425,0.1537642765,0.1410837232,0.5,1,0.0,true
001,null,6327,1,-0.1872653508,0.1397489179,0.1316118823,0.5,1,0.0,true
001,null,6328,0,0.2948598807,0.1519272861,0.1392467328,0.5,1,0.0,true
001,null,6329,1,1.342550319,0.2115442792,0.2034072436,0.5,1,0.0,true
001,null,6330,0,1.047641299,0.2550140174,0.2423334641,0.5,0,0.0,true
001,null,6331,0,0.4098851948,0.2693987825,0.2567182292,0.5,1,0.0,true
001,null,6332,0,0.8108222209,0.3013586507,0.2886780974,0.5,0,0.0,true
001,null,6333,1,1.342408194,0.3493726796,0.341235644,0.5,0,0.0,true
001,null,6334,0,1.979437718,0.4036870772,0.3910065239,0.5,0,0.0,true
001,null,6335,0,-0.6396593886,0.3578212941,0.3451407408,0.5,0,0.0,true
001,null,6336,1,-1.020630212,0.2892305668,0.2810935312,0.5,1,0.0,true
001,null,6337,1,0.7341779886,0.3148421771,0.3067051416,0.5,0,0.0,true
001,null,6338,0,0.934331403,0.3469756269,0.3342950735,0.5,1,0.0,true
001,null,6339,1,0.7296503683,0.370596455,0.3624594194,0.5,0,0.0,true
001,null,6340,1,0.004304935436,0.361437087,0.3533000514,0.5,0,0.0,true
001,null,6341,0,0.3664020215,0.3704702215,0.3577896681,0.5,0,0.0,true
001,null,6342,0,0.05057294992,0.3638277425,0.3511471891,0.5,1,0.0,true
001,null,6343,1,0.6811494448,0.3872179079,0.3790808724,0.5,0,0.0,true
001,null,6344,1,-0.8501606039,0.3217708816,0.313633846,0.5,0,0.0,true
001,null,6345,0,-0.3627741248,0.2917384343,0.279057881,0.5,0,0.0,true
001,null,6346,1,-0.793595897,0.2332989596,0.225161924,0.5,1,0.0,true
001,null,6347,1,-0.9648884314,0.1658373915,0.1577003559,0.5,0,0.0,true
001,null,6348,1,-0.8848314946,0.1074106002,0.09927356465,0.5,1,0.0,true
001,null,6349,1,0.7423517457,0.1451525608,0.1370155252,0.5,0,0.0,true
001,null,6350,0,-1.625938364,0.04259583183,0.02991527849,0.5,1,0.0,true
001,null,6351,0,-1.006083276,-0.01366548528,-0.02634603862,0.5,1,0.0,true
001,null,6352,1,0.7776713521,0.02894508619,0.02080805061,0.5,0,0.0,true
001,null,6353,0,0.5575441342,0.05856885323,0.04588829989,0.5,0,0.0,true
001,null,6354,0,0.8991699712,0.1050904643,0.09240991099,0.5,1,0.0,true
001,null,6355,0,-1.101054491,0.03887583794,0.0261952846,0.5,0,0.0,true
001,null,6356,1,-0.7341618235,-0.002982163001,-0.01111919859,0.5,0,0.0,true
001,null,6357,1,1.669617009,0.08391547796,0.07577844238,0.5,0,0.0,true
001,null,6358,0,-1.362136004,0.008854120012,-0.003826433327,0.5,0,0.0,true
001,null,6359,0,1.763526176,0.09274024795,0.08005969461,0.5,1,0.0,true
001,null,6360,1,-1.149328046,0.03268743334,0.02455039775,0.5,0,0.0,true
001,null,6361,1,-1.725901586,-0.04935861316,-0.05749564875,0.5,0,0.0,true
001,null,6362,0,1.167776921,0.006642888067,-0.006037665272,0.5,1,0.0,true
001,null,6363,1,0.5060734904,0.03003196302,0.02189492743,0.5,0,0.0,true
001,null,6364,0,0.736587683,0.06371766685,0.05103711351,0.5,0,0.0,true
001,null,6365,1,-0.09098658539,0.05768239496,0.04954535937,0.5,1,0.0,true
001,null,6366,1,0.5750224012,0.08413027815,0.07599324256,0.5,1,0.0,true
001,null,6367,1,0.4547079306,0.1044591648,0.09632212924,0.5,0,0.0,true
001,null,6368,0,0.3277406342,0.1184024149,0.1057218616,0.5,0,0.0,true
001,null,6369,1,-1.41229572,0.03868417302,0.03054713744,0.5,1,0.0,true
001,null,6370,1,1.364204184,0.1029102141,0.09477317856,0.5,1,0.0,true
001,null,6371,1,-0.2869976552,0.08567852066,0.07754148507,0.5,0,0.0,true
001,null,6372,0,1.310534539,0.1446005922,0.1319200389,0.5,1,0.0,true
001,null,6373,1,0.2853821716,0.1550619106,0.146924875,0.5,0,0.0,true
001,null,6374,1,-0.4171082403,0.1289173102,0.1207802746,0.5,0,0.0,true
001,null,6375,1,1.793772813,0.2030475454,0.1949105098,0.5,0,0.0,true
001,null,6376,0,-0.4262039428,0.1758074129,0.1631268595,0.5,0,0.0,true
001,null,6377,0,0.4638450781,0.193950703,0.1812701497,0.5,0,0.0,true
001,null,6378,0,0.7557290929,0.224943268,0.2122627146,0.5,1,0.0,true
001,null,6379,0,2.536492872,0.3028727607,0.2901922074,0.5,0,0.0,true
001,null,6380,1,-0.2362714072,0.2839092378,0.2757722022,0.5,1,0.0,true
001,null,6381,1,-1.814959695,0.177734359,0.1695973234,0.5,1,0.0,true
001,null,6382,0,1.688457475,0.2364691151,0.2237885618,0.5,0,0.0,true
001,null,6383,0,-0.366011414,0.2137719521,0.2010913988,0.5,1,0.0,true
001,null,6384,0,-1.247089372,0.1474357951,0.1347552418,0.5,1,0.0,true
001,null,6385,0,-0.2104962683,0.1341250748,0.1214445214,0.5,1,0.0,true
001,null,6386,0,0.2659724029,0.1427645821,0.1300840288,0.5,1,0.0,true
001,null,6387,1,1.666630982,0.2054509045,0.1973138689,0.5,1,0.0,true
001,null,6388,0,1.02346582,0.2417619451,0.2290813918,0.5,0,0.0,true
001,null,6389,0,-0.3016118036,0.2213848565,0.2087043032,0.5,0,0.0,true
001,null,6390,1,-0.2873718171,0.2019159631,0.1937789275,0.5,1,0.0,true
001,null,6391,1,-0.7594411295,0.1581811056,0.15004407,0.5,0,0.0,true
001,null,6392,1,-1.104621065,0.09759667264,0.08945963705,0.5,0,0.0,true
001,null,6393,0,-0.9734818323,0.04679979592,0.03411924258,0.5,0,0.0,true
001,null,6394,0,-0.4103202276,0.02550481359,0.01282426026,0.5,1,0.0,true
001,null,6395,1,-0.1997835408,0.01488909413,0.00675205855,0.5,1,0.0,true
001,null,6396,1,-0.6150572575,-0.01673681007,-0.02487384566,0.5,0,0.0,true
001,null,6397,0,0.7577205685,0.02265820338,0.009977650037,0.5,1,0.0,true
001,null,6398,0,-1.119494681,-0.03541572389,-0.04809627723,0.5,1,0.0,true
001,null,6399,1,-0.4921057271,-0.05973465049,-0.06787168608,0.5,0,0.0,true
001,null,6400,1,-0.1712767258,-0.06725096757,-0.07538800315,0.5,1,0.0,true
001,null,6401,1,1.569167186,0.01847138016,0.01033434458,0.5,1,0.0,true
001,null,6402,0,0.05193228804,0.0207088294,0.008028276057,0.5,1,0.0,true
001,null,6403,0,0.9952458781,0.07140533744,0.0587247841,0.5,0,0.0,true
001,null,6404,1,1.853257058,0.1541004052,0.1459633696,0.5,0,0.0,true
001,null,6405,0,-0.2550283788,0.1372044724,0.124523919,0.5,0,0.0,true
001,null,6406,1,-0.8228464874,0.08993701006,0.08179997447,0.5,0,0.0,true
001,null,6407,0,-0.05501863497,0.08480780469,0.07212725135,0.5,0,0.0,true
001,null,6408,1,0.5684545384,0.1118049462,0.1036679106,0.5,1,0.0,true
001,null,6409,1,-0.5562880193,0.0782661481,0.07012911252,0.5,1,0.0,true
001,null,6410,0,-1.271196487,0.006262122866,-0.006418430473,0.5,1,0.0,true
001,null,6411,1,-0.9206174842,-0.04233208726,-0.05046912284,0.5,0,0.0,true
001,null,6412,1,-0.1321882272,-0.04834990751,-0.0564869431,0.5,0,0.0,true
001,null,6413,0,-2.716884384,-0.1636749181,-0.1763554714,0.5,0,0.0,true
001,null,6414,0,-2.589397005,-0.2470458403,-0.2597263936,0.5,0,0.0,true
001,null,6415,1,0.68792651,-0.2098648469,-0.2180018825,0.5,1,0.0,true
001,null,6416,0,-0.9563287752,-0.2417040872,-0.2543846405,0.5,1,0.0,true
001,null,6417,0,0.2064094201,-0.2264234973,-0.2391040506,0.5,1,0.0,true
001,null,6418,1,-0.8606554201,-0.2553340813,-0.2634711169,0.5,1,0.0,true
001,null,6419,1,1.97480148,-0.1484859983,-0.1566230339,0.5,1,0.0,true
001,null,6420,1,-0.1904671441,-0.1528099024,-0.160946938,0.5,0,0.0,true
001,null,6421,0,-0.2085265334,-0.1579961752,-0.1706767286,0.5,1,0.0,true
001,null,6422,1,-0.008844870999,-0.154394919,-0.1625319546,0.5,1,0.0,true
001,null,6423,1,-0.5316948615,-0.1740735033,-0.1822105389,0.5,1,0.0,true
001,null,6424,1,-1.058294556,-0.2143864048,-0.2225234404,0.5,1,0.0,true
001,null,6425,0,-0.8050702696,-0.243545892,-0.2562264454,0.5,1,0.0,true
001,null,6426,0,-0.7256234266,-0.2688848363,-0.2815653896,0.5,0,0.0,true
001,null,6427,1,-0.6662036465,-0.2913737301,-0.2995107657,0.5,1,0.0,true
001,null,6428,0,-1.306720753,-0.3347787233,-0.3474592766,0.5,0,0.0,true
001,null,6429,1,-0.1988273295,-0.3356475654,-0.343784601,0.5,0,0.0,true
001,null,6430,1,-0.9903264783,-0.367627225,-0.3757642606,0.5,1,0.0,true
001,null,6431,1,0.2193304593,-0.3469615255,-0.3550985611,0.5,1,0.0,true
001,null,6432,0,-0.3117874263,-0.3532195136,-0.3659000669,0.5,1,0.0,true
001,null,6433,0,-0.3171563395,-0.3598794119,-0.3725599653,0.5,0,0.0,true
001,null,6434,1,1.31957721,-0.2671182171,-0.2752552527,0.5,1,0.0,true
001,null,6435,0,1.145083396,-0.1935471111,-0.2062276645,0.5,1,0.0,true
001,null,6436,1,0.001386832809,-0.188574407,-0.1967114426,0.5,0,0.0,true
001,null,6437,0,0.9080320704,-0.132392213,-0.1450727663,0.5,0,0.0,true
001,null,6438,1,0.4679521343,-0.1034104505,-0.1115474861,0.5,0,0.0,true
001,null,6439,0,0.749410396,-0.05901790739,-0.07169846073,0.5,1,0.0,true
001,null,6440,0,1.14175398,0.00502145368,-0.00765909966,0.5,1,0.0,true
001,null,6441,1,-0.4112921319,-0.01734478932,-0.0254818249,0.5,0,0.0,true
001,null,6442,1,1.1998489,0.04752801098,0.0393909754,0.5,0,0.0,true
001,null,6443,1,1.928893213,0.1370542281,0.1289171926,0.5,0,0.0,true
001,null,6444,1,-0.5801412155,0.1033419328,0.09520489717,0.5,1,0.0,true
001,null,6445,1,-0.2058339938,0.09002934499,0.0818923094,0.5,0,0.0,true
001,null,6446,0,0.4819829554,0.1124502863,0.09976973296,0.5,1,0.0,true
001,null,6447,1,-3.873451387,-0.07221430205,-0.08035133764,0.5,1,0.0,true
001,null,6448,1,2.175700984,0.01623974688,0.0081027113,0.5,1,0.0,true
001,null,6449,0,-0.4819809443,-0.002743063563,-0.0154236169,0.5,0,0.0,true
001,null,6450,1,-0.9206279611,-0.03845893472,-0.0465959703,0.5,1,0.0,true
001,null,6451,1,-1.35922958,-0.0891567372,-0.09729377279,0.5,1,0.0,true
001,null,6452,1,-0.2058735927,-0.09502940438,-0.10316644,0.5,0,0.0,true
001,null,6453,1,0.4924617408,-0.07223596118,-0.08037299676,0.5,0,0.0,true
001,null,6454,1,0.8776187642,-0.03336673105,-0.04150376663,0.5,0,0.0,true
001,null,6455,0,-0.9294039441,-0.07068215622,-0.08336270956,0.5,0,0.0,true
001,null,6456,1,0.1644131554,-0.06184718451,-0.06998422009,0.5,0,0.0,true
001,null,6457,0,0.01868564975,-0.05946323275,-0.07214378609,0.5,0,0.0,true
001,null,6458,0,0.07210375775,-0.05471518719,-0.06739574053,0.5,0,0.0,true
001,null,6459,1,-0.1922820283,-0.06213573312,-0.0702727687,0.5,0,0.0,true
001,null,6460,1,-0.642178105,-0.09005551227,-0.09819254785,0.5,1,0.0,true
001,null,6461,1,1.02580715,-0.03763798831,-0.04577502389,0.5,0,0.0,true
001,null,6462,1,2.874283236,0.08637333777,0.07823630219,0.5,0,0.0,true
001,null,6463,0,0.1744733125,0.09145982313,0.07877926979,0.5,0,0.0,true
001,null,6464,0,-0.5871200463,0.06347240672,0.05079185338,0.5,0,0.0,true
001,null,6465,1,0.2067106058,0.07087647873,0.06273944315,0.5,0,0.0,true
001,null,6466,1,0.7141815553,0.1001760498,0.09203901425,0.5,1,0.0,true
001,null,6467,0,1.6839768,0.1650662721,0.1523857188,0.5,1,0.0,true
001,null,6468,0,0.4346461657,0.179483648,0.1668030947,0.5,1,0.0,true
001,null,6469,1,-0.7261155595,0.1405343046,0.132397269,0.5,1,0.0,true
001,null,6470,0,-1.434696838,0.06810491542,0.05542436208,0.5,0,0.0,true
001,null,6471,0,-0.660862604,0.03615617375,0.02347562041,0.5,0,0.0,true
001,null,6472,1,0.5814526373,0.06155624306,0.05341920747,0.5,0,0.0,true
001,null,6473,0,-0.8227445551,0.02112010013,0.008439546793,0.5,0,0.0,true
001,null,6474,0,0.09035630376,0.02486297461,0.01218242127,0.5,0,0.0,true
001,null,6475,1,-0.2228682506,0.01338305379,0.005246018206,0.5,1,0.0,true
001,null,6476,0,0.659898098,0.04543137696,0.03275082363,0.5,1,0.0,true
001,null,6477,1,-0.06257531602,0.0411124927,0.03297545711,0.5,1,0.0,true
001,null,6478,0,-0.1308529017,0.03326774826,0.02058719492,0.5,1,0.0,true
001,null,6479,0,-0.1209113772,0.02598197467,0.01330142133,0.5,0,0.0,true
001,null,6480,0,-0.4499304767,0.0007708022658,-0.01190975107,0.5,0,0.0,true
001,null,6481,1,1.277123908,0.06844237292,0.06030533734,0.5,0,0.0,true
001,null,6482,0,0.07664811956,0.07086732295,0.05818676962,0.5,1,0.0,true
001,null,6483,0,0.3029073507,0.08573402976,0.07305347642,0.5,1,0.0,true
001,null,6484,1,-2.074119195,-0.03081160039,-0.03894863598,0.5,0,0.0,true
001,null,6485,1,-0.4200230935,-0.05153267562,-0.05966971121,0.5,0,0.0,true
001,null,6486,0,0.3862691488,-0.02968425071,-0.04236480405,0.5,0,0.0,true
001,null,6487,1,-0.6853598096,-0.06506565977,-0.07320269535,0.5,0,0.0,true
001,null,6488,0,-0.5350525816,-0.09188784662,-0.1045684,0.5,0,0.0,true
001,null,6489,1,-0.3326457172,-0.1076945587,-0.1158315943,0.5,1,0.0,true
001,null,6490,0,-0.3002908517,-0.1216906575,-0.1343712109,0.5,1,0.0,true
001,null,6491,0,1.049875308,-0.05549724067,-0.06817779401,0.5,1,0.0,true
001,null,6492,1,-0.5650786282,-0.08572605962,-0.0938630952,0.5,0,0.0,true
001,null,6493,0,1.755978156,0.01735650179,0.004675948455,0.5,1,0.0,true
001,null,6494,0,-1.294320132,-0.05114896812,-0.06382952145,0.5,1,0.0,true
001,null,6495,0,0.5941548953,-0.01798611629,-0.03066666963,0.5,1,0.0,true
001,null,6496,1,0.7640481525,0.0234645711,0.01532753552,0.5,0,0.0,true
001,null,6497,0,1.745454694,0.1087831534,0.09610260006,0.5,0,0.0,true
001,null,6498,0,-0.3220821556,0.08917066276,0.07649010942,0.5,1,0.0,true
001,null,6499,1,0.1187859075,0.09314482132,0.08500778573,0.5,0,0.0,true
001,null,6500,1,-1.471223456,0.01051410799,0.002377072404,0.5,1,0.0,true
001,null,6501,0,-0.4608130763,-0.01377757564,-0.02645812898,0.5,1,0.0,true
001,null,6502,0,-1.471123794,-0.08673835646,-0.0994189098,0.5,1,0.0,true
001,null,6503,1,0.9693437234,-0.03363694921,-0.0417739848,0.5,1,0.0,true
001,null,6504,0,0.602468904,-0.001611896639,-0.01429244998,0.5,1,0.0,true
001,null,6505,0,0.9959715103,0.04943360231,0.03675304897,0.5,0,0.0,true
001,null,6506,0,-0.04646793687,0.04573968403,0.03305913069,0.5,0,0.0,true
001,null,6507,1,-0.6626810817,0.008778797599,0.0006417620148,0.5,1,0.0,true
001,null,6508,1,0.3840604196,0.02938507041,0.02124803483,0.5,0,0.0,true
001,null,6509,1,-0.197073679,0.01763465103,0.009497615447,0.5,0,0.0,true
001,null,6510,0,-0.9368514483,-0.03532751245,-0.04800806579,0.5,1,0.0,true
001,null,6511,1,-1.011296426,-0.08915723957,-0.09729427515,0.5,0,0.0,true
001,null,6512,0,-0.1176947162,-0.09352259928,-0.1062031526,0.5,0,0.0,true
001,null,6513,1,-0.4022970948,-0.1138959205,-0.122032956,0.5,1,0.0,true
001,null,6514,1,0.3777078515,-0.08818999275,-0.09632702834,0.5,0,0.0,true
001,null,6515,0,0.9016083641,-0.03052133213,-0.04320188547,0.5,1,0.0,true
001,null,6516,0,0.2725444996,-0.0132791952,-0.02595974854,0.5,1,0.0,true
001,null,6517,0,-0.2142220507,-0.02611415558,-0.03879470892,0.5,0,0.0,true
001,null,6518,0,-0.4019667778,-0.05052791111,-0.06320846445,0.5,0,0.0,true
001,null,6519,1,-0.1223092543,-0.05709180892,-0.0652288445,0.5,0,0.0,true
001,null,6520,0,0.2890071944,-0.03642513865,-0.04910569199,0.5,0,0.0,true
001,null,6521,1,0.1369378907,-0.02623449202,-0.03437152761,0.5,0,0.0,true
001,null,6522,1,-0.1778668215,-0.03782381206,-0.04596084765,0.5,1,0.0,true
001,null,6523,0,-1.621994308,-0.1350566182,-0.1477371716,0.5,1,0.0,true
001,null,6524,1,-0.5683936103,-0.1661754262,-0.1743124617,0.5,0,0.0,true
001,null,6525,1,0.6699852677,-0.1158786462,-0.1240156818,0.5,1,0.0,true
001,null,6526,0,0.2955437634,-0.09310452097,-0.1057850743,0.5,1,0.0,true
001,null,6527,0,0.8939527594,-0.0294498213,-0.04213037464,0.5,1,0.0,true
001,null,6528,0,-0.7040743388,-0.07409141677,-0.08677197011,0.5,1,0.0,true
001,null,6529,0,-0.2177104068,-0.08662489047,-0.09930544381,0.5,1,0.0,true
001,null,6530,1,1.281406647,0.003266034695,-0.004871000889,0.5,0,0.0,true
001,null,6531,1,1.140032075,0.07387175314,0.06573471756,0.5,1,0.0,true
001,null,6532,0,-0.4898657739,0.04037343481,0.02769288147,0.5,0,0.0,true
001,null,6533,0,1.790516633,0.1379061051,0.1252255517,0.5,0,0.0,true
001,null,6534,1,-0.1656054065,0.1245236787,0.1163866431,0.5,0,0.0,true
001,null,6535,0,-2.691059079,-0.03346217185,-0.04614272518,0.5,1,0.0,true
001,null,6536,1,-0.3844541673,-0.05171076933,-0.05984780491,0.5,0,0.0,true
001,null,6537,1,2.096423361,0.05146842927,0.04333139369,0.5,1,0.0,true
001,null,6538,0,1.19842413,0.1036964407,0.09101588736,0.5,1,0.0,true
001,null,6539,1,0.3792007723,0.1185722361,0.1104352005,0.5,1,0.0,true
001,null,6540,0,-1.687801328,0.03211833683,0.01943778349,0.5,0,0.0,true
001,null,6541,1,-1.607393615,-0.0411856084,-0.04932264399,0.5,1,0.0,true
001,null,6542,0,2.437835002,0.06290823519,0.05022768185,0.5,0,0.0,true
001,null,6543,0,-0.7827633416,0.02843101942,0.01575046608,0.5,0,0.0,true
001,null,6544,0,2.386100018,0.1171869761,0.1045064227,0.5,1,0.0,true
001,null,6545,1,0.4683840494,0.132280648,0.1241436124,0.5,0,0.0,true
001,null,6546,0,0.2251971615,0.1379183597,0.1252378064,0.5,0,0.0,true
001,null,6547,1,-0.8152536119,0.09952081275,0.09138377716,0.5,0,0.0,true
001,null,6548,0,0.9753042399,0.1357310627,0.1230505094,0.5,1,0.0,true
001,null,6549,1,0.007169931038,0.1325982661,0.1244612305,0.5,1,0.0,true
001,null,6550,1,-0.407983589,0.1111368479,0.1029998123,0.5,0,0.0,true
001,null,6551,0,-0.4110796555,0.08972687903,0.07704632569,0.5,0,0.0,true
001,null,6552,1,1.299059462,0.1417074549,0.1335704193,0.5,0,0.0,true
001,null,6553,0,-0.5991706886,0.1102674786,0.09758692528,0.5,0,0.0,true
001,null,6554,0,0.123072482,0.1130981153,0.100417562,0.5,1,0.0,true
001,null,6555,0,2.241124158,0.1952164705,0.1825359172,0.5,1,0.0,true
001,null,6556,1,-0.984134097,0.1445682898,0.1364312543,0.5,0,0.0,true
001,null,6557,0,2.380614342,0.2225453734,0.2098648201,0.5,1,0.0,true
001,null,6558,1,0.7116872108,0.243980888,0.2358438524,0.5,1,0.0,true
001,null,6559,0,0.5529501743,0.2594589361,0.2467783828,0.5,0,0.0,true
001,null,6560,1,-1.076793847,0.2029157835,0.1947787479,0.5,1,0.0,true
001,null,6561,1,1.390740723,0.248567236,0.2404302004,0.5,0,0.0,true
001,null,6562,1,-0.02396845342,0.2412555507,0.2331185151,0.5,1,0.0,true
001,null,6563,1,-0.5757284909,0.2088215319,0.2006844963,0.5,0,0.0,true
001,null,6564,0,-0.9238498529,0.1599362626,0.1472557093,0.5,1,0.0,true
001,null,6565,0,-0.05857126792,0.1532566676,0.1405761143,0.5,0,0.0,true
001,null,6566,1,-1.001349524,0.1013175237,0.09318048815,0.5,0,0.0,true
001,null,6567,1,0.6691675716,0.1283902478,0.1202532122,0.5,0,0.0,true
001,null,6568,0,0.4710174559,0.1465004856,0.1338199323,0.5,1,0.0,true
001,null,6569,0,1.007629876,0.186712984,0.1740324306,0.5,0,0.0,true
001,null,6570,1,0.7851771287,0.2166105947,0.2084735591,0.5,1,0.0,true
001,null,6571,1,0.5325486547,0.2354126829,0.2272756473,0.5,0,0.0,true
001,null,6572,0,2.354368111,0.3068075476,0.2941269943,0.5,0,0.0,true
001,null,6573,0,-0.255254382,0.2871676433,0.2744870899,0.5,0,0.0,true
001,null,6574,1,0.9248115095,0.3168441433,0.3087071077,0.5,1,0.0,true
001,null,6575,0,-1.776534574,0.2122135611,0.1995330078,0.5,0,0.0,true
001,null,6576,0,-0.2717935652,0.19439162,0.1817110667,0.5,0,0.0,true
001,null,6577,1,1.062598633,0.2327208072,0.2245837716,0.5,1,0.0,true
001,null,6578,1,0.3419603606,0.2419454053,0.2338083697,0.5,0,0.0,true
001,null,6579,0,-0.1660415772,0.2278713247,0.2151907713,0.5,1,0.0,true
001,null,6580,0,1.447355485,0.2786386192,0.2659580659,0.5,0,0.0,true
001,null,6581,0,-1.719949711,0.1789137289,0.1662331756,0.5,1,0.0,true
001,null,6582,1,0.5890613081,0.1997784764,0.1916414408,0.5,1,0.0,true
001,null,6583,0,1.200928708,0.2430054714,0.2303249181,0.5,0,0.0,true
001,null,6584,0,1.65621131,0.2964787566,0.2837982032,0.5,0,0.0,true
001,null,6585,0,0.7027990243,0.3173466304,0.304666077,0.5,1,0.0,true
001,null,6586,1,-1.190428788,0.2479021071,0.2397650715,0.5,1,0.0,true
001,null,6587,0,-1.360739811,0.173325967,0.1606454136,0.5,1,0.0,true
001,null,6588,1,0.1669084816,0.1763345882,0.1681975526,0.5,0,0.0,true
001,null,6589,0,-0.4408531578,0.1509456468,0.1382650934,0.5,1,0.0,true
001,null,6590,0,-0.9978499533,0.09802975102,0.08534919768,0.5,0,0.0,true
001,null,6591,1,-1.361074517,0.03002139856,0.02188436297,0.5,1,0.0,true
001,null,6592,1,0.7362122833,0.06282504119,0.05468800561,0.5,0,0.0,true
001,null,6593,1,1.098843272,0.1102181516,0.102081116,0.5,1,0.0,true
001,null,6594,1,1.15803812,0.1574669115,0.149329876,0.5,0,0.0,true
001,null,6595,0,-1.273042254,0.09038647306,0.07770591972,0.5,0,0.0,true
001,null,6596,1,0.4015496294,0.1064514823,0.09831444673,0.5,1,0.0,true
001,null,6597,0,-0.5156897717,0.07869383422,0.06601328088,0.5,0,0.0,true
001,null,6598,0,0.2286128692,0.0877092913,0.07502873796,0.5,0,0.0,true
001,null,6599,1,1.343813107,0.1460394919,0.1379024563,0.5,0,0.0,true
001,null,6600,0,0.7214775317,0.175497051,0.1628164977,0.5,0,0.0,true
001,null,6601,1,-0.5525697108,0.1425615957,0.1344245602,0.5,1,0.0,true
001,null,6602,0,0.3523968957,0.156267059,0.1435865057,0.5,1,0.0,true
001,null,6603,0,-0.6819126125,0.115635004,0.1029544506,0.5,1,0.0,true
001,null,6604,1,-1.613352524,0.0263706625,0.01823362692,0.5,0,0.0,true
001,null,6605,1,0.9349913015,0.071154158,0.06301712242,0.5,1,0.0,true
001,null,6606,0,-0.01338771186,0.06867640262,0.05599584928,0.5,0,0.0,true
001,null,6607,0,-0.2911602139,0.05174119141,0.03906063807,0.5,0,0.0,true
001,null,6608,1,-1.795016472,-0.04115717944,-0.04929421503,0.5,1,0.0,true
001,null,6609,1,1.409277272,0.02900664777,0.02086961218,0.5,1,0.0,true
001,null,6610,1,1.456429072,0.09488287712,0.08674584154,0.5,0,0.0,true
001,null,6611,1,-0.7808520937,0.05435046061,0.04621342503,0.5,0,0.0,true
001,null,6612,0,1.470546422,0.1183439642,0.1056634109,0.5,1,0.0,true
001,null,6613,0,1.060057865,0.1615226434,0.14884209,0.5,1,0.0,true
001,null,6614,0,1.577221664,0.2202127667,0.2075322134,0.5,1,0.0,true
001,null,6615,1,-0.7737000006,0.1767151416,0.1685781061,0.5,1,0.0,true
001,null,6616,0,-0.01773010512,0.1714109097,0.1587303564,0.5,0,0.0,true
001,null,6617,1,-0.9187771442,0.1207014122,0.1125643767,0.5,0,0.0,true
001,null,6618,0,2.088215549,0.1991346533,0.1864541,0.5,0,0.0,true
001,null,6619,0,1.704228139,0.2562808897,0.2436003364,0.5,1,0.0,true
001,null,6620,0,-1.194419687,0.1922900924,0.1796095391,0.5,1,0.0,true
001,null,6621,1,0.1849946834,0.1953870932,0.1872500576,0.5,1,0.0,true
001,null,6622,1,0.2889774894,0.2030620799,0.1949250444,0.5,0,0.0,true
001,null,6623,0,-1.630209483,0.1166462574,0.1039657041,0.5,0,0.0,true
001,null,6624,0,-0.6119086123,0.08570182438,0.07302127104,0.5,1,0.0,true
001,null,6625,1,1.397301855,0.1415246069,0.1333875713,0.5,0,0.0,true
001,null,6626,0,0.3365043577,0.1527090182,0.1400284648,0.5,0,0.0,true
001,null,6627,0,0.3398060871,0.1640678934,0.1513873401,0.5,1,0.0,true
001,null,6628,1,2.404083389,0.2436437081,0.2355066725,0.5,0,0.0,true
001,null,6629,1,-0.2702548135,0.2255250698,0.2173880342,0.5,0,0.0,true
001,null,6630,0,-0.6932743375,0.1874628925,0.1747823392,0.5,1,0.0,true
001,null,6631,0,0.1048342048,0.1873789639,0.1746984106,0.5,0,0.0,true
001,null,6632,0,-0.7059397442,0.1485806934,0.1359001401,0.5,1,0.0,true
001,null,6633,0,0.6690958539,0.1743906823,0.161710129,0.5,0,0.0,true
001,null,6634,1,-1.471878666,0.09552492712,0.08738789153,0.5,0,0.0,true
001,null,6635,0,-0.2167852862,0.08294138172,0.07026082838,0.5,0,0.0,true
001,null,6636,0,-0.1262288876,0.0747981494,0.06211759606,0.5,1,0.0,true
001,null,6637,0,0.8928813693,0.1143899092,0.1017093558,0.5,0,0.0,true
001,null,6638,0,-1.532756673,0.03415750175,0.02147694841,0.5,1,0.0,true
001,null,6639,0,1.061361771,0.08199043905,0.06930988571,0.5,1,0.0,true
001,null,6640,1,-1.047977907,0.02902235666,0.02088532108,0.5,0,0.0,true
001,null,6641,0,0.5971988086,0.05644818034,0.043767627,0.5,0,0.0,true
001,null,6642,1,0.3442409006,0.0716069363,0.06346990071,0.5,0,0.0,true
001,null,6643,0,0.08471841023,0.07400798734,0.061327434,0.5,0,0.0,true
001,null,6644,1,0.908885633,0.1161691623,0.1080321267,0.5,1,0.0,true
001,null,6645,1,1.566045927,0.1822883436,0.174151308,0.5,0,0.0,true
001,null,6646,1,-1.163351026,0.1161251633,0.1079881277,0.5,1,0.0,true
001,null,6647,0,-0.4651529137,0.089780154,0.07709960066,0.5,1,0.0,true
001,null,6648,0,-0.1712240305,0.07883230741,0.06615175407,0.5,1,0.0,true
001,null,6649,1,-0.563478885,0.04736811474,0.03923107916,0.5,1,0.0,true
001,null,6650,0,0.6067684137,0.07723723523,0.06455668189,0.5,0,0.0,true
001,null,6651,0,1.105209316,0.1297740416,0.1170934883,0.5,1,0.0,true
001,null,6652,0,-0.4996139314,0.0993705598,0.08669000646,0.5,0,0.0,true
001,null,6653,0,-0.3894186588,0.07553598691,0.06285543358,0.5,0,0.0,true
001,null,6654,1,-0.1995657061,0.06256182581,0.05442479022,0.5,1,0.0,true
001,null,6655,1,-0.1942214807,0.04996135902,0.04182432344,0.5,1,0.0,true
001,null,6656,0,0.6721678248,0.08626037942,0.07357982608,0.5,0,0.0,true
001,null,6657,0,-1.088915589,0.01966557398,0.006985020636,0.5,0,0.0,true
001,null,6658,0,0.6095385345,0.0536566596,0.04097610626,0.5,1,0.0,true
001,null,6659,1,-0.1206398618,0.04522495784,0.03708792226,0.5,0,0.0,true
001,null,6660,0,0.3002231382,0.06187279748,0.04919224414,0.5,0,0.0,true
001,null,6661,1,-0.6381077498,0.02087908319,0.01274204761,0.5,1,0.0,true
001,null,6662,0,0.6895976988,0.0619457717,0.04926521836,0.5,1,0.0,true
001,null,6663,0,-0.2551956892,0.04433481534,0.031654262,0.5,0,0.0,true
001,null,6664,0,-1.241829536,-0.03404042911,-0.04672098245,0.5,0,0.0,true
001,null,6665,1,-1.394140623,-0.1113241714,-0.119461207,0.5,1,0.0,true
001,null,6666,0,-0.7154101754,-0.1481857048,-0.1608662582,0.5,1,0.0,true
001,null,6667,1,0.1746442775,-0.1338763879,-0.1420134235,0.5,1,0.0,true
001,null,6668,0,-0.5151876158,-0.1603838637,-0.1730644171,0.5,1,0.0,true
001,null,6669,0,2.836594101,0.01552724954,0.002846696204,0.5,0,0.0,true
001,null,6670,1,0.3166782234,0.0309022672,0.02276523161,0.5,0,0.0,true
001,null,6671,1,-0.7111899069,-0.006217310861,-0.01435434645,0.5,0,0.0,true
001,null,6672,0,-0.5972057064,-0.03667827228,-0.04935882562,0.5,0,0.0,true
001,null,6673,1,0.6210250553,-0.002989844186,-0.01112687977,0.5,0,0.0,true
001,null,6674,1,-0.6297094262,-0.03619436059,-0.04433139618,0.5,1,0.0,true
001,null,6675,0,0.5924113714,-0.003092331865,-0.0157728852,0.5,1,0.0,true
001,null,6676,0,-0.09577197215,-0.008290590073,-0.02097114341,0.5,1,0.0,true
001,null,6677,1,2.53041547,0.1136990177,0.1055619821,0.5,1,0.0,true
001,null,6678,0,-2.089986277,0.007916663562,-0.004763889777,0.5,1,0.0,true
001,null,6679,1,-1.397501342,-0.05386431134,-0.06200134692,0.5,1,0.0,true
001,null,6680,1,-0.1244453344,-0.05808134281,-0.06621837839,0.5,0,0.0,true
001,null,6681,1,0.5152531716,-0.03264928102,-0.04078631661,0.5,1,0.0,true
001,null,6682,0,-1.12344345,-0.08243972161,-0.09512027495,0.5,1,0.0,true
001,null,6683,0,0.7884042482,-0.04270976547,-0.05539031881,0.5,1,0.0,true
001,null,6684,0,1.692881352,0.03661333258,0.02393277924,0.5,1,0.0,true
001,null,6685,0,-0.546383819,0.0105270709,-0.002153482436,0.5,0,0.0,true
001,null,6686,1,-0.6613948494,-0.02051345105,-0.02865048663,0.5,0,0.0,true
001,null,6687,1,-1.244878207,-0.07659189497,-0.08472893056,0.5,1,0.0,true
001,null,6688,0,-1.366674591,-0.1337017371,-0.1463822905,0.5,1,0.0,true
001,null,6689,0,0.8840989782,-0.08771257398,-0.1003931273,0.5,1,0.0,true
001,null,6690,0,0.6298623409,-0.05543990879,-0.06812046213,0.5,1,0.0,true
001,null,6691,0,-0.8363897419,-0.09250920226,-0.1051897556,0.5,0,0.0,true
001,null,6692,1,0.6080723724,-0.06032503756,-0.06846207314,0.5,1,0.0,true
001,null,6693,0,0.7649632614,-0.0209756658,-0.03365621914,0.5,0,0.0,true
001,null,6694,0,2.660742599,0.09611816001,0.08343760667,0.5,0,0.0,true
001,null,6695,0,-0.8535788331,0.05548238192,0.04280182858,0.5,1,0.0,true
001,null,6696,1,1.480065844,0.1148986183,0.1067615828,0.5,0,0.0,true
001,null,6697,1,0.795103064,0.1449812937,0.1368442582,0.5,0,0.0,true
001,null,6698,1,-0.1661670495,0.1338792648,0.1257422292,0.5,0,0.0,true
001,null,6699,1,2.311705642,0.2131445228,0.2050074872,0.5,0,0.0,true
001,null,6700,1,0.6951127638,0.2350514744,0.2269144388,0.5,0,0.0,true
001,null,6701,1,-0.1275931356,0.2235588721,0.2154218366,0.5,0,0.0,true
001,null,6702,1,-0.2246822867,0.2078084588,0.1996714232,0.5,1,0.0,true
001,null,6703,0,0.7056406675,0.2320341691,0.2193536157,0.5,1,0.0,true
001,null,6704,0,0.3338690965,0.2408913385,0.2282107851,0.5,0,0.0,true
001,null,6705,1,-0.3007960926,0.2202488893,0.2121118537,0.5,0,0.0,true
001,null,6706,1,0.7049927286,0.2457230011,0.2375859655,0.5,0,0.0,true
001,null,6707,0,-0.4919595216,0.21431174,0.2016311867,0.5,1,0.0,true
001,null,6708,1,-0.7804877712,0.167601639,0.1594646034,0.5,0,0.0,true
001,null,6709,0,0.6301123486,0.1930836789,0.1804031255,0.5,1,0.0,true
001,null,6710,1,-0.0687772059,0.184662517,0.1765254814,0.5,1,0.0,true
001,null,6711,0,0.1945157469,0.1899718804,0.177291327,0.5,0,0.0,true
001,null,6712,0,0.872392517,0.2270448453,0.214364292,0.5,0,0.0,true
001,null,6713,0,-0.9351805588,0.1667323701,0.1540518168,0.5,1,0.0,true
001,null,6714,0,-1.475687272,0.07813640271,0.06545584937,0.5,0,0.0,true
001,null,6715,0,-0.9170706051,0.02773168679,0.01505113345,0.5,1,0.0,true
001,null,6716,1,-1.115675909,-0.03030003599,-0.03843707158,0.5,1,0.0,true
001,null,6717,1,0.4905932419,-0.004037488469,-0.01217452405,0.5,0,0.0,true
001,null,6718,0,1.002427656,0.04778835918,0.03510780584,0.5,1,0.0,true
001,null,6719,0,-0.4386077962,0.02328200252,0.01060144918,0.5,0,0.0,true
001,null,6720,0,-0.6876940939,-0.01418993671,-0.02687049005,0.5,0,0.0,true
001,null,6721,0,0.14439125,-0.005947620266,-0.01862817361,0.5,1,0.0,true
001,null,6722,0,0.8523275229,0.04097111905,0.02829056572,0.5,1,0.0,true
001,null,6723,0,1.156037262,0.1006817577,0.08800120434,0.5,0,0.0,true
001,null,6724,1,0.4484265362,0.122189095,0.1140520594,0.5,1,0.0,true
001,null,6725,0,-0.144574953,0.1108660917,0.09818553836,0.5,1,0.0,true
001,null,6726,0,-0.4795084329,0.079715083,0.06703452966,0.5,0,0.0,true
001,null,6727,1,1.143278348,0.1388639995,0.1307269639,0.5,0,0.0,true
001,null,6728,0,0.3247863351,0.1535961611,0.1409156077,0.5,0,0.0,true
001,null,6729,0,-0.7935288163,0.1005807102,0.08790015691,0.5,0,0.0,true
001,null,6730,0,-0.4593392283,0.07023351828,0.05755296494,0.5,1,0.0,true
001,null,6731,1,-0.01262569887,0.06769112613,0.05955409055,0.5,0,0.0,true
001,null,6732,1,-1.244225871,-0.01061728062,-0.0187543162,0.5,1,0.0,true
001,null,6733,1,-0.6955559733,-0.05131551613,-0.05945255171,0.5,1,0.0,true
001,null,6734,1,-0.008006527395,-0.05050196723,-0.05863900282,0.5,1,0.0,true
001,null,6735,1,-1.028925646,-0.1089077784,-0.117044814,0.5,0,0.0,true
001,null,6736,1,0.7999584412,-0.05569473927,-0.06383177485,0.5,0,0.0,true
001,null,6737,1,1.345375813,0.02673566796,0.01859863238,0.5,1,0.0,true
001,null,6738,1,0.6686400207,0.06464347064,0.05650643506,0.5,0,0.0,true
001,null,6739,1,-1.338871174,-0.01608131581,-0.02421835139,0.5,1,0.0,true
001,null,6740,1,-1.558753168,-0.09807885636,-0.1062158919,0.5,1,0.0,true
001,null,6741,0,-0.980389596,-0.1453393466,-0.1580198999,0.5,0,0.0,true
001,null,6742,0,0.3423286443,-0.1224539431,-0.1351344964,0.5,0,0.0,true
001,null,6743,0,-0.2276008896,-0.131900469,-0.1445810224,0.5,1,0.0,true
001,null,6744,1,1.714886681,-0.02751677843,-0.03565381401,0.5,0,0.0,true
001,null,6745,1,0.3018305588,-0.01051555712,-0.01865259271,0.5,1,0.0,true
001,null,6746,0,-0.8514288244,-0.05600933118,-0.06868988452,0.5,1,0.0,true
001,null,6747,0,0.5914594586,-0.02159064148,-0.03427119482,0.5,1,0.0,true
001,null,6748,1,-0.7678010527,-0.06306264717,-0.07119968275,0.5,0,0.0,true
001,null,6749,1,-0.4340789944,-0.08554399071,-0.0936810263,0.5,1,0.0,true
001,null,6750,1,1.893375142,0.02337589212,0.01523885653,0.5,0,0.0,true
001,null,6751,1,1.580243053,0.1000806788,0.09194364321,0.5,1,0.0,true
001,null,6752,1,-0.2854546528,0.08277425476,0.07463721917,0.5,0,0.0,true
001,null,6753,0,1.71283037,0.1581067034,0.14542615,0.5,0,0.0,true
001,null,6754,1,0.4952991381,0.1777144397,0.1695774042,0.5,0,0.0,true
001,null,6755,0,-1.845546365,0.07320888274,0.0605283294,0.5,0,0.0,true
001,null,6756,1,0.0731905462,0.07486607094,0.06672903535,0.5,0,0.0,true
001,null,6757,0,0.1466546406,0.08016426643,0.0674837131,0.5,1,0.0,true
001,null,6758,1,-1.699824628,-0.007342715751,-0.01547975134,0.5,0,0.0,true
001,null,6759,1,-1.751305773,-0.08602082983,-0.09415786542,0.5,1,0.0,true
001,null,6760,0,0.3476925172,-0.06750798893,-0.08018854227,0.5,1,0.0,true
001,null,6761,1,-0.7735690622,-0.1012267312,-0.1093637667,0.5,0,0.0,true
001,null,6762,0,-0.3029225255,-0.113007894,-0.1256884474,0.5,0,0.0,true
001,null,6763,0,-0.0611645317,-0.1131510864,-0.1258316397,0.5,1,0.0,true
001,null,6764,1,-0.8635641786,-0.1510999779,-0.1592370135,0.5,0,0.0,true
001,null,6765,1,0.5090423432,-0.1205467563,-0.1286837919,0.5,1,0.0,true
001,null,6766,1,-0.6398170409,-0.1490631376,-0.1572001732,0.5,0,0.0,true
001,null,6767,0,-1.174686795,-0.1996535661,-0.2123341195,0.5,0,0.0,true
001,null,6768,0,0.7326387093,-0.1542157181,-0.1668962714,0.5,0,0.0,true
001,null,6769,1,-2.520921875,-0.2434082541,-0.2515452897,0.5,1,0.0,true
001,null,6770,0,1.254602661,-0.1731644831,-0.1858450364,0.5,1,0.0,true
001,null,6771,0,1.821452095,-0.07934242662,-0.09202297996,0.5,0,0.0,true
001,null,6772,0,0.6990027059,-0.04592741426,-0.0586079676,0.5,1,0.0,true
001,null,6773,1,0.138695702,-0.0385048829,-0.04664191848,0.5,0,0.0,true
001,null,6774,1,-1.265680262,-0.0928541332,-0.1009911688,0.5,1,0.0,true
001,null,6775,1,0.2433799633,-0.07924905525,-0.08738609083,0.5,1,0.0,true
001,null,6776,1,0.06066446146,-0.07438711891,-0.0825241545,0.5,1,0.0,true
001,null,6777,0,0.7430604659,-0.03623846622,-0.04891901956,0.5,1,0.0,true
001,null,6778,1,-0.6340931371,-0.06564744511,-0.07378448069,0.5,1,0.0,true
001,null,6779,0,1.446449655,0.007399880415,-0.005280672925,0.5,0,0.0,true
001,null,6780,0,0.5997809463,0.0359772312,0.02329667786,0.5,0,0.0,true
001,null,6781,0,0.3493220982,0.05213603464,0.0394554813,0.5,1,0.0,true
001,null,6782,0,-0.5053466893,0.02516375384,0.0124832005,0.5,0,0.0,true
001,null,6783,0,-0.577657737,-0.005129434533,-0.01780998787,0.5,0,0.0,true
001,null,6784,1,0.6508136477,0.0287027861,0.02056575051,0.5,0,0.0,true
001,null,6785,0,-0.7193395567,-0.01003309804,-0.02271365138,0.5,0,0.0,true
001,null,6786,0,0.700597426,0.02741858886,0.01473803552,0.5,0,0.0,true
001,null,6787,1,0.8486299586,0.07128740842,0.06315037283,0.5,1,0.0,true
001,null,6788,0,0.7447027356,0.1083261608,0.0956456075,0.5,1,0.0,true
001,null,6789,1,-0.9894222985,0.04965705157,0.04152001599,0.5,1,0.0,true
001,null,6790,1,-0.8412939114,0.002182206706,-0.005954828878,0.5,0,0.0,true
001,null,6791,0,-1.536279299,-0.07723244104,-0.08991299438,0.5,1,0.0,true
001,null,6792,1,-0.60325383,-0.1061175355,-0.1142545711,0.5,1,0.0,true
001,null,6793,1,-0.891764311,-0.1479906382,-0.1561276738,0.5,0,0.0,true
001,null,6794,1,-0.3899164671,-0.1645378468,-0.1726748824,0.5,0,0.0,true
001,null,6795,1,-0.5521122164,-0.189035055,-0.1971720906,0.5,0,0.0,true
001,null,6796,1,-0.4001560273,-0.2056206809,-0.2137577165,0.5,1,0.0,true
001,null,6797,1,-0.1739461285,-0.2101476685,-0.2182847041,0.5,0,0.0,true
001,null,6798,0,0.8257612056,-0.1529193701,-0.1655999234,0.5,0,0.0,true
001,null,6799,1,-0.6983374221,-0.1869478692,-0.1950849048,0.5,0,0.0,true
001,null,6800,1,0.08027929498,-0.1774153935,-0.1855524291,0.5,1,0.0,true
001,null,6801,0,0.7717194553,-0.1233147164,-0.1359952698,0.5,1,0.0,true
001,null,6802,0,0.4377818404,-0.0928040308,-0.1054845841,0.5,1,0.0,true
001,null,6803,1,-0.6055099309,-0.1263350938,-0.1344721294,0.5,1,0.0,true
001,null,6804,0,-0.4704032103,-0.1514155903,-0.1640961436,0.5,0,0.0,true
001,null,6805,1,-2.07074931,-0.2409677359,-0.2491047714,0.5,1,0.0,true
001,null,6806,1,0.3996686484,-0.2112160422,-0.2193530778,0.5,1,0.0,true
001,null,6807,1,1.91611744,-0.08551121341,-0.093648249,0.5,0,0.0,true
001,null,6808,1,-0.3217881076,-0.1001220203,-0.1082590559,0.5,1,0.0,true
001,null,6809,1,1.145452575,-0.03414179937,-0.04227883495,0.5,0,0.0,true
001,null,6810,0,0.6885674608,0.003605198854,-0.009075354485,0.5,1,0.0,true
001,null,6811,0,0.9902759515,0.0556915951,0.04301104176,0.5,1,0.0,true
001,null,6812,0,-1.335784625,-0.01718710511,-0.02986765845,0.5,1,0.0,true
001,null,6813,0,0.120783531,-0.01036205228,-0.02304260562,0.5,0,0.0,true
001,null,6814,0,-0.2372609915,-0.02292601586,-0.0356065692,0.5,0,0.0,true
001,null,6815,0,-1.605530649,-0.1035796634,-0.1162602168,0.5,1,0.0,true
001,null,6816,1,0.9332520396,-0.05034942801,-0.05848646359,0.5,1,0.0,true
001,null,6817,0,-0.6296918919,-0.08155866241,-0.09423921575,0.5,1,0.0,true
001,null,6818,1,-0.3685659619,-0.098935648,-0.1070726836,0.5,1,0.0,true
001,null,6819,1,-0.2644703577,-0.1107388046,-0.1188758402,0.5,1,0.0,true
001,null,6820,0,0.9352699651,-0.05381156321,-0.06649211655,0.5,1,0.0,true
001,null,6821,0,0.04426929256,-0.04995708329,-0.06263763663,0.5,0,0.0,true
001,null,6822,0,1.808509761,0.05040374056,0.03772318722,0.5,1,0.0,true
001,null,6823,0,0.2407684979,0.06193621154,0.0492556582,0.5,1,0.0,true
001,null,6824,1,-1.582460724,-0.02475144285,-0.03288847843,0.5,0,0.0,true
001,null,6825,1,0.3197202244,-0.007310115004,-0.01544715059,0.5,1,0.0,true
001,null,6826,1,1.312655835,0.06047944546,0.05234240987,0.5,0,0.0,true
001,null,6827,0,1.735972053,0.1390862974,0.1264057441,0.5,0,0.0,true
001,null,6828,1,1.257456403,0.1909799099,0.1828428743,0.5,1,0.0,true
001,null,6829,1,-0.4119604813,0.1651393772,0.1570023416,0.5,1,0.0,true
001,null,6830,0,-1.11328528,0.1016849477,0.08900439437,0.5,0,0.0,true
001,null,6831,0,-0.3469954111,0.08145757266,0.06877701932,0.5,1,0.0,true
001,null,6832,0,-0.1591507516,0.07118144372,0.05850089038,0.5,1,0.0,true
001,null,6833,1,0.3697288915,0.08849579898,0.08035876339,0.5,1,0.0,true
001,null,6834,0,-0.02156133331,0.08509449219,0.07241393885,0.5,0,0.0,true
001,null,6835,0,-0.4578063048,0.05731897573,0.04463842239,0.5,1,0.0,true
001,null,6836,0,1.631417991,0.1365733767,0.1238928234,0.5,1,0.0,true
001,null,6837,0,-0.1417062601,0.1254784725,0.1127979192,0.5,1,0.0,true
001,null,6838,0,-0.5414457285,0.09185877391,0.07917822057,0.5,0,0.0,true
001,null,6839,1,-0.5997252735,0.05552706539,0.04739002981,0.5,0,0.0,true
001,null,6840,0,-0.04885366638,0.05135715546,0.03867660212,0.5,0,0.0,true
001,null,6841,0,-0.6802179721,0.01047055818,-0.002209995162,0.5,0,0.0,true
001,null,6842,1,-0.389101499,-0.01251605388,-0.02065308947,0.5,1,0.0,true
001,null,6843,0,0.8509422818,0.03770127442,0.02502072108,0.5,0,0.0,true
001,null,6844,1,0.01252272393,0.03749528547,0.02935824988,0.5,1,0.0,true
001,null,6845,0,-1.513715003,-0.05201511863,-0.06469567197,0.5,1,0.0,true
001,null,6846,0,0.7507645793,-0.006924628465,-0.0196051818,0.5,1,0.0,true
001,null,6847,1,3.506413446,0.146236959,0.1380999234,0.5,1,0.0,true
001,null,6848,0,-1.866176669,0.05625474824,0.0435741949,0.5,1,0.0,true
001,null,6849,0,0.8764353234,0.09089422392,0.07821367058,0.5,1,0.0,true
001,null,6850,1,0.5692627598,0.1124493493,0.1043123137,0.5,1,0.0,true
001,null,6851,0,-2.163297424,0.01336923146,0.0006886781212,0.5,1,0.0,true
001,null,6852,1,0.6751937173,0.040729747,0.03259271142,0.5,0,0.0,true
001,null,6853,1,0.4819277732,0.0598092403,0.05167220472,0.5,1,0.0,true
001,null,6854,1,-0.2711853345,0.04652621487,0.03838917929,0.5,1,0.0,true
001,null,6855,0,-0.7707569214,0.01113449207,-0.00154606127,0.5,1,0.0,true
001,null,6856,0,-0.793778551,-0.02444330143,-0.03712385477,0.5,1,0.0,true
001,null,6857,1,-0.5419866691,-0.04816432413,-0.05630135972,0.5,0,0.0,true
001,null,6858,1,-2.098722265,-0.1322432915,-0.1403803271,0.5,0,0.0,true
001,null,6859,0,-1.323005838,-0.180667249,-0.1933478023,0.5,1,0.0,true
001,null,6860,0,-1.186707121,-0.2217150559,-0.2343956092,0.5,0,0.0,true
001,null,6861,0,-0.5204299212,-0.2374393624,-0.2501199157,0.5,0,0.0,true
001,null,6862,1,-1.879510193,-0.2948270231,-0.3029640587,0.5,1,0.0,true
001,null,6863,0,1.883193484,-0.1951489651,-0.2078295185,0.5,1,0.0,true
001,null,6864,1,-0.8753967468,-0.2232939851,-0.2314310207,0.5,1,0.0,true
001,null,6865,0,1.490697356,-0.1499586509,-0.1626392043,0.5,1,0.0,true
001,null,6866,0,1.049082039,-0.1011438557,-0.113824409,0.5,1,0.0,true
001,null,6867,1,-0.5921415332,-0.1223846722,-0.1305217078,0.5,1,0.0,true
001,null,6868,1,0.1708630353,-0.1120068426,-0.1201438782,0.5,1,0.0,true
001,null,6869,1,-0.001440871049,-0.1092332016,-0.1173702372,0.5,1,0.0,true
001,null,6870,0,-0.6516839136,-0.1343186811,-0.1469992344,0.5,1,0.0,true
001,null,6871,1,-0.5217410544,-0.153666219,-0.1618032545,0.5,1,0.0,true
001,null,6872,0,-0.1641006289,-0.1572593704,-0.1699399238,0.5,0,0.0,true
001,null,6873,1,-0.6391636921,-0.1818711492,-0.1900081848,0.5,0,0.0,true
001,null,6874,1,0.1429740526,-0.170305671,-0.1784427066,0.5,0,0.0,true
001,null,6875,0,-0.5431683108,-0.19142629,-0.2041068433,0.5,0,0.0,true
001,null,6876,0,1.241068645,-0.119624558,-0.1323051114,0.5,0,0.0,true
001,null,6877,0,-0.6268275701,-0.1463223899,-0.1590029432,0.5,1,0.0,true
001,null,6878,0,-0.7581604043,-0.1782967264,-0.1909772798,0.5,1,0.0,true
001,null,6879,1,-2.147254264,-0.254466727,-0.2626037626,0.5,1,0.0,true
001,null,6880,1,-0.4199009294,-0.2667326992,-0.2748697348,0.5,0,0.0,true
001,null,6881,0,0.282834064,-0.2459309112,-0.2586114645,0.5,0,0.0,true
001,null,6882,0,-0.4685835256,-0.2613811808,-0.2740617342,0.5,1,0.0,true
001,null,6883,1,0.7418034802,-0.2145411674,-0.222678203,0.5,0,0.0,true
001,null,6884,1,-1.195582341,-0.2604390458,-0.2685760814,0.5,1,0.0,true
001,null,6885,1,0.4345258088,-0.2308725887,-0.2390096243,0.5,0,0.0,true
001,null,6886,1,-0.3246364439,-0.2410410147,-0.2491780503,0.5,0,0.0,true
001,null,6887,1,0.5223507382,-0.2059233846,-0.2140604202,0.5,0,0.0,true
001,null,6888,1,1.038883063,-0.1407895904,-0.148926626,0.5,1,0.0,true
001,null,6889,1,0.6358462374,-0.1021590115,-0.110296047,0.5,1,0.0,true
001,null,6890,1,1.702985115,-0.006912490906,-0.01504952649,0.5,1,0.0,true
001,null,6891,0,-0.6046189096,-0.03739826771,-0.05007882105,0.5,1,0.0,true
001,null,6892,0,-1.373775168,-0.1029243966,-0.1156049499,0.5,0,0.0,true
001,null,6893,0,0.6071504026,-0.06873461114,-0.08141516448,0.5,0,0.0,true
001,null,6894,0,-1.271665161,-0.1274227099,-0.1401032633,0.5,0,0.0,true
001,null,6895,0,-0.2800859943,-0.138186736,-0.1508672893,0.5,1,0.0,true
001,null,6896,0,1.676216143,-0.04399159319,-0.05667214653,0.5,0,0.0,true
001,null,6897,1,0.1629454339,-0.03473188927,-0.04286892485,0.5,1,0.0,true
001,null,6898,0,-0.9292938925,-0.07957487162,-0.09225542496,0.5,0,0.0,true
001,null,6899,1,-0.864199845,-0.1195623495,-0.1276993851,0.5,0,0.0,true
001,null,6900,1,-0.1568814899,-0.1245519906,-0.1326890262,0.5,1,0.0,true
001,null,6901,1,-3.018667035,-0.2287734442,-0.2369104798,0.5,0,0.0,true
001,null,6902,1,-0.257581834,-0.2340587868,-0.2421958223,0.5,1,0.0,true
001,null,6903,0,1.488816986,-0.1538892284,-0.1665697817,0.5,1,0.0,true
001,null,6904,0,0.213116679,-0.1403887277,-0.1530692811,0.5,0,0.0,true
001,null,6905,0,-0.8863580372,-0.1744157437,-0.187096297,0.5,0,0.0,true
001,null,6906,1,-1.61470188,-0.2318476347,-0.2399846703,0.5,1,0.0,true
001,null,6907,1,-0.3910076089,-0.2427546103,-0.2508916459,0.5,0,0.0,true
001,null,6908,0,1.238184747,-0.1743284281,-0.1870089814,0.5,0,0.0,true
001,null,6909,1,-0.4343060577,-0.1889711899,-0.1971082255,0.5,0,0.0,true
001,null,6910,1,-0.01480425706,-0.1848750735,-0.1930121091,0.5,0,0.0,true
001,null,6911,0,-1.195049558,-0.2299264844,-0.2426070377,0.5,0,0.0,true
001,null,6912,0,-0.2985198594,-0.2378090825,-0.2504896359,0.5,1,0.0,true
001,null,6913,0,2.171424694,-0.1140710115,-0.1267515648,0.5,1,0.0,true
001,null,6914,1,1.17436554,-0.05661842061,-0.0647554562,0.5,1,0.0,true
001,null,6915,1,-0.2762061415,-0.06752383908,-0.07566087466,0.5,1,0.0,true
001,null,6916,0,0.2488501079,-0.05425803269,-0.06693858603,0.5,1,0.0,true
001,null,6917,1,-1.662041504,-0.1240385807,-0.1321756163,0.5,0,0.0,true
001,null,6918,0,0.1865581474,-0.1122771399,-0.1249576933,0.5,1,0.0,true
001,null,6919,1,0.8297781306,-0.06945138728,-0.07758842287,0.5,0,0.0,true
001,null,6920,1,-1.604440615,-0.1361253228,-0.1442623584,0.5,1,0.0,true
001,null,6921,1,0.2350563828,-0.121707321,-0.1298443566,0.5,1,0.0,true
001,null,6922,0,-1.02444123,-0.1632150395,-0.1758955928,0.5,0,0.0,true
001,null,6923,0,0.7929024635,-0.1198680538,-0.1325486071,0.5,1,0.0,true
001,null,6924,0,1.767777824,-0.03007076872,-0.04275132206,0.5,1,0.0,true
001,null,6925,1,-0.1105004296,-0.03437911006,-0.04251614564,0.5,0,0.0,true
001,null,6926,0,0.008933125848,-0.03308742779,-0.04576798113,0.5,1,0.0,true
001,null,6927,0,-0.03543979907,-0.0339627382,-0.04664329154,0.5,0,0.0,true
001,null,6928,0,-0.8352464777,-0.07330050797,-0.08598106131,0.5,1,0.0,true
001,null,6929,0,-0.562469982,-0.09882030003,-0.1115008534,0.5,0,0.0,true
001,null,6930,1,1.280013889,-0.02984967374,-0.03798670932,0.5,0,0.0,true
001,null,6931,1,-1.83387967,-0.1120151771,-0.1201522127,0.5,1,0.0,true
001,null,6932,1,1.690609997,-0.02698318199,-0.03512021757,0.5,1,0.0,true
001,null,6933,1,-1.084538924,-0.0743262927,-0.08246332828,0.5,0,0.0,true
001,null,6934,1,-0.2845525316,-0.0853956857,-0.09353272129,0.5,1,0.0,true
001,null,6935,1,-1.045979123,-0.1294352443,-0.1375722799,0.5,0,0.0,true
001,null,6936,0,-0.8474623804,-0.1635864178,-0.1762669711,0.5,0,0.0,true
001,null,6937,1,-0.450323289,-0.1800968146,-0.1882338502,0.5,0,0.0,true
001,null,6938,1,-0.4033337133,-0.1944368738,-0.2025739094,0.5,1,0.0,true
001,null,6939,1,-0.9295067495,-0.23090112,-0.2390381556,0.5,0,0.0,true
001,null,6940,1,0.1403178233,-0.2179278723,-0.2260649079,0.5,0,0.0,true
001,null,6941,1,2.282278283,-0.08445509805,-0.09259213363,0.5,0,0.0,true
001,null,6942,1,1.029622662,-0.03354409512,-0.04168113071,0.5,1,0.0,true
001,null,6943,0,1.10379687,0.01844714884,0.005766595501,0.5,0,0.0,true
001,null,6944,1,1.789884057,0.09521957719,0.0870825416,0.5,1,0.0,true
001,null,6945,0,-0.7602988182,0.05797701299,0.04529645965,0.5,1,0.0,true
001,null,6946,1,0.001617878721,0.05658272081,0.04844568523,0.5,0,0.0,true
001,null,6947,0,0.1506918239,0.06216410545,0.04948355211,0.5,1,0.0,true
001,null,6948,1,2.845669384,0.1681842701,0.1600472345,0.5,0,0.0,true
001,null,6949,0,-0.6909469462,0.1337922631,0.1211117097,0.5,1,0.0,true
001,null,6950,1,-1.760562674,0.05231059875,0.04417356317,0.5,1,0.0,true
001,null,6951,1,1.454247955,0.1075452467,0.09940821111,0.5,0,0.0,true
001,null,6952,1,-0.6732124259,0.07653577425,0.06839873867,0.5,1,0.0,true
001,null,6953,0,-1.883835378,-0.00408166713,-0.01676222047,0.5,1,0.0,true
001,null,6954,0,0.05342424916,-0.001812728402,-0.01449328174,0.5,0,0.0,true
001,null,6955,0,0.4931755475,0.01866361543,0.005983062087,0.5,0,0.0,true
001,null,6956,0,0.4537285073,0.03733019517,0.02464964183,0.5,1,0.0,true
001,null,6957,0,1.051812454,0.08040434436,0.06772379102,0.5,0,0.0,true
001,null,6958,1,-1.040236391,0.03229619084,0.02415915525,0.5,1,0.0,true
001,null,6959,0,0.3844809966,0.04821785265,0.03553729931,0.5,0,0.0,true
001,null,6960,1,-0.7940833323,0.01119560079,0.003058565202,0.5,1,0.0,true
001,null,6961,1,-0.746132944,-0.02277493251,-0.03091196809,0.5,1,0.0,true
001,null,6962,0,2.021605425,0.06561930901,0.05293875567,0.5,1,0.0,true
001,null,6963,0,0.2898018431,0.07649932063,0.06381876729,0.5,1,0.0,true
001,null,6964,1,-0.3605918258,0.05826961989,0.0501325843,0.5,1,0.0,true
001,null,6965,0,-0.324140875,0.04185429874,0.0291737454,0.5,1,0.0,true
001,null,6966,0,0.3470366575,0.05691762284,0.0442370695,0.5,1,0.0,true
001,null,6967,1,0.791372926,0.09213093425,0.08399389867,0.5,1,0.0,true
001,null,6968,0,1.216858645,0.1439238546,0.1312433012,0.5,0,0.0,true
001,null,6969,0,0.3790876939,0.1580056384,0.145325085,0.5,0,0.0,true
001,null,6970,1,-0.3460657108,0.1365711761,0.1284341405,0.5,1,0.0,true
001,null,6971,1,-1.121853079,0.07427543204,0.06613839645,0.5,0,0.0,true
001,null,6972,1,-0.6909387542,0.03733432458,0.029197289,0.5,0,0.0,true
001,null,6973,1,0.567021961,0.06465725159,0.056520216,0.5,0,0.0,true
001,null,6974,1,1.44006691,0.1304188994,0.1222818638,0.5,1,0.0,true
001,null,6975,1,-0.695035513,0.09103801764,0.08290098206,0.5,0,0.0,true
001,null,6976,1,0.9055365256,0.1321296545,0.123992619,0.5,0,0.0,true
001,null,6977,1,0.6352618744,0.1596561316,0.151519096,0.5,0,0.0,true
001,null,6978,0,-1.135812834,0.09331353926,0.08063298592,0.5,0,0.0,true
001,null,6979,0,1.473329979,0.1580978138,0.1454172604,0.5,0,0.0,true
001,null,6980,1,0.3519484545,0.1712061116,0.163069076,0.5,0,0.0,true
001,null,6981,1,-0.2471840203,0.1539498592,0.1458128236,0.5,0,0.0,true
001,null,6982,1,-0.5163464674,0.1220380772,0.1139010416,0.5,0,0.0,true
001,null,6983,0,-0.2565905046,0.1050242204,0.09234366706,0.5,0,0.0,true
001,null,6984,1,0.5228132522,0.1299435194,0.1218064838,0.5,0,0.0,true
001,null,6985,1,-0.6083090701,0.09169248034,0.08355544476,0.5,0,0.0,true
001,null,6986,0,0.1456112742,0.09753898656,0.08485843322,0.5,0,0.0,true
001,null,6987,1,0.8818108145,0.1425185151,0.1343814795,0.5,1,0.0,true
001,null,6988,1,-0.176029908,0.1285680771,0.1204310416,0.5,1,0.0,true
001,null,6989,0,-0.3020699993,0.1070150296,0.09433447624,0.5,1,0.0,true
001,null,6990,0,0.0814969699,0.109232137,0.09655158367,0.5,0,0.0,true
001,null,6991,0,-1.11030445,0.03557721769,0.02289666435,0.5,0,0.0,true
001,null,6992,1,-0.6779123752,-0.006634433701,-0.01477146929,0.5,1,0.0,true
001,null,6993,1,-1.757370359,-0.103311113,-0.1114481486,0.5,1,0.0,true
001,null,6994,1,0.202307872,-0.08906244277,-0.09719947835,0.5,1,0.0,true
001,null,6995,1,1.47314369,-0.0008363768558,-0.00897341244,0.5,1,0.0,true
001,null,6996,0,1.915308547,0.09576529982,0.08308474648,0.5,1,0.0,true
001,null,6997,0,0.4214042187,0.1145815876,0.1019010343,0.5,1,0.0,true
001,null,6998,1,-0.559269507,0.08145204096,0.07331500538,0.5,0,0.0,true
001,null,6999,1,0.2662949856,0.09349638074,0.08535934516,0.5,0,0.0,true
001,null,7000,0,0.01874145144,0.09215830813,0.07947775479,0.5,1,0.0,true
001,null,7001,0,1.01622433,0.1425331516,0.1298525982,0.5,0,0.0,true
001,null,7002,1,-1.06417058,0.07659424052,0.06845720494,0.5,1,0.0,true
001,null,7003,0,1.838122608,0.1608117728,0.1481312195,0.5,1,0.0,true
001,null,7004,0,0.4656689615,0.1798424006,0.1671618473,0.5,0,0.0,true
001,null,7005,0,1.341327008,0.2347080345,0.2220274811,0.5,0,0.0,true
001,null,7006,0,0.06017394881,0.2318553694,0.219174816,0.5,0,0.0,true
001,null,7007,1,-0.5732414973,0.1937790146,0.185641979,0.5,1,0.0,true
001,null,7008,1,0.8509447458,0.229983379,0.2218463434,0.5,1,0.0,true
001,null,7009,0,1.341889759,0.2823468767,0.2696663234,0.5,0,0.0,true
001,null,7010,0,0.8431273431,0.3136203622,0.3009398089,0.5,0,0.0,true
001,null,7011,0,-1.167350757,0.2346574862,0.2219769328,0.5,0,0.0,true
001,null,7012,1,0.7695480729,0.2648971526,0.256760117,0.5,0,0.0,true
001,null,7013,0,-0.5928269982,0.2244856565,0.2118051032,0.5,1,0.0,true
001,null,7014,1,0.4028030552,0.2394100149,0.2312729793,0.5,1,0.0,true
001,null,7015,1,0.4704125655,0.2575458987,0.2494088631,0.5,1,0.0,true
001,null,7016,0,0.4543710291,0.2747596361,0.2620790828,0.5,1,0.0,true
001,null,7017,1,1.465242335,0.3292792307,0.3211421951,0.5,1,0.0,true
001,null,7018,0,-0.4060888429,0.2971309171,0.2844503638,0.5,1,0.0,true
001,null,7019,1,-0.363924343,0.2680586571,0.2599216215,0.5,0,0.0,true
001,null,7020,0,-1.969054821,0.1323886806,0.1197081273,0.5,0,0.0,true
001,null,7021,1,0.7805626048,0.1672519625,0.1591149269,0.5,0,0.0,true
001,null,7022,0,-0.2166204224,0.1513340366,0.1386534833,0.5,1,0.0,true
001,null,7023,1,2.132501327,0.2338246389,0.2256876033,0.5,0,0.0,true
001,null,7024,1,-1.74528271,0.1320350349,0.1238979994,0.5,1,0.0,true
001,null,7025,1,1.367878289,0.1858323291,0.1776952935,0.5,0,0.0,true
001,null,7026,0,-0.7368237746,0.1450337164,0.1323531631,0.5,1,0.0,true
001,null,7027,1,-1.199241145,0.0820046994,0.07386766382,0.5,1,0.0,true
001,null,7028,0,0.6249548439,0.1084072991,0.09572674572,0.5,1,0.0,true
001,null,7029,1,-1.452107747,0.03451434733,0.02637731175,0.5,1,0.0,true
001,null,7030,1,0.1356448855,0.03998644793,0.03184941235,0.5,0,0.0,true
001,null,7031,0,0.2014361271,0.04861790514,0.0359373518,0.5,0,0.0,true
001,null,7032,1,0.7338877399,0.08249854859,0.074361513,0.5,1,0.0,true
001,null,7033,0,1.237277588,0.137059562,0.1243790086,0.5,1,0.0,true
001,null,7034,1,-1.219266849,0.07085335503,0.06271631944,0.5,0,0.0,true
001,null,7035,0,-0.05922741717,0.0661561139,0.05347556056,0.5,0,0.0,true
001,null,7036,0,1.154143203,0.1184965975,0.1058160441,0.5,0,0.0,true
001,null,7037,0,-0.7925889915,0.07482731599,0.06214676265,0.5,0,0.0,true
001,null,7038,0,0.3031632922,0.08799621829,0.07531566495,0.5,1,0.0,true
001,null,7039,0,-1.346151535,0.01563535242,0.002954799078,0.5,0,0.0,true
001,null,7040,1,-0.8606102865,-0.02771498804,-0.03585202362,0.5,0,0.0,true
001,null,7041,1,0.2829376748,-0.01259290525,-0.02072994083,0.5,0,0.0,true
001,null,7042,1,-1.014598219,-0.06337653386,-0.07151356945,0.5,0,0.0,true
001,null,7043,0,1.082780285,-0.005292812127,-0.01797336547,0.5,0,0.0,true
001,null,7044,1,0.06206951618,-0.001946878597,-0.01008391418,0.5,1,0.0,true
001,null,7045,0,-0.3596642961,-0.02091340531,-0.03359395865,0.5,0,0.0,true
001,null,7046,0,-1.183845426,-0.08133425874,-0.09401481208,0.5,0,0.0,true
001,null,7047,1,0.5578479998,-0.0489901351,-0.05712717068,0.5,0,0.0,true
001,null,7048,0,0.2258267649,-0.03540748945,-0.04808804278,0.5,1,0.0,true
001,null,7049,0,0.05362991739,-0.03151846618,-0.04419901952,0.5,1,0.0,true
001,null,7050,1,1.539123708,0.05331880173,0.04518176614,0.5,0,0.0,true
001,null,7051,1,-0.3410609,0.03323271726,0.02509568167,0.5,1,0.0,true
001,null,7052,1,-1.690670578,-0.05710774043,-0.06524477602,0.5,0,0.0,true
001,null,7053,1,1.92803331,0.04193522303,0.03379818744,0.5,1,0.0,true
001,null,7054,0,0.3440363748,0.0576605944,0.04498004106,0.5,0,0.0,true
001,null,7055,1,0.04524848844,0.05847858534,0.05034154976,0.5,1,0.0,true
001,null,7056,1,-1.463631138,-0.01771110645,-0.02584814204,0.5,1,0.0,true
001,null,7057,0,-0.6465454383,-0.04924074486,-0.0619212982,0.5,0,0.0,true
001,null,7058,0,-0.859054247,-0.09011569249,-0.1027962458,0.5,0,0.0,true
001,null,7059,1,-0.3000264202,-0.1030039848,-0.1111410204,0.5,0,0.0,true
001,null,7060,0,-1.008411518,-0.1492846843,-0.1619652376,0.5,1,0.0,true
001,null,7061,0,1.41181968,-0.06776278017,-0.08044333351,0.5,1,0.0,true
001,null,7062,1,0.7929311241,-0.02509871946,-0.03323575504,0.5,0,0.0,true
001,null,7063,1,1.10991649,0.03179549183,0.02365845625,0.5,1,0.0,true
001,null,7064,0,-0.5402743471,0.003251267367,-0.009429285972,0.5,0,0.0,true
001,null,7065,0,0.5239248625,0.03030724067,0.01762668733,0.5,1,0.0,true
001,null,7066,1,-0.211433721,0.01827066498,0.0101336294,0.5,1,0.0,true
001,null,7067,0,-0.3893229807,-0.00339579595,-0.01607634929,0.5,1,0.0,true
001,null,7068,1,0.4311715089,0.02057459584,0.01243756025,0.5,0,0.0,true
001,null,7069,0,1.634100708,0.1042319437,0.09155139038,0.5,0,0.0,true
001,null,7070,0,0.523848248,0.1287635849,0.1160830315,0.5,1,0.0,true
001,null,7071,1,1.272263382,0.1863536793,0.1782166437,0.5,0,0.0,true
001,null,7072,0,-2.058581426,0.06381991701,0.05113936367,0.5,1,0.0,true
001,null,7073,0,0.3033144,0.07700197518,0.06432142184,0.5,0,0.0,true
001,null,7074,0,1.005931332,0.1227462259,0.1100656725,0.5,0,0.0,true
001,null,7075,1,0.5331151886,0.145533269,0.1373962334,0.5,1,0.0,true
001,null,7076,1,0.2790608735,0.155895316,0.1477582804,0.5,1,0.0,true
001,null,7077,0,0.7563529925,0.1888423779,0.1761618245,0.5,1,0.0,true
001,null,7078,1,-1.730854047,0.08496334889,0.07682631331,0.5,0,0.0,true
001,null,7079,1,2.712514395,0.1874330166,0.179295981,0.5,0,0.0,true
001,null,7080,1,-0.2167664732,0.1729504022,0.1648133667,0.5,1,0.0,true
001,null,7081,0,0.4187189555,0.1868652113,0.174184658,0.5,1,0.0,true
001,null,7082,0,-0.4430141557,0.160944962,0.1482644086,0.5,1,0.0,true
001,null,7083,1,0.09059813117,0.161126102,0.1529890664,0.5,0,0.0,true
001,null,7084,0,-1.534746983,0.0783380575,0.06565750417,0.5,0,0.0,true
001,null,7085,0,1.219336771,0.1297177583,0.1170372049,0.5,0,0.0,true
001,null,7086,0,-1.974219943,0.03120634878,0.01852579545,0.5,1,0.0,true
001,null,7087,1,-0.1183106614,0.02514634534,0.01700930975,0.5,0,0.0,true
001,null,7088,1,0.1749994407,0.03247354328,0.0243365077,0.5,1,0.0,true
001,null,7089,0,-0.7456288454,-0.00319210619,-0.01587265953,0.5,0,0.0,true
001,null,7090,0,0.5228552097,0.02155237195,0.008871818607,0.5,0,0.0,true
001,null,7091,0,0.02210976457,0.02207561467,0.009395061334,0.5,1,0.0,true
001,null,7092,1,0.4670091695,0.04444933106,0.03631229547,0.5,1,0.0,true
001,null,7093,0,-3.193811004,-0.09593023527,-0.1086107886,0.5,1,0.0,true
001,null,7094,1,-0.4207559758,-0.1108652416,-0.1190022772,0.5,1,0.0,true
001,null,7095,1,-0.09171846486,-0.111989324,-0.1201263596,0.5,0,0.0,true
001,null,7096,1,0.4854273175,-0.08731484572,-0.0954518813,0.5,1,0.0,true
001,null,7097,0,-0.4967704342,-0.1069748706,-0.119655424,0.5,1,0.0,true
001,null,7098,1,-0.3927552646,-0.121952701,-0.1300897366,0.5,0,0.0,true
001,null,7099,0,-0.2329050232,-0.1296759818,-0.1423565351,0.5,0,0.0,true
001,null,7100,0,1.253731941,-0.06360876117,-0.07628931451,0.5,1,0.0,true
001,null,7101,0,-1.809035404,-0.1384616446,-0.1511421979,0.5,0,0.0,true
001,null,7102,1,0.6233984332,-0.1055920925,-0.1137291281,0.5,0,0.0,true
001,null,7103,1,-0.7726827967,-0.1371190946,-0.1452561302,0.5,1,0.0,true
001,null,7104,1,0.5401722496,-0.1074853825,-0.1156224181,0.5,0,0.0,true
001,null,7105,1,1.464130422,-0.03281142096,-0.04094845655,0.5,0,0.0,true
001,null,7106,0,0.4041620112,-0.01292439424,-0.02560494758,0.5,0,0.0,true
001,null,7107,1,0.8042034215,0.02569010848,0.01755307289,0.5,1,0.0,true
001,null,7108,0,0.5254141848,0.05025359843,0.0375730451,0.5,0,0.0,true
001,null,7109,0,-0.8430333897,0.007085168799,-0.00559538454,0.5,1,0.0,true
001,null,7110,1,1.468491151,0.07628861028,0.0681515747,0.5,0,0.0,true
001,null,7111,0,-1.455970487,0.003267856581,-0.009412696758,0.5,0,0.0,true
001,null,7112,0,-0.1496559859,-0.003942777187,-0.01662333053,0.5,1,0.0,true
001,null,7113,0,1.998998166,0.08597526116,0.07329470782,0.5,0,0.0,true
001,null,7114,0,-0.7474285445,0.04889299603,0.03621244269,0.5,1,0.0,true
001,null,7115,0,-0.08088453765,0.04388105287,0.03120049953,0.5,1,0.0,true
001,null,7116,1,-1.40037444,-0.02313292369,-0.03126995928,0.5,1,0.0,true
001,null,7117,0,-2.274589315,-0.1167405309,-0.1294210842,0.5,0,0.0,true
001,null,7118,0,0.1698259941,-0.1063425076,-0.1190230609,0.5,1,0.0,true
001,null,7119,1,-0.2092518772,-0.112881295,-0.1210183306,0.5,1,0.0,true
001,null,7120,0,1.134758159,-0.05665584127,-0.06933639461,0.5,0,0.0,true
001,null,7121,1,1.55667788,0.01513914701,0.007002111423,0.5,1,0.0,true
001,null,7122,1,-2.052262973,-0.07115603134,-0.07929306692,0.5,1,0.0,true
001,null,7123,0,0.2793966159,-0.05742783883,-0.07010839216,0.5,0,0.0,true
001,null,7124,1,0.6206607784,-0.02880431753,-0.03694135311,0.5,0,0.0,true
001,null,7125,1,-1.132091027,-0.07627600061,-0.08441303619,0.5,0,0.0,true
001,null,7126,0,1.03164333,-0.02806435285,-0.04074490619,0.5,1,0.0,true
001,null,7127,0,1.726928598,0.04685116784,0.0341706145,0.5,0,0.0,true
001,null,7128,0,-0.5953364482,0.01981436717,0.007133813834,0.5,0,0.0,true
001,null,7129,1,0.4888440859,0.04065059554,0.03251355995,0.5,1,0.0,true
001,null,7130,0,0.4736315094,0.06064612222,0.04796556888,0.5,0,0.0,true
001,null,7131,1,0.9252676631,0.09982175839,0.09168472281,0.5,0,0.0,true
001,null,7132,1,0.3371835587,0.112630048,0.1044930124,0.5,1,0.0,true
001,null,7133,0,0.9796411964,0.1529355775,0.1402550242,0.5,0,0.0,true
001,null,7134,0,-0.07585209872,0.1454337504,0.132753197,0.5,0,0.0,true
001,null,7135,0,-1.214089586,0.07971482093,0.06703426759,0.5,0,0.0,true
001,null,7136,1,-0.7029680688,0.04315838529,0.0350213497,0.5,1,0.0,true
001,null,7137,0,-0.8830365789,-0.00128212737,-0.01396268071,0.5,1,0.0,true
001,null,7138,1,-0.6695498449,-0.03400155242,-0.04213858801,0.5,1,0.0,true
001,null,7139,1,2.042732679,0.06309961421,0.05496257862,0.5,1,0.0,true
001,null,7140,0,0.8105856673,0.09805266676,0.08537211342,0.5,0,0.0,true
001,null,7141,1,-0.2017068151,0.08593851819,0.07780148261,0.5,0,0.0,true
001,null,7142,1,-1.311821188,0.01930972402,0.01117268844,0.5,1,0.0,true
001,null,7143,0,0.9792938266,0.06433156092,0.05165100758,0.5,1,0.0,true
001,null,7144,0,-0.8977458876,0.01916654283,0.00648598949,0.5,0,0.0,true
001,null,7145,0,0.5104385644,0.04315124879,0.03047069545,0.5,0,0.0,true
001,null,7146,0,-0.9009266385,-0.002410810787,-0.01509136413,0.5,0,0.0,true
001,null,7147,1,0.8586681238,0.03962746287,0.03149042729,0.5,1,0.0,true
001,null,7148,0,-0.303818789,0.02334669827,0.01066614493,0.5,1,0.0,true
001,null,7149,0,0.3526488058,0.0407097911,0.02802923776,0.5,1,0.0,true
001,null,7150,1,-1.261455281,-0.02539672965,-0.03353376524,0.5,1,0.0,true
001,null,7151,0,-0.2768884084,-0.03896212255,-0.05164267589,0.5,0,0.0,true
001,null,7152,0,0.9392163475,0.01137078479,-0.001309768549,0.5,0,0.0,true
001,null,7153,1,0.7096591732,0.04796593688,0.0398289013,0.5,0,0.0,true
001,null,7154,1,1.090717194,0.1017403353,0.09360329976,0.5,0,0.0,true
001,null,7155,1,0.4390054312,0.1218368208,0.1136997852,0.5,0,0.0,true
001,null,7156,0,0.1143886756,0.1249080642,0.1122275109,0.5,1,0.0,true
001,null,7157,1,0.07942894034,0.1261390389,0.1180020033,0.5,0,0.0,true
001,null,7158,0,0.434210376,0.1468227509,0.1341421976,0.5,1,0.0,true
001,null,7159,0,-0.02152018451,0.1418507074,0.1291701541,0.5,0,0.0,true
001,null,7160,0,-2.538873816,-0.01101309257,-0.02369364591,0.5,1,0.0,true
001,null,7161,1,-0.02828783012,-0.01216815181,-0.0203051874,0.5,1,0.0,true
001,null,7162,0,-0.9757619248,-0.06106121499,-0.07374176833,0.5,0,0.0,true
001,null,7163,0,0.2618755509,-0.04580143727,-0.05848199061,0.5,1,0.0,true
001,null,7164,1,-0.7065641664,-0.08115575366,-0.08929278924,0.5,1,0.0,true
001,null,7165,1,0.1618216184,-0.0703217532,-0.07845878879,0.5,1,0.0,true
001,null,7166,0,1.254729051,0.0007829872212,-0.01189756612,0.5,1,0.0,true
001,null,7167,1,1.88004191,0.0933755816,0.08523854602,0.5,1,0.0,true
001,null,7168,0,-0.9361846862,0.04271374446,0.03003319112,0.5,0,0.0,true
001,null,7169,0,0.9302508639,0.08693971495,0.07425916161,0.5,0,0.0,true
001,null,7170,1,0.9381300757,0.1296168727,0.1214798371,0.5,1,0.0,true
001,null,7171,0,-0.211486321,0.1153869347,0.1027063814,0.5,1,0.0,true
001,null,7172,0,-0.5374118675,0.08364629434,0.070965741,0.5,0,0.0,true
001,null,7173,0,0.2570980068,0.09506236248,0.08238180914,0.5,1,0.0,true
001,null,7174,0,0.01008536964,0.09320590117,0.08052534783,0.5,0,0.0,true
001,null,7175,0,-0.7446180198,0.0482855295,0.03560497616,0.5,1,0.0,true
001,null,7176,0,-0.7533807628,0.004404173014,-0.008276380326,0.5,1,0.0,true
001,null,7177,0,-0.4389282536,-0.02058163354,-0.03326218688,0.5,0,0.0,true
001,null,7178,0,0.2725367042,-0.004220842725,-0.01690139606,0.5,0,0.0,true
001,null,7179,1,-1.595495545,-0.09109658782,-0.0992336234,0.5,1,0.0,true
001,null,7180,0,-0.1116104656,-0.09501891415,-0.1076994675,0.5,0,0.0,true
001,null,7181,0,-0.4602254469,-0.1182849369,-0.1309654902,0.5,0,0.0,true
001,null,7182,1,0.5587418307,-0.08163874516,-0.08977578074,0.5,0,0.0,true
001,null,7183,0,0.03624828426,-0.07740931635,-0.09008986969,0.5,0,0.0,true
001,null,7184,0,1.544787473,0.01744237558,0.004761822239,0.5,0,0.0,true
001,null,7185,1,1.447662056,0.09423288277,0.08609584719,0.5,0,0.0,true
001,null,7186,0,0.7150538347,0.1295075436,0.1168269903,0.5,0,0.0,true
001,null,7187,0,0.8758494922,0.1712515685,0.1585710151,0.5,0,0.0,true
001,null,7188,0,-2.006558405,0.04838208409,0.03570153075,0.5,1,0.0,true
001,null,7189,0,-0.3372106707,0.02971132549,0.01703077215,0.5,0,0.0,true
001,null,7190,0,0.5401983085,0.05694119458,0.04426064124,0.5,0,0.0,true
001,null,7191,1,-1.144128302,-0.005602029015,-0.0137390646,0.5,1,0.0,true
001,null,7192,0,0.05292528583,-0.002653856272,-0.01533440961,0.5,1,0.0,true
001,null,7193,0,-0.9594557685,-0.05334122998,-0.06602178332,0.5,0,0.0,true
001,null,7194,0,-0.546614067,-0.08098532777,-0.0936658811,0.5,0,0.0,true
001,null,7195,1,1.372201692,-0.002926427502,-0.01106346309,0.5,0,0.0,true
001,null,7196,1,-1.35853827,-0.07207062136,-0.08020765694,0.5,1,0.0,true
001,null,7197,0,0.2424206506,-0.05745508909,-0.07013564243,0.5,0,0.0,true
001,null,7198,0,0.3447093434,-0.03737736375,-0.05005791709,0.5,1,0.0,true
001,null,7199,0,-0.634122465,-0.07037309645,-0.08305364979,0.5,0,0.0,true
001,null,7200,0,-1.811202304,-0.1543828219,-0.1670633753,0.5,1,0.0,true
001,null,7201,1,-0.8066085169,-0.1891368327,-0.1972738683,0.5,0,0.0,true
001,null,7202,1,0.02638579285,-0.1829600176,-0.1910970532,0.5,0,0.0,true
001,null,7203,1,-0.5509466492,-0.2061764118,-0.2143134474,0.5,1,0.0,true
001,null,7204,0,2.53583754,-0.05279053032,-0.06547108366,0.5,0,0.0,true
001,null,7205,1,1.169073971,0.004202538798,-0.003934496786,0.5,0,0.0,true
001,null,7206,1,-0.6334780419,-0.02576256508,-0.03389960067,0.5,1,0.0,true
001,null,7207,0,1.32027285,0.03717638602,0.02449583268,0.5,1,0.0,true
001,null,7208,1,-1.398511602,-0.02914343531,-0.03728047089,0.5,0,0.0,true
001,null,7209,0,0.3348883005,-0.01268291469,-0.02536346803,0.5,1,0.0,true
001,null,7210,0,0.1196967504,-0.006619545702,-0.01930009904,0.5,1,0.0,true
001,null,7211,0,-0.3801532137,-0.02506212378,-0.03774267712,0.5,1,0.0,true
001,null,7212,1,-1.012625631,-0.07346823149,-0.08160526707,0.5,1,0.0,true
001,null,7213,0,0.2134520416,-0.06080016715,-0.07348072049,0.5,0,0.0,true
001,null,7214,0,-1.054099291,-0.1103892204,-0.1230697737,0.5,0,0.0,true
001,null,7215,1,0.5637233954,-0.07796923576,-0.08610627134,0.5,0,0.0,true
001,null,7216,0,0.4309889239,-0.05318740164,-0.06586795498,0.5,0,0.0,true
001,null,7217,1,-0.6613695274,-0.08607954872,-0.09421658431,0.5,1,0.0,true
001,null,7218,0,-1.560319534,-0.1574648746,-0.1701454279,0.5,1,0.0,true
001,null,7219,0,-1.781450231,-0.2273005569,-0.2399811102,0.5,0,0.0,true
001,null,7220,0,2.407269258,-0.0910400736,-0.1037206269,0.5,0,0.0,true
001,null,7221,0,-0.4835438079,-0.1098044638,-0.1224850172,0.5,0,0.0,true
001,null,7222,0,2.543877533,0.007914744733,-0.004765808607,0.5,0,0.0,true
001,null,7223,0,1.088288989,0.05184352458,0.03916297124,0.5,0,0.0,true
001,null,7224,0,0.1815044658,0.05807467421,0.04539412087,0.5,1,0.0,true
001,null,7225,1,0.8175864588,0.09050041971,0.08236338412,0.5,1,0.0,true
001,null,7226,1,1.186860441,0.1361431706,0.128006135,0.5,1,0.0,true
001,null,7227,0,-0.03964404118,0.1309722424,0.1182916891,0.5,1,0.0,true
001,null,7228,1,-0.3918421817,0.1098823212,0.1017452856,0.5,1,0.0,true
001,null,7229,0,-0.8040416368,0.06956964592,0.05688909258,0.5,0,0.0,true
001,null,7230,1,-0.03496706046,0.06619458892,0.05805755334,0.5,0,0.0,true
001,null,7231,0,-0.8286408824,0.0249510808,0.01227052746,0.5,1,0.0,true
001,null,7232,1,0.2668469204,0.03701206224,0.02887502665,0.5,1,0.0,true
001,null,7233,1,-0.8398134612,-0.004953520993,-0.01309055658,0.5,1,0.0,true
001,null,7234,1,-0.8219380199,-0.04469838133,-0.05283541691,0.5,0,0.0,true
001,null,7235,1,-0.8447455166,-0.08420849755,-0.09234553313,0.5,1,0.0,true
001,null,7236,1,-0.7089146824,-0.1162501278,-0.1243871634,0.5,0,0.0,true
001,null,7237,0,-0.3009351663,-0.1283347081,-0.1410152614,0.5,0,0.0,true
001,null,7238,0,0.1588016028,-0.1167253108,-0.1294058642,0.5,1,0.0,true
001,null,7239,1,0.58466716,-0.08172033324,-0.08985736882,0.5,1,0.0,true
001,null,7240,0,0.7920512243,-0.03596843551,-0.04864898885,0.5,0,0.0,true
001,null,7241,0,1.039923992,0.02117780056,0.008497247216,0.5,1,0.0,true
001,null,7242,0,0.489561947,0.04694801933,0.03426746599,0.5,0,0.0,true
001,null,7243,1,0.1678238422,0.05501488014,0.04687784456,0.5,0,0.0,true
001,null,7244,1,-2.192458348,-0.06199219835,-0.07012923394,0.5,0,0.0,true
001,null,7245,1,-0.6034171624,-0.09030550021,-0.0984425358,0.5,0,0.0,true
001,null,7246,0,1.278048278,-0.020960984,-0.03364153734,0.5,0,0.0,true
001,null,7247,1,-0.1544921953,-0.02828080239,-0.03641783798,0.5,0,0.0,true
001,null,7248,0,1.076815555,0.0278002808,0.01511972746,0.5,1,0.0,true
001,null,7249,1,-0.5867500039,-0.003359025392,-0.01149606098,0.5,1,0.0,true
001,null,7250,0,-0.2850869806,-0.01829064531,-0.03097119865,0.5,1,0.0,true
001,null,7251,0,-1.04030898,-0.07183798012,-0.08451853346,0.5,0,0.0,true
001,null,7252,0,0.06317316142,-0.0666127411,-0.07929329444,0.5,1,0.0,true
001,null,7253,1,-0.8494991829,-0.1094295486,-0.1175665842,0.5,1,0.0,true
001,null,7254,1,-0.592413373,-0.1380092892,-0.1461463248,0.5,1,0.0,true
001,null,7255,1,-0.5972756177,-0.1662477401,-0.1743847757,0.5,0,0.0,true
001,null,7256,1,-0.8012956787,-0.2035580926,-0.2116951282,0.5,1,0.0,true
001,null,7257,0,0.8024187683,-0.1492393696,-0.1619199229,0.5,0,0.0,true
001,null,7258,1,1.549313699,-0.05213526196,-0.06027229754,0.5,1,0.0,true
001,null,7259,0,1.351263983,0.02221615643,0.009535603088,0.5,0,0.0,true
001,null,7260,1,0.5302315226,0.04961618192,0.04147914633,0.5,1,0.0,true
001,null,7261,0,-0.4037425638,0.02625381038,0.01357325704,0.5,1,0.0,true
001,null,7262,1,0.6675127189,0.06184761187,0.05371057629,0.5,1,0.0,true
001,null,7263,1,1.651009542,0.1414495765,0.1333125409,0.5,0,0.0,true
001,null,7264,0,1.410946803,0.2019612297,0.1892806764,0.5,0,0.0,true
001,null,7265,1,-1.516331527,0.1115541067,0.1034170711,0.5,0,0.0,true
001,null,7266,1,-0.5565466285,0.08018255316,0.07204551758,0.5,0,0.0,true
001,null,7267,0,-1.040514947,0.0243244489,0.01164389556,0.5,0,0.0,true
001,null,7268,1,-1.383511974,-0.04466287741,-0.05279991299,0.5,1,0.0,true
001,null,7269,0,0.9252448612,0.002572392824,-0.01010816052,0.5,1,0.0,true
001,null,7270,1,-1.569989878,-0.07187042357,-0.08000745915,0.5,0,0.0,true
001,null,7271,0,-0.6703166393,-0.1015015721,-0.1141821255,0.5,0,0.0,true
001,null,7272,0,0.6880359264,-0.06430822964,-0.07698878298,0.5,1,0.0,true
001,null,7273,0,-2.351713893,-0.1594996525,-0.1721802058,0.5,0,0.0,true
001,null,7274,0,0.1449190451,-0.1488205565,-0.1615011098,0.5,1,0.0,true
001,null,7275,1,0.02703322596,-0.1437920235,-0.1519290591,0.5,1,0.0,true
001,null,7276,1,-0.7197933665,-0.1724922371,-0.1806292727,0.5,1,0.0,true
001,null,7277,1,0.6446297236,-0.1355992574,-0.143736293,0.5,0,0.0,true
001,null,7278,1,-0.5459278335,-0.1578892452,-0.1660262808,0.5,0,0.0,true
001,null,7279,0,0.1746025757,-0.1450301152,-0.1577106686,0.5,1,0.0,true
001,null,7280,1,0.01854266357,-0.1404039111,-0.1485409467,0.5,0,0.0,true
001,null,7281,1,0.1774678396,-0.1273826503,-0.1355196858,0.5,1,0.0,true
001,null,7282,0,-0.1737418012,-0.1334277323,-0.1461082856,0.5,1,0.0,true
001,null,7283,0,-2.281926865,-0.2232468874,-0.2359274407,0.5,0,0.0,true
001,null,7284,1,0.8505843772,-0.17248654,-0.1806235756,0.5,1,0.0,true
001,null,7285,0,-0.5139415263,-0.1924942459,-0.2051747992,0.5,0,0.0,true
001,null,7286,0,-0.9237696448,-0.2295786011,-0.2422591544,0.5,0,0.0,true
001,null,7287,1,-0.432649258,-0.244662043,-0.2527990785,0.5,1,0.0,true
001,null,7288,1,0.5394433241,-0.2087057972,-0.2168428328,0.5,1,0.0,true
001,null,7289,1,-0.6199958383,-0.2338014312,-0.2419384668,0.5,1,0.0,true
001,null,7290,0,-0.2331640951,-0.2400610254,-0.2527415787,0.5,0,0.0,true
001,null,7291,0,0.572439484,-0.2004116131,-0.2130921664,0.5,0,0.0,true
001,null,7292,1,-0.8984886052,-0.2396919675,-0.2478290031,0.5,0,0.0,true
001,null,7293,1,0.251865212,-0.219056655,-0.2271936905,0.5,0,0.0,true
001,null,7294,1,2.191579501,-0.07635383734,-0.08449087292,0.5,0,0.0,true
001,null,7295,1,0.1971755069,-0.06422884952,-0.07236588511,0.5,0,0.0,true
001,null,7296,1,1.464703333,0.01370017354,0.005563137957,0.5,0,0.0,true
001,null,7297,1,0.4507670441,0.03617514158,0.02803810599,0.5,1,0.0,true
001,null,7298,1,0.3243746561,0.05201199174,0.04387495615,0.5,1,0.0,true
001,null,7299,0,-0.9796336213,-0.001484818037,-0.01416537138,0.5,0,0.0,true
001,null,7300,1,-0.4344575932,-0.02445465115,-0.03259168673,0.5,0,0.0,true
001,null,7301,1,0.7831382108,0.01839819646,0.01026116088,0.5,1,0.0,true
001,null,7302,1,-0.5873454414,-0.01409661404,-0.02223364962,0.5,1,0.0,true
001,null,7303,0,0.1618722397,-0.004731045643,-0.01741159898,0.5,0,0.0,true
001,null,7304,0,-0.6205627505,-0.0395089393,-0.05218949264,0.5,0,0.0,true
001,null,7305,0,0.1815081408,-0.02798838467,-0.04066893801,0.5,1,0.0,true
001,null,7306,0,0.2020914228,-0.01528867996,-0.0279692333,0.5,1,0.0,true
001,null,7307,0,0.2008151657,-0.002712458683,-0.01539301202,0.5,1,0.0,true
001,null,7308,1,-0.913352694,-0.05759226402,-0.0657292996,0.5,0,0.0,true
001,null,7309,0,-0.8494096319,-0.1057639612,-0.1184445146,0.5,0,0.0,true
001,null,7310,0,-1.747648152,-0.1900216579,-0.2027022113,0.5,0,0.0,true
001,null,7311,1,-0.5705364851,-0.2154886889,-0.2236257245,0.5,1,0.0,true
001,null,7312,1,0.4055897952,-0.1855185605,-0.1936555961,0.5,1,0.0,true
001,null,7313,0,-1.930789874,-0.2627029254,-0.2753834787,0.5,0,0.0,true
001,null,7314,0,-1.215932809,-0.3086861761,-0.3213667294,0.5,1,0.0,true
001,null,7315,0,0.1186173185,-0.2944463333,-0.3071268867,0.5,1,0.0,true
001,null,7316,0,0.5674179855,-0.2536344114,-0.2663149648,0.5,0,0.0,true
001,null,7317,1,0.1580894583,-0.2382687436,-0.2464057792,0.5,0,0.0,true
001,null,7318,0,1.298157778,-0.1505092994,-0.1631898527,0.5,1,0.0,true
001,null,7319,1,2.358903371,-0.01392170193,-0.02205873751,0.5,1,0.0,true
001,null,7320,0,-0.3193330563,-0.02915887194,-0.04183942528,0.5,0,0.0,true
001,null,7321,0,1.12467231,0.02717878814,0.0144982348,0.5,0,0.0,true
001,null,7322,0,0.5565861771,0.05386737844,0.0411868251,0.5,0,0.0,true
001,null,7323,1,0.2541947931,0.06531708731,0.05718005173,0.5,0,0.0,true
001,null,7324,1,1.294280822,0.1254825454,0.1173455099,0.5,0,0.0,true
001,null,7325,1,0.3209545079,0.1383500957,0.1302130602,0.5,0,0.0,true
001,null,7326,1,0.5995797917,0.1646152955,0.1564782599,0.5,0,0.0,true
001,null,7327,0,-0.3066290855,0.1437595761,0.1310790228,0.5,0,0.0,true
001,null,7328,0,1.231006051,0.1983937221,0.1857131688,0.5,1,0.0,true
001,null,7329,1,0.5234457336,0.2196496623,0.2115126267,0.5,1,0.0,true
001,null,7330,0,0.3673351498,0.2331566985,0.2204761452,0.5,0,0.0,true
001,null,7331,0,-0.1326804881,0.2197513975,0.2070708441,0.5,1,0.0,true
001,null,7332,0,0.0574292943,0.2174402333,0.20475968,0.5,0,0.0,true
001,null,7333,0,1.091541991,0.2652076602,0.2525271069,0.5,0,0.0,true
001,null,7334,1,-1.30887424,0.1732926158,0.1651555802,0.5,0,0.0,true
001,null,7335,0,1.093671173,0.2220670183,0.209386465,0.5,0,0.0,true
001,null,7336,0,-0.6350825428,0.1789707239,0.1662901706,0.5,0,0.0,true
001,null,7337,1,-0.8032298537,0.1266792259,0.1185421903,0.5,0,0.0,true
001,null,7338,1,0.1582866973,0.1323225777,0.1241855421,0.5,0,0.0,true
001,null,7339,0,-1.172765781,0.05829993656,0.04561938322,0.5,0,0.0,true
001,null,7340,1,-1.101069853,-0.005654133611,-0.01379116919,0.5,0,0.0,true
001,null,7341,1,-1.470633155,-0.08275381114,-0.09089084672,0.5,1,0.0,true
001,null,7342,0,-0.4708025709,-0.1054588731,-0.1181394264,0.5,1,0.0,true
001,null,7343,0,-0.2902661215,-0.1185007015,-0.1311812549,0.5,1,0.0,true
001,null,7344,1,-0.3090731801,-0.1325487988,-0.1406858344,0.5,1,0.0,true
001,null,7345,0,-1.258465862,-0.1919883137,-0.2046688671,0.5,0,0.0,true
001,null,7346,0,0.5175127725,-0.1566366303,-0.1693171836,0.5,1,0.0,true
001,null,7347,1,-1.33154554,-0.2167283579,-0.2248653934,0.5,1,0.0,true
001,null,7348,1,0.4837650227,-0.1829887475,-0.1911257831,0.5,1,0.0,true
001,null,7349,1,-1.565279114,-0.2482689176,-0.2564059532,0.5,0,0.0,true
001,null,7350,1,-1.132401971,-0.2924476542,-0.3005846898,0.5,1,0.0,true
001,null,7351,1,2.078424801,-0.1556448333,-0.1637818689,0.5,1,0.0,true
001,null,7352,0,-0.04531232263,-0.1539234445,-0.1666039978,0.5,0,0.0,true
001,null,7353,1,0.2120906557,-0.1391716046,-0.1473086402,0.5,0,0.0,true
001,null,7354,1,-0.2506495835,-0.1483522964,-0.156489332,0.5,0,0.0,true
001,null,7355,0,-0.4534735563,-0.1676364185,-0.1803169718,0.5,1,0.0,true
001,null,7356,0,-2.383251203,-0.2531506634,-0.2658312167,0.5,1,0.0,true
001,null,7357,0,-0.3552949995,-0.2630362208,-0.2757167742,0.5,0,0.0,true
001,null,7358,0,0.5769121982,-0.2262280858,-0.2389086391,0.5,1,0.0,true
001,null,7359,0,0.281993272,-0.2059919963,-0.2186725496,0.5,0,0.0,true
001,null,7360,0,-0.6560836977,-0.2317637951,-0.2444443485,0.5,0,0.0,true
001,null,7361,1,1.593802075,-0.1342087243,-0.1423457599,0.5,1,0.0,true
001,null,7362,1,-1.263767007,-0.1866651509,-0.1948021865,0.5,1,0.0,true
001,null,7363,1,-0.7935379458,-0.2177808599,-0.2259178955,0.5,0,0.0,true
001,null,7364,0,0.3978269265,-0.1916753718,-0.2043559251,0.5,1,0.0,true
001,null,7365,0,1.015111022,-0.1316137341,-0.1442942874,0.5,1,0.0,true
001,null,7366,0,1.36880816,-0.05589897164,-0.06857952498,0.5,0,0.0,true
001,null,7367,0,-0.08672339557,-0.05879955595,-0.07148010929,0.5,1,0.0,true
001,null,7368,0,0.7819337329,-0.01702036538,-0.02970091872,0.5,1,0.0,true
001,null,7369,0,-0.6288628672,-0.04858401259,-0.06126456593,0.5,1,0.0,true
001,null,7370,1,-1.222328585,-0.1071786475,-0.1153156831,0.5,1,0.0,true
001,null,7371,0,-0.04861148365,-0.1069739816,-0.1196545349,0.5,1,0.0,true
001,null,7372,1,-0.1308586655,-0.1111598944,-0.1192969299,0.5,1,0.0,true
001,null,7373,1,-0.2494943134,-0.1217058557,-0.1298428913,0.5,0,0.0,true
001,null,7374,0,-0.02354416939,-0.1199349935,-0.1326155468,0.5,0,0.0,true
001,null,7375,1,1.496970335,-0.02918967866,-0.03732671424,0.5,1,0.0,true
001,null,7376,1,-2.565621413,-0.1431271989,-0.1512642345,0.5,0,0.0,true
001,null,7377,1,-0.2827758553,-0.1526882159,-0.1608252515,0.5,0,0.0,true
001,null,7378,0,0.8355654069,-0.1063352626,-0.1190158159,0.5,0,0.0,true
001,null,7379,0,-0.3964561997,-0.1226862802,-0.1353668335,0.5,1,0.0,true
001,null,7380,1,0.5664172202,-0.09036013868,-0.09849717426,0.5,1,0.0,true
001,null,7381,1,-0.278206638,-0.1021067016,-0.1102437372,0.5,0,0.0,true
001,null,7382,0,-1.592513217,-0.171435986,-0.1841165393,0.5,1,0.0,true
001,null,7383,1,-0.6436145211,-0.1974550267,-0.2055920622,0.5,0,0.0,true
001,null,7384,0,2.521555768,-0.0549778233,-0.06765837664,0.5,0,0.0,true
001,null,7385,1,-0.2422470367,-0.06452034404,-0.07265737963,0.5,0,0.0,true
001,null,7386,1,1.091252783,-0.01175020626,-0.01988724184,0.5,1,0.0,true
001,null,7387,0,-1.002727366,-0.05695562144,-0.06963617478,0.5,1,0.0,true
001,null,7388,0,-0.80881471,-0.09206069376,-0.1047412471,0.5,0,0.0,true
001,null,7389,0,-2.341845177,-0.1797276595,-0.1924082128,0.5,1,0.0,true
001,null,7390,1,-0.6872886353,-0.2032777198,-0.2114147554,0.5,0,0.0,true
001,null,7391,1,-1.950870553,-0.2653753029,-0.2735123385,0.5,1,0.0,true
001,null,7392,1,-0.7530054733,-0.2876407823,-0.2957778179,0.5,1,0.0,true
001,null,7393,1,-0.3793629167,-0.2958920635,-0.304029099,0.5,0,0.0,true
001,null,7394,1,-0.180089021,-0.2961421592,-0.3042791948,0.5,1,0.0,true
001,null,7395,1,-0.1810308679,-0.2966173808,-0.3047544164,0.5,1,0.0,true
001,null,7396,0,-1.102196891,-0.33159902,-0.3442795733,0.5,1,0.0,true
001,null,7397,0,0.3102591076,-0.3082042395,-0.3208847928,0.5,0,0.0,true
001,null,7398,1,-0.5827464311,-0.3255478299,-0.3336848655,0.5,1,0.0,true
001,null,7399,1,-1.150080386,-0.3618306655,-0.3699677011,0.5,0,0.0,true
001,null,7400,0,0.1424735851,-0.3456597089,-0.3583402622,0.5,0,0.0,true
001,null,7401,0,0.5455840323,-0.3078010115,-0.3204815648,0.5,1,0.0,true
001,null,7402,0,-0.297648794,-0.3142493686,-0.3269299219,0.5,1,0.0,true
001,null,7403,1,0.4880718079,-0.2794561803,-0.2875932159,0.5,0,0.0,true
001,null,7404,0,0.3197024424,-0.2549136069,-0.2675941603,0.5,1,0.0,true
001,null,7405,0,-1.697069369,-0.3144106051,-0.3270911584,0.5,1,0.0,true
001,null,7406,0,1.764247461,-0.2009393248,-0.2136198781,0.5,1,0.0,true
001,null,7407,0,1.108159195,-0.1381714669,-0.1508520202,0.5,0,0.0,true
001,null,7408,1,-1.29608937,-0.1900479117,-0.1981849473,0.5,1,0.0,true
001,null,7409,1,-1.162259394,-0.2336823918,-0.2418194274,0.5,0,0.0,true
001,null,7410,1,0.1729002712,-0.219388696,-0.2275257316,0.5,1,0.0,true
001,null,7411,0,0.1193852555,-0.2079379639,-0.2206185173,0.5,0,0.0,true
001,null,7412,0,0.4721678833,-0.178052634,-0.1907331873,0.5,0,0.0,true
001,null,7413,1,0.6230047975,-0.1403213821,-0.1484584177,0.5,0,0.0,true
001,null,7414,0,1.275740008,-0.06770251991,-0.08038307325,0.5,1,0.0,true
001,null,7415,0,1.01646093,-0.01375918937,-0.02643974271,0.5,0,0.0,true
001,null,7416,0,-0.7643115657,-0.05160922298,-0.06428977632,0.5,0,0.0,true
001,null,7417,0,0.2548302536,-0.0371037001,-0.04978425344,0.5,1,0.0,true
001,null,7418,0,-0.08624954368,-0.04070900064,-0.05338955398,0.5,0,0.0,true
001,null,7419,1,2.221344477,0.07099076829,0.06285373271,0.5,0,0.0,true
001,null,7420,1,-1.850163334,-0.01977253703,-0.02790957261,0.5,1,0.0,true
001,null,7421,1,-1.955786928,-0.1021406928,-0.1102777284,0.5,0,0.0,true
001,null,7422,0,-1.815543093,-0.1692558683,-0.1819364216,0.5,0,0.0,true
001,null,7423,1,-1.923008375,-0.2319363026,-0.2400733382,0.5,0,0.0,true
001,null,7424,1,0.08111050961,-0.2227033104,-0.230840346,0.5,0,0.0,true
001,null,7425,1,-0.7078099796,-0.2447514462,-0.2528884818,0.5,0,0.0,true
001,null,7426,0,-0.06970586823,-0.2415230619,-0.2542036152,0.5,0,0.0,true
001,null,7427,0,-0.5663965067,-0.2587327957,-0.271413349,0.5,0,0.0,true
001,null,7428,1,0.3113126484,-0.237747164,-0.2458841996,0.5,1,0.0,true
001,null,7429,0,-1.563011627,-0.2890089874,-0.3016895407,0.5,1,0.0,true
001,null,7430,1,-1.90872112,-0.3430493257,-0.3511863612,0.5,0,0.0,true
001,null,7431,0,0.22727582,-0.3242794,-0.3369599533,0.5,1,0.0,true
001,null,7432,1,-0.6636044446,-0.342403018,-0.3505400536,0.5,0,0.0,true
001,null,7433,1,-1.225199909,-0.3774485617,-0.3855855973,0.5,0,0.0,true
001,null,7434,1,-0.7137734039,-0.3957774596,-0.4039144952,0.5,0,0.0,true
001,null,7435,1,-0.2887018926,-0.3981748464,-0.406311882,0.5,0,0.0,true
001,null,7436,1,1.27639512,-0.317771286,-0.3259083216,0.5,0,0.0,true
001,null,7437,0,-1.125612738,-0.3522502779,-0.3649308313,0.5,1,0.0,true
001,null,7438,0,-0.302280313,-0.3565653912,-0.3692459446,0.5,0,0.0,true
001,null,7439,1,1.401351723,-0.2698859806,-0.2780230162,0.5,1,0.0,true
001,null,7440,1,1.291916433,-0.1961621517,-0.2042991873,0.5,1,0.0,true
001,null,7441,0,0.5180482734,-0.1664266775,-0.1791072308,0.5,0,0.0,true
001,null,7442,0,-1.815652597,-0.2311947329,-0.2438752863,0.5,1,0.0,true
001,null,7443,1,1.55576967,-0.148259811,-0.1563968465,0.5,1,0.0,true
001,null,7444,0,0.03177646948,-0.1431033036,-0.1557838569,0.5,0,0.0,true
001,null,7445,1,0.1552912118,-0.1323968715,-0.1405339071,0.5,1,0.0,true
001,null,7446,1,-1.172239274,-0.1781856853,-0.1863227209,0.5,1,0.0,true
001,null,7447,0,-1.221683416,-0.2231196747,-0.235800228,0.5,1,0.0,true
001,null,7448,1,0.1861335866,-0.2087625753,-0.2168996109,0.5,0,0.0,true
001,null,7449,1,0.3717759881,-0.185390305,-0.1935273406,0.5,1,0.0,true
001,null,7450,1,1.411982334,-0.107762904,-0.1158999396,0.5,1,0.0,true
001,null,7451,0,-1.499824591,-0.1677438043,-0.1804243576,0.5,1,0.0,true
001,null,7452,0,-0.5558997121,-0.1879745454,-0.2006550988,0.5,0,0.0,true
001,null,7453,0,-1.69874804,-0.247891157,-0.2605717104,0.5,0,0.0,true
001,null,7454,1,-0.1490470278,-0.2482882643,-0.2564252999,0.5,1,0.0,true
001,null,7455,0,-0.1675194738,-0.2496728182,-0.2623533715,0.5,1,0.0,true
001,null,7456,1,1.254439995,-0.1769992623,-0.1851362979,0.5,1,0.0,true
001,null,7457,0,-0.9493013307,-0.2132785586,-0.2259591119,0.5,1,0.0,true
001,null,7458,0,-1.271880788,-0.2591984404,-0.2718789938,0.5,1,0.0,true
001,null,7459,0,-0.5554884119,-0.2769829555,-0.2896635088,0.5,1,0.0,true
001,null,7460,1,0.6522399342,-0.2362441511,-0.2443811867,0.5,1,0.0,true
001,null,7461,0,-0.603503747,-0.2575518342,-0.2702323876,0.5,1,0.0,true
001,null,7462,1,-0.9734496122,-0.2926819149,-0.3008189505,0.5,0,0.0,true
001,null,7463,0,-0.1909934975,-0.2945336547,-0.3072142081,0.5,1,0.0,true
001,null,7464,1,2.659201714,-0.129066095,-0.1372031306,0.5,1,0.0,true
001,null,7465,1,-0.4027511409,-0.1433879685,-0.151525004,0.5,1,0.0,true
001,null,7466,1,-0.5190280534,-0.1626356801,-0.1707727156,0.5,0,0.0,true
001,null,7467,1,-0.5878988535,-0.1846260717,-0.1927631072,0.5,1,0.0,true
001,null,7468,0,0.6374236603,-0.1482293136,-0.160909867,0.5,1,0.0,true
001,null,7469,1,1.200445144,-0.08356673413,-0.09170376972,0.5,1,0.0,true
001,null,7470,1,-0.7290876419,-0.1151026079,-0.1232396435,0.5,0,0.0,true
001,null,7471,0,-0.5135817412,-0.136367543,-0.1490480963,0.5,1,0.0,true
001,null,7472,0,-0.770000491,-0.1687265476,-0.1814071009,0.5,0,0.0,true
001,null,7473,1,2.214745505,-0.04758422168,-0.05572125727,0.5,0,0.0,true
001,null,7474,0,0.2183330101,-0.03626468956,-0.0489452429,0.5,1,0.0,true
001,null,7475,0,0.6649448222,-0.003850458913,-0.01653101225,0.5,0,0.0,true
001,null,7476,1,1.49950934,0.06502649004,0.05688945445,0.5,1,0.0,true
001,null,7477,0,0.2062820496,0.07299358747,0.06031303413,0.5,0,0.0,true
001,null,7478,0,-0.9173662414,0.0264996518,0.01381909846,0.5,0,0.0,true
001,null,7479,1,-0.04674620995,0.02356374796,0.01542671238,0.5,1,0.0,true
001,null,7480,1,-0.3079457631,0.007650160651,-0.0004868749333,0.5,0,0.0,true
001,null,7481,0,1.315665689,0.07124104782,0.05856049448,0.5,1,0.0,true
001,null,7482,0,-1.143052405,0.01191954041,-0.0007610129334,0.5,0,0.0,true
001,null,7483,1,-0.2361490443,-0.000115534206,-0.00825256979,0.5,0,0.0,true
001,null,7484,0,0.2220351751,0.0111763226,-0.001504230739,0.5,1,0.0,true
001,null,7485,0,-1.018778334,-0.04110444122,-0.05378499456,0.5,1,0.0,true
001,null,7486,1,0.07340329028,-0.03623639999,-0.04437343558,0.5,1,0.0,true
001,null,7487,0,-1.027949967,-0.08762175582,-0.1003023092,0.5,1,0.0,true
001,null,7488,1,1.267950008,-0.01715914184,-0.02529617743,0.5,1,0.0,true
001,null,7489,1,0.02124803068,-0.0156137584,-0.02375079399,0.5,0,0.0,true
001,null,7490,1,-0.5763121122,-0.04569213597,-0.05382917155,0.5,1,0.0,true
001,null,7491,0,-1.500446837,-0.1186326828,-0.1313132361,0.5,0,0.0,true
001,null,7492,0,-0.05269066353,-0.1183870518,-0.1310676051,0.5,0,0.0,true
001,null,7493,1,0.05491122943,-0.1124209881,-0.1205580236,0.5,0,0.0,true
001,null,7494,1,0.1770292737,-0.0996938106,-0.1078308462,0.5,1,0.0,true
001,null,7495,0,-0.5802351313,-0.1286604362,-0.1413409895,0.5,0,0.0,true
001,null,7496,0,1.211333819,-0.05321624449,-0.06589679782,0.5,1,0.0,true
001,null,7497,0,0.804227805,-0.006433252674,-0.01911380601,0.5,0,0.0,true
001,null,7498,0,-0.2604369719,-0.02097740749,-0.03365796083,0.5,1,0.0,true
001,null,7499,1,1.113053541,0.04237111704,0.03423408146,0.5,1,0.0,true
001,null,7500,1,0.1168704357,0.04795761219,0.0398205766,0.5,1,0.0,true
001,null,7501,1,0.1863203519,0.05759721505,0.04946017946,0.5,1,0.0,true
001,null,7502,0,0.736963824,0.09849907538,0.08581852204,0.5,1,0.0,true
001,null,7503,1,2.700832756,0.2094054947,0.2012684591,0.5,1,0.0,true
001,null,7504,0,-0.4834982477,0.1788360439,0.1661554905,0.5,1,0.0,true
001,null,7505,0,-0.7850061455,0.1320871311,0.1194065777,0.5,1,0.0,true
001,null,7506,1,0.4337137642,0.1503716889,0.1422346533,0.5,1,0.0,true
001,null,7507,1,0.8125751161,0.1859925628,0.1778555272,0.5,0,0.0,true
001,null,7508,0,0.1270782374,0.1879433997,0.1752628464,0.5,1,0.0,true
001,null,7509,0,-0.708719093,0.14249783,0.1298172766,0.5,0,0.0,true
001,null,7510,0,0.5608489662,0.1681633995,0.1554828461,0.5,1,0.0,true
001,null,7511,1,1.772334092,0.2404705547,0.2323335191,0.5,1,0.0,true
001,null,7512,0,0.3537520076,0.2520747431,0.2393941898,0.5,1,0.0,true
001,null,7513,1,-0.7181538242,0.2041593383,0.1960223027,0.5,1,0.0,true
001,null,7514,1,-1.723369493,0.09735281467,0.08921577908,0.5,1,0.0,true
001,null,7515,1,-0.8599519231,0.04977478385,0.04163774827,0.5,1,0.0,true
001,null,7516,0,-0.2850234983,0.03371184394,0.0210312906,0.5,0,0.0,true
001,null,7517,0,0.9924398853,0.08310413658,0.07042358324,0.5,0,0.0,true
001,null,7518,1,0.00660921666,0.0813490468,0.07321201121,0.5,0,0.0,true
001,null,7519,0,0.9484973119,0.1273877924,0.1147072391,0.5,1,0.0,true
001,null,7520,0,-0.04851992015,0.1215236154,0.1088430621,0.5,0,0.0,true
001,null,7521,0,2.073790986,0.2077697727,0.1950892194,0.5,0,0.0,true
001,null,7522,1,1.267214293,0.2563925312,0.2482554956,0.5,1,0.0,true
001,null,7523,0,-0.830218669,0.2048849883,0.192204435,0.5,0,0.0,true
001,null,7524,1,1.175889024,0.2503525939,0.2422155583,0.5,1,0.0,true
001,null,7525,0,0.8638761334,0.2820083405,0.2693277872,0.5,1,0.0,true
001,null,7526,1,-0.04301933195,0.2726872204,0.2645501848,0.5,1,0.0,true
001,null,7527,0,-0.6271009087,0.2309498089,0.2182692555,0.5,1,0.0,true
001,null,7528,1,-1.230024208,0.1542378157,0.1461007801,0.5,1,0.0,true
001,null,7529,0,0.4208079865,0.171294812,0.1586142587,0.5,1,0.0,true
001,null,7530,0,1.024324432,0.2148728266,0.2021922733,0.5,1,0.0,true
001,null,7531,0,0.06520977796,0.2128426041,0.2001620508,0.5,1,0.0,true
001,null,7532,0,0.2699365022,0.221571625,0.2088910717,0.5,0,0.0,true
001,null,7533,0,-0.406064659,0.1925225592,0.1798420058,0.5,0,0.0,true
001,null,7534,0,1.512443988,0.2550961497,0.2424155964,0.5,1,0.0,true
001,null,7535,1,-0.7013313282,0.2076956868,0.1995586512,0.5,1,0.0,true
001,null,7536,1,-1.945154193,0.0865963892,0.07845935362,0.5,0,0.0,true
001,null,7537,0,-0.2236786758,0.07296444929,0.06028389595,0.5,1,0.0,true
001,null,7538,1,-0.8888724222,0.02440442448,0.01626738889,0.5,1,0.0,true
001,null,7539,1,-0.282121098,0.009034516664,0.0008974810798,0.5,1,0.0,true
001,null,7540,0,-0.2869141903,-0.006517578229,-0.01919813157,0.5,1,0.0,true
001,null,7541,1,-0.3517765538,-0.02550776866,-0.03364480424,0.5,1,0.0,true
001,null,7542,0,-0.8892497694,-0.07282269416,-0.0855032475,0.5,1,0.0,true
001,null,7543,0,-1.781544064,-0.1559517353,-0.1686322886,0.5,0,0.0,true
001,null,7544,0,0.6587502553,-0.1160497671,-0.1287303204,0.5,0,0.0,true
001,null,7545,1,-1.195246631,-0.1699741529,-0.1781111885,0.5,1,0.0,true
001,null,7546,1,0.5048573823,-0.1381898949,-0.1463269305,0.5,0,0.0,true
001,null,7547,0,0.03415905644,-0.1328587573,-0.1455393106,0.5,0,0.0,true
001,null,7548,0,0.1050182212,-0.1236889061,-0.1363694595,0.5,1,0.0,true
001,null,7549,1,-0.2603376826,-0.1349244095,-0.1430614451,0.5,1,0.0,true
001,null,7550,1,0.3495708069,-0.1109099498,-0.1190469854,0.5,0,0.0,true
001,null,7551,0,1.227624359,-0.03406152896,-0.0467420823,0.5,1,0.0,true
001,null,7552,0,-1.117772611,-0.09367445999,-0.1063550133,0.5,1,0.0,true
001,null,7553,1,0.8269522709,-0.04347349025,-0.05161052583,0.5,0,0.0,true
001,null,7554,1,-0.7035677272,-0.08113515286,-0.08927218844,0.5,0,0.0,true
001,null,7555,0,-0.4723566538,-0.1054631992,-0.1181437526,0.5,1,0.0,true
001,null,7556,1,-0.6096864034,-0.1367618823,-0.1448989179,0.5,1,0.0,true
001,null,7557,0,-0.227123162,-0.146507664,-0.1591882173,0.5,1,0.0,true
001,null,7558,1,0.0374947618,-0.1405126262,-0.1486496618,0.5,0,0.0,true
001,null,7559,1,-0.8500009834,-0.1848202055,-0.1929572411,0.5,0,0.0,true
001,null,7560,1,-0.09180352865,-0.1857926634,-0.193929699,0.5,0,0.0,true
001,null,7561,0,0.4894301209,-0.1484093714,-0.1610899247,0.5,1,0.0,true
001,null,7562,1,-0.1388272763,-0.1535305259,-0.1616675615,0.5,1,0.0,true
001,null,7563,1,-0.6398585741,-0.188797096,-0.1969341316,0.5,0,0.0,true
001,null,7564,0,1.579009601,-0.07069354142,-0.08337409476,0.5,1,0.0,true
001,null,7565,0,-0.3454176958,-0.08995559201,-0.1026361454,0.5,0,0.0,true
001,null,7566,1,0.447508018,-0.05880365268,-0.06694068827,0.5,1,0.0,true
001,null,7567,1,-1.819705095,-0.1547779481,-0.1629149836,0.5,0,0.0,true
001,null,7568,1,1.732323681,-0.04482414859,-0.05296118418,0.5,0,0.0,true
001,null,7569,1,-0.498481222,-0.07047884079,-0.07861587637,0.5,1,0.0,true
001,null,7570,1,0.8792491327,-0.01917414172,-0.0273111773,0.5,0,0.0,true
001,null,7571,0,0.0294949055,-0.01703878067,-0.02971933401,0.5,0,0.0,true
001,null,7572,0,-2.943327281,-0.1480092123,-0.1606897657,0.5,0,0.0,true
001,null,7573,1,-1.348180275,-0.1997339713,-0.2078710069,0.5,0,0.0,true
001,null,7574,0,0.05575996559,-0.192078186,-0.2047587394,0.5,0,0.0,true
001,null,7575,1,-0.1382852746,-0.1937092219,-0.2018462575,0.5,1,0.0,true
001,null,7576,1,2.096749121,-0.07867182124,-0.08680885682,0.5,0,0.0,true
001,null,7577,0,-0.5739600855,-0.102109952,-0.1147905053,0.5,1,0.0,true
001,null,7578,0,1.24354127,-0.04051835083,-0.05319890417,0.5,1,0.0,true
001,null,7579,1,-0.3515963848,-0.05554837738,-0.06368541297,0.5,0,0.0,true
001,null,7580,1,1.047020538,-0.004658904242,-0.01279593983,0.5,1,0.0,true
001,null,7581,0,0.07646605217,-0.0009285028531,-0.01360905619,0.5,1,0.0,true
001,null,7582,0,-2.245572167,-0.09866494333,-0.1113454967,0.5,1,0.0,true
001,null,7583,0,0.7463369941,-0.06211235372,-0.07479290706,0.5,1,0.0,true
001,null,7584,0,-0.5003153926,-0.08281156581,-0.09549211915,0.5,1,0.0,true
001,null,7585,1,-0.7376812819,-0.1135570241,-0.1216940597,0.5,0,0.0,true
001,null,7586,1,-1.590580441,-0.1758308568,-0.1839678923,0.5,0,0.0,true
001,null,7587,0,0.0482264049,-0.1691664498,-0.1818470032,0.5,1,0.0,true
001,null,7588,1,-0.2316779541,-0.1755387749,-0.1836758104,0.5,0,0.0,true
001,null,7589,1,-1.485612669,-0.2309913199,-0.2391283555,0.5,1,0.0,true
001,null,7590,1,0.4536847874,-0.20291751,-0.2110545456,0.5,1,0.0,true
001,null,7591,0,-0.003039318429,-0.1979252618,-0.2106058152,0.5,1,0.0,true
001,null,7592,1,-0.801321608,-0.2288164445,-0.2369534801,0.5,0,0.0,true
001,null,7593,1,-0.129910486,-0.2293863914,-0.237523427,0.5,1,0.0,true
001,null,7594,0,-2.85390314,-0.3093584587,-0.3220390121,0.5,0,0.0,true
001,null,7595,0,-0.5411022001,-0.323436165,-0.3361167184,0.5,0,0.0,true
001,null,7596,1,-0.6469435828,-0.3413412227,-0.3494782583,0.5,1,0.0,true
001,null,7597,1,-0.2841902085,-0.3450573688,-0.3531944044,0.5,1,0.0,true
001,null,7598,1,0.3638432319,-0.3184416262,-0.3265786618,0.5,0,0.0,true
001,null,7599,0,0.7637731708,-0.2703834108,-0.2830639641,0.5,0,0.0,true
001,null,7600,1,-0.7463406831,-0.2957665985,-0.303903634,0.5,0,0.0,true
001,null,7601,1,0.2913954017,-0.2734664706,-0.2816035061,0.5,0,0.0,true
001,null,7602,0,-1.621763423,-0.3268759186,-0.3395564719,0.5,1,0.0,true
001,null,7603,0,-0.7135463751,-0.3489455463,-0.3616260996,0.5,1,0.0,true
001,null,7604,1,-0.1636099205,-0.3479004495,-0.3560374851,0.5,0,0.0,true
001,null,7605,0,0.7510274724,-0.2971760471,-0.3098566004,0.5,0,0.0,true
001,null,7606,0,0.8782005109,-0.2402944408,-0.2529749942,0.5,0,0.0,true
001,null,7607,1,-0.3399691863,-0.250832828,-0.2589698636,0.5,1,0.0,true
001,null,7608,0,0.6386150243,-0.2087729391,-0.2214534924,0.5,1,0.0,true
001,null,7609,0,-0.5898054281,-0.2325157843,-0.2451963377,0.5,0,0.0,true
001,null,7610,1,0.9708694925,-0.1696982012,-0.1778352368,0.5,0,0.0,true
001,null,7611,1,2.461707822,-0.0282294676,-0.03636650318,0.5,0,0.0,true
001,null,7612,1,0.01384902633,-0.02685631717,-0.03499335275,0.5,0,0.0,true
001,null,7613,0,-1.518364817,-0.09513888769,-0.107819441,0.5,1,0.0,true
001,null,7614,1,-0.7249072983,-0.1256786657,-0.1338157012,0.5,1,0.0,true
001,null,7615,0,-1.09118652,-0.170406743,-0.1830872964,0.5,0,0.0,true
001,null,7616,1,1.349687526,-0.09715659842,-0.105293634,0.5,1,0.0,true
001,null,7617,1,1.103088444,-0.0413022014,-0.04943923698,0.5,1,0.0,true
001,null,7618,1,0.7695286693,-0.003770329557,-0.01190736514,0.5,0,0.0,true
001,null,7619,0,-0.7751027347,-0.04028578893,-0.05296634227,0.5,0,0.0,true
001,null,7620,1,0.4932673541,-0.01524210102,-0.0233791366,0.5,0,0.0,true
001,null,7621,0,0.3637905782,0.003142867827,-0.009537685513,0.5,0,0.0,true
001,null,7622,1,-2.589455559,-0.1104493675,-0.1185864031,0.5,0,0.0,true
001,null,7623,1,0.1111174721,-0.1026482626,-0.1107852982,0.5,1,0.0,true
001,null,7624,0,-0.4102599628,-0.1184846956,-0.131165249,0.5,0,0.0,true
001,null,7625,0,0.6278199068,-0.08524561117,-0.09792616451,0.5,1,0.0,true
001,null,7626,0,1.095206008,-0.02993250593,-0.04261305927,0.5,1,0.0,true
001,null,7627,0,-0.5575703388,-0.05540499574,-0.06808554908,0.5,1,0.0,true
001,null,7628,1,0.5833992608,-0.02542009935,-0.03355713493,0.5,1,0.0,true
001,null,7629,0,-2.143658551,-0.1182625428,-0.1309430962,0.5,1,0.0,true
001,null,7630,1,0.1404550638,-0.1087775609,-0.1169145965,0.5,0,0.0,true
001,null,7631,0,-0.1796293273,-0.1143951499,-0.1270757033,0.5,0,0.0,true
001,null,7632,1,-0.4680186088,-0.1334017674,-0.141538803,0.5,1,0.0,true
001,null,7633,1,-0.1033772726,-0.135080535,-0.1432175706,0.5,1,0.0,true
001,null,7634,1,-0.858219419,-0.171816573,-0.1799536086,0.5,1,0.0,true
001,null,7635,1,-2.124172685,-0.2480887796,-0.2562258152,0.5,1,0.0,true
001,null,7636,0,0.9419122418,-0.1937733641,-0.2064539175,0.5,0,0.0,true
001,null,7637,1,-1.868673472,-0.2578473119,-0.2659843475,0.5,1,0.0,true
001,null,7638,1,-1.189013505,-0.2965631147,-0.3047001502,0.5,0,0.0,true
001,null,7639,1,-0.4149360647,-0.3066693999,-0.3148064355,0.5,0,0.0,true
001,null,7640,1,-0.4210187394,-0.3170982384,-0.325235274,0.5,1,0.0,true
001,null,7641,0,0.6623501907,-0.275239296,-0.2879198493,0.5,0,0.0,true
001,null,7642,0,-0.5596829858,-0.2929422595,-0.3056228128,0.5,0,0.0,true
001,null,7643,1,-0.6273319722,-0.3131727217,-0.3213097573,0.5,0,0.0,true
001,null,7644,0,-1.828597602,-0.3668541395,-0.3795346928,0.5,1,0.0,true
001,null,7645,1,-1.913125456,-0.4152212678,-0.4233583034,0.5,1,0.0,true
001,null,7646,1,-0.09475736916,-0.4088802539,-0.4170172895,0.5,0,0.0,true
001,null,7647,1,0.9032517265,-0.3510057631,-0.3591427987,0.5,0,0.0,true
001,null,7648,1,-0.8462235181,-0.3756179669,-0.3837550025,0.5,0,0.0,true
001,null,7649,1,0.7334526426,-0.3278879602,-0.3360249958,0.5,1,0.0,true
001,null,7650,0,-1.469831617,-0.371718295,-0.3843988483,0.5,0,0.0,true
001,null,7651,0,-0.5332515631,-0.3847591667,-0.3974397201,0.5,0,0.0,true
001,null,7652,1,0.4890283828,-0.3499316538,-0.3580686894,0.5,1,0.0,true
001,null,7653,1,-0.8458046169,-0.3757777119,-0.3839147475,0.5,1,0.0,true
001,null,7654,1,0.9818746189,-0.3111934077,-0.3193304433,0.5,1,0.0,true
001,null,7655,0,-1.987805172,-0.3673904338,-0.3800709872,0.5,1,0.0,true
001,null,7656,1,-0.8107075902,-0.3900560164,-0.398193052,0.5,0,0.0,true
001,null,7657,0,2.532749174,-0.231642281,-0.2443228343,0.5,0,0.0,true
001,null,7658,1,-0.9078478517,-0.2603845471,-0.2685215827,0.5,1,0.0,true
001,null,7659,1,0.3970762461,-0.2361171366,-0.2442541722,0.5,1,0.0,true
001,null,7660,0,1.956653001,-0.1349105491,-0.1475911024,0.5,1,0.0,true
001,null,7661,1,0.7500184628,-0.09905831586,-0.1071953514,0.5,1,0.0,true
001,null,7662,1,-0.07467014297,-0.09972217601,-0.1078592116,0.5,0,0.0,true
001,null,7663,1,0.7275458952,-0.06473785441,-0.07287488999,0.5,0,0.0,true
001,null,7664,1,0.02220191179,-0.06211211438,-0.07024914997,0.5,0,0.0,true
001,null,7665,1,0.6488514957,-0.03070988552,-0.0388469211,0.5,1,0.0,true
001,null,7666,1,0.4452172016,-0.0092610029,-0.01739803848,0.5,0,0.0,true
001,null,7667,0,0.03181615427,-0.007520031749,-0.02020058509,0.5,0,0.0,true
001,null,7668,0,-2.111864912,-0.09989869721,-0.1125792505,0.5,0,0.0,true
001,null,7669,0,-1.463859775,-0.1569221368,-0.1696026901,0.5,1,0.0,true
001,null,7670,0,0.8545403206,-0.1132448677,-0.125925421,0.5,0,0.0,true
001,null,7671,0,0.443341416,-0.09004010228,-0.1027206556,0.5,1,0.0,true
001,null,7672,0,-0.3101037449,-0.101833382,-0.1145139353,0.5,1,0.0,true
001,null,7673,1,0.1866536881,-0.09038394978,-0.09852098536,0.5,0,0.0,true
001,null,7674,0,-0.5505847049,-0.1139059943,-0.1265865476,0.5,0,0.0,true
001,null,7675,0,-0.4505351262,-0.132558359,-0.1452389124,0.5,1,0.0,true
001,null,7676,0,0.8021321462,-0.08745995139,-0.1001405047,0.5,1,0.0,true
001,null,7677,1,1.196452525,-0.02364880642,-0.031785842,0.5,1,0.0,true
001,null,7678,1,0.8050964987,0.01713887932,0.00900184374,0.5,1,0.0,true
001,null,7679,1,-0.07104393194,0.01309806093,0.004961025347,0.5,0,0.0,true
001,null,7680,1,1.544803725,0.08768580884,0.07954877325,0.5,0,0.0,true
001,null,7681,1,0.2568934754,0.09821289317,0.09007585759,0.5,1,0.0,true
001,null,7682,0,-0.991081634,0.0435873089,0.03090675556,0.5,0,0.0,true
001,null,7683,1,0.4953761511,0.0675533322,0.05941629661,0.5,0,0.0,true
001,null,7684,1,0.03306913693,0.06757657425,0.05943953866,0.5,0,0.0,true
001,null,7685,1,1.186329334,0.1247585962,0.1166215606,0.5,1,0.0,true
001,null,7686,1,-0.1884768253,0.1114752352,0.1033381996,0.5,0,0.0,true
001,null,7687,1,-2.143536079,-0.007147464793,-0.01528450038,0.5,0,0.0,true
001,null,7688,1,-0.9156057274,-0.05126733201,-0.05940436759,0.5,1,0.0,true
001,null,7689,1,0.1166980109,-0.04414311569,-0.05228015127,0.5,1,0.0,true
001,null,7690,1,-1.859549106,-0.1270165802,-0.1351536158,0.5,0,0.0,true
001,null,7691,0,-0.7116022182,-0.1562907987,-0.168971352,0.5,0,0.0,true
001,null,7692,0,-0.7293738423,-0.1856593484,-0.1983399018,0.5,1,0.0,true
001,null,7693,1,0.3465182257,-0.163306129,-0.1714431646,0.5,0,0.0,true
001,null,7694,0,-0.6350376455,-0.1894098179,-0.2020903712,0.5,0,0.0,true
001,null,7695,0,-0.4367922901,-0.2060600125,-0.2187405658,0.5,0,0.0,true
001,null,7696,0,-2.591401417,-0.2878431748,-0.3005237281,0.5,1,0.0,true
001,null,7697,1,-1.275039837,-0.3281447646,-0.3362818002,0.5,1,0.0,true
001,null,7698,1,0.8961960445,-0.2743211075,-0.2824581431,0.5,0,0.0,true
001,null,7699,1,0.210184654,-0.2574405853,-0.2655776209,0.5,1,0.0,true
001,null,7700,1,-0.2943898451,-0.2643262825,-0.2724633181,0.5,0,0.0,true
001,null,7701,1,-0.611983098,-0.2847676903,-0.2929047259,0.5,1,0.0,true
001,null,7702,0,-1.320278132,-0.3289404269,-0.3416209802,0.5,0,0.0,true
001,null,7703,0,-0.3658224678,-0.337294491,-0.3499750443,0.5,0,0.0,true
001,null,7704,0,-0.260938012,-0.341127109,-0.3538076623,0.5,0,0.0,true
001,null,7705,1,0.2514850477,-0.3191908788,-0.3273279143,0.5,1,0.0,true
001,null,7706,1,0.7802850664,-0.2661452079,-0.2742822435,0.5,0,0.0,true
001,null,7707,0,0.8670416001,-0.2095498794,-0.2222304328,0.5,1,0.0,true
001,null,7708,1,0.1754204397,-0.1948114848,-0.2029485204,0.5,0,0.0,true
001,null,7709,1,1.161859233,-0.1222269889,-0.1303640245,0.5,1,0.0,true
001,null,7710,1,-0.2565882797,-0.1326035527,-0.1407405883,0.5,1,0.0,true
001,null,7711,1,0.4901355332,-0.1016761627,-0.1098131983,0.5,1,0.0,true
001,null,7712,0,-2.28238616,-0.1967599776,-0.2094405309,0.5,1,0.0,true
001,null,7713,0,0.5474568122,-0.1633437805,-0.1760243338,0.5,1,0.0,true
001,null,7714,0,1.443919456,-0.0818047021,-0.09448525543,0.5,1,0.0,true
001,null,7715,1,-0.3664801161,-0.09751608335,-0.1056531189,0.5,0,0.0,true
001,null,7716,0,-0.6963683386,-0.1286396059,-0.1413201593,0.5,0,0.0,true
001,null,7717,1,-0.06222026018,-0.1285546453,-0.1366916809,0.5,0,0.0,true
001,null,7718,1,-0.4422681794,-0.1477320293,-0.1558690649,0.5,0,0.0,true
001,null,7719,1,2.011448626,-0.03259782935,-0.04073486493,0.5,1,0.0,true
001,null,7720,1,1.017952384,0.01819123933,0.01005420375,0.5,1,0.0,true
001,null,7721,1,-1.539075244,-0.05542859723,-0.06356563282,0.5,1,0.0,true
001,null,7722,1,-1.054835172,-0.1021990616,-0.1103360972,0.5,0,0.0,true
001,null,7723,0,-0.8745032703,-0.1392789049,-0.1519594583,0.5,0,0.0,true
001,null,7724,0,0.2171870297,-0.1250671141,-0.1377476674,0.5,1,0.0,true
001,null,7725,0,1.186491149,-0.06077275278,-0.07345330612,0.5,0,0.0,true
001,null,7726,1,-0.6762699504,-0.09160263185,-0.09973966743,0.5,0,0.0,true
001,null,7727,1,1.283218497,-0.02403094308,-0.03216797866,0.5,0,0.0,true
001,null,7728,0,-0.6550680702,-0.05520334717,-0.06788390051,0.5,0,0.0,true
001,null,7729,1,-1.846355814,-0.1352669204,-0.143403956,0.5,0,0.0,true
001,null,7730,0,2.346691019,-0.0181441753,-0.03082472864,0.5,0,0.0,true
001,null,7731,1,-1.498825508,-0.07975863534,-0.08789567092,0.5,0,0.0,true
001,null,7732,0,0.6706471029,-0.0485147097,-0.06119526304,0.5,0,0.0,true
001,null,7733,0,-0.4800799147,-0.06798241866,-0.080662972,0.5,0,0.0,true
001,null,7734,1,0.8026223058,-0.03002264515,-0.03815968073,0.5,1,0.0,true
001,null,7735,1,-0.9471226108,-0.07083455246,-0.07897158804,0.5,0,0.0,true
001,null,7736,0,1.164301836,-0.01551730861,-0.02819786195,0.5,1,0.0,true
001,null,7737,1,-0.5264040986,-0.0388634001,-0.04700043569,0.5,1,0.0,true
001,null,7738,1,0.9461246489,0.005941172285,-0.002195863299,0.5,1,0.0,true
001,null,7739,1,-0.5677732159,-0.02060708099,-0.02874411657,0.5,0,0.0,true
001,null,7740,1,0.2388861505,-0.008696264505,-0.01683330009,0.5,1,0.0,true
001,null,7741,0,-2.330324485,-0.1089236752,-0.1216042285,0.5,1,0.0,true
001,null,7742,0,0.2495729883,-0.09490958896,-0.1075901423,0.5,1,0.0,true
001,null,7743,0,0.9643299071,-0.04749032787,-0.06017088121,0.5,1,0.0,true
001,null,7744,0,0.6611873013,-0.01570603506,-0.0283865884,0.5,1,0.0,true
001,null,7745,0,-0.9032343543,-0.05657605814,-0.06925661148,0.5,0,0.0,true
001,null,7746,0,-0.6466884386,-0.08486687362,-0.09754742696,0.5,1,0.0,true
001,null,7747,0,1.253855076,-0.02180875714,-0.03448931048,0.5,1,0.0,true
001,null,7748,0,1.818974672,0.0607925143,0.04811196096,0.5,0,0.0,true
001,null,7749,1,-0.07529215344,0.05582292913,0.04768589355,0.5,0,0.0,true
001,null,7750,1,-2.139937975,-0.04147068265,-0.04960771824,0.5,0,0.0,true
001,null,7751,1,1.235997406,0.01321618327,0.005079147682,0.5,0,0.0,true
001,null,7752,0,-1.314542208,-0.04302266525,-0.05570321859,0.5,0,0.0,true
001,null,7753,0,-2.78200216,-0.1429981777,-0.1556787311,0.5,1,0.0,true
001,null,7754,0,1.574215023,-0.07499664008,-0.08767719342,0.5,1,0.0,true
001,null,7755,0,-1.214595693,-0.1175319939,-0.1302125473,0.5,1,0.0,true
001,null,7756,1,0.09752710987,-0.1107507444,-0.11888778,0.5,1,0.0,true
001,null,7757,1,-0.4217834135,-0.1244068855,-0.1325439211,0.5,0,0.0,true
001,null,7758,1,0.01884435673,-0.1204876757,-0.1286247113,0.5,0,0.0,true
001,null,7759,0,0.7710668981,-0.08430439458,-0.09698494792,0.5,1,0.0,true
001,null,7760,1,0.3162456246,-0.06861042264,-0.07674745822,0.5,0,0.0,true
001,null,7761,1,0.4202094926,-0.04842828048,-0.05656531607,0.5,1,0.0,true
001,null,7762,0,1.610001324,0.02326509474,0.0105845414,0.5,1,0.0,true
001,null,7763,0,-0.5048568076,0.0007256623902,-0.01195489095,0.5,0,0.0,true
001,null,7764,1,1.635159797,0.06970769595,0.06157066037,0.5,1,0.0,true
001,null,7765,0,-0.4517178217,0.04819195476,0.03551140142,0.5,1,0.0,true
001,null,7766,0,-1.042552465,0.0007990052339,-0.01188154811,0.5,1,0.0,true
001,null,7767,0,-1.246390279,-0.05305924256,-0.0657397959,0.5,0,0.0,true
001,null,7768,0,1.585428433,0.01766540455,0.004984851212,0.5,0,0.0,true
001,null,7769,0,-2.201771799,-0.07196729559,-0.08464784893,0.5,1,0.0,true
001,null,7770,1,0.3274803991,-0.05664488968,-0.06478192526,0.5,0,0.0,true
001,null,7771,0,-0.1805601691,-0.06274050034,-0.07542105368,0.5,0,0.0,true
001,null,7772,1,0.268421514,-0.04955307945,-0.05769011503,0.5,1,0.0,true
001,null,7773,1,0.3484860392,-0.03287952944,-0.04101656502,0.5,1,0.0,true
001,null,7774,0,0.8485375466,0.006100512533,-0.006580040807,0.5,1,0.0,true
001,null,7775,1,1.955210654,0.08829426784,0.08015723226,0.5,1,0.0,true
001,null,7776,0,-0.6141173191,0.0589675551,0.04628700176,0.5,1,0.0,true
001,null,7777,1,-1.446468207,-0.006276407222,-0.01441344281,0.5,0,0.0,true
001,null,7778,0,0.9906682227,0.03644471275,0.02376415941,0.5,1,0.0,true
001,null,7779,0,0.07362793937,0.03875483108,0.02607427774,0.5,1,0.0,true
001,null,7780,0,-1.052436227,-0.009481539005,-0.02216209234,0.5,0,0.0,true
001,null,7781,0,0.6576923782,0.02034907808,0.007668524737,0.5,0,0.0,true
001,null,7782,1,1.906521293,0.1001601379,0.09202310233,0.5,0,0.0,true
001,null,7783,1,0.6875533768,0.1266997255,0.1185626899,0.5,0,0.0,true
001,null,7784,1,0.6194887724,0.1500368677,0.1418998322,0.5,1,0.0,true
001,null,7785,0,0.319491705,0.1604402789,0.1477597255,0.5,1,0.0,true
001,null,7786,1,0.6831930399,0.1863341834,0.1781971478,0.5,1,0.0,true
001,null,7787,1,-0.9186614886,0.1355950121,0.1274579765,0.5,1,0.0,true
001,null,7788,0,-0.03992827482,0.1302536561,0.1175731028,0.5,1,0.0,true
001,null,7789,0,-0.6199568032,0.0957606946,0.08308014126,0.5,1,0.0,true
001,null,7790,1,1.058748247,0.142092477,0.1339554414,0.5,1,0.0,true
001,null,7791,0,-0.4117623024,0.1175584988,0.1048779455,0.5,1,0.0,true
001,null,7792,1,1.73862536,0.1886406097,0.1805035741,0.5,1,0.0,true
001,null,7793,0,0.2908380999,0.1975549693,0.1848744159,0.5,1,0.0,true
001,null,7794,1,-0.5907248124,0.161882489,0.1537454534,0.5,1,0.0,true
001,null,7795,1,1.208701423,0.2110432867,0.2029062511,0.5,1,0.0,true
001,null,7796,0,0.6624802501,0.2362036718,0.2235231185,0.5,0,0.0,true
001,null,7797,1,1.534449764,0.290890373,0.2827533374,0.5,1,0.0,true
001,null,7798,1,0.7928601388,0.3176774793,0.3095404437,0.5,1,0.0,true
001,null,7799,1,-0.4038662404,0.2884325695,0.2802955339,0.5,1,0.0,true
001,null,7800,0,-0.8235585525,0.2352905002,0.2226099469,0.5,1,0.0,true
001,null,7801,1,-0.323130948,0.212225517,0.2040884814,0.5,0,0.0,true
001,null,7802,0,-1.144930494,0.1419225958,0.1292420425,0.5,1,0.0,true
001,null,7803,1,0.9463355699,0.1830537023,0.1749166668,0.5,0,0.0,true
001,null,7804,1,0.4904977428,0.202600284,0.1944632484,0.5,1,0.0,true
001,null,7805,0,0.9952723656,0.2435228543,0.230842301,0.5,1,0.0,true
001,null,7806,1,-0.3515050113,0.2180065138,0.2098694782,0.5,1,0.0,true
001,null,7807,0,0.04493785298,0.2149047184,0.2022241651,0.5,0,0.0,true
001,null,7808,1,-0.02838186781,0.2078829172,0.1997458816,0.5,1,0.0,true
001,null,7809,0,1.528473261,0.269924383,0.2572438297,0.5,0,0.0,true
001,null,7810,1,-0.8940041239,0.2095152666,0.201378231,0.5,0,0.0,true
001,null,7811,1,-0.0941918023,0.1990170265,0.1908799909,0.5,0,0.0,true
001,null,7812,0,0.2786009377,0.2090657089,0.1963851555,0.5,1,0.0,true
001,null,7813,0,-0.168905339,0.1939132638,0.1812327105,0.5,1,0.0,true
001,null,7814,1,-1.301496817,0.1065186043,0.09838156876,0.5,0,0.0,true
001,null,7815,1,-1.27308975,0.02971107183,0.02157403624,0.5,0,0.0,true
001,null,7816,1,-0.835028056,-0.01713422996,-0.02527126554,0.5,0,0.0,true
001,null,7817,1,-0.4745781071,-0.04292332362,-0.0510603592,0.5,1,0.0,true
001,null,7818,1,-0.08329834416,-0.04656918432,-0.0547062199,0.5,1,0.0,true
001,null,7819,1,-0.7034881508,-0.08505538518,-0.09319242077,0.5,0,0.0,true
001,null,7820,1,1.221982732,-0.01035573816,-0.01849277375,0.5,0,0.0,true
001,null,7821,1,0.0742684952,-0.005817725936,-0.01395476152,0.5,1,0.0,true
001,null,7822,1,1.159331201,0.06002958088,0.0518925453,0.5,1,0.0,true
001,null,7823,0,-1.499273164,-0.02641095397,-0.0390915073,0.5,0,0.0,true
001,null,7824,0,-1.237139832,-0.09013703488,-0.1028175882,0.5,1,0.0,true
001,null,7825,0,0.2862211868,-0.07212697014,-0.08480752348,0.5,0,0.0,true
001,null,7826,1,-0.160843263,-0.07918311918,-0.08732015476,0.5,0,0.0,true
001,null,7827,1,1.39148202,0.002036022947,-0.006101012637,0.5,1,0.0,true
001,null,7828,1,-0.3453824333,-0.01699532501,-0.02513236059,0.5,0,0.0,true
001,null,7829,0,-0.5175372342,-0.04534884715,-0.05802940049,0.5,1,0.0,true
001,null,7830,1,0.3718339884,-0.02277719273,-0.03091422832,0.5,0,0.0,true
001,null,7831,1,0.919740138,0.03078064395,0.02264360836,0.5,1,0.0,true
001,null,7832,0,-0.9987540188,-0.02742035089,-0.04010090423,0.5,1,0.0,true
001,null,7833,0,0.5900961006,0.007406561874,-0.005273991465,0.5,1,0.0,true
001,null,7834,1,-0.9519684239,-0.04730638032,-0.05544341591,0.5,0,0.0,true
001,null,7835,0,0.6843649048,-0.005956848696,-0.01863740204,0.5,1,0.0,true
001,null,7836,0,-0.8286169926,-0.05351754225,-0.06619809559,0.5,1,0.0,true
001,null,7837,1,0.6915533251,-0.01101014722,-0.0191471828,0.5,0,0.0,true
001,null,7838,0,-0.4480039997,-0.03724938665,-0.04992993998,0.5,1,0.0,true
001,null,7839,1,1.352621259,0.04323269913,0.03509566354,0.5,1,0.0,true
001,null,7840,1,0.7483451584,0.08440625022,0.07626921464,0.5,1,0.0,true
001,null,7841,0,-0.7900293801,0.03488245617,0.02220190283,0.5,1,0.0,true
001,null,7842,1,0.9084774427,0.08541829128,0.0772812557,0.5,0,0.0,true
001,null,7843,0,-1.063673153,0.01959230896,0.00691175562,0.5,1,0.0,true
001,null,7844,1,-1.174303459,-0.04731499756,-0.05545203314,0.5,1,0.0,true
001,null,7845,1,-0.4732171454,-0.07269494389,-0.08083197947,0.5,1,0.0,true
001,null,7846,1,0.9196232353,-0.01671921238,-0.02485624797,0.5,0,0.0,true
001,null,7847,1,0.5722469641,0.01683086317,0.008693827583,0.5,0,0.0,true
001,null,7848,0,-1.471292634,-0.06572010701,-0.07840066035,0.5,1,0.0,true
001,null,7849,1,-0.9684858199,-0.1153638624,-0.123500898,0.5,0,0.0,true
001,null,7850,1,0.06829096089,-0.1085820947,-0.1167191303,0.5,0,0.0,true
001,null,7851,1,-0.7933853261,-0.14856532,-0.1567023556,0.5,1,0.0,true
001,null,7852,0,0.2305549949,-0.1311859927,-0.1438665461,0.5,0,0.0,true
001,null,7853,1,0.09188539597,-0.1223654086,-0.1305024442,0.5,0,0.0,true
001,null,7854,0,0.1568071794,-0.1096057575,-0.1222863108,0.5,0,0.0,true
001,null,7855,1,0.7908470982,-0.0560488961,-0.06418593168,0.5,0,0.0,true
001,null,7856,1,1.206679382,0.01982301307,0.01168597748,0.5,0,0.0,true
001,null,7857,1,-0.3338644315,-0.0009935774617,-0.009130613046,0.5,0,0.0,true
001,null,7858,1,0.6931173343,0.04137093811,0.03323390253,0.5,1,0.0,true
001,null,7859,0,-0.2183171379,0.02659691557,0.01391636223,0.5,1,0.0,true
001,null,7860,1,0.8233383889,0.07663479828,0.0684977627,0.5,1,0.0,true
001,null,7861,1,0.08534903954,0.08013766848,0.0720006329,0.5,1,0.0,true
001,null,7862,1,0.885140389,0.1318769247,0.1237398892,0.5,0,0.0,true
001,null,7863,0,0.8654101705,0.1793668556,0.1666863022,0.5,1,0.0,true
001,null,7864,1,-0.7852385536,0.1207692249,0.1126321894,0.5,1,0.0,true
001,null,7865,0,0.6334530973,0.1562141774,0.143533624,0.5,0,0.0,true
001,null,7866,0,0.1841305903,0.1640818841,0.1514013307,0.5,0,0.0,true
001,null,7867,1,1.242958513,0.2279949547,0.2198579191,0.5,1,0.0,true
001,null,7868,1,-0.2160209245,0.2078829173,0.1997458817,0.5,0,0.0,true
001,null,7869,0,0.3030786442,0.2217531212,0.2090725678,0.5,0,0.0,true
001,null,7870,0,0.09368655201,0.2223735818,0.2096930285,0.5,0,0.0,true
001,null,7871,1,-0.8960461145,0.1490783728,0.1409413372,0.5,1,0.0,true
001,null,7872,0,-1.115543862,0.06525186125,0.05257130791,0.5,0,0.0,true
001,null,7873,1,2.494373848,0.1842556735,0.1761186379,0.5,0,0.0,true
001,null,7874,1,0.4876302156,0.2048428756,0.19670584,0.5,1,0.0,true
001,null,7875,1,-1.068606929,0.1353012783,0.1271642427,0.5,1,0.0,true
001,null,7876,1,-0.8459797161,0.08327554971,0.07513851413,0.5,0,0.0,true
001,null,7877,1,-2.013601137,-0.02744454942,-0.035581585,0.5,1,0.0,true
001,null,7878,1,-0.4312942362,-0.04849920436,-0.05663623995,0.5,1,0.0,true
001,null,7879,1,0.4408354408,-0.0242012977,-0.03233833329,0.5,1,0.0,true
001,null,7880,1,0.3678657191,-0.004033170562,-0.01217020615,0.5,1,0.0,true
001,null,7881,1,1.263745793,0.06183274139,0.0536957058,0.5,1,0.0,true
001,null,7882,0,1.286027537,0.1231045694,0.1104240161,0.5,0,0.0,true
001,null,7883,0,0.4533859675,0.1428725805,0.1301920272,0.5,1,0.0,true
001,null,7884,0,0.6340040038,0.1711032058,0.1584226525,0.5,0,0.0,true
001,null,7885,1,-0.1250728214,0.1599351732,0.1517981376,0.5,1,0.0,true
001,null,7886,1,-1.654814909,0.05932928085,0.05119224527,0.5,0,0.0,true
001,null,7887,0,0.188035222,0.06765698674,0.0549764334,0.5,0,0.0,true
001,null,7888,0,0.179017902,0.07553038246,0.06284982912,0.5,1,0.0,true
001,null,7889,1,1.515876945,0.1474196104,0.1392825748,0.5,1,0.0,true
001,null,7890,1,0.5169560125,0.1698717122,0.1617346766,0.5,0,0.0,true
001,null,7891,0,0.1129291166,0.1716152556,0.1589347023,0.5,0,0.0,true
001,null,7892,0,0.01342517979,0.1680137422,0.1553331889,0.5,0,0.0,true
001,null,7893,0,0.09518671495,0.1691279101,0.1564473568,0.5,1,0.0,true
001,null,7894,0,1.348645993,0.2297541606,0.2170736072,0.5,1,0.0,true
001,null,7895,1,-2.019778116,0.0978216527,0.08968461712,0.5,0,0.0,true
001,null,7896,1,0.2237701312,0.1067558016,0.098618766,0.5,1,0.0,true
001,null,7897,0,0.3287672412,0.1210793,0.1083987467,0.5,0,0.0,true
001,null,7898,0,-0.5366567352,0.08823271297,0.07555215963,0.5,0,0.0,true
001,null,7899,1,-0.1463781634,0.07788906199,0.06975202641,0.5,0,0.0,true
001,null,7900,1,-0.3544195567,0.05568760612,0.04755057054,0.5,0,0.0,true
001,null,7901,0,1.301890151,0.1226453086,0.1099647552,0.5,0,0.0,true
001,null,7902,1,-0.2499792224,0.1053080115,0.09717097592,0.5,1,0.0,true
001,null,7903,1,-1.717510224,0.003634344089,-0.004502691495,0.5,1,0.0,true
001,null,7904,1,-1.432416127,-0.06966122988,-0.07779826546,0.5,1,0.0,true
001,null,7905,0,0.7135581253,-0.03016577011,-0.04284632345,0.5,1,0.0,true
001,null,7906,0,1.946286078,0.066845459,0.05416490566,0.5,1,0.0,true
001,null,7907,1,0.8029177885,0.1031440442,0.09500700862,0.5,1,0.0,true
001,null,7908,0,2.030302946,0.1837570303,0.1710764769,0.5,0,0.0,true
001,null,7909,1,0.3597398941,0.195310471,0.1871734355,0.5,1,0.0,true
001,null,7910,1,-1.191216109,0.129499148,0.1213621124,0.5,1,0.0,true
001,null,7911,1,0.2080530286,0.1359463204,0.1278092848,0.5,1,0.0,true
001,null,7912,1,-0.7591906812,0.09435828672,0.08622125113,0.5,0,0.0,true
001,null,7913,0,-0.05783426866,0.0891184702,0.07643791686,0.5,1,0.0,true
001,null,7914,1,-0.6176177861,0.05517773703,0.04704070145,0.5,1,0.0,true
001,null,7915,1,0.2532994005,0.06665076825,0.05851373267,0.5,1,0.0,true
001,null,7916,1,-0.5588497748,0.03532288475,0.02718584916,0.5,1,0.0,true
001,null,7917,1,-0.5764227749,0.003612085993,-0.004524949591,0.5,0,0.0,true
001,null,7918,1,0.4263877554,0.02652232339,0.01838528781,0.5,1,0.0,true
001,null,7919,0,1.142478018,0.08576614679,0.07308559345,0.5,0,0.0,true
001,null,7920,1,0.06982578582,0.08740004866,0.07926301307,0.5,0,0.0,true
001,null,7921,1,-1.172167891,0.01864430683,0.01050727125,0.5,0,0.0,true
001,null,7922,1,0.3046444297,0.03489458255,0.02675754696,0.5,1,0.0,true
001,null,7923,0,-0.4567638303,0.008154414354,-0.004526138985,0.5,1,0.0,true
001,null,7924,0,-0.3812522565,-0.01393578056,-0.0266163339,0.5,0,0.0,true
001,null,7925,1,-0.3990982493,-0.03684301185,-0.04498004744,0.5,0,0.0,true
001,null,7926,1,-0.8789859318,-0.08627123781,-0.0944082734,0.5,0,0.0,true
001,null,7927,0,0.5073637027,-0.05320558454,-0.06588613788,0.5,0,0.0,true
001,null,7928,0,-0.04662993532,-0.05469365167,-0.067374205,0.5,0,0.0,true
001,null,7929,0,0.4306443614,-0.02621516824,-0.03889572158,0.5,0,0.0,true
001,null,7930,0,1.055784156,0.039876448,0.02719589466,0.5,0,0.0,true
001,null,7931,1,0.4656520177,0.06741501692,0.05927798134,0.5,0,0.0,true
001,null,7932,0,0.6831150096,0.1071611753,0.09448062192,0.5,1,0.0,true
001,null,7933,1,-1.843242257,-0.01207145529,-0.02020849088,0.5,0,0.0,true
001,null,7934,0,-1.174198647,-0.07653249633,-0.08921304967,0.5,0,0.0,true
001,null,7935,1,0.8896588197,-0.02325802457,-0.03139506015,0.5,0,0.0,true
001,null,7936,1,2.050231281,0.08358516831,0.07544813272,0.5,1,0.0,true
001,null,7937,0,0.7221059179,0.1172960951,0.1046155417,0.5,0,0.0,true
001,null,7938,1,0.3883891216,0.1341580748,0.1260210392,0.5,1,0.0,true
001,null,7939,0,-0.4718191665,0.1047855431,0.09210498976,0.5,0,0.0,true
001,null,7940,1,0.2325041301,0.1146606024,0.1065235668,0.5,1,0.0,true
001,null,7941,1,1.348811844,0.1774508315,0.1693137959,0.5,1,0.0,true
001,null,7942,1,-0.9172770139,0.1200611767,0.1119241411,0.5,0,0.0,true
001,null,7943,0,0.851039619,0.1600069054,0.147326352,0.5,1,0.0,true
001,null,7944,1,-1.193201478,0.08697380292,0.07883676733,0.5,1,0.0,true
001,null,7945,1,1.645848777,0.161290511,0.1531534754,0.5,0,0.0,true
001,null,7946,0,0.9091410201,0.199644246,0.1869636927,0.5,0,0.0,true
001,null,7947,1,0.0561771636,0.1974739068,0.1893368712,0.5,1,0.0,true
001,null,7948,0,0.2496907979,0.2053443746,0.1926638212,0.5,0,0.0,true
001,null,7949,0,-1.820971994,0.09268146353,0.0800009102,0.5,0,0.0,true
001,null,7950,1,-0.2046058185,0.07982862275,0.07169158717,0.5,0,0.0,true
001,null,7951,0,-0.8695991579,0.03177424154,0.0190936882,0.5,0,0.0,true
001,null,7952,0,0.5987945291,0.06178540921,0.04910485587,0.5,1,0.0,true
001,null,7953,1,-0.8161473858,0.01639950431,0.008262468723,0.5,0,0.0,true
001,null,7954,0,-2.394105144,-0.09758781311,-0.1102683664,0.5,1,0.0,true
001,null,7955,1,-0.4591791811,-0.1164879759,-0.1246250115,0.5,1,0.0,true
001,null,7956,1,-0.2254703121,-0.1243834177,-0.1325204533,0.5,1,0.0,true
001,null,7957,1,-0.007612843952,-0.1216142153,-0.1297512509,0.5,0,0.0,true
001,null,7958,1,-1.324865007,-0.1784111111,-0.1865481466,0.5,0,0.0,true
001,null,7959,1,-1.029671403,-0.21988986,-0.2280268956,0.5,1,0.0,true
001,null,7960,0,1.812501548,-0.1140279235,-0.1267084769,0.5,0,0.0,true
001,null,7961,1,0.2677732266,-0.09818263353,-0.1063196691,0.5,1,0.0,true
001,null,7962,1,0.8816074685,-0.05158695521,-0.05972399079,0.5,1,0.0,true
001,null,7963,1,-0.2720290522,-0.06358150225,-0.07171853783,0.5,0,0.0,true
001,null,7964,1,0.4540511635,-0.03883595013,-0.04697298571,0.5,0,0.0,true
001,null,7965,1,0.3622249741,-0.01911451727,-0.02725155285,0.5,1,0.0,true
001,null,7966,0,-0.3317788505,-0.03600619919,-0.04868675253,0.5,1,0.0,true
001,null,7967,1,0.504670859,-0.007831404864,-0.01596844045,0.5,1,0.0,true
001,null,7968,0,-0.9183503994,-0.05663118688,-0.06931174022,0.5,1,0.0,true
001,null,7969,1,1.201279846,0.01036990361,0.00223286803,0.5,1,0.0,true
001,null,7970,1,-1.417240276,-0.06293015006,-0.07106718564,0.5,1,0.0,true
001,null,7971,1,-2.777447391,-0.1734897981,-0.1816268337,0.5,0,0.0,true
001,null,7972,0,-0.1100841992,-0.1740194294,-0.1866999828,0.5,0,0.0,true
001,null,7973,0,0.05310139678,-0.1671462951,-0.1798268484,0.5,0,0.0,true
001,null,7974,0,0.7009244722,-0.1282332535,-0.1409138068,0.5,1,0.0,true
001,null,7975,0,1.489688749,-0.05068579348,-0.06336634682,0.5,0,0.0,true
001,null,7976,1,-1.048193513,-0.09640814588,-0.1045451815,0.5,0,0.0,true
001,null,7977,0,-0.2762570414,-0.1068100525,-0.1194906059,0.5,1,0.0,true
001,null,7978,0,-0.4701918072,-0.1261612874,-0.1388418407,0.5,1,0.0,true
001,null,7979,0,0.6461494475,-0.09020866923,-0.1028892226,0.5,1,0.0,true
001,null,7980,0,0.6329656697,-0.05567956461,-0.06836011795,0.5,0,0.0,true
001,null,7981,0,-0.612139079,-0.08458496457,-0.09726551791,0.5,0,0.0,true
001,null,7982,1,1.129769507,-0.0232775713,-0.03141460688,0.5,0,0.0,true
001,null,7983,0,0.8169263623,0.01889239605,0.006211842708,0.5,0,0.0,true
001,null,7984,0,1.133737988,0.0745444211,0.06186386776,0.5,0,0.0,true
001,null,7985,1,0.8615840497,0.114668974,0.1065319384,0.5,1,0.0,true
001,null,7986,0,1.26692115,0.1700912302,0.1574106768,0.5,0,0.0,true
001,null,7987,0,0.01054002226,0.1663202177,0.1536396643,0.5,1,0.0,true
001,null,7988,0,0.06545757224,0.165506537,0.1528259836,0.5,1,0.0,true
001,null,7989,0,-0.6053867082,0.1275630091,0.1148824558,0.5,1,0.0,true
001,null,7990,1,1.524722786,0.1943123023,0.1861752667,0.5,0,0.0,true
001,null,7991,1,0.93461845,0.2327807694,0.2246437338,0.5,1,0.0,true
001,null,7992,1,-0.334823696,0.2086906469,0.2005536113,0.5,1,0.0,true
001,null,7993,0,-0.1213228006,0.1968173419,0.1841367886,0.5,1,0.0,true
001,null,7994,1,-0.9778796477,0.1342288142,0.1260917786,0.5,1,0.0,true
001,null,7995,1,-1.457557066,0.04790019836,0.03976316278,0.5,1,0.0,true
001,null,7996,1,1.601114023,0.1229843803,0.1148473447,0.5,1,0.0,true
001,null,7997,1,-0.6767530289,0.08447249598,0.0763354604,0.5,1,0.0,true
001,null,7998,0,0.7033666091,0.1170635817,0.1043830284,0.5,0,0.0,true
001,null,7999,0,-1.125183686,0.05353919016,0.04085863682,0.5,0,0.0,true
