attempt,arm,shot,context,r_housekeeping,J,J_centered,p_generated,outcome_a,planted_kappa,synthetic_only
001,planted,0,0,-0.3171144799,-0.01622474966,-0.008268633656,0.4993385093,0,0.08,true
001,planted,1,1,-0.06628092781,-0.01929086934,-0.01677577363,0.4986579381,1,0.08,true
001,planted,2,0,-0.08399051678,-0.0233205334,-0.0153644174,0.4987708466,1,0.08,true
001,planted,3,1,-0.7101484711,-0.06102506281,-0.0585099671,0.4953192026,1,0.08,true
001,planted,4,0,0.04038649095,-0.0572225836,-0.04926646759,0.4960586826,1,0.08,true
001,planted,5,0,-2.814020981,-0.1759845927,-0.1680284767,0.4865577219,1,0.08,true
001,planted,6,0,0.4076633661,-0.1515257481,-0.1435696321,0.4885144294,1,0.08,true
001,planted,7,1,-0.4062459288,-0.1668293864,-0.1643142906,0.4868548567,1,0.08,true
001,planted,8,1,1.707728272,-0.07250865749,-0.06999356177,0.4944005151,1,0.08,true
001,planted,9,0,2.288464032,0.03468063166,0.04263674767,0.5034109398,0,0.08,true
001,planted,10,1,-0.8264889827,-0.002542265241,-2.716952339e-05,0.4999978264,1,0.08,true
001,planted,11,1,2.950361019,0.111219539,0.1137346347,0.5090987708,0,0.08,true
001,planted,12,0,0.1583723021,0.1146016165,0.1225577325,0.5098046186,0,0.08,true
001,planted,13,1,0.6146162471,0.1357117991,0.1382268948,0.5110581516,0,0.08,true
001,planted,14,1,-1.399688364,0.07220969941,0.07472479513,0.5059779836,0,0.08,true
001,planted,15,1,-0.6135053728,0.04497329102,0.04748838674,0.5037990709,1,0.08,true
001,planted,16,0,0.762849064,0.07493040085,0.08288651686,0.5066309213,1,0.08,true
001,planted,17,0,1.722663112,0.1388683669,0.1468244829,0.5117459586,1,0.08,true
001,planted,18,1,-1.772974283,0.05893208357,0.06144717929,0.5049157743,0,0.08,true
001,planted,19,0,-0.7141843791,0.02840763214,0.03636374814,0.5029090999,1,0.08,true
001,planted,20,0,2.432345324,0.1164203877,0.1243765037,0.5099501203,1,0.08,true
001,planted,21,1,-1.080638786,0.07072077427,0.07323586999,0.5058588696,0,0.08,true
001,planted,22,1,-0.4382624155,0.0517862543,0.05430135002,0.504344108,0,0.08,true
001,planted,23,0,-1.28276627,-0.0004019429055,0.007554173099,0.5006043338,0,0.08,true
001,planted,24,1,0.2955159348,0.01132045236,0.01383554808,0.5011068438,0,0.08,true
001,planted,25,0,0.785337374,0.04253476923,0.05049088524,0.5040392708,0,0.08,true
001,planted,26,1,0.4415277446,0.05949456763,0.06200966335,0.5049607731,0,0.08,true
001,planted,27,1,-0.1424365443,0.05195412032,0.05446921604,0.5043575373,1,0.08,true
001,planted,28,0,0.3366010763,0.06507939158,0.07303550758,0.5058428406,1,0.08,true
001,planted,29,0,-0.06379041786,0.06059801849,0.06855413449,0.5054843308,1,0.08,true
001,planted,30,1,-0.1682856276,0.05137795293,0.05389304865,0.5043114439,0,0.08,true
001,planted,31,1,0.9824193475,0.09395036938,0.0964654651,0.5077172372,0,0.08,true
001,planted,32,1,-1.091187233,0.03939498128,0.041910077,0.5033528062,0,0.08,true
001,planted,33,1,-0.8790605206,-0.002774785529,-0.0002596898106,0.4999792248,1,0.08,true
001,planted,34,0,0.3558194213,0.01408972716,0.02204584317,0.5017636675,1,0.08,true
001,planted,35,0,0.008688523359,0.01415349245,0.02210960845,0.5017687687,0,0.08,true
001,planted,36,1,0.5574160512,0.04116235027,0.04367744599,0.5034941957,1,0.08,true
001,planted,37,0,-0.4672170509,0.01640424379,0.0243603598,0.5019488288,1,0.08,true
001,planted,38,0,0.1397690033,0.02318762641,0.03114374241,0.5024914994,0,0.08,true
001,planted,39,0,0.7351856685,0.06058480095,0.06854091696,0.5054832734,1,0.08,true
001,planted,40,1,-0.07962507962,0.05478287501,0.05729797072,0.5045838377,0,0.08,true
001,planted,41,0,0.7693067411,0.09393728652,0.1018934025,0.5081514722,0,0.08,true
001,planted,42,1,-0.4666586465,0.06531748897,0.06783258469,0.5054266068,1,0.08,true
001,planted,43,1,1.611028566,0.1431189687,0.1456340644,0.5116507252,1,0.08,true
001,planted,44,0,0.1925187144,0.149651167,0.157607283,0.5126085826,0,0.08,true
001,planted,45,1,1.579335114,0.2168497622,0.2193648579,0.5175491886,1,0.08,true
001,planted,46,0,-0.3063118366,0.1947655592,0.2027216752,0.516217734,0,0.08,true
001,planted,47,0,-1.55814207,0.09933865899,0.107294775,0.508583582,1,0.08,true
001,planted,48,1,-0.3719914083,0.07732669398,0.0798417897,0.5063873432,1,0.08,true
001,planted,49,0,-0.105587098,0.06977281091,0.07772892692,0.5062183142,1,0.08,true
001,planted,50,0,0.5627036217,0.0975734868,0.1055296028,0.5084423682,0,0.08,true
001,planted,51,0,1.753510098,0.1759343354,0.1838904514,0.5147112361,0,0.08,true
001,planted,52,1,0.7442421249,0.2070091822,0.2095242779,0.5167619422,0,0.08,true
001,planted,53,0,0.6940810392,0.2350617228,0.2430178388,0.5194414271,1,0.08,true
001,planted,54,0,-1.151469701,0.162036546,0.169992662,0.513599413,0,0.08,true
001,planted,55,1,-0.898496541,0.1083405826,0.1108556783,0.5088684543,0,0.08,true
001,planted,56,0,-0.2224041698,0.09373875906,0.1016948751,0.50813559,1,0.08,true
001,planted,57,1,-0.0941679218,0.08625442717,0.08876952289,0.5071015618,1,0.08,true
001,planted,58,0,0.2964694059,0.1002321636,0.1081882796,0.5086550624,1,0.08,true
001,planted,59,1,-1.701578496,0.001095562182,0.0036106579,0.5002888526,0,0.08,true
001,planted,60,0,-1.260993425,-0.0634802026,-0.0555240866,0.4955580731,0,0.08,true
001,planted,61,1,-0.1687949237,-0.0706759485,-0.06816085279,0.4945471318,1,0.08,true
001,planted,62,0,0.003636122147,-0.06869073564,-0.06073461964,0.4951412304,0,0.08,true
001,planted,63,1,-1.337742865,-0.1336932884,-0.1311781927,0.4895057446,0,0.08,true
001,planted,64,1,0.1786608556,-0.1205889151,-0.1180738194,0.4905540944,1,0.08,true
001,planted,65,1,-0.5564561076,-0.1468342897,-0.1443191939,0.4884544645,1,0.08,true
001,planted,66,0,-0.6273220418,-0.1761033223,-0.1681472063,0.4865482235,1,0.08,true
001,planted,67,1,-0.05072451282,-0.1745104076,-0.1719953119,0.486240375,1,0.08,true
001,planted,68,0,-1.861327439,-0.2506160172,-0.2426599012,0.4805872079,1,0.08,true
001,planted,69,1,1.728660393,-0.1397044457,-0.13718935,0.489024852,0,0.08,true
001,planted,70,1,-1.004137375,-0.1826098999,-0.1800948042,0.4855924157,1,0.08,true
001,planted,71,0,0.9521280402,-0.12652368,-0.118567564,0.4905145949,1,0.08,true
001,planted,72,1,0.8980801504,-0.07585413846,-0.07333904274,0.4941328766,0,0.08,true
001,planted,73,0,1.10738108,-0.01654298529,-0.008586869289,0.4993130505,0,0.08,true
001,planted,74,0,0.8595293303,0.02724267824,0.03519879424,0.5028159035,1,0.08,true
001,planted,75,0,0.5460631545,0.0541976142,0.0621537302,0.5049722984,1,0.08,true
001,planted,76,1,0.6233030675,0.08454751549,0.08706261121,0.5069650089,1,0.08,true
001,planted,77,1,1.338591823,0.1463006529,0.1488157486,0.5119052599,0,0.08,true
001,planted,78,1,0.6636566689,0.1750011066,0.1775162023,0.5142012962,0,0.08,true
001,planted,79,0,-0.8528463847,0.1231894087,0.1311455247,0.510491642,1,0.08,true
001,planted,80,1,0.8741976156,0.1629269098,0.1654420056,0.5132353604,0,0.08,true
001,planted,81,1,-1.213818832,0.09049262505,0.09300772077,0.5074406177,0,0.08,true
001,planted,82,1,0.5688964068,0.1170097449,0.1195248406,0.5095619873,0,0.08,true
001,planted,83,1,-1.437986436,0.03530577862,0.03782087434,0.5030256699,0,0.08,true
001,planted,84,0,-1.075146857,-0.02062565513,-0.01266953912,0.4989864369,1,0.08,true
001,planted,85,1,-0.5260319036,-0.04687583307,-0.04436073735,0.496451141,1,0.08,true
001,planted,86,0,-0.7442517209,-0.08349859475,-0.07554247875,0.4939566017,1,0.08,true
001,planted,87,0,-0.2935368457,-0.09672570793,-0.08876959193,0.4928984326,0,0.08,true
001,planted,88,0,-0.8264536326,-0.1364390002,-0.1284828842,0.4897213693,0,0.08,true
001,planted,89,0,0.4463868141,-0.1079579397,-0.1000018237,0.4919998541,0,0.08,true
001,planted,90,1,-0.6376696824,-0.1390108194,-0.1364957237,0.4890803421,0,0.08,true
001,planted,91,1,0.5535948677,-0.1032323878,-0.1007172921,0.4919426166,1,0.08,true
001,planted,92,0,-0.1680483625,-0.1101566345,-0.1022005185,0.4918239585,1,0.08,true
001,planted,93,0,-0.25965593,-0.1223510447,-0.1143949287,0.4908484057,1,0.08,true
001,planted,94,0,-1.5150478,-0.1948628478,-0.1869067318,0.4850474615,1,0.08,true
001,planted,95,1,1.061965267,-0.1246877002,-0.1221726045,0.4902261916,0,0.08,true
001,planted,96,1,1.839073491,-0.01578140706,-0.01326631134,0.4989386951,0,0.08,true
001,planted,97,1,1.68084749,0.06799573127,0.07051082699,0.5056408662,0,0.08,true
001,planted,98,1,-0.402934449,0.04584555711,0.04836065283,0.5038688522,0,0.08,true
001,planted,99,0,0.558794782,0.07277097906,0.08072709506,0.5064581676,0,0.08,true
001,planted,100,0,1.20427796,0.1288325425,0.1367886586,0.5109430927,1,0.08,true
001,planted,101,0,-0.2635577943,0.1117672837,0.1197233997,0.509577872,1,0.08,true
001,planted,102,1,-1.360250631,0.03529486484,0.03780996056,0.5030247968,1,0.08,true
001,planted,103,0,1.308276287,0.09756420986,0.1055203259,0.5084416261,1,0.08,true
001,planted,104,1,-0.6738735302,0.06023963457,0.06275473028,0.5050203784,1,0.08,true
001,planted,105,1,0.5506861411,0.08633369066,0.08884878637,0.5071079029,0,0.08,true
001,planted,106,1,-0.2994192953,0.06831351191,0.07082860763,0.5056662886,1,0.08,true
001,planted,107,0,-1.412954449,-0.008602987365,-0.0006468713608,0.4999482503,0,0.08,true
001,planted,108,0,1.434582299,0.06286434087,0.07082045688,0.5056656366,0,0.08,true
001,planted,109,1,-0.9427103216,0.01322872767,0.01574382339,0.5012595059,1,0.08,true
001,planted,110,0,-0.6051483765,-0.01769176879,-0.009735652783,0.4992211478,1,0.08,true
001,planted,111,0,1.785971352,0.06933555476,0.07729167077,0.5061833337,0,0.08,true
001,planted,112,1,-0.9781270476,0.01922678928,0.02174188499,0.5017393508,0,0.08,true
001,planted,113,1,0.452011693,0.04075350153,0.04326859725,0.5034614878,0,0.08,true
001,planted,114,0,-0.5507508001,0.01199651912,0.01995263512,0.5015962108,1,0.08,true
001,planted,115,0,0.7313747654,0.04838748617,0.05634360217,0.5045074882,1,0.08,true
001,planted,116,1,-0.71413782,0.01010456235,0.01261965807,0.5010095726,1,0.08,true
001,planted,117,0,0.470304606,0.03425495188,0.04221106789,0.5033768854,1,0.08,true
001,planted,118,1,-1.580121732,-0.04766854032,-0.04515344461,0.4963877244,0,0.08,true
001,planted,119,0,0.3300180278,-0.02946882978,-0.02151271378,0.4982789829,1,0.08,true
001,planted,120,0,-0.8475908058,-0.07174809098,-0.06379197498,0.494896642,0,0.08,true
001,planted,121,0,-0.3318774005,-0.08717031205,-0.07921419605,0.4936628643,1,0.08,true
001,planted,122,0,0.02885611366,-0.08340422842,-0.07544811242,0.493964151,0,0.08,true
001,planted,123,1,0.8470237656,-0.03367497044,-0.03115987472,0.49750721,1,0.08,true
001,planted,124,0,-0.7314686827,-0.07229359639,-0.06433748039,0.4948530016,1,0.08,true
001,planted,125,1,1.266871317,0.0005872413053,0.003102337023,0.500248187,1,0.08,true
001,planted,126,0,-0.9029065712,-0.04780124033,-0.03984512432,0.4968123901,1,0.08,true
001,planted,127,1,-1.88476175,-0.1362555687,-0.133740473,0.4893007622,1,0.08,true
001,planted,128,1,-1.195527269,-0.1870940986,-0.1845790028,0.4852336798,1,0.08,true
001,planted,129,1,0.4408675407,-0.1592453895,-0.1567302937,0.4874615765,0,0.08,true
001,planted,130,0,0.3989675784,-0.1340235335,-0.1260674175,0.4899146066,1,0.08,true
001,planted,131,0,0.488463017,-0.1041463601,-0.09619024411,0.4923047805,1,0.08,true
001,planted,132,1,-1.267098809,-0.1623228242,-0.1598077284,0.4872153817,0,0.08,true
001,planted,133,1,0.147387997,-0.1503372089,-0.1478221132,0.4881742309,0,0.08,true
001,planted,134,1,-0.6407868443,-0.1790887324,-0.1765736366,0.4858741091,1,0.08,true
001,planted,135,0,0.6727123335,-0.1357791065,-0.1278229905,0.4897741608,1,0.08,true
001,planted,136,1,-0.9587840157,-0.1805718533,-0.1780567576,0.4857554594,0,0.08,true
001,planted,137,0,0.03362865479,-0.174128279,-0.166172163,0.486706227,0,0.08,true
001,planted,138,0,-0.9433470181,-0.2172301418,-0.2092740258,0.4832580779,0,0.08,true
001,planted,139,1,-0.5028604042,-0.2383437847,-0.235828689,0.4811337049,0,0.08,true
001,planted,140,0,-0.3845424936,-0.2532798505,-0.2453237345,0.4803741012,1,0.08,true
001,planted,141,0,-1.871842486,-0.3203551913,-0.3123990753,0.475008074,1,0.08,true
001,planted,142,0,-0.6384357669,-0.3427987048,-0.3348425888,0.4732125929,0,0.08,true
001,planted,143,1,0.5312827362,-0.3023159698,-0.2998008741,0.4760159301,1,0.08,true
001,planted,144,0,1.32674112,-0.2091672871,-0.2012111711,0.4839031063,0,0.08,true
001,planted,145,0,0.01095245078,-0.2032734263,-0.1953173103,0.4843746152,1,0.08,true
001,planted,146,0,-0.8716414349,-0.2412013326,-0.2332452166,0.4813403827,0,0.08,true
001,planted,147,0,-1.846508905,-0.3072741242,-0.2993180082,0.4760545593,0,0.08,true
001,planted,148,1,-1.161829899,-0.3475758329,-0.3450607372,0.472395141,1,0.08,true
001,planted,149,1,0.6017167505,-0.3047470017,-0.302231906,0.4758214475,0,0.08,true
001,planted,150,0,-0.5327680255,-0.322494326,-0.31453821,0.4748369432,1,0.08,true
001,planted,151,0,1.013214265,-0.252846286,-0.24489017,0.4804087864,0,0.08,true
001,planted,152,1,-1.91751394,-0.3171017359,-0.3145866402,0.4748330688,1,0.08,true
001,planted,153,0,-0.8103866183,-0.3438408714,-0.3358847554,0.4731292196,1,0.08,true
001,planted,154,0,-1.010330751,-0.3763106863,-0.3683545703,0.4705316344,0,0.08,true
001,planted,155,0,1.440065397,-0.2801112109,-0.2721550949,0.4782275924,1,0.08,true
001,planted,156,1,-1.451718035,-0.32799855,-0.3254834543,0.4739613237,0,0.08,true
001,planted,157,1,0.07029788527,-0.3162864115,-0.3137713158,0.4748982947,1,0.08,true
001,planted,158,1,1.062679739,-0.249277741,-0.2467626453,0.4802589884,1,0.08,true
001,planted,159,0,-0.4060359928,-0.2618806151,-0.2539244991,0.4796860401,1,0.08,true
001,planted,160,0,-0.327484007,-0.2709652774,-0.2630091614,0.4789592671,1,0.08,true
001,planted,161,1,-1.336871455,-0.318129351,-0.3156142553,0.4747508596,1,0.08,true
001,planted,162,0,1.684132327,-0.2105356446,-0.2025795286,0.4837936377,1,0.08,true
001,planted,163,0,-0.3959269604,-0.2235278524,-0.2155717363,0.4827542611,1,0.08,true
001,planted,164,0,-1.419263855,-0.2748046373,-0.2668485213,0.4786521183,0,0.08,true
001,planted,165,1,0.3231538187,-0.2515985666,-0.2490834709,0.4800733223,0,0.08,true
001,planted,166,1,0.002571700569,-0.2451005727,-0.242585477,0.4805931618,1,0.08,true
001,planted,167,0,0.2524759392,-0.2256975686,-0.2177414526,0.4825806838,1,0.08,true
001,planted,168,0,0.3068200106,-0.2034994068,-0.1955432908,0.4843565367,0,0.08,true
001,planted,169,1,-0.2849114746,-0.2130287262,-0.2105136304,0.4831589096,1,0.08,true
001,planted,170,1,-0.3211846157,-0.2244552712,-0.2219401754,0.482244786,1,0.08,true
001,planted,171,1,-1.315599989,-0.2775699307,-0.275054835,0.4779956132,0,0.08,true
001,planted,172,0,1.332563003,-0.1884719292,-0.1805158132,0.4855587349,0,0.08,true
001,planted,173,0,-0.8492102601,-0.2242454834,-0.2162893674,0.4826968506,0,0.08,true
001,planted,174,0,-0.3581627156,-0.2368148358,-0.2288587198,0.4816913024,1,0.08,true
001,planted,175,0,0.1335675021,-0.2234145772,-0.2154584611,0.4827633231,0,0.08,true
001,planted,176,0,1.451875242,-0.128349132,-0.120393016,0.4903685587,1,0.08,true
001,planted,177,0,-1.752807732,-0.2023031105,-0.1943469945,0.4844522404,0,0.08,true
001,planted,178,0,0.3865296905,-0.1767940385,-0.1688379225,0.4864929662,0,0.08,true
001,planted,179,0,-0.3568418231,-0.1902502404,-0.1822941244,0.48541647,0,0.08,true
001,planted,180,1,1.306598872,-0.1106069283,-0.1080918326,0.4913526534,0,0.08,true
001,planted,181,1,-0.5905399157,-0.1373216574,-0.1348065617,0.4892154751,1,0.08,true
001,planted,182,1,-0.2460735825,-0.1466448636,-0.1441297678,0.4884696186,1,0.08,true
001,planted,183,0,-1.245191799,-0.2015489938,-0.1935928778,0.4845125698,1,0.08,true
001,planted,184,1,-1.376363285,-0.2563966779,-0.2538815822,0.4796894734,0,0.08,true
001,planted,185,0,-2.198173855,-0.3242924212,-0.3163363052,0.4746930956,0,0.08,true
001,planted,186,1,0.1048743999,-0.3110222955,-0.3085071998,0.475319424,0,0.08,true
001,planted,187,1,-1.114776659,-0.3473616984,-0.3448466027,0.4724122718,0,0.08,true
001,planted,188,0,-0.7341189808,-0.3695570837,-0.3616009677,0.4710719226,1,0.08,true
001,planted,189,0,0.2676985732,-0.346423685,-0.338467569,0.4729225945,1,0.08,true
001,planted,190,1,-0.3988245171,-0.3563186309,-0.3538035352,0.4716957172,0,0.08,true
001,planted,191,1,-1.102772115,-0.3916598286,-0.3891447329,0.4688684214,1,0.08,true
001,planted,192,0,1.152798732,-0.3120008718,-0.3040447558,0.4756764195,0,0.08,true
001,planted,193,1,0.988172337,-0.2477240558,-0.2452089601,0.4803832832,1,0.08,true
001,planted,194,0,-0.5972959467,-0.2693571787,-0.2614010627,0.479087915,0,0.08,true
001,planted,195,0,0.4630632815,-0.2372358679,-0.2292797519,0.4816576199,0,0.08,true
001,planted,196,1,-0.5846593687,-0.2596125774,-0.2570974817,0.4794322015,1,0.08,true
001,planted,197,1,0.07707666467,-0.2488641619,-0.2463490662,0.4802920747,0,0.08,true
001,planted,198,0,-1.003712002,-0.2890855305,-0.2811294145,0.4775096468,0,0.08,true
001,planted,199,1,0.6450131976,-0.2434105873,-0.2408954916,0.4807283607,0,0.08,true
001,planted,200,1,-0.1415290088,-0.2449532099,-0.2424381142,0.4806049509,1,0.08,true
001,planted,201,0,0.6547078855,-0.1987416363,-0.1907855203,0.4847371584,1,0.08,true
001,planted,202,0,-0.8233086823,-0.2358898645,-0.2279337485,0.4817653001,0,0.08,true
001,planted,203,0,-0.7449311679,-0.2680596094,-0.2601034934,0.4791917205,1,0.08,true
001,planted,204,1,-0.8701001797,-0.3042372808,-0.3017221851,0.4758622252,1,0.08,true
001,planted,205,1,-0.6058542025,-0.3277831572,-0.3252680614,0.4739785551,1,0.08,true
001,planted,206,1,0.01377007812,-0.3186680567,-0.3161529609,0.4747077631,1,0.08,true
001,planted,207,0,-0.5573904797,-0.3405137308,-0.3325576148,0.4733953908,1,0.08,true
001,planted,208,0,-0.2000412578,-0.3436701893,-0.3357140733,0.4731428741,0,0.08,true
001,planted,209,0,-0.7573636109,-0.3742461665,-0.3662900505,0.470696796,1,0.08,true
001,planted,210,0,0.180101836,-0.3529320628,-0.3449759468,0.4724019243,1,0.08,true
001,planted,211,1,0.1569802333,-0.3334866957,-0.3309715999,0.473522272,0,0.08,true
001,planted,212,1,0.8001552316,-0.2645827081,-0.2620676124,0.479034591,1,0.08,true
001,planted,213,1,0.1063134396,-0.2507161804,-0.2482010847,0.4801439132,0,0.08,true
001,planted,214,1,1.847812628,-0.1036280822,-0.1011129865,0.4919109611,1,0.08,true
001,planted,215,1,-0.6786672072,-0.1398908523,-0.1373757565,0.4890099395,0,0.08,true
001,planted,216,1,1.732052341,-0.02722360001,-0.02470850429,0.4980233197,1,0.08,true
001,planted,217,1,-0.2473199532,-0.04050918562,-0.0379940899,0.4969604728,1,0.08,true
001,planted,218,0,0.8044032751,0.007169415292,0.0151255313,0.5012100425,0,0.08,true
001,planted,219,1,-0.09728269935,0.001302730867,0.003817826585,0.5003054261,1,0.08,true
001,planted,220,0,0.2970026789,0.01901011642,0.02696623242,0.5021572986,1,0.08,true
001,planted,221,1,-0.3476358477,-0.002767693461,-0.0002525977429,0.4999797922,0,0.08,true
001,planted,222,0,2.08105591,0.1102405353,0.1181966513,0.5094557321,0,0.08,true
001,planted,223,1,0.4607394294,0.1321582913,0.1346733871,0.510773871,1,0.08,true
001,planted,224,1,0.6995872634,0.1658116952,0.168326791,0.5134661433,1,0.08,true
001,planted,225,0,-0.7231295814,0.1182808048,0.1262369208,0.5100989537,0,0.08,true
001,planted,226,1,1.073176344,0.1707487474,0.1732638431,0.5138611074,0,0.08,true
001,planted,227,1,-0.2591359671,0.1513203965,0.1538354922,0.5123068394,1,0.08,true
001,planted,228,0,-0.3716616574,0.1252071055,0.1331632215,0.5106530577,0,0.08,true
001,planted,229,0,-1.068385121,0.05612241895,0.06407853495,0.5051262828,1,0.08,true
001,planted,230,1,0.5254078397,0.08479790178,0.0873129975,0.5069850398,1,0.08,true
001,planted,231,0,0.6405372815,0.1192045855,0.1271607015,0.5101728561,0,0.08,true
001,planted,232,1,1.435199142,0.1892011829,0.1917162786,0.5153373023,1,0.08,true
001,planted,233,0,-0.7659781824,0.13745144,0.1454075561,0.5116326045,1,0.08,true
001,planted,234,1,0.3078451969,0.1514000269,0.1539151226,0.5123132098,1,0.08,true
001,planted,235,1,1.65838792,0.2252923681,0.2278074638,0.5182245971,1,0.08,true
001,planted,236,1,0.4465650163,0.2430252176,0.2455403133,0.5196432251,0,0.08,true
001,planted,237,1,0.574244512,0.2667407135,0.2692558092,0.5215404647,0,0.08,true
001,planted,238,1,0.9270686782,0.3049511524,0.3074662481,0.5245972998,1,0.08,true
001,planted,239,0,0.08301047227,0.3019491982,0.3099053142,0.5247924251,1,0.08,true
001,planted,240,0,-0.6285158748,0.2536272332,0.2615833492,0.5209266679,0,0.08,true
001,planted,241,1,-1.406046179,0.152540832,0.1550559277,0.5124044742,0,0.08,true
001,planted,242,0,1.013807098,0.2002802823,0.2082363983,0.5166589119,1,0.08,true
001,planted,243,1,0.4326325962,0.2185779651,0.2210930608,0.5176874449,0,0.08,true
001,planted,244,0,-0.704634132,0.1691980036,0.1771541196,0.5141723296,0,0.08,true
001,planted,245,0,-0.3897721926,0.1412762108,0.1492323268,0.5119385861,0,0.08,true
001,planted,246,0,0.9081138604,0.1866952062,0.1946513222,0.5155721058,1,0.08,true
001,planted,247,0,-0.7081950623,0.137200461,0.145156577,0.5116125262,0,0.08,true
001,planted,248,0,-0.01627735199,0.1327443953,0.1407005113,0.5112560409,0,0.08,true
001,planted,249,0,0.06894656347,0.1336212331,0.1415773491,0.5113261879,1,0.08,true
001,planted,250,0,0.4235749985,0.1559772845,0.1639334005,0.513114672,1,0.08,true
001,planted,251,1,-0.4467122534,0.1221583851,0.1246734808,0.5099738785,1,0.08,true
001,planted,252,0,0.8008798307,0.1671382015,0.1750943175,0.5140075454,1,0.08,true
001,planted,253,1,0.03917314449,0.1654666877,0.1679817834,0.5134385427,0,0.08,true
001,planted,254,1,-0.3199368907,0.1390868568,0.1416019525,0.5113281562,1,0.08,true
001,planted,255,0,-0.4003479242,0.1072212463,0.1151773623,0.509214189,1,0.08,true
001,planted,256,0,0.3693275942,0.1295079321,0.1374640481,0.5109971238,1,0.08,true
001,planted,257,0,-0.3147097344,0.1032462092,0.1112023252,0.508896186,1,0.08,true
001,planted,258,0,-1.327615965,0.003576314741,0.01153243074,0.5009225945,0,0.08,true
001,planted,259,0,0.4863420549,0.03645080762,0.04440692363,0.5035525539,1,0.08,true
001,planted,260,0,0.7189472929,0.08351617481,0.09147229081,0.5073177833,1,0.08,true
001,planted,261,1,-1.528768687,-0.022715884,-0.02020078828,0.4983839369,0,0.08,true
001,planted,262,1,-0.3553643066,-0.04484779867,-0.04233270295,0.4966133838,0,0.08,true
001,planted,263,1,1.168346802,0.03146001166,0.03397510738,0.5027180086,0,0.08,true
001,planted,264,1,-1.143329521,-0.04032074772,-0.037805652,0.4969755478,0,0.08,true
001,planted,265,1,0.4932980263,-0.008469445736,-0.005954350018,0.499523652,0,0.08,true
001,planted,266,1,-0.03910245469,-0.01073186478,-0.008216769058,0.4993426585,1,0.08,true
001,planted,267,0,-0.4964514903,-0.04229228231,-0.03433616631,0.4972531067,0,0.08,true
001,planted,268,0,0.8776956772,0.01617823587,0.02413435188,0.5019307482,0,0.08,true
001,planted,269,0,-0.265029763,-0.001601113803,0.006355002201,0.5005084002,0,0.08,true
001,planted,270,1,-2.41244423,-0.1323328334,-0.1298177376,0.489614581,0,0.08,true
001,planted,271,1,1.603319271,-0.03678153313,-0.03426643741,0.497258685,1,0.08,true
001,planted,272,1,-0.06145655345,-0.03910969297,-0.03659459725,0.4970724322,0,0.08,true
001,planted,273,1,-0.7168431238,-0.07602149215,-0.07350639644,0.4941194883,0,0.08,true
001,planted,274,0,-0.4321413122,-0.09734103318,-0.08938491717,0.4928492066,1,0.08,true
001,planted,275,1,-0.4235169343,-0.1180009187,-0.115485823,0.4907611342,0,0.08,true
001,planted,276,0,-0.08226155987,-0.11970086,-0.111744744,0.4910604205,0,0.08,true
001,planted,277,1,-0.1226029551,-0.1238129491,-0.1212978534,0.4902961717,1,0.08,true
001,planted,278,1,-0.9441602004,-0.1721056023,-0.1695905066,0.4864327595,0,0.08,true
001,planted,279,0,-0.02105853897,-0.1690072699,-0.1610511539,0.4871159077,1,0.08,true
001,planted,280,0,1.271714548,-0.08167639355,-0.07372027755,0.4941023778,0,0.08,true
001,planted,281,1,1.500589051,0.009059568108,0.01157466383,0.5009259731,0,0.08,true
001,planted,282,1,-0.08411825634,0.004056646578,0.006571742296,0.5005257394,1,0.08,true
001,planted,283,1,0.7281484253,0.04552013788,0.0480352336,0.5038428187,1,0.08,true
001,planted,284,0,-0.03500055948,0.04231244357,0.05026855957,0.5040214848,1,0.08,true
001,planted,285,0,0.3296726225,0.0608438978,0.06880001381,0.5055040011,1,0.08,true
001,planted,286,1,-1.183237763,-0.01281427914,-0.01029918343,0.4991760653,0,0.08,true
001,planted,287,1,0.4864369855,0.0165597582,0.01907485392,0.5015259883,0,0.08,true
001,planted,288,1,0.330519803,0.03617134117,0.03868643689,0.503094915,0,0.08,true
001,planted,289,1,-0.1708939479,0.0245669648,0.02708206052,0.5021665648,1,0.08,true
001,planted,290,1,-1.905376897,-0.0859402997,-0.08342520398,0.4933259837,1,0.08,true
001,planted,291,0,-0.5085516911,-0.1120982511,-0.1041421351,0.4916686292,0,0.08,true
001,planted,292,1,-0.7007469825,-0.1478475689,-0.1453324732,0.4883734021,1,0.08,true
001,planted,293,1,0.1897390928,-0.1327182217,-0.130203126,0.4895837499,1,0.08,true
001,planted,294,1,0.03728225774,-0.1270923987,-0.124577303,0.4900338158,1,0.08,true
001,planted,295,1,-0.2392714161,-0.1384411544,-0.1359260587,0.4891259153,0,0.08,true
001,planted,296,0,-0.5585519572,-0.1683642002,-0.1604080842,0.4871673533,1,0.08,true
001,planted,297,1,-0.02084493914,-0.1654421354,-0.1629270397,0.4869658368,0,0.08,true
001,planted,298,1,1.01062761,-0.09044440562,-0.0879293099,0.4929656552,1,0.08,true
001,planted,299,1,0.5674641757,-0.05057135855,-0.04805626283,0.496155499,1,0.08,true
001,planted,300,0,0.1662432148,-0.03830232607,-0.03034621006,0.4975723032,0,0.08,true
001,planted,301,1,-1.076365162,-0.1045625068,-0.1020474111,0.4918362071,0,0.08,true
001,planted,302,1,0.3463986526,-0.07870607319,-0.07619097748,0.4939047218,0,0.08,true
001,planted,303,0,0.8287616775,-0.02041055384,-0.01245443783,0.499003645,0,0.08,true
001,planted,304,1,0.816868461,0.03375095581,0.03626605153,0.5029012841,0,0.08,true
001,planted,305,0,0.8383895259,0.08613617457,0.09409229058,0.5075273832,1,0.08,true
001,planted,306,0,0.6032725481,0.1220443359,0.1300004519,0.5104000362,0,0.08,true
001,planted,307,0,1.360251021,0.1945623561,0.2025184721,0.5162014778,1,0.08,true
001,planted,308,0,-0.5422161924,0.1532989925,0.1612551085,0.5129004087,1,0.08,true
001,planted,309,1,-0.7461575087,0.09897843861,0.1014935343,0.5081194827,0,0.08,true
001,planted,310,1,-0.2600951432,0.07940694018,0.0819220359,0.5065537629,0,0.08,true
001,planted,311,0,-0.1156103306,0.06969723218,0.07765334818,0.5062122679,1,0.08,true
001,planted,312,0,0.4537526703,0.0978276672,0.1057837832,0.5084627027,1,0.08,true
001,planted,313,0,-0.7530635746,0.04223674359,0.05019285959,0.5040154288,0,0.08,true
001,planted,314,1,-2.65372072,-0.1098004836,-0.1072853879,0.491417169,1,0.08,true
001,planted,315,0,-0.4090625708,-0.128778268,-0.120822152,0.4903342278,0,0.08,true
001,planted,316,0,-2.025607665,-0.2130057264,-0.2050496104,0.4835960312,1,0.08,true
001,planted,317,1,1.023702302,-0.1511349535,-0.1486198578,0.4881104114,0,0.08,true
001,planted,318,0,-0.7600642184,-0.183412774,-0.175456658,0.4859634674,0,0.08,true
001,planted,319,1,-0.6608412987,-0.2104753077,-0.207960212,0.483363183,0,0.08,true
001,planted,320,1,1.139485581,-0.1405055974,-0.1379905017,0.4889607599,1,0.08,true
001,planted,321,0,0.3638778694,-0.1176259681,-0.1096698521,0.4912264118,0,0.08,true
001,planted,322,1,-0.8954235024,-0.1586530762,-0.1561379805,0.4875089616,0,0.08,true
001,planted,323,1,-1.479885082,-0.2202095824,-0.2176944867,0.4825844411,0,0.08,true
001,planted,324,1,-1.042915954,-0.2609709951,-0.2584558994,0.4793235281,1,0.08,true
001,planted,325,1,0.1637956468,-0.2457632302,-0.2432481345,0.4805401492,0,0.08,true
001,planted,326,1,-1.323557406,-0.2952888435,-0.2927737478,0.4765781002,1,0.08,true
001,planted,327,0,-0.1650903342,-0.2961235868,-0.2881674708,0.4769466023,0,0.08,true
001,planted,328,1,1.148841093,-0.2198018327,-0.217286737,0.482617061,1,0.08,true
001,planted,329,0,-1.145914423,-0.2649152354,-0.2569591194,0.4794432704,0,0.08,true
001,planted,330,1,-2.271351379,-0.3327160204,-0.3302009247,0.473583926,0,0.08,true
001,planted,331,1,0.5153005365,-0.2982490273,-0.2957339316,0.4763412855,0,0.08,true
001,planted,332,0,-0.7171709274,-0.3213776947,-0.3134215787,0.4749262737,0,0.08,true
001,planted,333,0,0.4108315663,-0.292043758,-0.284087642,0.4772729886,0,0.08,true
001,planted,334,1,-1.216195876,-0.333219917,-0.3307048213,0.4735436143,1,0.08,true
001,planted,335,1,0.5476164863,-0.2956185982,-0.2931035025,0.4765517198,0,0.08,true
001,planted,336,0,0.1760936733,-0.2790667672,-0.2711106512,0.4783111479,1,0.08,true
001,planted,337,1,1.71113953,-0.1710464326,-0.1685313369,0.486517493,1,0.08,true
001,planted,338,0,0.8015475013,-0.1253724463,-0.1174163303,0.4906066936,1,0.08,true
001,planted,339,1,1.657877601,-0.03737992966,-0.03486483394,0.4972108133,0,0.08,true
001,planted,340,1,0.0715949036,-0.03300527006,-0.03049017434,0.4975607861,1,0.08,true
001,planted,341,1,-0.1909107579,-0.0415003316,-0.03898523588,0.4968811811,0,0.08,true
001,planted,342,0,-0.6480325693,-0.07227930486,-0.06432318885,0.4948541449,0,0.08,true
001,planted,343,1,-0.383849705,-0.08970578612,-0.08719069041,0.4930247448,0,0.08,true
001,planted,344,0,-2.714414725,-0.1935287178,-0.1855726018,0.4851541919,1,0.08,true
001,planted,345,1,-1.27538743,-0.2385072122,-0.2359921164,0.4811206307,0,0.08,true
001,planted,346,0,0.468468958,-0.2104864137,-0.2025302977,0.4837975762,0,0.08,true
001,planted,347,0,1.941910731,-0.1077758727,-0.09981975669,0.4920144195,1,0.08,true
001,planted,348,0,-1.278209225,-0.1561541016,-0.1481979856,0.4881441612,1,0.08,true
001,planted,349,1,-1.404105271,-0.2057833333,-0.2032682376,0.483738541,1,0.08,true
001,planted,350,1,-0.58000963,-0.2241697239,-0.2216546282,0.4822676297,1,0.08,true
001,planted,351,0,1.596921606,-0.1415273056,-0.1335711896,0.4893143048,0,0.08,true
001,planted,352,0,-0.02073851786,-0.1388346138,-0.1308784978,0.4895297202,1,0.08,true
001,planted,353,1,-0.5696643355,-0.1594524105,-0.1569373148,0.4874450148,1,0.08,true
001,planted,354,1,0.3579587046,-0.1389505289,-0.1364354332,0.4890851653,0,0.08,true
001,planted,355,0,0.9484614605,-0.09006430562,-0.08210818961,0.4934313448,0,0.08,true
001,planted,356,1,0.8908071373,-0.04571309874,-0.04319800302,0.4965441598,0,0.08,true
001,planted,357,0,-0.2923421024,-0.05812080029,-0.05016468428,0.4959868253,0,0.08,true
001,planted,358,0,-2.327317833,-0.1504634541,-0.1425073381,0.488599413,0,0.08,true
001,planted,359,1,0.4787835381,-0.1250431969,-0.1225281012,0.4901977519,1,0.08,true
001,planted,360,1,-0.8984590484,-0.1596595517,-0.157144456,0.4874284435,0,0.08,true
001,planted,361,1,-0.01377133598,-0.1562409185,-0.1537258228,0.4877019342,0,0.08,true
001,planted,362,1,-1.03101433,-0.1958078187,-0.193292723,0.4845365822,1,0.08,true
001,planted,363,1,2.664845771,-0.05806552537,-0.05555042965,0.4955559656,0,0.08,true
001,planted,364,0,0.9685568491,-0.01579943136,-0.007843315361,0.4993725348,0,0.08,true
001,planted,365,0,-0.8108606709,-0.04908772242,-0.04113160641,0.4967094715,0,0.08,true
001,planted,366,0,-2.743961792,-0.1464165334,-0.1384604174,0.4889231666,1,0.08,true
001,planted,367,0,0.5199897778,-0.1219769939,-0.1140208779,0.4908783298,1,0.08,true
001,planted,368,0,0.2506135575,-0.1088159848,-0.1008598688,0.4919312105,1,0.08,true
001,planted,369,1,-0.366361639,-0.1207221772,-0.1182070815,0.4905434335,0,0.08,true
001,planted,370,0,0.2208487272,-0.1083599662,-0.1004038502,0.491967692,1,0.08,true
001,planted,371,0,-0.9631047861,-0.1443756429,-0.1364195269,0.4890864378,0,0.08,true
001,planted,372,1,0.396015586,-0.1232719716,-0.1207568759,0.4903394499,0,0.08,true
001,planted,373,0,1.143789268,-0.06794911753,-0.05999300152,0.4952005599,0,0.08,true
001,planted,374,0,0.3631345841,-0.05005738091,-0.0421012649,0.4966318988,1,0.08,true
001,planted,375,0,2.290324546,0.04968594766,0.05764206367,0.5046113651,1,0.08,true
001,planted,376,0,-1.14206774,0.0003499438691,0.008306059873,0.5006644848,0,0.08,true
001,planted,377,1,0.6249405917,0.02654141823,0.02905651395,0.5023245211,1,0.08,true
001,planted,378,1,-0.1856426657,0.01787209525,0.02038719097,0.5016309753,1,0.08,true
001,planted,379,1,-0.7303072112,-0.01464090104,-0.01212580532,0.4990299356,0,0.08,true
001,planted,380,0,2.025593769,0.07084729246,0.07880340847,0.5063042727,0,0.08,true
001,planted,381,0,-0.6825678973,0.03965447783,0.04761059383,0.5038088475,0,0.08,true
001,planted,382,0,-0.2549871844,0.02756969516,0.03552581117,0.5028420649,0,0.08,true
001,planted,383,0,1.636685747,0.09466058806,0.1026167041,0.5082093363,1,0.08,true
001,planted,384,1,-2.774536096,-0.02459823049,-0.02208313477,0.4982333492,0,0.08,true
001,planted,385,1,-0.7698625027,-0.05362871733,-0.05111362161,0.4959109103,0,0.08,true
001,planted,386,1,2.436396853,0.04101748918,0.04353258489,0.5034826068,1,0.08,true
001,planted,387,0,-0.001868136676,0.03990890834,0.04786502434,0.5038292019,0,0.08,true
001,planted,388,1,0.05851236599,0.04114552537,0.04366062109,0.5034928497,0,0.08,true
001,planted,389,1,0.1729714123,0.04690328215,0.04941837787,0.5039534702,1,0.08,true
001,planted,390,0,1.095995645,0.08832172302,0.09627783902,0.5077022271,1,0.08,true
001,planted,391,0,-1.078925462,0.04138160464,0.04933772065,0.5039470177,1,0.08,true
001,planted,392,0,-0.4680213002,0.02107895117,0.02903506718,0.5023228054,1,0.08,true
001,planted,393,1,0.235491612,0.03037955861,0.03289465433,0.5026315723,0,0.08,true
001,planted,394,0,0.6431432404,0.05679088007,0.06474699608,0.5051797597,0,0.08,true
001,planted,395,0,0.1790991103,0.06314370596,0.07109982196,0.5056879858,1,0.08,true
001,planted,396,1,1.393455656,0.119433452,0.1219485477,0.5097558838,1,0.08,true
001,planted,397,1,-2.033340792,0.02443851893,0.02695361464,0.5021562892,0,0.08,true
001,planted,398,1,-1.043781188,-0.01979918339,-0.01728408768,0.498617273,1,0.08,true
001,planted,399,1,0.1034171036,-0.01490654021,-0.01239144449,0.4990086844,1,0.08,true
001,planted,400,0,0.6742278478,0.01469296832,0.02264908432,0.5018119267,0,0.08,true
001,planted,401,1,2.491953879,0.111792914,0.1143080098,0.5091446408,0,0.08,true
001,planted,402,1,-0.3214330611,0.09570324655,0.09821834226,0.5078574674,1,0.08,true
001,planted,403,1,0.5108847549,0.1140801246,0.1165952204,0.5093276176,1,0.08,true
001,planted,404,0,0.9133462565,0.1478917909,0.1558479069,0.5124678326,1,0.08,true
001,planted,405,0,-0.4523737981,0.1241897134,0.1321458294,0.5105716664,0,0.08,true
001,planted,406,1,-2.390754611,0.01428024196,0.01679533768,0.501343627,1,0.08,true
001,planted,407,0,-1.551696029,-0.04762157323,-0.03966545723,0.4968267634,0,0.08,true
001,planted,408,0,-0.4878174415,-0.06584036255,-0.05788424655,0.4953692603,1,0.08,true
001,planted,409,0,-0.8607667433,-0.09843040806,-0.09047429205,0.4927620566,1,0.08,true
001,planted,410,1,-0.3460344828,-0.1101646844,-0.1076495886,0.4913880329,0,0.08,true
001,planted,411,0,-0.2274358946,-0.1169929017,-0.1090367857,0.4912770571,0,0.08,true
001,planted,412,0,0.07183403971,-0.1108701142,-0.1029139982,0.4917668801,0,0.08,true
001,planted,413,0,0.1789594078,-0.09994882217,-0.09199270616,0.4926405835,0,0.08,true
001,planted,414,0,0.002597889015,-0.09729824133,-0.08934212533,0.49285263,1,0.08,true
001,planted,415,0,1.401213542,-0.02735928052,-0.01940316452,0.4984477468,1,0.08,true
001,planted,416,0,-0.3010596789,-0.04059861169,-0.03264249569,0.4973886003,1,0.08,true
001,planted,417,1,1.768894942,0.0418538639,0.04436895962,0.5035495168,0,0.08,true
001,planted,418,1,0.5520330072,0.06563315486,0.06814825058,0.50545186,1,0.08,true
001,planted,419,0,0.09403474514,0.06834425463,0.07630037063,0.5061040297,0,0.08,true
001,planted,420,1,-1.639561901,-0.01116567928,-0.008650583563,0.4993079533,1,0.08,true
001,planted,421,1,-0.216964513,-0.02091190104,-0.01839680532,0.4985282556,1,0.08,true
001,planted,422,0,-0.2612735114,-0.03273644756,-0.02478033155,0.4980175735,1,0.08,true
001,planted,423,0,0.05624852771,-0.02916970112,-0.02121358512,0.4983029132,0,0.08,true
001,planted,424,0,0.7846482516,0.01055824996,0.01851436597,0.5014811493,0,0.08,true
001,planted,425,0,-0.5335925572,-0.01649601739,-0.008539901389,0.4993168079,0,0.08,true
001,planted,426,1,-0.1770983123,-0.02515391698,-0.02263882126,0.4981888943,1,0.08,true
001,planted,427,1,0.2352390768,-0.01211208587,-0.009596990155,0.4992322408,1,0.08,true
001,planted,428,0,1.565654649,0.06795988754,0.07591600355,0.5060732803,0,0.08,true
001,planted,429,0,0.4335587095,0.08824161983,0.09619773583,0.5076958189,0,0.08,true
001,planted,430,0,0.09143478925,0.09081849046,0.09877460646,0.5079019685,1,0.08,true
001,planted,431,1,-1.039856663,0.03117178304,0.03368687876,0.5026949503,1,0.08,true
001,planted,432,1,0.03200680445,0.03210773064,0.03462282636,0.5027698261,1,0.08,true
001,planted,433,0,0.6588487435,0.0668669749,0.07482309091,0.5059858473,1,0.08,true
001,planted,434,1,0.3542867788,0.08469118318,0.0872062789,0.5069765023,0,0.08,true
001,planted,435,0,1.291126033,0.1485665625,0.1565226785,0.5125218143,1,0.08,true
001,planted,436,1,0.2687843622,0.159438935,0.1619540307,0.5129563225,0,0.08,true
001,planted,437,0,0.09368090306,0.1607048987,0.1686610147,0.5134928812,0,0.08,true
001,planted,438,1,-0.3299284617,0.1368037326,0.1393188283,0.5111455063,1,0.08,true
001,planted,439,1,0.3694810323,0.1547031131,0.1572182088,0.5125774567,0,0.08,true
001,planted,440,1,1.417572975,0.2213896471,0.2239047429,0.5179123794,0,0.08,true
001,planted,441,1,-1.433623181,0.1235601177,0.1260752134,0.5100860171,1,0.08,true
001,planted,442,0,1.43318192,0.1890579869,0.1970141029,0.5157611282,1,0.08,true
001,planted,443,1,1.510079954,0.2499247713,0.252439867,0.5201951894,0,0.08,true
001,planted,444,1,0.6156753389,0.2729509657,0.2754660614,0.5220372849,0,0.08,true
001,planted,445,0,0.7441167208,0.3008640303,0.3088201463,0.5247056117,0,0.08,true
001,planted,446,1,-1.087487208,0.2273565945,0.2298716902,0.5183897352,1,0.08,true
001,planted,447,0,1.448125793,0.2823643736,0.2903204896,0.5232256392,1,0.08,true
001,planted,448,0,-0.8258456459,0.2284709298,0.2364270458,0.5189141637,1,0.08,true
001,planted,449,1,0.3000911862,0.2377187944,0.2402338901,0.5192187112,0,0.08,true
001,planted,450,1,-0.5819303684,0.198815377,0.2013304727,0.5161064378,1,0.08,true
001,planted,451,1,0.7737554917,0.2316243899,0.2341394856,0.5187311588,0,0.08,true
001,planted,452,0,0.8456073298,0.2662919459,0.2742480619,0.521939845,1,0.08,true
001,planted,453,1,0.1661300809,0.2684356245,0.2709507202,0.5216760576,0,0.08,true
001,planted,454,1,1.484098044,0.3232929411,0.3258080368,0.5260646429,1,0.08,true
001,planted,455,1,-3.71713217,0.08501037259,0.08752546831,0.5070020375,1,0.08,true
001,planted,456,1,-0.8832391326,0.04582773027,0.04834282598,0.5038674261,1,0.08,true
001,planted,457,0,0.4811492063,0.06450134138,0.07245745738,0.5057965966,1,0.08,true
001,planted,458,1,0.244405483,0.07321859261,0.07573368833,0.5060586951,1,0.08,true
001,planted,459,0,-0.3397580201,0.05638052205,0.06433663806,0.505146931,1,0.08,true
001,planted,460,1,0.7100594899,0.08588130195,0.08839639766,0.5070717118,0,0.08,true
001,planted,461,0,1.452355668,0.1436240572,0.1515801732,0.5121264139,0,0.08,true
001,planted,462,0,0.4552773714,0.1596993385,0.1676554545,0.5134124364,0,0.08,true
001,planted,463,1,0.147246853,0.1623146164,0.1648297121,0.513186377,0,0.08,true
001,planted,464,0,0.16892617,0.1660213971,0.1739775131,0.513918201,0,0.08,true
001,planted,465,1,-2.404863841,0.04103751157,0.04355260729,0.5034842086,1,0.08,true
001,planted,466,1,-1.520814743,-0.02552741915,-0.02301232343,0.4981590141,0,0.08,true
001,planted,467,0,-0.2536149559,-0.03576448806,-0.02780837206,0.4977753302,0,0.08,true
001,planted,468,1,0.9845004345,0.008446720884,0.0109618166,0.5008769453,1,0.08,true
001,planted,469,1,-1.852856863,-0.06957819348,-0.06706309776,0.4946349522,0,0.08,true
001,planted,470,1,0.2328013345,-0.05779399982,-0.0552789041,0.4955776877,0,0.08,true
001,planted,471,0,-1.100487659,-0.1022562564,-0.09430014037,0.4924559888,1,0.08,true
001,planted,472,1,1.341458225,-0.03929792839,-0.03678283267,0.4970573734,1,0.08,true
001,planted,473,0,1.080612255,0.008672129019,0.01662824502,0.5013302596,1,0.08,true
001,planted,474,1,0.1768911563,0.01619367006,0.01870876578,0.5014967013,1,0.08,true
001,planted,475,0,0.5811606598,0.04161150595,0.04956762196,0.5039654098,1,0.08,true
001,planted,476,0,0.4272914937,0.05989239958,0.06784851559,0.5054278812,1,0.08,true
001,planted,477,1,0.2160415871,0.06841568852,0.07093078424,0.5056744627,1,0.08,true
001,planted,478,1,-0.2672954774,0.05377509436,0.05629019008,0.5045032152,0,0.08,true
001,planted,479,1,0.5621815711,0.07942824134,0.08194333706,0.506555467,1,0.08,true
001,planted,480,1,-1.816971991,-0.01248189514,-0.009966799423,0.499202656,0,0.08,true
001,planted,481,0,-0.01980285551,-0.01310725752,-0.005151141513,0.4995879087,0,0.08,true
001,planted,482,1,0.3414802536,0.003871214319,0.006386310037,0.5005109048,0,0.08,true
001,planted,483,0,-2.262850387,-0.0974398448,-0.0894837288,0.4928413017,1,0.08,true
001,planted,484,1,-0.2341576057,-0.1055542692,-0.1030391735,0.4917568661,0,0.08,true
001,planted,485,0,-0.0987842761,-0.1074856326,-0.09952951662,0.4920376387,1,0.08,true
001,planted,486,0,-0.5864690861,-0.1318987751,-0.1239426591,0.4900845873,1,0.08,true
001,planted,487,1,0.3982823136,-0.1086682661,-0.1061531704,0.4915077464,1,0.08,true
001,planted,488,0,-0.4431665442,-0.1274463404,-0.1194902243,0.4904407821,1,0.08,true
001,planted,489,0,0.3016103321,-0.1085687653,-0.1006126493,0.4919509881,1,0.08,true
001,planted,490,1,-1.661301703,-0.179556687,-0.1770415913,0.4858366727,1,0.08,true
001,planted,491,0,0.4129710489,-0.1537225878,-0.1457664718,0.4883386823,0,0.08,true
001,planted,492,1,1.22420868,-0.0841147925,-0.08159969678,0.4934720243,0,0.08,true
001,planted,493,0,-1.318716759,-0.1423373701,-0.1343812541,0.4892494997,0,0.08,true
001,planted,494,0,0.4067483118,-0.1180778497,-0.1101217337,0.4911902613,1,0.08,true
001,planted,495,1,0.3304907508,-0.09806225054,-0.09554715482,0.4923562276,0,0.08,true
001,planted,496,1,-0.9656159437,-0.1421327352,-0.1396176395,0.4888305888,1,0.08,true
001,planted,497,1,-0.601171097,-0.168115646,-0.1656005503,0.486751956,1,0.08,true
001,planted,498,0,-1.084801419,-0.2141842855,-0.2062281695,0.4835017464,1,0.08,true
001,planted,499,0,0.6975744758,-0.1699247346,-0.1619686186,0.4870425105,0,0.08,true
001,planted,500,0,-1.138489789,-0.2182342924,-0.2102781764,0.4831777459,1,0.08,true
001,planted,501,0,-0.9573261232,-0.256625794,-0.248669678,0.4801064258,0,0.08,true
001,planted,502,1,-0.8653877569,-0.2897261556,-0.2872110599,0.4770231152,0,0.08,true
001,planted,503,1,1.493815249,-0.191721054,-0.1892059583,0.4848635233,1,0.08,true
001,planted,504,1,0.3918634078,-0.1661422221,-0.1636271264,0.4869098299,1,0.08,true
001,planted,505,0,0.8238574711,-0.1166971373,-0.1087410213,0.4913007183,1,0.08,true
001,planted,506,1,-0.5291547584,-0.1405368481,-0.1380217524,0.4889582598,1,0.08,true
001,planted,507,1,2.310089193,-0.01141375587,-0.00889866015,0.4992881072,1,0.08,true
001,planted,508,1,-0.8982950628,-0.05338057904,-0.05086548332,0.4959307613,1,0.08,true
001,planted,509,0,-0.9152396575,-0.09456703072,-0.08661091472,0.4930711268,1,0.08,true
001,planted,510,1,0.1789574618,-0.0833756767,-0.08086058098,0.4935311535,1,0.08,true
001,planted,511,1,1.012361056,-0.02985913614,-0.02734404042,0.4978124768,0,0.08,true
001,planted,512,1,-0.8960206137,-0.07251506665,-0.06999997093,0.4944000023,1,0.08,true
001,planted,513,0,1.486084619,0.003944253837,0.01190036984,0.5009520296,1,0.08,true
001,planted,514,1,0.465956933,0.02653657302,0.02905166874,0.5023241335,1,0.08,true
001,planted,515,1,0.2278256265,0.03720974004,0.03972483576,0.5031779869,1,0.08,true
001,planted,516,0,1.491086049,0.1066209067,0.1145770227,0.5091661618,0,0.08,true
001,planted,517,0,1.475280174,0.1684718704,0.1764279864,0.5141142389,1,0.08,true
001,planted,518,1,-0.412432767,0.1436313653,0.146146461,0.5116917169,1,0.08,true
001,planted,519,0,1.019088604,0.1858177173,0.1937738333,0.5155019067,0,0.08,true
001,planted,520,1,-0.3830520162,0.1615329401,0.1640480358,0.5131238429,1,0.08,true
001,planted,521,0,-0.1182949866,0.1513906307,0.1593467467,0.5127477397,0,0.08,true
001,planted,522,0,1.419317404,0.2102076666,0.2181637826,0.5174531026,1,0.08,true
001,planted,523,0,-2.187692678,0.08426712587,0.09222324187,0.5073778593,1,0.08,true
001,planted,524,0,-0.02108589176,0.08115064621,0.08910676221,0.507128541,0,0.08,true
001,planted,525,1,-0.9017834761,0.03535720865,0.03787230437,0.5030297843,0,0.08,true
001,planted,526,0,1.314793434,0.09405692044,0.1020130364,0.5081610429,0,0.08,true
001,planted,527,1,1.168484016,0.1428633597,0.1453784554,0.5116302764,1,0.08,true
001,planted,528,0,-1.895327974,0.04600105745,0.05395717345,0.5043165739,1,0.08,true
001,planted,529,1,-0.8322548068,0.007235355457,0.009750451175,0.5007800361,0,0.08,true
001,planted,530,1,-1.498757238,-0.05860397199,-0.05608887628,0.4955128899,0,0.08,true
001,planted,531,0,2.084790416,0.03335659202,0.04131270802,0.5033050166,1,0.08,true
001,planted,532,0,-0.2394173748,0.02234735156,0.03030346756,0.5024242774,1,0.08,true
001,planted,533,0,-1.050248115,-0.02333537465,-0.01537925865,0.4987696593,0,0.08,true
001,planted,534,0,0.3035268866,-0.009480385018,-0.001524269014,0.4998780585,1,0.08,true
001,planted,535,1,1.105831188,0.03924360866,0.04175870437,0.5033406963,0,0.08,true
001,planted,536,1,-0.8671017081,-0.00057101016,0.001944085558,0.5001555268,1,0.08,true
001,planted,537,1,1.464984924,0.06304438776,0.06555948348,0.5052447587,0,0.08,true
001,planted,538,0,0.1209372487,0.06681352477,0.07476964077,0.5059815713,1,0.08,true
001,planted,539,0,1.287243705,0.1198369087,0.1277930247,0.510223442,0,0.08,true
001,planted,540,0,-0.9910327758,0.07048564604,0.07844176204,0.506275341,0,0.08,true
001,planted,541,1,1.465063867,0.1298166165,0.1323317123,0.510586537,1,0.08,true
001,planted,542,1,0.4628946566,0.1466428006,0.1491578964,0.5119326317,1,0.08,true
001,planted,543,0,0.5956644737,0.1689468203,0.1769029363,0.5141522349,1,0.08,true
001,planted,544,0,-0.6416054303,0.1335658787,0.1415219947,0.5113217596,0,0.08,true
001,planted,545,0,-2.323626671,0.01795662545,0.02591274146,0.5020730193,1,0.08,true
001,planted,546,0,0.1479401323,0.02394729473,0.03190341073,0.5025522729,0,0.08,true
001,planted,547,1,0.6738890592,0.05301722137,0.05553231709,0.5044425854,0,0.08,true
001,planted,548,1,-0.7698086665,0.01644779149,0.01896288721,0.501517031,1,0.08,true
001,planted,549,1,-1.136514763,-0.03542428372,-0.032909188,0.497367265,0,0.08,true
001,planted,550,1,0.3338601278,-0.01910153738,-0.01658644166,0.4986730847,1,0.08,true
001,planted,551,1,-1.287606058,-0.07656206435,-0.07404696863,0.4940762425,0,0.08,true
001,planted,552,1,-0.5293501795,-0.09873699475,-0.09622189903,0.4923022481,1,0.08,true
001,planted,553,0,0.8246993573,-0.0561128422,-0.04815672619,0.4961474619,0,0.08,true
001,planted,554,1,0.643862889,-0.02348975548,-0.02097465976,0.4983220272,0,0.08,true
001,planted,555,0,0.3671708501,-0.004926118344,0.00302999766,0.5002423998,1,0.08,true
001,planted,556,1,-0.08165878056,-0.00888323928,-0.006368143561,0.4994905485,1,0.08,true
001,planted,557,1,-1.090486179,-0.06266418968,-0.06014909396,0.4951880725,0,0.08,true
001,planted,558,0,1.369233354,0.008426091334,0.01638220734,0.5013105766,0,0.08,true
001,planted,559,1,-0.5275776114,-0.0180383297,-0.01552323398,0.4987581413,1,0.08,true
001,planted,560,0,1.182190693,0.04117263999,0.04912875599,0.5039303005,0,0.08,true
001,planted,561,0,-0.7134334868,0.004073812475,0.01202992848,0.5009623943,0,0.08,true
001,planted,562,0,-0.1786308058,-0.005156328415,0.002799787589,0.500223983,1,0.08,true
001,planted,563,1,-0.9561299933,-0.05379544469,-0.05128034897,0.4958975721,0,0.08,true
001,planted,564,1,-0.8409504814,-0.09472585381,-0.09221075809,0.4926231394,1,0.08,true
001,planted,565,0,-0.7157206377,-0.1283030451,-0.1203469291,0.4903722457,1,0.08,true
001,planted,566,0,1.403188781,-0.04749556236,-0.03953944636,0.4968368443,0,0.08,true
001,planted,567,1,0.2297473822,-0.0343047306,-0.03178963488,0.4974568292,0,0.08,true
001,planted,568,0,0.8147372115,0.009759756488,0.01771587249,0.5014172698,1,0.08,true
001,planted,569,1,-0.07578496711,0.005447772647,0.007962868365,0.5006370295,1,0.08,true
001,planted,570,0,-0.4086851368,-0.01708535661,-0.009129240603,0.4992696608,1,0.08,true
001,planted,571,0,0.812256674,0.02837508667,0.03633120267,0.5029064962,1,0.08,true
001,planted,572,1,1.525820569,0.1061853379,0.1087004336,0.5086960347,1,0.08,true
001,planted,573,1,0.3192779152,0.1203945718,0.1229096675,0.5098327734,0,0.08,true
001,planted,574,1,0.3748956923,0.1374833211,0.1399984168,0.5111998733,0,0.08,true
001,planted,575,1,1.186208874,0.1925427672,0.1950578629,0.515604629,1,0.08,true
001,planted,576,1,0.6358977651,0.2202386153,0.222753711,0.5178202969,1,0.08,true
001,planted,577,1,0.638195428,0.2473952396,0.2499103354,0.5199928268,0,0.08,true
001,planted,578,0,0.08918958449,0.2461500763,0.2541061923,0.5203284954,1,0.08,true
001,planted,579,1,0.1764400066,0.2499649298,0.2524800255,0.520198402,1,0.08,true
001,planted,580,1,0.5598927196,0.2741103259,0.2766254216,0.5221300337,0,0.08,true
001,planted,581,1,0.6820517066,0.3034553817,0.3059704774,0.5244776382,0,0.08,true
001,planted,582,0,-0.28718676,0.2773037262,0.2852598422,0.5228207874,1,0.08,true
001,planted,583,1,-0.2492662958,0.2540292624,0.2565443581,0.5205235487,0,0.08,true
001,planted,584,0,0.1093101512,0.2544882756,0.2624443916,0.5209955513,1,0.08,true
001,planted,585,1,-1.130472832,0.1647500411,0.1672651369,0.5133812109,1,0.08,true
001,planted,586,0,0.278881254,0.1778816012,0.1858377172,0.5148670174,1,0.08,true
001,planted,587,0,-0.7492694044,0.1213826236,0.1293387396,0.5103470992,1,0.08,true
001,planted,588,0,0.5260060715,0.1510610048,0.1590171208,0.5127213697,1,0.08,true
001,planted,589,1,-0.5810090398,0.1069586804,0.1094737761,0.5087579021,1,0.08,true
001,planted,590,0,0.2303759668,0.1194718099,0.1274279259,0.5101942341,0,0.08,true
001,planted,591,0,0.2432009838,0.1328310505,0.1407871665,0.5112629733,1,0.08,true
001,planted,592,1,0.5401865248,0.1651692854,0.1676843811,0.5134147505,1,0.08,true
001,planted,593,0,0.634762891,0.2021456359,0.210101752,0.5168081402,1,0.08,true
001,planted,594,0,-0.1260171103,0.1878389323,0.1957950483,0.5156636039,0,0.08,true
001,planted,595,1,-0.4088659333,0.1516679083,0.154183004,0.5123346403,1,0.08,true
001,planted,596,0,1.268809408,0.223396212,0.2313523281,0.5185081862,1,0.08,true
001,planted,597,0,0.9830310597,0.2742319994,0.2821881154,0.5225750492,1,0.08,true
001,planted,598,1,-0.5580619775,0.2253525916,0.2278676873,0.518229415,1,0.08,true
001,planted,599,1,-0.3825278072,0.1915287904,0.1940438861,0.5155235109,0,0.08,true
001,planted,600,1,0.4724580344,0.2178839276,0.2203990233,0.5176319219,0,0.08,true
001,planted,601,0,0.2097229675,0.2270046793,0.2349607953,0.5187968636,1,0.08,true
001,planted,602,0,-3.81264345,-0.03778821097,-0.02983209497,0.4976134324,1,0.08,true
001,planted,603,1,0.06027270092,-0.03398651483,-0.03147141911,0.4974822865,0,0.08,true
001,planted,604,0,1.491747221,0.03715145412,0.04510757013,0.5036086056,0,0.08,true
001,planted,605,0,-1.24347601,-0.02178403332,-0.01382791732,0.4988937666,0,0.08,true
001,planted,606,1,-0.1341215374,-0.02750794395,-0.02499284823,0.4980005721,1,0.08,true
001,planted,607,1,1.06936141,0.02396687498,0.02648197069,0.5021185577,1,0.08,true
001,planted,608,1,0.2328574201,0.03450896635,0.03702406207,0.502961925,0,0.08,true
001,planted,609,0,-0.5680363231,0.005614846103,0.01357096211,0.501085677,1,0.08,true
001,planted,610,1,1.453006981,0.07447320755,0.07698830327,0.5061590643,1,0.08,true
001,planted,611,1,0.579173045,0.1001157004,0.1026307961,0.5082104637,1,0.08,true
001,planted,612,1,-1.294607011,0.03183328774,0.03434838346,0.5027478707,0,0.08,true
001,planted,613,1,0.5303106065,0.05667216273,0.05918725845,0.5047349807,0,0.08,true
001,planted,614,0,-1.557671452,-0.02141063137,-0.01345451537,0.4989236388,0,0.08,true
001,planted,615,1,-1.081600452,-0.07134817778,-0.06883308206,0.4944933534,1,0.08,true
001,planted,616,1,0.1199239505,-0.06371508288,-0.06119998716,0.495104001,0,0.08,true
001,planted,617,1,-0.2904061187,-0.07636097242,-0.0738458767,0.4940923299,0,0.08,true
001,planted,618,0,-0.453695953,-0.09697492753,-0.08901881152,0.4928784951,1,0.08,true
001,planted,619,1,0.01414104882,-0.09378537593,-0.09127028022,0.4926983776,1,0.08,true
001,planted,620,0,0.2555030537,-0.07766833852,-0.06971222251,0.4944230222,1,0.08,true
001,planted,621,0,-1.331776653,-0.1410453311,-0.1330892151,0.4893528628,1,0.08,true
001,planted,622,0,0.2661737412,-0.1230699728,-0.1151138568,0.4907908915,1,0.08,true
001,planted,623,1,0.6169025721,-0.08539745699,-0.08288236128,0.4933694111,1,0.08,true
001,planted,624,1,0.3461016658,-0.06387756604,-0.06136247032,0.4950910024,1,0.08,true
001,planted,625,1,-1.294088596,-0.1286577068,-0.1261426111,0.4899085911,1,0.08,true
001,planted,626,0,-0.3907416547,-0.1462478915,-0.1382917755,0.488936658,1,0.08,true
001,planted,627,0,0.2408309866,-0.128760604,-0.120804488,0.490335641,0,0.08,true
001,planted,628,0,0.07192469357,-0.1213358026,-0.1133796866,0.4909296251,0,0.08,true
001,planted,629,1,-0.02412901839,-0.1196870508,-0.1171719551,0.4906262436,0,0.08,true
001,planted,630,1,0.1300455023,-0.1087040417,-0.1061889459,0.4915048843,1,0.08,true
001,planted,631,1,1.873912437,0.009353184953,0.01186828067,0.5009494625,1,0.08,true
001,planted,632,1,-0.9190669895,-0.04175837463,-0.03924327892,0.4968605377,0,0.08,true
001,planted,633,0,0.8131052996,0.005154734904,0.01311085091,0.5010488681,0,0.08,true
001,planted,634,0,-0.7069187018,-0.03458193242,-0.02662581641,0.4978699347,0,0.08,true
001,planted,635,1,0.3532267872,-0.01338784351,-0.01087274779,0.4991301802,1,0.08,true
001,planted,636,1,0.001535930351,-0.01295882275,-0.01044372703,0.4991645018,1,0.08,true
001,planted,637,1,-1.005911537,-0.07058847815,-0.06807338243,0.4945541294,1,0.08,true
001,planted,638,0,0.2613964441,-0.0531035283,-0.0451474123,0.496388207,0,0.08,true
001,planted,639,0,2.917528916,0.09868581163,0.1066419276,0.5085313542,1,0.08,true
001,planted,640,1,-0.1623224927,0.08818587715,0.09070097286,0.5072560778,0,0.08,true
001,planted,641,0,0.2217395664,0.09696178586,0.1049179019,0.5083934321,0,0.08,true
001,planted,642,0,0.80311931,0.133550989,0.141507105,0.5113205684,0,0.08,true
001,planted,643,1,-1.814889237,0.03317769849,0.0356927942,0.5028554235,1,0.08,true
001,planted,644,1,0.7175466382,0.06671999644,0.06923509216,0.5055388074,1,0.08,true
001,planted,645,1,-1.547152204,-0.01125259747,-0.008737501754,0.4993009999,1,0.08,true
001,planted,646,0,-0.8781545051,-0.05239825909,-0.04444214308,0.4964446286,1,0.08,true
001,planted,647,1,0.6386639494,-0.01982378654,-0.01730869082,0.4986153047,0,0.08,true
001,planted,648,1,-0.6072449518,-0.04889213296,-0.04637703724,0.496289837,1,0.08,true
001,planted,649,0,1.182931643,0.01139353922,0.01934965522,0.5015479724,1,0.08,true
001,planted,650,1,-1.608375435,-0.06498607816,-0.06247098244,0.4950023214,1,0.08,true
001,planted,651,1,-1.464787681,-0.1276385981,-0.1251235024,0.4899901198,1,0.08,true
001,planted,652,1,1.868542602,-0.03388999731,-0.03137490159,0.4974900079,0,0.08,true
001,planted,653,0,-2.143897778,-0.1188445415,-0.1108884255,0.491128926,1,0.08,true
001,planted,654,1,-1.670513039,-0.1778993718,-0.1753842761,0.4859692579,0,0.08,true
001,planted,655,1,0.8647317454,-0.1358339818,-0.1333188861,0.4893344891,1,0.08,true
001,planted,656,1,0.367345177,-0.1166986085,-0.1141835127,0.490865319,1,0.08,true
001,planted,657,1,0.24382045,-0.1031555487,-0.1006404529,0.4919487638,1,0.08,true
001,planted,658,1,0.6190430638,-0.07274867122,-0.0702335755,0.494381314,0,0.08,true
001,planted,659,0,-0.304679805,-0.08441163667,-0.07645552066,0.4938835583,1,0.08,true
001,planted,660,1,2.10038239,0.01301828947,0.01553338519,0.5012426708,0,0.08,true
001,planted,661,0,-2.891361419,-0.0980907074,-0.0901345914,0.4927892327,0,0.08,true
001,planted,662,0,-0.2377505776,-0.1047277669,-0.09677165092,0.4922582679,1,0.08,true
001,planted,663,0,-1.668214226,-0.1613859931,-0.1534298771,0.4877256098,0,0.08,true
001,planted,664,1,0.101407412,-0.1533143392,-0.1507992435,0.4879360605,0,0.08,true
001,planted,665,1,0.9462906131,-0.1099440516,-0.1074289559,0.4914056835,0,0.08,true
001,planted,666,1,1.418403098,-0.04810328005,-0.04558818433,0.4963529453,1,0.08,true
001,planted,667,1,-0.7993567492,-0.07827316001,-0.07575806429,0.4939393549,0,0.08,true
001,planted,668,0,-0.584133404,-0.09961572112,-0.09165960511,0.4926672316,0,0.08,true
001,planted,669,1,-2.153639877,-0.1734715064,-0.1709564107,0.4863234871,1,0.08,true
001,planted,670,1,1.205887456,-0.1184905452,-0.1159754495,0.490721964,0,0.08,true
001,planted,671,0,-0.1361997509,-0.1208822417,-0.1129261257,0.4909659099,0,0.08,true
001,planted,672,1,-0.9365656536,-0.1538633789,-0.1513482831,0.4878921373,0,0.08,true
001,planted,673,0,0.09897150962,-0.1458522153,-0.1378960993,0.4889683121,1,0.08,true
001,planted,674,0,-3.37819684,-0.2403180548,-0.2323619388,0.4814110449,1,0.08,true
001,planted,675,0,0.5254710617,-0.2141925357,-0.2062364197,0.4835010864,1,0.08,true
001,planted,676,1,-1.201388377,-0.2487695076,-0.2462544119,0.4802996471,0,0.08,true
001,planted,677,1,-0.5431844292,-0.2618344525,-0.2593193568,0.4792544515,0,0.08,true
001,planted,678,0,-0.7795951298,-0.2826708201,-0.2747147041,0.4780228237,0,0.08,true
001,planted,679,1,1.568807411,-0.2064882823,-0.2039731866,0.4836821451,0,0.08,true
001,planted,680,1,-0.1060807908,-0.2053319664,-0.2028168707,0.4837746503,1,0.08,true
001,planted,681,1,-0.9881072002,-0.2357698478,-0.2332547521,0.4813396198,0,0.08,true
001,planted,682,1,-0.6857153244,-0.2553914342,-0.2528763385,0.4797698929,0,0.08,true
001,planted,683,1,0.3733748674,-0.2331248303,-0.2306097346,0.4815512212,1,0.08,true
001,planted,684,0,-1.726739697,-0.2849530014,-0.2769968854,0.4778402492,1,0.08,true
001,planted,685,1,0.07510791243,-0.2746447295,-0.2721296338,0.4782296293,0,0.08,true
001,planted,686,0,-0.7092509299,-0.2948130741,-0.2868569581,0.4770514433,1,0.08,true
001,planted,687,1,1.189320045,-0.2308194237,-0.228304328,0.4817356538,0,0.08,true
001,planted,688,1,0.3296191207,-0.2105064409,-0.2079913452,0.4833606924,0,0.08,true
001,planted,689,1,-1.438496341,-0.2579938879,-0.2554787922,0.4795616966,1,0.08,true
001,planted,690,1,0.4037675056,-0.2333438313,-0.2308287356,0.4815337012,1,0.08,true
001,planted,691,1,-0.5580802706,-0.2505379749,-0.2480228792,0.4801581697,1,0.08,true
001,planted,692,1,-0.1834339969,-0.25227386,-0.2497587642,0.4800192989,1,0.08,true
001,planted,693,1,0.205460973,-0.2361983233,-0.2336832275,0.4813053418,0,0.08,true
001,planted,694,1,0.2205874175,-0.2195506248,-0.2170355291,0.4826371577,1,0.08,true
001,planted,695,0,-1.09239886,-0.25974217,-0.251786054,0.4798571157,1,0.08,true
001,planted,696,1,0.725934897,-0.2154095971,-0.2128945013,0.4829684399,1,0.08,true
001,planted,697,0,-0.2712524144,-0.2228606663,-0.2149045503,0.482807636,1,0.08,true
001,planted,698,0,-0.01201660292,-0.217820314,-0.209864198,0.4832108642,0,0.08,true
001,planted,699,1,-0.8257606994,-0.2503559292,-0.2478408335,0.4801727333,1,0.08,true
001,planted,700,0,-0.3739998681,-0.2624488025,-0.2544926865,0.4796405851,1,0.08,true
001,planted,701,1,-0.2436919458,-0.2682887738,-0.2657736781,0.4787381058,0,0.08,true
001,planted,702,0,2.000339128,-0.1373702512,-0.1294141352,0.4896468692,0,0.08,true
001,planted,703,1,-2.49889836,-0.2261291365,-0.2236140407,0.4821108767,0,0.08,true
001,planted,704,1,0.4344537412,-0.2001411955,-0.1976260998,0.484189912,0,0.08,true
001,planted,705,0,0.4455543601,-0.173905539,-0.165949423,0.4867240462,0,0.08,true
001,planted,706,0,1.162383257,-0.1117420102,-0.1037858942,0.4916971285,0,0.08,true
001,planted,707,0,-0.2562037574,-0.1207117263,-0.1127556102,0.4909795512,0,0.08,true
001,planted,708,1,-0.2973159816,-0.1316224614,-0.1291073657,0.4896714107,0,0.08,true
001,planted,709,0,-0.5017237403,-0.1519668873,-0.1440107713,0.4884791383,1,0.08,true
001,planted,710,0,1.534018233,-0.0675700641,-0.05961394809,0.4952308842,0,0.08,true
001,planted,711,0,0.4449677649,-0.04406663096,-0.03611051495,0.4971111588,0,0.08,true
001,planted,712,0,-1.114439441,-0.09530327107,-0.08734715506,0.4930122276,0,0.08,true
001,planted,713,0,-1.193581518,-0.1467858023,-0.1388296863,0.4888936251,0,0.08,true
001,planted,714,1,-0.2500551227,-0.1550799282,-0.1525648325,0.4877948134,1,0.08,true
001,planted,715,0,0.5798712326,-0.1210480513,-0.1130919353,0.4909526452,0,0.08,true
001,planted,716,1,0.1751949756,-0.108955514,-0.1064404182,0.4914847665,0,0.08,true
001,planted,717,1,0.08133760083,-0.1019230283,-0.09940793257,0.4920473654,0,0.08,true
001,planted,718,0,0.647108722,-0.06384986763,-0.05589375162,0.4955284999,0,0.08,true
001,planted,719,1,-0.3470642946,-0.08082811219,-0.07831301647,0.4937349587,1,0.08,true
001,planted,720,0,1.920023061,0.02527917481,0.03323529082,0.5026588233,1,0.08,true
001,planted,721,1,0.3135016793,0.04067709724,0.04319219296,0.5034553754,0,0.08,true
001,planted,722,1,-0.4010459413,0.0184314903,0.02094658601,0.5016757269,1,0.08,true
001,planted,723,0,-0.4511990042,-0.006284063448,0.001672052556,0.5001337642,0,0.08,true
001,planted,724,0,2.189525304,0.1004821328,0.1084382488,0.5086750599,0,0.08,true
001,planted,725,0,0.721879293,0.1320687337,0.1400248497,0.511201988,0,0.08,true
001,planted,726,1,-0.2904309969,0.1138850353,0.116400131,0.5093120105,1,0.08,true
001,planted,727,0,1.330834092,0.1716141945,0.1795703105,0.5143656248,0,0.08,true
001,planted,728,0,1.316562932,0.2240418622,0.2319979782,0.5185598383,0,0.08,true
001,planted,729,1,-0.1306286512,0.211794967,0.2143100627,0.517144805,0,0.08,true
001,planted,730,0,-0.1092629529,0.2008072019,0.2087633179,0.5167010654,1,0.08,true
001,planted,731,1,-0.54589526,0.1658740224,0.1683891181,0.5134711294,1,0.08,true
001,planted,732,0,0.9016072001,0.2049378869,0.2128940029,0.5170315202,1,0.08,true
001,planted,733,1,-1.009729104,0.1418607844,0.1443758801,0.5115500704,1,0.08,true
001,planted,734,1,1.307432547,0.1984279566,0.2009430523,0.5160754442,1,0.08,true
001,planted,735,1,0.06383961909,0.1967080632,0.1992231589,0.5159378527,1,0.08,true
001,planted,736,0,-0.7478694952,0.1493856974,0.1573418134,0.5125873451,1,0.08,true
001,planted,737,1,0.538159243,0.1731986843,0.17571378,0.5140571024,1,0.08,true
001,planted,738,0,1.587842638,0.2385236324,0.2464797484,0.5197183799,1,0.08,true
001,planted,739,0,0.2149952705,0.2434610563,0.2514171724,0.5201133738,1,0.08,true
001,planted,740,1,-0.6275317945,0.2012585767,0.2037736724,0.5163018938,0,0.08,true
001,planted,741,1,0.1757905906,0.2055669055,0.2080820012,0.5166465601,1,0.08,true
001,planted,742,1,0.6253022794,0.232513095,0.2350281907,0.5188022553,1,0.08,true
001,planted,743,1,0.1959866914,0.2374456736,0.2399607694,0.5191968615,0,0.08,true
001,planted,744,0,1.013818576,0.2807613758,0.2887174918,0.5230973993,0,0.08,true
001,planted,745,0,0.7404190944,0.3107249331,0.3186810491,0.5254944839,0,0.08,true
001,planted,746,1,-1.979242877,0.1670763209,0.1695914166,0.5135673133,0,0.08,true
001,planted,747,0,-1.343737292,0.0872965725,0.0952526885,0.5076202151,1,0.08,true
001,planted,748,1,1.321167803,0.146819974,0.1493350697,0.5119468056,0,0.08,true
001,planted,749,1,-1.358885061,0.0707247836,0.07323987932,0.5058591903,1,0.08,true
001,planted,750,1,-0.5160228043,0.04293642039,0.0454515161,0.5036361213,0,0.08,true
001,planted,751,0,-2.131592981,-0.05978003244,-0.05182391644,0.4958540867,1,0.08,true
001,planted,752,1,1.33383292,0.004135407906,0.006650503624,0.5005320403,1,0.08,true
001,planted,753,0,1.068665643,0.05228747963,0.06024359563,0.5048194877,0,0.08,true
001,planted,754,0,0.4597457289,0.07197817438,0.07993429038,0.5063947432,1,0.08,true
001,planted,755,0,-0.3289332826,0.05442830312,0.06238441912,0.5049907535,0,0.08,true
001,planted,756,0,-0.9002903284,0.009189798137,0.01714591414,0.5013716731,0,0.08,true
001,planted,757,0,0.7885137414,0.0467957513,0.0547518673,0.5043801494,0,0.08,true
001,planted,758,0,1.02283437,0.09377741375,0.1017335298,0.5081386824,0,0.08,true
001,planted,759,1,0.3461594962,0.1082005599,0.1107156556,0.5088572524,1,0.08,true
001,planted,760,0,-0.9187570146,0.05775951116,0.06571562716,0.5052572502,1,0.08,true
001,planted,761,0,-1.510130365,-0.01931938116,-0.01136326516,0.4990909388,1,0.08,true
001,planted,762,0,0.2707827032,-0.005469986174,0.00248612983,0.5001988904,1,0.08,true
001,planted,763,0,0.9388554303,0.04116038504,0.04911650104,0.5039293201,0,0.08,true
001,planted,764,0,0.02894340751,0.04158412316,0.04954023916,0.5039632191,1,0.08,true
001,planted,765,0,0.01687820477,0.04140845195,0.04936456796,0.5039491654,0,0.08,true
001,planted,766,1,0.6554691661,0.07442173689,0.07693683261,0.5061549466,0,0.08,true
001,planted,767,1,-0.7044971014,0.03395317606,0.03646827177,0.5029174617,1,0.08,true
001,planted,768,1,-2.237742004,-0.07832610275,-0.07581100703,0.4939351194,1,0.08,true
001,planted,769,0,-0.1062650482,-0.08155105234,-0.07359493633,0.4941124051,1,0.08,true
001,planted,770,1,-0.4010280249,-0.09932623872,-0.096811143,0.4922551086,0,0.08,true
001,planted,771,0,0.5935365478,-0.06558060118,-0.05762448517,0.4953900412,0,0.08,true
001,planted,772,1,0.8101391187,-0.0210615338,-0.01854643808,0.498516285,0,0.08,true
001,planted,773,1,1.031309045,0.03301428689,0.03552938261,0.5028423506,1,0.08,true
001,planted,774,1,0.864213968,0.07614670777,0.07866180348,0.5062929443,0,0.08,true
001,planted,775,1,-0.5447597208,0.04499156095,0.04750665666,0.5038005325,1,0.08,true
001,planted,776,0,-1.148277398,-0.01738139209,-0.009425276089,0.4992459779,0,0.08,true
001,planted,777,0,0.3596328086,0.002216259852,0.01017237586,0.5008137901,1,0.08,true
001,planted,778,0,1.318159304,0.07042702066,0.07838313666,0.5062706509,1,0.08,true
001,planted,779,0,1.198711379,0.1273529223,0.1353090383,0.5108247231,0,0.08,true
001,planted,780,1,0.1499552774,0.1319196697,0.1344347654,0.5107547812,0,0.08,true
001,planted,781,1,-0.2860250874,0.1129141595,0.1154292553,0.5092343404,0,0.08,true
001,planted,782,1,-0.6614019022,0.07265197759,0.07516707331,0.5060133659,1,0.08,true
001,planted,783,0,-1.788407625,-0.02646030102,-0.01850418502,0.4985196652,1,0.08,true
001,planted,784,0,-0.3613921473,-0.04452425461,-0.0365681386,0.4970745489,0,0.08,true
001,planted,785,1,0.7745957742,-0.001965294321,0.0005498013972,0.5000439841,1,0.08,true
001,planted,786,1,-0.7931757853,-0.04388580644,-0.04137071072,0.4966903431,1,0.08,true
001,planted,787,0,1.064577143,0.01458689731,0.02254301332,0.5018034411,0,0.08,true
001,planted,788,0,-0.01192031145,0.01357417633,0.02153029233,0.5017224234,1,0.08,true
001,planted,789,1,-0.5049050378,-0.01461228466,-0.01209718894,0.4990322249,0,0.08,true
001,planted,790,0,2.029759874,0.08917770461,0.09713382061,0.5077707056,0,0.08,true
001,planted,791,0,0.1766207417,0.09593373977,0.1038898558,0.5083111885,0,0.08,true
001,planted,792,1,0.1981885231,0.1038512881,0.1063663839,0.5085093107,1,0.08,true
001,planted,793,1,-1.933060418,-0.003025178979,-0.0005100832606,0.4999591933,0,0.08,true
001,planted,794,0,-0.7160063401,-0.03844836527,-0.03049224926,0.4975606201,0,0.08,true
001,planted,795,0,-0.665320769,-0.07054910199,-0.06259298598,0.4949925611,1,0.08,true
001,planted,796,1,-0.4663945294,-0.09232021851,-0.08980512279,0.4928155902,0,0.08,true
001,planted,797,1,-1.488082253,-0.1589063589,-0.1563912632,0.4874886989,0,0.08,true
001,planted,798,0,-0.6014885292,-0.1838450226,-0.1758889066,0.4859288875,0,0.08,true
001,planted,799,0,-1.328619578,-0.2370869185,-0.2291308025,0.4816695358,1,0.08,true
001,planted,800,1,-1.296450025,-0.2848796632,-0.2823645675,0.4774108346,1,0.08,true
001,planted,801,1,0.468638958,-0.2528314349,-0.2503163391,0.4799746929,0,0.08,true
001,planted,802,0,0.8958353507,-0.1966214695,-0.1886653535,0.4849067717,0,0.08,true
001,planted,803,1,-0.05126364621,-0.1942602636,-0.1917451679,0.4846603866,0,0.08,true
001,planted,804,0,1.132073577,-0.125362333,-0.117406217,0.4906075026,0,0.08,true
001,planted,805,0,0.01380233222,-0.1214670577,-0.1135109417,0.4909191247,0,0.08,true
001,planted,806,1,0.09475839961,-0.1132879937,-0.110772898,0.4911381682,0,0.08,true
001,planted,807,0,0.7187615897,-0.06985980164,-0.06190368563,0.4950477051,1,0.08,true
001,planted,808,0,-0.3979325139,-0.08973771946,-0.08178160345,0.4934574717,0,0.08,true
001,planted,809,1,1.423154808,-0.006422830168,-0.00390773445,0.4996873812,0,0.08,true
001,planted,810,1,0.3869113032,0.01483217263,0.01734726835,0.5013877815,0,0.08,true
001,planted,811,1,0.3421940167,0.03344860981,0.03596370553,0.5028770964,1,0.08,true
001,planted,812,1,0.003330311601,0.03279182094,0.03530691666,0.5028245533,0,0.08,true
001,planted,813,0,0.8193754616,0.07818209082,0.08613820683,0.5068910565,0,0.08,true
001,planted,814,1,0.503554354,0.1048801095,0.1073952052,0.5085916164,0,0.08,true
001,planted,815,1,-0.9313865184,0.04517472242,0.04768981814,0.5038151855,1,0.08,true
001,planted,816,1,0.4133026406,0.06821433846,0.07072943418,0.5056583547,1,0.08,true
001,planted,817,0,-0.7832498148,0.01853897135,0.02649508736,0.502119607,1,0.08,true
001,planted,818,0,-0.6323790603,-0.02014799473,-0.01219187872,0.4990246497,0,0.08,true
001,planted,819,1,0.9284252051,0.03636400324,0.03887909896,0.5031103279,1,0.08,true
001,planted,820,0,-0.7064020493,-0.007653718875,0.0003023971288,0.5000241918,1,0.08,true
001,planted,821,0,-0.2133916544,-0.0205815806,-0.01262546459,0.4989899628,1,0.08,true
001,planted,822,0,0.9564883416,0.03894618483,0.04690230083,0.5037521841,1,0.08,true
001,planted,823,1,-1.292586835,-0.04033434314,-0.03781924742,0.4969744602,1,0.08,true
001,planted,824,1,0.1248348676,-0.03176123527,-0.02924613956,0.4976603088,0,0.08,true
001,planted,825,1,0.5615857738,0.003750445851,0.006265541569,0.5005012433,0,0.08,true
001,planted,826,0,-1.051650682,-0.05977444433,-0.05181832833,0.4958545337,1,0.08,true
001,planted,827,0,1.896691783,0.05211910595,0.06007522195,0.5048060178,1,0.08,true
001,planted,828,1,-1.607644088,-0.03654623244,-0.03403113673,0.4972775091,1,0.08,true
001,planted,829,0,-0.9040409655,-0.0819978684,-0.0740417524,0.4940766598,0,0.08,true
001,planted,830,1,-1.55981345,-0.1531071744,-0.1505920787,0.4879526337,0,0.08,true
001,planted,831,0,-0.2572798535,-0.1621862641,-0.1542301481,0.4876615881,1,0.08,true
001,planted,832,0,0.4698394048,-0.1325063409,-0.1245502249,0.490035982,1,0.08,true
001,planted,833,1,0.3221255474,-0.1115044226,-0.1089893269,0.4912808539,1,0.08,true
001,planted,834,0,-0.7855929968,-0.1491152641,-0.1411591481,0.4887072681,1,0.08,true
001,planted,835,0,1.098255685,-0.08155208806,-0.07359597205,0.4941123222,1,0.08,true
001,planted,836,0,0.8466716978,-0.03237459459,-0.02441847859,0.4980465217,1,0.08,true
001,planted,837,0,-0.1240964312,-0.03837203646,-0.03041592046,0.4975667264,1,0.08,true
001,planted,838,0,-0.06224489495,-0.04091118652,-0.03295507051,0.4973635944,0,0.08,true
001,planted,839,0,0.2592798503,-0.02479576324,-0.01683964723,0.4986528282,0,0.08,true
001,planted,840,0,0.02618692541,-0.02261409164,-0.01465797564,0.4988273619,0,0.08,true
001,planted,841,1,0.6649875801,0.01813157006,0.02064666577,0.5016517333,1,0.08,true
001,planted,842,0,0.1071600434,0.0242456127,0.0322017287,0.5025761383,0,0.08,true
001,planted,843,0,1.96907374,0.129149002,0.137105118,0.5109684094,1,0.08,true
001,planted,844,1,-0.3959452476,0.1029832621,0.1054983578,0.5084398686,1,0.08,true
001,planted,845,1,-0.5899447376,0.06557684392,0.06809193964,0.5054473552,0,0.08,true
001,planted,846,0,-0.1452374489,0.05537559781,0.06333171381,0.5050665371,1,0.08,true
001,planted,847,1,-2.235289762,-0.06874135568,-0.06622625996,0.4947018992,1,0.08,true
001,planted,848,1,1.211311293,-0.002931004243,-0.0004159085251,0.4999667273,0,0.08,true
001,planted,849,0,0.2077917049,0.00795554961,0.01591166561,0.5012729332,0,0.08,true
001,planted,850,0,0.3526442239,0.0264810248,0.0344371408,0.5027549713,0,0.08,true
001,planted,851,1,-1.97092263,-0.07365423738,-0.07113914167,0.4943088687,0,0.08,true
001,planted,852,1,0.7211428868,-0.03494836322,-0.0324332675,0.4974053386,0,0.08,true
001,planted,853,1,-0.1455471409,-0.04147629239,-0.03896119667,0.4968831043,1,0.08,true
001,planted,854,1,0.6618962363,-0.005683655932,-0.003168560214,0.4997465152,1,0.08,true
001,planted,855,1,-0.8107089575,-0.04772196981,-0.04520687409,0.4963834501,1,0.08,true
001,planted,856,0,1.538768423,0.03361825302,0.04157436903,0.5033259495,1,0.08,true
001,planted,857,1,-0.5207837007,0.005895106912,0.00841020263,0.5006728162,0,0.08,true
001,planted,858,1,-0.2900251139,-0.009452727672,-0.006937631954,0.4994449894,0,0.08,true
001,planted,859,1,0.5294983362,0.01907689398,0.0215919897,0.5017273592,0,0.08,true
001,planted,860,1,-0.4893429736,-0.008102555001,-0.005587459283,0.4995530033,1,0.08,true
001,planted,861,1,0.4171283396,0.01525321134,0.01776830706,0.5014214646,1,0.08,true
001,planted,862,0,-0.4112159238,-0.008459509589,-0.0005033935853,0.4999597285,1,0.08,true
001,planted,863,1,-0.05794863719,-0.01160492339,-0.009089827674,0.4992728138,1,0.08,true
001,planted,864,0,-0.5478403687,-0.043447466,-0.03549135,0.497160692,0,0.08,true
001,planted,865,0,-0.04703330345,-0.04518477758,-0.03722866158,0.4970217071,1,0.08,true
001,planted,866,0,-0.002492326789,-0.04419511188,-0.03623899588,0.4971008803,1,0.08,true
001,planted,867,1,1.444377698,0.04510154819,0.04761664391,0.5038093315,0,0.08,true
001,planted,868,0,0.3051946628,0.06216477623,0.07012089223,0.5056096714,0,0.08,true
001,planted,869,0,0.6078339539,0.09674253654,0.1046986525,0.5083758922,1,0.08,true
001,planted,870,0,-2.383097792,-0.04536143822,-0.03740532222,0.4970075742,0,0.08,true
001,planted,871,0,-1.690621608,-0.1246205546,-0.1166644386,0.4906668449,1,0.08,true
001,planted,872,1,-1.224762847,-0.1769075511,-0.1743924554,0.4860486036,0,0.08,true
001,planted,873,0,0.3002217931,-0.1570133692,-0.1490572532,0.4880754197,0,0.08,true
001,planted,874,0,1.463208784,-0.07384959758,-0.06589348158,0.4947285215,0,0.08,true
001,planted,875,0,-0.5750727119,-0.09987689508,-0.09192077907,0.4926463377,0,0.08,true
001,planted,876,1,-1.23880682,-0.1543021041,-0.1517870084,0.4878570393,0,0.08,true
001,planted,877,0,-0.048960216,-0.1528429914,-0.1448868754,0.48840905,0,0.08,true
001,planted,878,0,-0.02879974552,-0.150452423,-0.142496307,0.4886002954,1,0.08,true
001,planted,879,1,-0.5630764742,-0.1748464027,-0.172331307,0.4862134954,1,0.08,true
001,planted,880,0,-1.944956812,-0.2490571352,-0.2411010192,0.4807119185,0,0.08,true
001,planted,881,1,-0.1878826769,-0.2519111905,-0.2493960948,0.4800483124,0,0.08,true
001,planted,882,1,0.6095956509,-0.2122721795,-0.2097570838,0.4832194333,1,0.08,true
001,planted,883,1,-1.083367483,-0.2552661198,-0.2527510241,0.4797799181,1,0.08,true
001,planted,884,0,-1.795241436,-0.3155516754,-0.3075955594,0.4753923552,1,0.08,true
001,planted,885,0,-0.2306616924,-0.3184636083,-0.3105074923,0.4751594006,1,0.08,true
001,planted,886,1,1.023816691,-0.252375416,-0.2498603203,0.4800111744,1,0.08,true
001,planted,887,1,2.13986691,-0.124824712,-0.1223096163,0.4902152307,0,0.08,true
001,planted,888,1,1.989936569,-0.02701810729,-0.02450301157,0.4980397591,0,0.08,true
001,planted,889,0,-1.2014331,-0.07711625378,-0.06916013778,0.494467189,0,0.08,true
001,planted,890,1,-1.085069472,-0.1201696047,-0.1176545089,0.4905876393,0,0.08,true
001,planted,891,0,-2.106310304,-0.1939720416,-0.1860159256,0.485118726,0,0.08,true
001,planted,892,0,1.190218616,-0.1359846461,-0.1280285301,0.4897577176,1,0.08,true
001,planted,893,0,-0.6328109769,-0.1579277278,-0.1499716118,0.4880022711,1,0.08,true
001,planted,894,0,1.298939129,-0.09563597615,-0.08767986014,0.4929856112,0,0.08,true
001,planted,895,1,0.0723796468,-0.09013158097,-0.08761648525,0.4929906812,0,0.08,true
001,planted,896,0,-1.060889412,-0.1313003387,-0.1233442227,0.4901324622,0,0.08,true
001,planted,897,1,-0.6087746578,-0.1535413198,-0.151026224,0.4879179021,1,0.08,true
001,planted,898,1,-1.816293121,-0.2168701436,-0.2143550479,0.4828515962,0,0.08,true
001,planted,899,0,-2.350011563,-0.2847317055,-0.2767755895,0.4778579528,0,0.08,true
001,planted,900,1,-0.2415725893,-0.28696771,-0.2844526142,0.4772437909,1,0.08,true
001,planted,901,1,1.533901664,-0.2082932465,-0.2057781507,0.4835377479,1,0.08,true
001,planted,902,1,0.211882559,-0.1942507054,-0.1917356097,0.4846611512,1,0.08,true
001,planted,903,1,-0.9175051859,-0.2243532067,-0.221838111,0.4822529511,0,0.08,true
001,planted,904,0,0.1937448247,-0.2103562172,-0.2024001012,0.4838079919,0,0.08,true
001,planted,905,0,0.5499220715,-0.1802198789,-0.1722637628,0.486218899,1,0.08,true
001,planted,906,0,1.523764236,-0.1038029742,-0.09584685815,0.4923322513,0,0.08,true
001,planted,907,1,1.191234857,-0.04824282644,-0.04572773073,0.4963417815,0,0.08,true
001,planted,908,1,1.24320946,0.006683248204,0.009198343922,0.5007358675,0,0.08,true
001,planted,909,1,-0.8617416824,-0.03032961075,-0.02781451504,0.4977748388,1,0.08,true
001,planted,910,1,0.4455077782,-0.01002815857,-0.007513062854,0.499398955,1,0.08,true
001,planted,911,0,0.6106660832,0.01740974493,0.02536586093,0.5020292689,1,0.08,true
001,planted,912,0,-1.048374061,-0.03010622452,-0.02215010852,0.4982279913,0,0.08,true
001,planted,913,0,1.277731037,0.02810981638,0.03606593239,0.5028852746,1,0.08,true
001,planted,914,1,-0.623085028,-0.0008637798785,0.00165131584,0.5001321053,0,0.08,true
001,planted,915,0,0.4142910987,0.01822346921,0.02617958522,0.5020943668,0,0.08,true
001,planted,916,1,0.351054849,0.03424044535,0.03675554107,0.5029404433,1,0.08,true
001,planted,917,0,0.7242951909,0.0675361266,0.07549224261,0.5060393794,0,0.08,true
001,planted,918,0,-1.048408188,0.0141282549,0.02208437091,0.5017667497,1,0.08,true
001,planted,919,0,2.651628642,0.1241796956,0.1321358116,0.5105708649,0,0.08,true
001,planted,920,1,1.093496774,0.1648583004,0.1673733961,0.5133898717,1,0.08,true
001,planted,921,0,0.3055133871,0.1736952594,0.1816513754,0.51453211,0,0.08,true
001,planted,922,1,-1.863143478,0.08070509279,0.0832201885,0.5066576151,0,0.08,true
001,planted,923,0,0.7109755959,0.1081834444,0.1161395604,0.5092911648,1,0.08,true
001,planted,924,1,0.07924238756,0.1088896775,0.1114047732,0.5089123819,0,0.08,true
001,planted,925,1,0.00223016669,0.1062323707,0.1087474664,0.5086997973,0,0.08,true
001,planted,926,1,1.585608058,0.1677067143,0.17022181,0.5136177448,0,0.08,true
001,planted,927,0,0.3604083679,0.1791443398,0.1871004558,0.5149680365,1,0.08,true
001,planted,928,0,-0.1802960471,0.1662268756,0.1741829916,0.5139346393,1,0.08,true
001,planted,929,0,0.548906023,0.1865867773,0.1945428933,0.5155634315,0,0.08,true
001,planted,930,0,1.330285978,0.2361981625,0.2441542785,0.5195323423,1,0.08,true
001,planted,931,0,-0.0679603942,0.2269808513,0.2349369673,0.5187949574,1,0.08,true
001,planted,932,1,1.213743254,0.2708740473,0.273389143,0.5218711314,0,0.08,true
001,planted,933,1,1.408278868,0.3175236885,0.3200387843,0.5256031027,0,0.08,true
001,planted,934,1,-0.2726467576,0.2961097873,0.298624883,0.5238899906,1,0.08,true
001,planted,935,0,0.8373998454,0.3238644037,0.3318205197,0.5265456416,0,0.08,true
001,planted,936,1,-0.3081892474,0.2999265421,0.3024416378,0.524195331,0,0.08,true
001,planted,937,0,0.1101007483,0.2977487552,0.3057048712,0.5244563897,1,0.08,true
001,planted,938,1,0.4114307483,0.3099382622,0.3124533579,0.5249962686,0,0.08,true
001,planted,939,0,0.1223026938,0.3083724355,0.3163285515,0.5253062841,1,0.08,true
001,planted,940,1,0.5830232994,0.328684443,0.3311995387,0.5264959631,1,0.08,true
001,planted,941,0,-0.08236670441,0.3158007597,0.3237568757,0.5259005501,1,0.08,true
001,planted,942,0,-1.519559354,0.2081301331,0.2160862491,0.5172868999,1,0.08,true
001,planted,943,1,-0.5271796745,0.1731654334,0.1756805292,0.5140544423,1,0.08,true
001,planted,944,1,-1.187048933,0.09977606409,0.1022911598,0.5081832928,1,0.08,true
001,planted,945,1,1.147702997,0.1533160766,0.1558311723,0.5124664938,0,0.08,true
001,planted,946,1,1.371401237,0.2114813178,0.2139964135,0.5171197131,1,0.08,true
001,planted,947,1,-0.4109544895,0.1839429444,0.1864580401,0.5149166432,0,0.08,true
001,planted,948,1,-0.6414962911,0.1435978993,0.1461129951,0.5116890396,1,0.08,true
001,planted,949,1,0.9670889128,0.1870052478,0.1895203435,0.5151616275,0,0.08,true
001,planted,950,1,0.0776334422,0.1864122705,0.1889273662,0.5151141893,0,0.08,true
001,planted,951,1,2.349095161,0.2693176018,0.2718326975,0.5217466158,1,0.08,true
001,planted,952,1,-0.4914074477,0.2370674643,0.23958256,0.5191666048,1,0.08,true
001,planted,953,0,-0.8603897443,0.1847081313,0.1926642473,0.5154131398,0,0.08,true
001,planted,954,1,1.919137724,0.2539384465,0.2564535422,0.5205162834,0,0.08,true
001,planted,955,1,-0.3745088775,0.2290359049,0.2315510007,0.5185240801,0,0.08,true
001,planted,956,1,0.0735473042,0.2267733098,0.2292884055,0.5183430724,1,0.08,true
001,planted,957,0,0.1564078287,0.2286715621,0.2366276781,0.5189302142,1,0.08,true
001,planted,958,1,-0.9513465464,0.170404209,0.1729193047,0.5138335444,1,0.08,true
001,planted,959,0,1.929448743,0.2422154739,0.2501715899,0.5200137272,1,0.08,true
001,planted,960,0,-0.9373584934,0.1873407388,0.1952968548,0.5156237484,0,0.08,true
001,planted,961,0,1.350321705,0.2378804705,0.2458365865,0.5196669269,0,0.08,true
001,planted,962,1,-0.8556784532,0.1880828259,0.1905979216,0.5152478337,1,0.08,true
001,planted,963,1,0.3603001574,0.2000160888,0.2025311845,0.5162024948,0,0.08,true
001,planted,964,1,1.335690378,0.2499994791,0.2525145748,0.520201166,0,0.08,true
001,planted,965,0,0.7372712169,0.2758249538,0.2837810698,0.5227024856,1,0.08,true
001,planted,966,0,1.607773272,0.3278472338,0.3358033498,0.526864268,0,0.08,true
001,planted,967,1,-0.03142682674,0.3180494837,0.3205645794,0.5256451664,0,0.08,true
001,planted,968,0,-0.0936438344,0.305379713,0.313335829,0.5250668663,0,0.08,true
001,planted,969,1,0.9714245984,0.3382489296,0.3407640253,0.527261122,0,0.08,true
001,planted,970,1,-0.9362246272,0.2768581008,0.2793731966,0.5223498557,0,0.08,true
001,planted,971,1,0.3837680801,0.2880532026,0.2905682983,0.5232454639,0,0.08,true
001,planted,972,0,-0.1094720951,0.2750528594,0.2830089754,0.522640718,0,0.08,true
001,planted,973,0,-0.2235972898,0.255960859,0.263916975,0.521113358,0,0.08,true
001,planted,974,0,0.7920570109,0.2870148538,0.2949709698,0.5235976776,0,0.08,true
001,planted,975,1,-0.4525149365,0.2536169527,0.2561320484,0.5204905639,0,0.08,true
001,planted,976,1,0.5395863489,0.2746634555,0.2771785512,0.5221742841,0,0.08,true
001,planted,977,1,1.741454158,0.3350184492,0.3375335449,0.5270026836,1,0.08,true
001,planted,978,1,1.922235118,0.3898388461,0.3923539418,0.5313883153,1,0.08,true
001,planted,979,1,1.570352383,0.4322981539,0.4348132496,0.53478506,1,0.08,true
001,planted,980,0,-0.1355098516,0.4146821308,0.4226382469,0.5338110597,0,0.08,true
001,planted,981,0,2.364506154,0.4617567843,0.4697129003,0.537577032,1,0.08,true
001,planted,982,1,0.2108130553,0.4590899712,0.4616050669,0.5369284054,0,0.08,true
001,planted,983,0,0.09412406981,0.4516988189,0.4596549349,0.5367723948,0,0.08,true
001,planted,984,1,-0.4642990516,0.4164322398,0.4189473355,0.5335157868,1,0.08,true
001,planted,985,1,-1.129748469,0.341684625,0.3441997207,0.5275359777,0,0.08,true
001,planted,986,1,1.567034649,0.3868805187,0.3893956144,0.5311516492,0,0.08,true
001,planted,987,0,-2.786858464,0.2138047272,0.2217608432,0.5177408675,1,0.08,true
001,planted,988,1,0.9968305533,0.2454651852,0.2479802809,0.5198384225,1,0.08,true
001,planted,989,1,0.07171919718,0.2422196032,0.2447346989,0.5195787759,1,0.08,true
001,planted,990,0,0.1355891294,0.2418069099,0.2497630259,0.5199810421,1,0.08,true
001,planted,991,1,0.1200850916,0.2408874521,0.2434025478,0.5194722038,1,0.08,true
001,planted,992,1,0.3997226615,0.2519667991,0.2544818948,0.5203585516,1,0.08,true
001,planted,993,1,0.5310511139,0.268434158,0.2709492538,0.5216759403,1,0.08,true
001,planted,994,0,0.5997013807,0.2875232963,0.2954794123,0.523638353,0,0.08,true
001,planted,995,0,0.9994132524,0.3207714189,0.3287275349,0.5262982028,0,0.08,true
001,planted,996,1,0.8132502256,0.346418114,0.3489332097,0.5279146568,1,0.08,true
001,planted,997,1,-0.1978408955,0.3277566156,0.3302717114,0.5264217369,0,0.08,true
001,planted,998,1,0.9502933781,0.3587595726,0.3612746684,0.5289019735,0,0.08,true
001,planted,999,0,-1.015007341,0.2916749175,0.2996310335,0.5239704827,0,0.08,true
001,planted,1000,1,0.5935600861,0.3111922783,0.313707374,0.5250965899,0,0.08,true
001,planted,1001,0,-1.105352651,0.2397753505,0.2477314665,0.5198185173,0,0.08,true
001,planted,1002,1,1.338210864,0.2884086453,0.290923741,0.5232738993,1,0.08,true
001,planted,1003,0,0.1971894504,0.290609773,0.2985658891,0.5238852711,1,0.08,true
001,planted,1004,0,-0.541970341,0.2537746065,0.2617307225,0.5209384578,0,0.08,true
001,planted,1005,1,-1.012825029,0.1897615783,0.192276674,0.5153821339,1,0.08,true
001,planted,1006,1,1.535012875,0.2491093421,0.2516244378,0.520129955,0,0.08,true
001,planted,1007,1,-0.4473522536,0.2193381883,0.221853284,0.5177482627,0,0.08,true
001,planted,1008,1,1.463662447,0.2736288797,0.2761439754,0.522091518,1,0.08,true
001,planted,1009,1,-1.084810965,0.2068914268,0.2094065225,0.5167525218,0,0.08,true
001,planted,1010,1,-0.2942715278,0.1866766025,0.1891916983,0.5151353359,1,0.08,true
001,planted,1011,0,1.214628328,0.2348112536,0.2427673696,0.5194213896,0,0.08,true
001,planted,1012,1,-1.651420455,0.136912135,0.1394272308,0.5111541785,0,0.08,true
001,planted,1013,0,-1.914774079,0.03791032883,0.04586644484,0.5036693156,1,0.08,true
001,planted,1014,1,-0.9566625551,-0.006706292831,-0.004191197113,0.4996647042,0,0.08,true
001,planted,1015,1,-1.669926385,-0.07894491144,-0.07642981572,0.4938856147,0,0.08,true
001,planted,1016,0,1.135299915,-0.02554241195,-0.01758629595,0.4985930963,1,0.08,true
001,planted,1017,1,1.212510799,0.02851195188,0.0310270476,0.5024821638,0,0.08,true
001,planted,1018,0,0.6028334406,0.05428412249,0.0622402385,0.5049792191,1,0.08,true
001,planted,1019,1,1.961028907,0.1319135433,0.134428639,0.5107542911,0,0.08,true
001,planted,1020,0,-0.3780405157,0.111905053,0.119861169,0.5095888935,0,0.08,true
001,planted,1021,1,-0.4833630876,0.08725654654,0.08977164226,0.5071817314,1,0.08,true
001,planted,1022,0,-0.3808513296,0.06761327739,0.0755693934,0.5060455515,1,0.08,true
001,planted,1023,1,-0.1728622447,0.05786281371,0.06037790943,0.5048302328,1,0.08,true
001,planted,1024,0,0.6720838523,0.08740992268,0.09536603868,0.5076292831,1,0.08,true
001,planted,1025,1,0.5102882239,0.1091366782,0.1116517739,0.5089321419,1,0.08,true
001,planted,1026,1,-2.312015907,-0.00649588628,-0.003980790562,0.4996815368,1,0.08,true
001,planted,1027,0,-0.9509515125,-0.04821508007,-0.04025896407,0.4967792829,0,0.08,true
001,planted,1028,0,0.1381364763,-0.04071937482,-0.03276325882,0.4973789393,0,0.08,true
001,planted,1029,1,-1.00762267,-0.0846746639,-0.08215956819,0.4934272345,0,0.08,true
001,planted,1030,1,1.315802223,-0.02037624171,-0.017861146,0.4985711083,1,0.08,true
001,planted,1031,1,0.08405598437,-0.01597727907,-0.01346218336,0.4989230253,1,0.08,true
001,planted,1032,1,-0.5983040078,-0.04355963468,-0.04104453896,0.4967164369,0,0.08,true
001,planted,1033,0,-0.09600052222,-0.04707422094,-0.03911810494,0.4968705516,1,0.08,true
001,planted,1034,0,-0.06301437596,-0.04899331486,-0.04103719886,0.4967170241,0,0.08,true
001,planted,1035,1,-0.4858389906,-0.07196141457,-0.06944631885,0.4944442945,0,0.08,true
001,planted,1036,0,0.0249165951,-0.06884923348,-0.06089311747,0.4951285506,1,0.08,true
001,planted,1037,0,0.5851212129,-0.03570913421,-0.02775301821,0.4977797585,0,0.08,true
001,planted,1038,0,-0.6160143351,-0.06729035978,-0.05933424378,0.4952532605,1,0.08,true
001,planted,1039,0,0.937433436,-0.01391517112,-0.005959055118,0.4995232756,0,0.08,true
001,planted,1040,0,0.6999551432,0.02439285035,0.03234896635,0.5025879173,1,0.08,true
001,planted,1041,1,-0.6993492602,-0.01471427184,-0.01219917612,0.4990240659,0,0.08,true
001,planted,1042,1,-0.4455996179,-0.03903319684,-0.03651810112,0.4970785519,1,0.08,true
001,planted,1043,1,-1.53895397,-0.117141886,-0.1146267903,0.4908298568,0,0.08,true
001,planted,1044,0,-0.3369133731,-0.1320887164,-0.1241326004,0.490069392,1,0.08,true
001,planted,1045,1,0.8110578823,-0.0819006206,-0.07938552488,0.493649158,1,0.08,true
001,planted,1046,1,0.6180181693,-0.04466719268,-0.04215209697,0.4966278322,0,0.08,true
001,planted,1047,0,0.6464383628,-0.006723298578,0.001232817426,0.5000986254,1,0.08,true
001,planted,1048,1,1.075962424,0.05332471188,0.05583980759,0.5044671846,1,0.08,true
001,planted,1049,0,-0.09913231191,0.04632214754,0.05427826355,0.5043422611,1,0.08,true
001,planted,1050,1,1.215255092,0.1106088093,0.113123905,0.5090499124,0,0.08,true
001,planted,1051,0,-0.6875329289,0.06755566561,0.07551178162,0.5060409425,0,0.08,true
001,planted,1052,1,0.05087379904,0.06877197939,0.07128707511,0.505702966,0,0.08,true
001,planted,1053,0,0.02793120434,0.06868062773,0.07663674373,0.5061309395,0,0.08,true
001,planted,1054,0,3.041506103,0.1939602518,0.2019163678,0.5161533094,0,0.08,true
001,planted,1055,0,-0.8501119646,0.1458241535,0.1537802695,0.5123024216,0,0.08,true
001,planted,1056,0,-1.464165719,0.06784687428,0.07580299029,0.5060642392,0,0.08,true
001,planted,1057,1,-1.83398133,-0.01936996236,-0.01685486664,0.4986516107,1,0.08,true
001,planted,1058,0,0.1681714865,-0.01125187163,-0.003295755623,0.4997363396,1,0.08,true
001,planted,1059,0,1.028778875,0.03602397377,0.04398008977,0.5035184072,0,0.08,true
001,planted,1060,1,0.8734319058,0.07460539384,0.07712048956,0.5061696392,1,0.08,true
001,planted,1061,1,0.6258620094,0.1012936185,0.1038087143,0.5083046971,1,0.08,true
001,planted,1062,1,-0.8429914595,0.05744889007,0.05996398579,0.5047971189,0,0.08,true
001,planted,1063,1,-1.303564746,-0.006745034764,-0.004229939046,0.4996616049,0,0.08,true
001,planted,1064,0,1.409416356,0.05812101085,0.06607712686,0.5052861701,1,0.08,true
001,planted,1065,1,-0.5974139868,0.02841345882,0.03092855454,0.5024742844,0,0.08,true
001,planted,1066,0,-0.3095899156,0.01288708239,0.02084319839,0.5016674559,0,0.08,true
001,planted,1067,0,0.6813529005,0.04535850296,0.05331461896,0.5042651695,1,0.08,true
001,planted,1068,0,-0.977558258,-0.004173060665,0.003783055339,0.5003026444,0,0.08,true
001,planted,1069,0,-1.534731193,-0.07607477598,-0.06811865998,0.4945505072,0,0.08,true
001,planted,1070,1,1.243561551,-0.01362283945,-0.01110774373,0.4991113805,0,0.08,true
001,planted,1071,1,-0.0908160178,-0.01761945894,-0.01510436322,0.4987916509,0,0.08,true
001,planted,1072,1,-0.4578093167,-0.03944231407,-0.03692721835,0.4970458225,0,0.08,true
001,planted,1073,1,0.3063919149,-0.02303947112,-0.0205243754,0.49835805,0,0.08,true
001,planted,1074,1,1.38564654,0.04631726043,0.04883235614,0.5039065885,0,0.08,true
001,planted,1075,0,-0.1850631076,0.03583434755,0.04379046355,0.5035032371,0,0.08,true
001,planted,1076,0,0.1568380613,0.04296050218,0.05091661819,0.5040733295,1,0.08,true
001,planted,1077,1,1.05770964,0.09471603794,0.09723113366,0.5077784907,1,0.08,true
001,planted,1078,0,-1.247088236,0.02580829542,0.03376441142,0.5027011529,1,0.08,true
001,planted,1079,1,-0.0009057277902,0.02510802344,0.02762311916,0.5022098495,1,0.08,true
001,planted,1080,1,0.604322903,0.05593228775,0.05844738347,0.5046757907,1,0.08,true
001,planted,1081,0,-1.904770677,-0.04364853182,-0.03569241582,0.4971446067,0,0.08,true
001,planted,1082,1,-0.6507619833,-0.07442310293,-0.07190800721,0.4942473594,1,0.08,true
001,planted,1083,0,-0.6394366406,-0.1040289214,-0.09607280538,0.4923141756,0,0.08,true
001,planted,1084,1,1.737973108,-0.01063879043,-0.008123694709,0.4993501044,0,0.08,true
001,planted,1085,0,-0.3200613912,-0.02606878083,-0.01811266482,0.4985509868,1,0.08,true
001,planted,1086,1,-1.209337475,-0.083327557,-0.08081246128,0.4935350031,0,0.08,true
001,planted,1087,0,-0.91115683,-0.124141041,-0.116184925,0.490705206,1,0.08,true
001,planted,1088,1,0.5164165943,-0.09445928305,-0.09194418733,0.492644465,1,0.08,true
001,planted,1089,1,-0.8070942272,-0.1311181244,-0.1286030287,0.4897117577,0,0.08,true
001,planted,1090,0,0.8459144251,-0.0826039071,-0.0746477911,0.4940281767,0,0.08,true
001,planted,1091,1,1.369776962,-0.008918983459,-0.006403887741,0.499487689,0,0.08,true
001,planted,1092,1,-0.1000428625,-0.0137702775,-0.01125518179,0.4990995855,1,0.08,true
001,planted,1093,1,-0.2207971621,-0.02489022886,-0.02237513314,0.4982099893,0,0.08,true
001,planted,1094,1,-0.6688472597,-0.05920896422,-0.0566938685,0.4954644905,1,0.08,true
001,planted,1095,1,-0.3131374638,-0.07442967329,-0.07191457757,0.4942468338,1,0.08,true
001,planted,1096,0,-0.4235780098,-0.09545542328,-0.08749930727,0.4930000554,1,0.08,true
001,planted,1097,1,-0.5411070755,-0.1224466461,-0.1199315504,0.490405476,1,0.08,true
001,planted,1098,0,-1.334372434,-0.1853508688,-0.1773947527,0.4858084198,1,0.08,true
001,planted,1099,0,0.2151504658,-0.1684323287,-0.1604762127,0.487161903,1,0.08,true
001,planted,1100,0,-0.4418831666,-0.1881903495,-0.1802342335,0.4855812613,1,0.08,true
001,planted,1101,0,-0.02918767992,-0.1851179965,-0.1771618805,0.4858270496,0,0.08,true
001,planted,1102,1,-0.04554941543,-0.1831358895,-0.1806207938,0.4855503365,1,0.08,true
001,planted,1103,1,0.2019484551,-0.1658793406,-0.1633642449,0.4869308604,1,0.08,true
001,planted,1104,0,-0.3213405609,-0.1811019631,-0.1731458471,0.4861483322,1,0.08,true
001,planted,1105,1,0.6784915505,-0.130579651,-0.1280645552,0.4897548356,0,0.08,true
001,planted,1106,1,0.4310961381,-0.09868325142,-0.0961681557,0.4923065475,0,0.08,true
001,planted,1107,0,-0.9527539104,-0.1529198774,-0.1449637614,0.4884028991,1,0.08,true
001,planted,1108,0,0.1122176356,-0.1416860461,-0.1337299301,0.4893016056,1,0.08,true
001,planted,1109,1,0.6894184971,-0.09031061815,-0.08779552243,0.4929763582,1,0.08,true
001,planted,1110,1,0.1733772046,-0.07631909733,-0.07380400161,0.4940956799,1,0.08,true
001,planted,1111,0,2.052846027,0.05616532979,0.06412144579,0.5051297157,0,0.08,true
001,planted,1112,1,-2.178178766,-0.06482004257,-0.06230494685,0.4950156043,0,0.08,true
001,planted,1113,0,-0.6105972214,-0.09446324862,-0.08650713262,0.4930794294,1,0.08,true
001,planted,1114,0,-1.414867523,-0.159068767,-0.151112651,0.4879109879,0,0.08,true
001,planted,1115,1,0.6941809881,-0.1173293857,-0.11481429,0.4908148568,1,0.08,true
001,planted,1116,1,-1.02999537,-0.1639576396,-0.1614425439,0.4870845965,0,0.08,true
001,planted,1117,0,0.6314061653,-0.1251991466,-0.1172430306,0.4906205576,1,0.08,true
001,planted,1118,1,-0.8733843784,-0.1651233351,-0.1626082394,0.4869913408,1,0.08,true
001,planted,1119,1,-0.02509004809,-0.1622853296,-0.1597702339,0.4872183813,1,0.08,true
001,planted,1120,0,-1.291397954,-0.2184799767,-0.2105238607,0.4831580911,1,0.08,true
001,planted,1121,0,-2.663200155,-0.299944782,-0.291988666,0.4766409067,1,0.08,true
001,planted,1122,0,0.7490446646,-0.2544651141,-0.2465089981,0.4802792802,0,0.08,true
001,planted,1123,1,0.9940370534,-0.1969052708,-0.1943901751,0.484448786,0,0.08,true
001,planted,1124,1,0.8635871186,-0.148593038,-0.1460779423,0.4883137646,1,0.08,true
001,planted,1125,1,-1.132919688,-0.1933573499,-0.1908422542,0.4847326197,1,0.08,true
001,planted,1126,0,-2.847078866,-0.2770899541,-0.2691338381,0.478469293,1,0.08,true
001,planted,1127,1,0.168155782,-0.2629184367,-0.260403341,0.4791677327,0,0.08,true
001,planted,1128,0,0.08984879734,-0.2523742116,-0.2444180956,0.4804465524,0,0.08,true
001,planted,1129,0,-1.441204441,-0.2976162212,-0.2896601052,0.4768271916,1,0.08,true
001,planted,1130,0,-1.626224462,-0.343921525,-0.335965409,0.4731227673,0,0.08,true
001,planted,1131,1,0.2761324608,-0.3230477739,-0.3205326782,0.4743573857,0,0.08,true
001,planted,1132,1,-1.529282006,-0.3655520852,-0.3630369895,0.4709570408,1,0.08,true
001,planted,1133,1,0.9148948004,-0.3124172766,-0.3099021808,0.4752078255,0,0.08,true
001,planted,1134,1,0.1581587211,-0.2975312082,-0.2950161125,0.476398711,0,0.08,true
001,planted,1135,1,-0.9719835607,-0.3270669338,-0.3245518381,0.474035853,0,0.08,true
001,planted,1136,1,0.1864769178,-0.310242721,-0.3077276253,0.47538179,0,0.08,true
001,planted,1137,0,-0.6426702835,-0.3289763005,-0.3210201845,0.4743183852,0,0.08,true
001,planted,1138,1,-0.2386426495,-0.331351886,-0.3288367903,0.4736930568,1,0.08,true
001,planted,1139,1,0.5327627433,-0.2956307358,-0.29311564,0.4765507488,0,0.08,true
001,planted,1140,1,0.4591362862,-0.2644912081,-0.2619761123,0.479041911,1,0.08,true
001,planted,1141,1,-0.9412165648,-0.2980974429,-0.2955823472,0.4763534122,1,0.08,true
001,planted,1142,0,0.7848727202,-0.2476334279,-0.2396773119,0.480825815,0,0.08,true
001,planted,1143,0,-0.3539904568,-0.2583860058,-0.2504298898,0.4799656088,1,0.08,true
001,planted,1144,0,-0.05591720657,-0.2547051402,-0.2467490242,0.4802600781,0,0.08,true
001,planted,1145,1,-0.5261667385,-0.2739709117,-0.2714558159,0.4782835347,1,0.08,true
001,planted,1146,0,-1.079512969,-0.3147032183,-0.3067471023,0.4754602318,1,0.08,true
001,planted,1147,1,1.017605246,-0.2451698471,-0.2426547513,0.4805876199,1,0.08,true
001,planted,1148,0,-0.4408948949,-0.2610254442,-0.2530693282,0.4797544537,0,0.08,true
001,planted,1149,0,0.07278568933,-0.2504181936,-0.2424620776,0.4806030338,1,0.08,true
001,planted,1150,1,0.2121040123,-0.2319190796,-0.2294039839,0.4816476813,1,0.08,true
001,planted,1151,1,-1.128107541,-0.2791553283,-0.2766402326,0.4778687814,1,0.08,true
001,planted,1152,1,0.7405372329,-0.2264477504,-0.2239326546,0.4820853876,0,0.08,true
001,planted,1153,0,0.2568080279,-0.2056810581,-0.1977249421,0.4841820046,1,0.08,true
001,planted,1154,1,-0.8108850356,-0.2423194911,-0.2398043954,0.4808156484,1,0.08,true
001,planted,1155,0,0.9232628098,-0.1771748762,-0.1692187602,0.4864624992,0,0.08,true
001,planted,1156,0,-0.2963435092,-0.1893895156,-0.1814333996,0.485485328,1,0.08,true
001,planted,1157,0,1.219516204,-0.1064370206,-0.0984809046,0.4921215276,0,0.08,true
001,planted,1158,0,1.562978764,-0.01191109997,-0.003954983969,0.4996836013,0,0.08,true
001,planted,1159,1,-1.268660975,-0.07798210156,-0.07546700584,0.4939626395,0,0.08,true
001,planted,1160,0,-0.7507438681,-0.1147495232,-0.1067934072,0.4914565274,1,0.08,true
001,planted,1161,1,-0.2129771817,-0.1233096453,-0.1207945495,0.490336436,1,0.08,true
001,planted,1162,0,1.755947869,-0.02006995589,-0.01211383989,0.4990308928,0,0.08,true
001,planted,1163,0,-0.717934813,-0.05649988573,-0.04854376973,0.4961164984,0,0.08,true
001,planted,1164,0,-0.3175688165,-0.07175227082,-0.06379615482,0.4948963076,1,0.08,true
001,planted,1165,1,-1.187053867,-0.1292334507,-0.126718355,0.4898625316,1,0.08,true
001,planted,1166,1,-0.08394621726,-0.1304363784,-0.1279212826,0.4897662974,1,0.08,true
001,planted,1167,0,-1.129407549,-0.1823518314,-0.1743957154,0.4860483428,1,0.08,true
001,planted,1168,1,0.5579774688,-0.1460554169,-0.1435403212,0.4885167743,1,0.08,true
001,planted,1169,1,0.269805072,-0.1271591757,-0.1246440799,0.4900284736,1,0.08,true
001,planted,1170,0,-1.478684054,-0.1944512197,-0.1864951037,0.4850803917,1,0.08,true
001,planted,1171,1,0.2942127559,-0.1730859557,-0.17057086,0.4863543312,1,0.08,true
001,planted,1172,0,0.06280154919,-0.1651882405,-0.1572321245,0.48742143,1,0.08,true
001,planted,1173,0,-1.642613361,-0.2349553916,-0.2269992756,0.4818400579,1,0.08,true
001,planted,1174,0,-0.140322307,-0.2364497924,-0.2284936764,0.4817205059,1,0.08,true
001,planted,1175,0,-0.1974363054,-0.2411097396,-0.2331536236,0.4813477101,1,0.08,true
001,planted,1176,0,1.755305493,-0.1236611605,-0.1157050445,0.4907435964,1,0.08,true
001,planted,1177,1,-0.03734763575,-0.1225116988,-0.1199966031,0.4904002718,1,0.08,true
001,planted,1178,1,0.3501612625,-0.09993700576,-0.09742191004,0.4922062472,0,0.08,true
001,planted,1179,1,-0.5552449023,-0.1271664205,-0.1246513248,0.490027894,1,0.08,true
001,planted,1180,1,0.2071351122,-0.1120490888,-0.1095339931,0.4912372806,1,0.08,true
001,planted,1181,0,-0.06433471289,-0.1129330674,-0.1049769514,0.4916018439,0,0.08,true
001,planted,1182,1,0.477927506,-0.08094204783,-0.07842695211,0.4937258438,1,0.08,true
001,planted,1183,0,-1.898212296,-0.1724917975,-0.1645356815,0.4868371455,1,0.08,true
001,planted,1184,0,0.6780282191,-0.1288166056,-0.1208604896,0.4903311608,0,0.08,true
001,planted,1185,1,-0.06504715185,-0.1291787358,-0.1266636401,0.4898669088,0,0.08,true
001,planted,1186,0,0.587158139,-0.09116239198,-0.08320627597,0.4933434979,0,0.08,true
001,planted,1187,1,1.632284388,0.005735849667,0.008250945385,0.5006600756,1,0.08,true
001,planted,1188,0,1.120759382,0.06481560135,0.07277171735,0.5058217374,1,0.08,true
001,planted,1189,1,0.01156861818,0.06380351905,0.06631861477,0.5053054892,1,0.08,true
001,planted,1190,1,-2.109019638,-0.04913179049,-0.04661669477,0.4962706644,1,0.08,true
001,planted,1191,0,0.2065826172,-0.03737902062,-0.02942290461,0.4976461676,1,0.08,true
001,planted,1192,0,0.6597063553,-0.002148489544,0.00580762646,0.5004646101,1,0.08,true
001,planted,1193,1,0.1128990526,0.003850404248,0.006365499966,0.50050924,0,0.08,true
001,planted,1194,0,1.15900865,0.06389888846,0.07185500446,0.5057484004,1,0.08,true
001,planted,1195,1,-1.129362377,0.00194264729,0.004457743008,0.5003566194,1,0.08,true
001,planted,1196,1,-1.065202178,-0.05277102719,-0.05025593147,0.4959795255,1,0.08,true
001,planted,1197,0,-0.5765461711,-0.08101745716,-0.07306134115,0.4941550927,0,0.08,true
001,planted,1198,0,-0.7822186606,-0.1187343533,-0.1107782373,0.491137741,1,0.08,true
001,planted,1199,0,0.2985934051,-0.09936836706,-0.09141225105,0.4926870199,0,0.08,true
001,planted,1200,1,-0.8137269694,-0.1389829697,-0.136467874,0.4890825701,1,0.08,true
001,planted,1201,1,0.6634375002,-0.09732501888,-0.09480992316,0.4924152061,1,0.08,true
001,planted,1202,0,-1.053506283,-0.1489313809,-0.1409752649,0.4887219788,1,0.08,true
001,planted,1203,0,-0.2867972734,-0.1607347954,-0.1527786794,0.4877777057,0,0.08,true
001,planted,1204,0,-1.35129307,-0.2209801192,-0.2130240032,0.4829580797,1,0.08,true
001,planted,1205,0,-1.30893399,-0.2738006095,-0.2658444935,0.4787324405,0,0.08,true
001,planted,1206,1,-1.587012404,-0.3292165387,-0.326701443,0.4738638846,0,0.08,true
001,planted,1207,1,-1.427611013,-0.3748204022,-0.3723053064,0.4702155755,0,0.08,true
001,planted,1208,1,0.1843257177,-0.3557328441,-0.3532177484,0.4717425801,1,0.08,true
001,planted,1209,1,-1.181111046,-0.3933627855,-0.3908476898,0.4687321848,1,0.08,true
001,planted,1210,1,1.244719516,-0.3075345164,-0.3050194207,0.4755984463,0,0.08,true
001,planted,1211,0,-0.6539687772,-0.3291819108,-0.3212257948,0.4743019364,0,0.08,true
001,planted,1212,0,1.408302765,-0.2367076707,-0.2287515547,0.4816998756,1,0.08,true
001,planted,1213,1,0.2651813773,-0.2170709377,-0.214555842,0.4828355326,0,0.08,true
001,planted,1214,0,0.2415663886,-0.1988974889,-0.1909413729,0.4847246902,0,0.08,true
001,planted,1215,0,-0.2874311314,-0.2084690461,-0.2005129301,0.4839589656,0,0.08,true
001,planted,1216,0,-0.03893119817,-0.2052725337,-0.1973164177,0.4842146866,1,0.08,true
001,planted,1217,0,-1.327122648,-0.259669901,-0.251713785,0.4798628972,0,0.08,true
001,planted,1218,1,-0.4073668653,-0.27367629,-0.2711611943,0.4783071045,0,0.08,true
001,planted,1219,0,-0.1047767772,-0.2724055265,-0.2644494105,0.4788440472,1,0.08,true
001,planted,1220,1,0.2202565213,-0.2527252103,-0.2502101146,0.4799831908,0,0.08,true
001,planted,1221,0,-0.636499392,-0.2792838589,-0.2713277429,0.4782937806,0,0.08,true
001,planted,1222,0,0.7851723733,-0.2217759084,-0.2138197924,0.4828944166,0,0.08,true
001,planted,1223,0,-0.1116552845,-0.2226148696,-0.2146587536,0.4828272997,0,0.08,true
001,planted,1224,0,-0.6889873213,-0.2540990634,-0.2461429474,0.4803085642,1,0.08,true
001,planted,1225,0,2.628891705,-0.07173222898,-0.06377611298,0.494897911,0,0.08,true
001,planted,1226,1,-0.8442314537,-0.1106982644,-0.1081831687,0.4913453465,0,0.08,true
001,planted,1227,1,9.539590948e-05,-0.1078904493,-0.1053753535,0.4915699717,1,0.08,true
001,planted,1228,0,0.6495300745,-0.07031120683,-0.06235509083,0.4950115927,0,0.08,true
001,planted,1229,0,-1.074437719,-0.1217322417,-0.1137761256,0.4908979099,1,0.08,true
001,planted,1230,1,-0.5168754982,-0.1448835027,-0.1423684069,0.4886105274,0,0.08,true
001,planted,1231,0,-0.6455270299,-0.1738653876,-0.1659092716,0.4867272583,0,0.08,true
001,planted,1232,1,0.1369755541,-0.1619001518,-0.159385056,0.4872491955,0,0.08,true
001,planted,1233,1,0.7130011881,-0.1160836622,-0.1135685665,0.4909145147,0,0.08,true
001,planted,1234,1,-1.513672856,-0.1855588781,-0.1830437823,0.4853564974,1,0.08,true
001,planted,1235,1,1.27000593,-0.1071460324,-0.1046309366,0.4916295251,1,0.08,true
001,planted,1236,0,0.9075160233,-0.05498513397,-0.04702901796,0.4962376786,1,0.08,true
001,planted,1237,0,0.7708825283,-0.01233478269,-0.004378666683,0.4996497067,0,0.08,true
001,planted,1238,1,1.252114822,0.05292023561,0.05543533133,0.5044348265,1,0.08,true
001,planted,1239,1,-0.425484116,0.02897059359,0.0314856893,0.5025188551,1,0.08,true
001,planted,1240,0,-1.004826368,-0.02519100969,-0.01723489369,0.4986212085,0,0.08,true
001,planted,1241,1,-1.235206098,-0.08717585565,-0.08466075993,0.4932271392,1,0.08,true
001,planted,1242,0,2.02978803,0.02012628958,0.02808240558,0.5022465924,0,0.08,true
001,planted,1243,1,0.0443333851,0.02178331854,0.02429841426,0.5019438731,0,0.08,true
001,planted,1244,1,3.08462912,0.1446982576,0.1472133533,0.5117770683,0,0.08,true
001,planted,1245,0,1.825341994,0.2063193092,0.2142754252,0.517142034,1,0.08,true
001,planted,1246,0,-0.5967518823,0.175554473,0.183510589,0.5146808471,0,0.08,true
001,planted,1247,0,-0.3331571456,0.1568599353,0.1648160513,0.5131852841,1,0.08,true
001,planted,1248,1,-0.6033016263,0.1261895767,0.1287046724,0.5102963738,0,0.08,true
001,planted,1249,1,-0.09270844143,0.1189251389,0.1214402346,0.5097152188,1,0.08,true
001,planted,1250,0,-0.2574677773,0.1042380937,0.1121942097,0.5089755368,0,0.08,true
001,planted,1251,1,-2.757039426,-0.02174308912,-0.0192279934,0.4984617605,1,0.08,true
001,planted,1252,0,0.6724476822,0.006325240345,0.01428135635,0.5011425085,0,0.08,true
001,planted,1253,0,1.444438875,0.06416704397,0.07212315998,0.5057698528,1,0.08,true
001,planted,1254,0,-0.1874173209,0.05475980193,0.06271591793,0.5050172734,1,0.08,true
001,planted,1255,1,-0.2440023752,0.04298199661,0.04549709233,0.5036397674,0,0.08,true
001,planted,1256,1,-0.8733294851,0.003889071664,0.006404167382,0.5005123334,1,0.08,true
001,planted,1257,0,0.3333605179,0.01840351754,0.02635963354,0.5021087707,1,0.08,true
001,planted,1258,1,-1.292306784,-0.03892023904,-0.03640514332,0.4970875885,1,0.08,true
001,planted,1259,1,1.962665385,0.04632510726,0.04884020298,0.5039072162,0,0.08,true
001,planted,1260,0,0.7806837833,0.07761303649,0.08556915249,0.5068455322,1,0.08,true
001,planted,1261,1,1.539345727,0.1363818202,0.138896916,0.5111117533,0,0.08,true
001,planted,1262,1,1.008499192,0.1727153542,0.1752304499,0.514018436,1,0.08,true
001,planted,1263,1,0.4269018673,0.1860345682,0.1885496639,0.5150839731,1,0.08,true
001,planted,1264,0,-1.66116468,0.1031092777,0.1110653937,0.5088852315,1,0.08,true
001,planted,1265,1,-0.1597670762,0.09361749193,0.09613258765,0.507690607,1,0.08,true
001,planted,1266,1,-0.8352676907,0.05387113482,0.05638623054,0.5045108984,1,0.08,true
001,planted,1267,1,0.06406106488,0.0553490485,0.05786414421,0.5046291315,0,0.08,true
001,planted,1268,0,-1.441781619,-0.0112966506,-0.003340534594,0.4997327572,0,0.08,true
001,planted,1269,0,3.075857037,0.1080750868,0.1160312028,0.5092824962,0,0.08,true
001,planted,1270,0,0.3126416426,0.1174102114,0.1253663274,0.5100293062,0,0.08,true
001,planted,1271,0,0.5027617155,0.134069558,0.142025674,0.5113620539,0,0.08,true
001,planted,1272,1,0.2521545965,0.1408647035,0.1433797992,0.5114703839,1,0.08,true
001,planted,1273,1,-1.169058261,0.0861097604,0.08862485612,0.5070899885,0,0.08,true
001,planted,1274,1,0.2670104434,0.09505460996,0.09756970568,0.5078055765,0,0.08,true
001,planted,1275,0,-1.022861843,0.04758755057,0.05554366657,0.5044434933,1,0.08,true
001,planted,1276,1,-1.313594421,-0.01034581862,-0.007830722904,0.4993735422,0,0.08,true
001,planted,1277,0,1.256461545,0.0429278718,0.05088398781,0.504070719,1,0.08,true
001,planted,1278,1,0.08794654961,0.04562092504,0.04813602076,0.5038508817,1,0.08,true
001,planted,1279,1,0.7227829545,0.07562238101,0.07813747673,0.5062509981,1,0.08,true
001,planted,1280,1,0.0567045754,0.07624640488,0.0787615006,0.50630092,1,0.08,true
001,planted,1281,1,-0.06660091253,0.07124398527,0.07375908099,0.5059007265,1,0.08,true
001,planted,1282,1,-0.7751679507,0.03241047915,0.03492557487,0.502794046,0,0.08,true
001,planted,1283,1,-1.124553623,-0.02155403288,-0.01903893716,0.498476885,0,0.08,true
001,planted,1284,0,-0.2097877197,-0.03098142132,-0.02302530532,0.4981579756,0,0.08,true
001,planted,1285,1,-1.945909887,-0.1153095824,-0.1127944867,0.4909764411,1,0.08,true
001,planted,1286,1,-0.06463252932,-0.1153621351,-0.1128470394,0.4909722368,0,0.08,true
001,planted,1287,1,-0.3654602797,-0.1293555038,-0.1268404081,0.4898527674,1,0.08,true
001,planted,1288,1,0.506656951,-0.1009392541,-0.09842415836,0.4921260673,1,0.08,true
001,planted,1289,0,-0.4976664947,-0.1222255585,-0.1142694425,0.4908584446,0,0.08,true
001,planted,1290,0,0.6246842228,-0.08681228011,-0.07885616411,0.4936915069,0,0.08,true
001,planted,1291,1,-1.361298831,-0.1472915584,-0.1447764627,0.488417883,1,0.08,true
001,planted,1292,1,2.168467186,-0.03136009442,-0.0288449987,0.4976924001,1,0.08,true
001,planted,1293,1,1.789741169,0.04896518796,0.05148028368,0.5041184227,0,0.08,true
001,planted,1294,0,0.5141667126,0.07023993488,0.07819605089,0.5062556841,0,0.08,true
001,planted,1295,0,-1.217804535,0.01276314227,0.02071925827,0.5016575407,1,0.08,true
001,planted,1296,1,-1.27576623,-0.04383559012,-0.04132049441,0.4966943604,1,0.08,true
001,planted,1297,1,-0.5902890875,-0.06877080265,-0.06625570694,0.4946995434,0,0.08,true
001,planted,1298,1,0.05588747178,-0.06446639821,-0.0619513025,0.4950438958,1,0.08,true
001,planted,1299,1,0.9414914167,-0.01825629311,-0.0157411974,0.4987407042,1,0.08,true
001,planted,1300,0,1.091542662,0.03294481447,0.04090093047,0.5032720744,0,0.08,true
001,planted,1301,0,0.5565682492,0.058015556,0.06597167201,0.5052777338,1,0.08,true
001,planted,1302,0,-2.354246179,-0.05068724358,-0.04273112758,0.4965815098,1,0.08,true
001,planted,1303,1,0.2166998871,-0.03981786747,-0.03730277175,0.4970157783,0,0.08,true
001,planted,1304,1,0.2396073517,-0.0279533356,-0.02543823988,0.4979649408,1,0.08,true
001,planted,1305,0,-0.2446882601,-0.03852313584,-0.03056701984,0.4975546384,1,0.08,true
001,planted,1306,1,-0.7384374675,-0.07169988557,-0.06918478985,0.4944652168,0,0.08,true
001,planted,1307,1,0.08473821249,-0.06579933618,-0.06328424047,0.4949372608,1,0.08,true
001,planted,1308,1,-2.058986491,-0.1508547615,-0.1483396658,0.4881328267,0,0.08,true
001,planted,1309,0,0.02602469259,-0.1458339085,-0.1378777925,0.4889697766,1,0.08,true
001,planted,1310,0,-0.4936782059,-0.1645831414,-0.1566270254,0.487469838,1,0.08,true
001,planted,1311,0,-0.7024006753,-0.1921034769,-0.1841473609,0.4852682111,0,0.08,true
001,planted,1312,1,0.7221929296,-0.1500407624,-0.1475256667,0.4881979467,0,0.08,true
001,planted,1313,1,0.4788600867,-0.1218123621,-0.1192972664,0.4904562187,1,0.08,true
001,planted,1314,1,0.9728071164,-0.06788979907,-0.06537470335,0.4947700237,1,0.08,true
001,planted,1315,1,1.047280364,-0.01273020571,-0.01021511,0.4991827912,0,0.08,true
001,planted,1316,1,-1.458902416,-0.08188216819,-0.07936707247,0.4936506342,1,0.08,true
001,planted,1317,0,-0.02265399303,-0.08092465089,-0.07296853489,0.4941625172,0,0.08,true
001,planted,1318,1,-0.9301709896,-0.1232239223,-0.1207088266,0.4903432939,0,0.08,true
001,planted,1319,0,-1.169288604,-0.1734688352,-0.1655127192,0.4867589825,1,0.08,true
001,planted,1320,1,1.712724342,-0.07728442311,-0.07476932739,0.4940184538,1,0.08,true
001,planted,1321,0,1.300027341,-0.01219449407,-0.004238378069,0.4996609298,0,0.08,true
001,planted,1322,1,-0.8157752942,-0.04998359078,-0.04746849507,0.4962025204,1,0.08,true
001,planted,1323,1,-0.4719266567,-0.07106849087,-0.06855339515,0.4945157284,0,0.08,true
001,planted,1324,0,-2.225082182,-0.1604440685,-0.1524879525,0.4878009638,0,0.08,true
001,planted,1325,0,-1.148996455,-0.2029918416,-0.1950357256,0.484397142,0,0.08,true
001,planted,1326,0,-0.251418142,-0.2089592667,-0.2010031507,0.4839197479,0,0.08,true
001,planted,1327,0,-0.224673234,-0.2138542827,-0.2058981667,0.4835281467,1,0.08,true
001,planted,1328,0,-0.7160729808,-0.2397089456,-0.2317528296,0.4814597736,1,0.08,true
001,planted,1329,1,0.6925371465,-0.1980627733,-0.1955476776,0.4843561858,0,0.08,true
001,planted,1330,1,-0.2338874012,-0.20422056,-0.2017054643,0.4838635629,1,0.08,true
001,planted,1331,1,2.062412215,-0.08685641097,-0.08434131525,0.4932526948,1,0.08,true
001,planted,1332,0,0.4295289045,-0.06435123793,-0.05639512193,0.4954883902,1,0.08,true
001,planted,1333,0,-0.2004615941,-0.07221688374,-0.06426076774,0.4948591386,0,0.08,true
001,planted,1334,0,-0.4549911658,-0.09217762119,-0.08422150518,0.4932622796,1,0.08,true
001,planted,1335,1,1.873822787,0.003399467584,0.005914563302,0.5004731651,1,0.08,true
001,planted,1336,0,-0.1717212901,-0.004796197112,0.003159918892,0.5002527935,0,0.08,true
001,planted,1337,1,0.3411737466,0.01181916279,0.01433425851,0.5011467407,0,0.08,true
001,planted,1338,1,-1.100456602,-0.04179591189,-0.03928081617,0.4968575347,1,0.08,true
001,planted,1339,0,0.1322073244,-0.03419179152,-0.02623567551,0.497901146,0,0.08,true
001,planted,1340,0,0.4841019445,-0.00874738344,-0.0007912674356,0.4999366986,0,0.08,true
001,planted,1341,1,-0.3337340422,-0.02569349434,-0.02317839863,0.4981457281,0,0.08,true
001,planted,1342,0,-0.1589607442,-0.03342119124,-0.02546507523,0.497962794,1,0.08,true
001,planted,1343,1,-0.9312280627,-0.08100087616,-0.07848578044,0.4937211376,0,0.08,true
001,planted,1344,0,0.2010400112,-0.06796601769,-0.06000990168,0.4951992079,0,0.08,true
001,planted,1345,0,-1.732340774,-0.1492737165,-0.1413176005,0.488694592,1,0.08,true
001,planted,1346,1,0.8772066978,-0.09751607843,-0.09500098271,0.4923999214,1,0.08,true
001,planted,1347,0,-0.6514973358,-0.1278427929,-0.1198866768,0.4904090659,1,0.08,true
001,planted,1348,1,-0.0184289856,-0.1255882005,-0.1230731048,0.4901541516,0,0.08,true
001,planted,1349,1,0.1401440008,-0.1146660674,-0.1121509717,0.4910279223,1,0.08,true
001,planted,1350,0,-0.7179393958,-0.1496636256,-0.1417075096,0.4886633992,1,0.08,true
001,planted,1351,0,0.6266690794,-0.108976758,-0.1010206419,0.4919183486,0,0.08,true
001,planted,1352,1,1.031270165,-0.0454052319,-0.04289013618,0.4965687891,0,0.08,true
001,planted,1353,1,-0.8703258226,-0.09161707819,-0.08910198247,0.4928718414,0,0.08,true
001,planted,1354,0,2.861036817,0.05974694204,0.06770305805,0.5054162446,0,0.08,true
001,planted,1355,0,1.086252522,0.1068177224,0.1147738384,0.5091819071,0,0.08,true
001,planted,1356,1,-0.7263791598,0.0689582099,0.07147330562,0.5057178644,0,0.08,true
001,planted,1357,0,-0.7522226293,0.03074565024,0.03870176624,0.5030961413,0,0.08,true
001,planted,1358,1,2.117895634,0.1206731882,0.1231882839,0.5098550627,1,0.08,true
001,planted,1359,1,0.5944311034,0.1434919436,0.1460070393,0.5116805631,1,0.08,true
001,planted,1360,1,1.186490096,0.1889957842,0.1915108799,0.5153208704,1,0.08,true
001,planted,1361,1,1.47237354,0.2410778424,0.2435929381,0.519487435,1,0.08,true
001,planted,1362,1,-0.5478940882,0.2089745267,0.2114896224,0.5169191698,1,0.08,true
001,planted,1363,0,-0.651160321,0.1721775598,0.1801336759,0.5144106941,1,0.08,true
001,planted,1364,0,-0.8410623498,0.1265136919,0.1344698079,0.5107575846,0,0.08,true
001,planted,1365,1,-1.066215285,0.0711082875,0.07362338321,0.5058898707,1,0.08,true
001,planted,1366,0,-1.092197847,0.01716550899,0.02512162499,0.50200973,1,0.08,true
001,planted,1367,0,-1.73954818,-0.06152920991,-0.0535730939,0.4957141525,0,0.08,true
001,planted,1368,1,0.4145801381,-0.04094129714,-0.03842620142,0.4969259039,0,0.08,true
001,planted,1369,1,-1.475209481,-0.1038130451,-0.1012979494,0.491896164,0,0.08,true
001,planted,1370,1,-0.55765817,-0.1258394846,-0.1233243888,0.4901340489,1,0.08,true
001,planted,1371,0,-0.2893106625,-0.135876081,-0.127919965,0.4897664028,1,0.08,true
001,planted,1372,0,-1.61371223,-0.197983632,-0.190027516,0.4847977987,0,0.08,true
001,planted,1373,0,0.1979964563,-0.1836580346,-0.1757019186,0.4859438465,1,0.08,true
001,planted,1374,1,-1.485576718,-0.2379237563,-0.2354086605,0.4811673072,0,0.08,true
001,planted,1375,1,-1.208312809,-0.2793203721,-0.2768052763,0.4778555779,1,0.08,true
001,planted,1376,1,2.48044549,-0.1403628557,-0.13784776,0.4889721792,1,0.08,true
001,planted,1377,1,-2.148716312,-0.2107685159,-0.2082534201,0.4833397264,1,0.08,true
001,planted,1378,0,2.396813594,-0.1004453407,-0.09248922472,0.492600862,1,0.08,true
001,planted,1379,0,0.5050227795,-0.07852920698,-0.07057309098,0.4943541527,1,0.08,true
001,planted,1380,1,-2.064785192,-0.1472269743,-0.1447118785,0.4884230497,1,0.08,true
001,planted,1381,0,1.625725593,-0.07991110404,-0.07195498804,0.494243601,0,0.08,true
001,planted,1382,0,1.787920814,-0.01130966291,-0.003353546905,0.4997317162,1,0.08,true
001,planted,1383,1,0.1141989137,-0.006868482983,-0.004353387265,0.499651729,0,0.08,true
001,planted,1384,0,0.4389366854,0.009656432438,0.01761254844,0.5014090039,1,0.08,true
001,planted,1385,0,-1.566486586,-0.04868129179,-0.04072517579,0.4967419859,0,0.08,true
001,planted,1386,0,0.02312403667,-0.04657330371,-0.0386171877,0.496910625,1,0.08,true
001,planted,1387,1,0.946632674,-0.008529587628,-0.00601449191,0.4995188406,1,0.08,true
001,planted,1388,1,-0.9676510307,-0.04568915115,-0.04317405543,0.4965460756,0,0.08,true
001,planted,1389,0,0.6158799363,-0.01992995121,-0.01197383521,0.4990420932,1,0.08,true
001,planted,1390,0,2.400363697,0.07142283456,0.07937895057,0.506350316,0,0.08,true
001,planted,1391,0,1.281707228,0.1157657804,0.1237218964,0.5098977517,1,0.08,true
001,planted,1392,0,-0.3292944468,0.100087445,0.108043561,0.5086434849,1,0.08,true
001,planted,1393,0,0.5133424002,0.1171831199,0.125139236,0.5100111389,1,0.08,true
001,planted,1394,0,1.25126585,0.160316581,0.168272697,0.5134618158,0,0.08,true
001,planted,1395,1,1.136273509,0.1977243797,0.2002394755,0.516019158,1,0.08,true
001,planted,1396,1,-1.049331467,0.147835254,0.1503503497,0.512028028,1,0.08,true
001,planted,1397,1,0.5915008476,0.1671486368,0.1696637325,0.5135730986,1,0.08,true
001,planted,1398,0,0.8526142549,0.1958060878,0.2037622038,0.5163009763,0,0.08,true
001,planted,1399,1,-1.199759899,0.1370517638,0.1395668595,0.5111653488,0,0.08,true
001,planted,1400,0,-0.05951069779,0.1310729584,0.1390290745,0.511122326,1,0.08,true
001,planted,1401,1,-0.5435355798,0.1037573132,0.1062724089,0.5085017927,1,0.08,true
001,planted,1402,0,-0.2549976375,0.08980153797,0.09775765397,0.5078206123,0,0.08,true
001,planted,1403,1,1.354952453,0.1433452188,0.1458603145,0.5116688252,0,0.08,true
001,planted,1404,1,0.5112302135,0.1616813237,0.1641964194,0.5131357136,1,0.08,true
001,planted,1405,0,-0.3037017694,0.1434860259,0.1514421419,0.5121153713,0,0.08,true
001,planted,1406,0,-1.071107864,0.08775270491,0.09570882092,0.5076567057,0,0.08,true
001,planted,1407,0,-0.004823833023,0.08530551652,0.09326163253,0.5074609306,0,0.08,true
001,planted,1408,0,0.8500746948,0.1218578784,0.1298139944,0.5103851195,0,0.08,true
001,planted,1409,0,0.08408093303,0.12281708,0.130773196,0.5104618557,1,0.08,true
001,planted,1410,0,-2.20952389,0.009094593251,0.01705070926,0.5013640567,1,0.08,true
001,planted,1411,1,0.3912756861,0.026657025,0.02917212072,0.5023337697,1,0.08,true
001,planted,1412,0,-1.604869887,-0.0464679258,-0.03851180979,0.4969190552,0,0.08,true
001,planted,1413,0,-0.9186268097,-0.08556793955,-0.07761182355,0.4937910541,1,0.08,true
001,planted,1414,1,0.7736466646,-0.04734328865,-0.04482819293,0.4964137446,0,0.08,true
001,planted,1415,0,0.07211888946,-0.04278957812,-0.03483346211,0.497213323,0,0.08,true
001,planted,1416,0,0.2864020149,-0.02800563532,-0.02004951932,0.4983960385,1,0.08,true
001,planted,1417,0,0.3302200103,-0.01115227998,-0.003196163973,0.4997443069,0,0.08,true
001,planted,1418,1,-0.2165509363,-0.02165913562,-0.0191440399,0.4984684768,1,0.08,true
001,planted,1419,1,-0.6571729557,-0.05413429763,-0.05161920191,0.4958704638,1,0.08,true
001,planted,1420,1,0.5602594209,-0.02347540425,-0.02096030853,0.4983231753,1,0.08,true
001,planted,1421,1,1.887781545,0.0701810252,0.07269612092,0.5058156897,1,0.08,true
001,planted,1422,0,0.01765094877,0.06927718426,0.07723330027,0.506178664,0,0.08,true
001,planted,1423,1,0.9892919601,0.114899601,0.1174146967,0.5093931757,1,0.08,true
001,planted,1424,1,0.500306659,0.136543827,0.1390589227,0.5111247138,1,0.08,true
001,planted,1425,1,1.191127913,0.1877905035,0.1903055992,0.5152244479,0,0.08,true
001,planted,1426,1,-0.9862327956,0.1292279819,0.1317430776,0.5105394462,1,0.08,true
001,planted,1427,1,0.2898472525,0.1405118873,0.1430269831,0.5114421586,0,0.08,true
001,planted,1428,1,0.6528888601,0.1692573576,0.1717724534,0.5137417963,0,0.08,true
001,planted,1429,1,0.224450946,0.1766711131,0.1791862088,0.5143348967,1,0.08,true
001,planted,1430,1,-0.4277056664,0.148060869,0.1505759647,0.5120460772,1,0.08,true
001,planted,1431,1,0.1245893193,0.1511749023,0.153689998,0.5122951998,0,0.08,true
001,planted,1432,1,-1.411428518,0.06281836293,0.06533345865,0.5052266767,0,0.08,true
001,planted,1433,0,0.539170036,0.09014503033,0.09810114634,0.5078480917,0,0.08,true
001,planted,1434,0,0.4405924319,0.1118738375,0.1198299535,0.5095863963,1,0.08,true
001,planted,1435,1,0.1084786059,0.1151963783,0.1177114741,0.5094169179,1,0.08,true
001,planted,1436,0,0.8870948238,0.1600051232,0.1679612392,0.5134368991,0,0.08,true
001,planted,1437,0,-1.912829102,0.0392629754,0.04721909141,0.5037775273,0,0.08,true
001,planted,1438,1,0.6291642116,0.07126203573,0.07377713145,0.5059021705,0,0.08,true
001,planted,1439,0,-0.5153189509,0.04104860094,0.04900471695,0.5039203774,1,0.08,true
001,planted,1440,0,1.052994205,0.09523556845,0.1031916845,0.5082553348,0,0.08,true
001,planted,1441,1,0.3981776533,0.1142060859,0.1167211816,0.5093376945,1,0.08,true
001,planted,1442,1,-1.038441675,0.05119869724,0.05371379296,0.5042971034,0,0.08,true
001,planted,1443,1,2.617439267,0.1640924123,0.166607508,0.5133286006,0,0.08,true
001,planted,1444,0,0.5299725486,0.1841623369,0.1921184529,0.5153694762,1,0.08,true
001,planted,1445,1,-1.460919955,0.1029709513,0.105486047,0.5084388838,1,0.08,true
001,planted,1446,0,0.2315385463,0.1112882591,0.1192443751,0.50953955,1,0.08,true
001,planted,1447,0,-0.9502191785,0.06065733438,0.06861345039,0.505489076,0,0.08,true
001,planted,1448,0,1.328556172,0.1194539293,0.1274100453,0.5101928036,0,0.08,true
001,planted,1449,0,-0.445166405,0.09443487157,0.1023909876,0.508191279,1,0.08,true
001,planted,1450,0,1.687575071,0.164420234,0.17237635,0.513790108,1,0.08,true
001,planted,1451,1,0.3399137038,0.1759558397,0.1784709354,0.5142776748,0,0.08,true
001,planted,1452,1,1.403603909,0.2293236238,0.2318387196,0.5185470976,0,0.08,true
001,planted,1453,1,1.707478327,0.286574892,0.2890899877,0.523127199,1,0.08,true
001,planted,1454,1,-0.6448985201,0.2474776248,0.2499927205,0.5199994176,1,0.08,true
001,planted,1455,1,0.09021634448,0.245389292,0.2479043877,0.519832351,1,0.08,true
001,planted,1456,0,-0.2729158639,0.2256883656,0.2336444816,0.5186915585,0,0.08,true
001,planted,1457,0,0.5033070712,0.2432339672,0.2511900832,0.5200952067,0,0.08,true
001,planted,1458,1,0.1428520495,0.2441119842,0.24662708,0.5197301664,0,0.08,true
001,planted,1459,0,-0.6113943339,0.2044873827,0.2124434987,0.5169954799,1,0.08,true
001,planted,1460,0,0.1901447275,0.2090355764,0.2169916924,0.5173593354,1,0.08,true
001,planted,1461,0,-0.5373743896,0.1735420605,0.1814981765,0.5145198541,0,0.08,true
001,planted,1462,0,0.3685396268,0.1884676691,0.1964237851,0.5157139028,0,0.08,true
001,planted,1463,0,-0.846919824,0.1336085582,0.1415646742,0.5113251739,1,0.08,true
001,planted,1464,0,-0.6139638378,0.0948021844,0.1027583004,0.508220664,1,0.08,true
001,planted,1465,1,1.182358022,0.1527042945,0.1552193902,0.5124175512,0,0.08,true
001,planted,1466,0,0.2284876596,0.1613038481,0.1692599641,0.5135407971,1,0.08,true
001,planted,1467,0,0.9801851238,0.2067762386,0.2147323546,0.5171785884,0,0.08,true
001,planted,1468,1,-1.00557149,0.1399430644,0.1424581601,0.5113966528,1,0.08,true
001,planted,1469,1,1.169197589,0.1941236271,0.1966387228,0.5157310978,0,0.08,true
001,planted,1470,1,0.9109520132,0.233896997,0.2364120927,0.5189129674,0,0.08,true
001,planted,1471,0,-0.7002732611,0.1862471965,0.1942033125,0.515536265,0,0.08,true
001,planted,1472,0,-1.010127935,0.1209409368,0.1288970528,0.5103117642,0,0.08,true
001,planted,1473,0,0.6212167082,0.1507828951,0.1587390111,0.5126991209,1,0.08,true
001,planted,1474,0,-0.1205160746,0.1400727952,0.1480289112,0.5118423129,1,0.08,true
001,planted,1475,0,-1.401737225,0.05177047566,0.05972659166,0.5047781273,0,0.08,true
001,planted,1476,0,-0.2256820828,0.03776042823,0.04571654424,0.5036573235,0,0.08,true
001,planted,1477,0,0.6222950065,0.07159650913,0.07955262513,0.50636421,0,0.08,true
001,planted,1478,0,0.6709023052,0.1071598497,0.1151159658,0.5092092773,1,0.08,true
001,planted,1479,0,0.3253576317,0.1231104478,0.1310665638,0.5104853251,0,0.08,true
001,planted,1480,0,-0.06481237196,0.1160835752,0.1240396912,0.5099231753,1,0.08,true
001,planted,1481,1,-2.705646199,-0.0429179177,-0.04040282199,0.4967677742,0,0.08,true
001,planted,1482,1,2.763216141,0.08322134332,0.08573643903,0.5068589151,0,0.08,true
001,planted,1483,0,-1.324020791,0.02203500035,0.02999111636,0.5023992893,1,0.08,true
001,planted,1484,0,0.05702449306,0.02397005806,0.03192617406,0.5025540939,1,0.08,true
001,planted,1485,1,-0.7316179823,-0.009369780528,-0.00685468481,0.4994516252,1,0.08,true
001,planted,1486,0,2.278105563,0.08585112716,0.09380724317,0.5075045795,1,0.08,true
001,planted,1487,0,-0.5306481693,0.06087315763,0.06882927363,0.5055063419,1,0.08,true
001,planted,1488,0,0.02573984402,0.06044503202,0.06840114802,0.5054720918,0,0.08,true
001,planted,1489,0,0.2260660711,0.06888287263,0.07683898863,0.5061471191,1,0.08,true
001,planted,1490,0,1.436261163,0.1271797805,0.1351358965,0.5108108717,1,0.08,true
001,planted,1491,1,-0.2143465054,0.1142479602,0.116763056,0.5093410445,0,0.08,true
001,planted,1492,0,-0.2446473626,0.09999031329,0.1079464293,0.5086357143,0,0.08,true
001,planted,1493,1,-0.2071181976,0.0876257895,0.09014088522,0.5072112708,1,0.08,true
001,planted,1494,1,-0.4154627042,0.06510033343,0.06761542915,0.5054092343,1,0.08,true
001,planted,1495,0,-0.6689231709,0.03014477144,0.03810088744,0.503048071,1,0.08,true
001,planted,1496,1,-0.5737228967,0.0006645762281,0.003179671946,0.5002543738,1,0.08,true
001,planted,1497,0,0.4983325313,0.02585985886,0.03381597486,0.502705278,1,0.08,true
001,planted,1498,1,-0.4287760855,0.002930346194,0.005445441912,0.5004356354,1,0.08,true
001,planted,1499,1,-1.000914462,-0.04883907845,-0.04632398273,0.4962940814,1,0.08,true
001,planted,1500,1,-1.64216481,-0.125359022,-0.1228439263,0.4901724859,0,0.08,true
001,planted,1501,1,0.1062481203,-0.1167750227,-0.114259927,0.4908592058,1,0.08,true
001,planted,1502,0,0.5596528281,-0.08406659963,-0.07611048363,0.4939111613,0,0.08,true
001,planted,1503,1,0.4795230363,-0.0562579337,-0.05374283798,0.495700573,1,0.08,true
001,planted,1504,0,0.001181648195,-0.05476983916,-0.04681372315,0.4962549021,0,0.08,true
001,planted,1505,1,-1.039004548,-0.107290306,-0.1047752103,0.4916179832,1,0.08,true
001,planted,1506,1,-2.529225461,-0.2067843146,-0.2042692189,0.4836584625,0,0.08,true
001,planted,1507,0,-1.886118017,-0.2705826136,-0.2626264976,0.4789898802,0,0.08,true
001,planted,1508,1,0.1992812403,-0.2544510842,-0.2519359884,0.4798451209,0,0.08,true
001,planted,1509,1,-2.894901852,-0.3279020564,-0.3253869607,0.4739690431,0,0.08,true
001,planted,1510,0,0.2769770041,-0.3078532007,-0.2998970847,0.4760082332,1,0.08,true
001,planted,1511,0,0.3060057609,-0.2867365963,-0.2787804803,0.4776975616,0,0.08,true
001,planted,1512,1,-1.49260224,-0.3303272727,-0.327812177,0.4737750258,0,0.08,true
001,planted,1513,0,2.437447852,-0.1984082438,-0.1904521278,0.4847638298,0,0.08,true
001,planted,1514,1,-1.717900317,-0.2499810778,-0.247465982,0.4802027214,1,0.08,true
001,planted,1515,1,1.484181528,-0.1802250704,-0.1777099746,0.485783202,1,0.08,true
001,planted,1516,1,1.415552926,-0.1176722813,-0.1151571856,0.4907874252,0,0.08,true
001,planted,1517,0,-0.5250578788,-0.1343120513,-0.1263559353,0.4898915252,0,0.08,true
001,planted,1518,1,-0.6186328957,-0.1542812335,-0.1517661378,0.487858709,1,0.08,true
001,planted,1519,0,-0.5926359239,-0.1731245331,-0.1651684171,0.4867865266,0,0.08,true
001,planted,1520,0,0.8049918692,-0.134422297,-0.126466181,0.4898827055,0,0.08,true
001,planted,1521,0,-1.491245172,-0.1858631895,-0.1779070735,0.4857674341,1,0.08,true
001,planted,1522,0,0.4742961151,-0.161106863,-0.153150747,0.4877479402,1,0.08,true
001,planted,1523,1,0.7775334186,-0.1231497189,-0.1206346232,0.4903492301,1,0.08,true
001,planted,1524,1,0.7952814683,-0.08523178117,-0.08271668545,0.4933826652,1,0.08,true
001,planted,1525,0,-1.036585913,-0.1253216675,-0.1173655515,0.4906107559,1,0.08,true
001,planted,1526,1,1.390814463,-0.0596331496,-0.05711805388,0.4954305557,1,0.08,true
001,planted,1527,0,-1.069728519,-0.1019867515,-0.09403063551,0.4924775492,1,0.08,true
001,planted,1528,0,-0.4801244352,-0.1196381014,-0.1116819854,0.4910654412,0,0.08,true
001,planted,1529,0,0.3376633382,-0.1014770916,-0.09352097556,0.492518322,0,0.08,true
001,planted,1530,1,-0.2528105515,-0.1101890314,-0.1076739357,0.4913860851,0,0.08,true
001,planted,1531,1,1.028964795,-0.0584396196,-0.05592452389,0.4955260381,1,0.08,true
001,planted,1532,1,0.5876415576,-0.02943596178,-0.02692086606,0.4978463307,0,0.08,true
001,planted,1533,1,0.1792246911,-0.02019493036,-0.01767983464,0.4985856132,1,0.08,true
001,planted,1534,1,1.031814082,0.0296420877,0.03215718342,0.5025725747,1,0.08,true
001,planted,1535,0,0.4527148692,0.05063739478,0.05859351078,0.5046874809,1,0.08,true
001,planted,1536,0,-0.05089063482,0.04682824479,0.05478436079,0.5043827489,1,0.08,true
001,planted,1537,1,0.8205914376,0.08591077288,0.0884258686,0.5070740695,1,0.08,true
001,planted,1538,1,-2.061420467,-0.01993171317,-0.01741661745,0.4986066706,0,0.08,true
001,planted,1539,1,0.7043095327,0.01393714656,0.01645224228,0.5013161794,1,0.08,true
001,planted,1540,1,0.1292002767,0.01981554124,0.02233063696,0.501786451,1,0.08,true
001,planted,1541,1,0.2231224038,0.03032684018,0.0328419359,0.5026273549,1,0.08,true
001,planted,1542,0,0.9915118982,0.07792867087,0.08588478687,0.5068707829,1,0.08,true
001,planted,1543,1,-0.8606834192,0.03163600346,0.03415109918,0.5027320879,0,0.08,true
001,planted,1544,1,0.2639205801,0.04425352187,0.04676861759,0.5037414894,1,0.08,true
001,planted,1545,1,0.335773636,0.06053446006,0.06304955578,0.5050439645,1,0.08,true
001,planted,1546,1,1.968790654,0.14876254,0.1512776357,0.5121022109,1,0.08,true
001,planted,1547,1,-0.5593268934,0.1162930555,0.1188081512,0.5095046521,0,0.08,true
001,planted,1548,0,0.6640162988,0.1453262495,0.1532823655,0.5122625892,0,0.08,true
001,planted,1549,0,-0.3921336062,0.1210188008,0.1289749169,0.5103179933,1,0.08,true
001,planted,1550,1,0.5422884695,0.1452404589,0.1477555546,0.5118204444,0,0.08,true
001,planted,1551,1,0.3818195112,0.161286136,0.1638012317,0.5131040985,1,0.08,true
001,planted,1552,1,-1.190902098,0.08855077178,0.0910658675,0.5072852694,1,0.08,true
001,planted,1553,0,-0.9959699465,0.03186147027,0.03981758627,0.5031854069,1,0.08,true
001,planted,1554,0,1.033549618,0.08395527795,0.09191139395,0.5073529115,0,0.08,true
001,planted,1555,1,-0.101444704,0.07638797238,0.0789030681,0.5063122454,0,0.08,true
001,planted,1556,0,0.9715881323,0.1242161955,0.1321723115,0.5105737849,1,0.08,true
001,planted,1557,1,-0.1572358883,0.1123893472,0.1149044429,0.5091923554,0,0.08,true
001,planted,1558,0,-1.145455208,0.04356269435,0.05151881035,0.5041215048,1,0.08,true
001,planted,1559,1,-0.3578935189,0.02258474451,0.02509984023,0.5020079872,0,0.08,true
001,planted,1560,1,1.518118511,0.1006389155,0.1031540112,0.5082523209,1,0.08,true
001,planted,1561,0,-0.7619981048,0.05590523278,0.06386134879,0.5051089079,1,0.08,true
001,planted,1562,1,1.765738963,0.1385792219,0.1410943176,0.5112875454,1,0.08,true
001,planted,1563,0,-0.156516335,0.1269355822,0.1348916982,0.5107913359,0,0.08,true
001,planted,1564,1,0.4601519148,0.1471303438,0.1496454395,0.5119716352,1,0.08,true
001,planted,1565,0,-1.190223805,0.07629798434,0.08425410034,0.506740328,1,0.08,true
001,planted,1566,1,-0.5424258052,0.04520707951,0.04772217523,0.503817774,1,0.08,true
001,planted,1567,1,-1.128629152,-0.01629137443,-0.01377627871,0.4988978977,0,0.08,true
001,planted,1568,0,-0.5475323217,-0.04476519216,-0.03680907616,0.4970552739,0,0.08,true
001,planted,1569,0,-1.218353571,-0.1053577422,-0.09740162618,0.4922078699,1,0.08,true
001,planted,1570,1,-1.016781343,-0.1526306496,-0.1501155539,0.4879907557,1,0.08,true
001,planted,1571,1,0.1618605295,-0.1400299393,-0.1375148436,0.4889988125,0,0.08,true
001,planted,1572,0,-0.09755361801,-0.1417775075,-0.1338213915,0.4892942887,0,0.08,true
001,planted,1573,0,-0.1532981314,-0.1466757925,-0.1387196765,0.4889024259,1,0.08,true
001,planted,1574,1,-0.07557485757,-0.1472789887,-0.144763893,0.4884188886,1,0.08,true
001,planted,1575,1,-1.437825699,-0.2135080839,-0.2109929882,0.4831205609,1,0.08,true
001,planted,1576,0,-0.9031833915,-0.2526857945,-0.2447296785,0.4804216257,0,0.08,true
001,planted,1577,0,1.488173246,-0.1516786742,-0.1437225582,0.4885021953,1,0.08,true
001,planted,1578,1,0.007546399766,-0.1474278343,-0.1449127386,0.4884069809,1,0.08,true
001,planted,1579,0,0.03948960711,-0.1414867866,-0.1335306706,0.4893175464,1,0.08,true
001,planted,1580,0,1.038274782,-0.07589770888,-0.06794159288,0.4945646726,1,0.08,true
001,planted,1581,0,1.39039953,0.004593503479,0.01254961948,0.5010039696,1,0.08,true
001,planted,1582,0,1.243748868,0.06955427585,0.07751039185,0.5062008313,1,0.08,true
001,planted,1583,0,-0.2204472761,0.05584485532,0.06380097132,0.5051040777,0,0.08,true
001,planted,1584,1,2.266168647,0.1566270709,0.1591421666,0.5127313733,1,0.08,true
001,planted,1585,0,-0.1577815404,0.1447786329,0.1527347489,0.5122187799,1,0.08,true
001,planted,1586,1,0.04097324202,0.1431820439,0.1456971397,0.5116557712,0,0.08,true
001,planted,1587,1,0.3073199928,0.1551320921,0.1576471878,0.512611775,1,0.08,true
001,planted,1588,0,1.78849705,0.2266656899,0.2346218059,0.5187697445,0,0.08,true
001,planted,1589,0,0.001755948002,0.2210145353,0.2289706513,0.5183176521,1,0.08,true
001,planted,1590,1,-0.9755409249,0.1611444208,0.1636595165,0.5130927613,0,0.08,true
001,planted,1591,0,-0.2992858907,0.1412949449,0.1492510609,0.5119400849,1,0.08,true
001,planted,1592,1,-0.9265702764,0.0867617417,0.08927683742,0.507142147,1,0.08,true
001,planted,1593,0,-0.6442464869,0.04990719394,0.05786330994,0.5046290648,0,0.08,true
001,planted,1594,0,0.4862116713,0.07422806572,0.08218418172,0.5065747345,1,0.08,true
001,planted,1595,1,-1.483523665,-0.00824296334,-0.005727867622,0.4995417706,1,0.08,true
001,planted,1596,0,-1.569148245,-0.08514209011,-0.0771859741,0.4938251221,0,0.08,true
001,planted,1597,0,0.9890455124,-0.03200288821,-0.02404677221,0.4980762582,0,0.08,true
001,planted,1598,1,0.1352512981,-0.02431065305,-0.02179555734,0.4982563554,0,0.08,true
001,planted,1599,0,-1.732232193,-0.1056529601,-0.09769684409,0.4921842525,1,0.08,true
001,planted,1600,0,0.9634170736,-0.05401085321,-0.0460547372,0.496315621,0,0.08,true
001,planted,1601,0,1.1208915,0.003005260079,0.01096137608,0.5008769101,1,0.08,true
001,planted,1602,0,0.7327780532,0.03869982065,0.04665593665,0.5037324749,0,0.08,true
001,planted,1603,1,-0.4544477866,0.01485870071,0.01737379643,0.5013899037,1,0.08,true
001,planted,1604,0,-0.6919805514,-0.02067112163,-0.01271500563,0.4989827995,0,0.08,true
001,planted,1605,1,1.041264454,0.03290323467,0.03541833038,0.5028334664,1,0.08,true
001,planted,1606,0,1.161565855,0.08898791545,0.09694403146,0.5077555225,0,0.08,true
001,planted,1607,0,0.2301349141,0.09839096825,0.1063470843,0.5085077667,1,0.08,true
001,planted,1608,1,-0.3061351309,0.07962145931,0.08213655503,0.5065709244,0,0.08,true
001,planted,1609,0,-1.132341197,0.01617937821,0.02413549422,0.5019308395,0,0.08,true
001,planted,1610,0,-0.1564328949,0.007443933107,0.01540004911,0.5012320039,1,0.08,true
001,planted,1611,1,0.6340623999,0.04134188251,0.04385697822,0.5035085583,1,0.08,true
001,planted,1612,1,1.28781455,0.1062454373,0.108760533,0.5087008426,1,0.08,true
001,planted,1613,0,0.9183787248,0.1495568239,0.1575129399,0.5126010352,1,0.08,true
001,planted,1614,0,-0.5646666933,0.1141365047,0.1220926207,0.5097674097,0,0.08,true
001,planted,1615,1,-2.7402802,-0.03280277026,-0.03028767454,0.497576986,1,0.08,true
001,planted,1616,0,1.222345764,0.02446123658,0.03241735258,0.5025933882,0,0.08,true
001,planted,1617,0,0.7013276322,0.05588250743,0.06383862343,0.5051070899,0,0.08,true
001,planted,1618,0,0.6660569604,0.08509257745,0.09304869346,0.5074438955,0,0.08,true
001,planted,1619,0,1.972176402,0.1635401685,0.1714962845,0.5137197028,1,0.08,true
001,planted,1620,0,0.8551609702,0.1952616955,0.2032178115,0.5162574249,0,0.08,true
001,planted,1621,0,0.2075572704,0.1996509747,0.2076070907,0.5166085673,1,0.08,true
001,planted,1622,0,-1.926683854,0.09646202108,0.1044181371,0.508353451,0,0.08,true
001,planted,1623,1,-0.1119655883,0.08899420371,0.09150929942,0.507320744,0,0.08,true
001,planted,1624,1,0.8282106463,0.1229415647,0.1254566604,0.5100365328,0,0.08,true
001,planted,1625,0,0.4732100472,0.1410895587,0.1490456747,0.511923654,1,0.08,true
001,planted,1626,1,0.3727693853,0.154682277,0.1571973728,0.5125757898,0,0.08,true
001,planted,1627,0,0.5564431586,0.1764309923,0.1843871083,0.5147509687,0,0.08,true
001,planted,1628,0,0.3005142578,0.1863755383,0.1943316543,0.5155465323,1,0.08,true
001,planted,1629,0,-0.7539437691,0.1415543789,0.1495104949,0.5119608396,0,0.08,true
001,planted,1630,0,-0.0803069115,0.1338467162,0.1418028322,0.5113442266,1,0.08,true
001,planted,1631,1,1.053649885,0.1802417504,0.1827568461,0.5146205477,1,0.08,true
001,planted,1632,1,0.9270767352,0.2189854978,0.2215005935,0.5177200475,1,0.08,true
001,planted,1633,1,0.7933121576,0.2506670365,0.2531821322,0.5202545706,0,0.08,true
001,planted,1634,1,-1.104621286,0.1799991279,0.1825142237,0.5146011379,1,0.08,true
001,planted,1635,0,0.1548117876,0.1834329352,0.1913890512,0.5153111241,0,0.08,true
001,planted,1636,1,-0.1588020765,0.1701327012,0.1726477969,0.5138118238,1,0.08,true
001,planted,1637,0,0.91537327,0.2109488865,0.2189050025,0.5175124002,1,0.08,true
001,planted,1638,1,-0.9994169172,0.1461402755,0.1486553712,0.5118924297,1,0.08,true
001,planted,1639,0,-0.1320223115,0.1351184907,0.1430746067,0.5114459685,0,0.08,true
001,planted,1640,1,0.9333900708,0.1793719079,0.1818870036,0.5145509603,0,0.08,true
001,planted,1641,1,0.83247293,0.2169473824,0.2194624781,0.5175569982,0,0.08,true
001,planted,1642,1,-0.998761468,0.1503327309,0.1528478266,0.5122278261,1,0.08,true
001,planted,1643,0,-0.5640673299,0.1136959747,0.1216520907,0.5097321673,1,0.08,true
001,planted,1644,0,0.2198327296,0.1231708089,0.1311269249,0.510490154,1,0.08,true
001,planted,1645,1,0.8453352014,0.165482869,0.1679979647,0.5134398372,0,0.08,true
001,planted,1646,1,1.884960818,0.2436216617,0.2461367575,0.5196909406,0,0.08,true
001,planted,1647,0,0.1399744922,0.2448561874,0.2528123034,0.5202249843,0,0.08,true
001,planted,1648,1,1.40541002,0.2988039816,0.3013190773,0.5241055262,1,0.08,true
001,planted,1649,1,-0.1602592127,0.2824481335,0.2849632293,0.5227970583,1,0.08,true
001,planted,1650,0,-0.5398628728,0.2435270266,0.2514831426,0.5201186514,1,0.08,true
001,planted,1651,1,0.7849094791,0.2759389185,0.2784540142,0.5222763211,0,0.08,true
001,planted,1652,1,0.4085873884,0.2903945882,0.292909684,0.5234327747,0,0.08,true
001,planted,1653,0,-1.409471565,0.190115321,0.198071437,0.515845715,0,0.08,true
001,planted,1654,0,-1.188745281,0.1146314577,0.1225875737,0.5098070059,0,0.08,true
001,planted,1655,1,-0.7307903433,0.07079645655,0.07331155227,0.5058649242,0,0.08,true
001,planted,1656,1,-0.2951592888,0.05262052606,0.05513562178,0.5044108497,1,0.08,true
001,planted,1657,1,-2.14044309,-0.06096330604,-0.05844821032,0.4953241432,1,0.08,true
001,planted,1658,0,0.06383485529,-0.05616704084,-0.04821092483,0.496143126,1,0.08,true
001,planted,1659,0,0.8133598343,-0.01209033815,-0.004134222145,0.4996692622,0,0.08,true
001,planted,1660,1,1.728639292,0.07330384652,0.07581894224,0.5060655154,0,0.08,true
001,planted,1661,0,-0.2755383484,0.05756553396,0.06552164996,0.505241732,1,0.08,true
001,planted,1662,1,-0.2938198025,0.04097538042,0.04349047614,0.5034792381,1,0.08,true
001,planted,1663,1,1.580338931,0.1151066605,0.1176217562,0.5094097405,1,0.08,true
001,planted,1664,0,-0.8711746889,0.06699233422,0.07494845023,0.505995876,0,0.08,true
001,planted,1665,1,0.06428961457,0.06855172774,0.07106682346,0.5056853459,0,0.08,true
001,planted,1666,1,-1.08383942,0.01006770702,0.01258280274,0.5010066242,1,0.08,true
001,planted,1667,0,0.08772798551,0.01435377034,0.02230988635,0.5017847909,0,0.08,true
001,planted,1668,1,0.7666221279,0.05383546577,0.05635056149,0.5045080449,1,0.08,true
001,planted,1669,1,0.4298685656,0.07512722258,0.0776423183,0.5062113855,0,0.08,true
001,planted,1670,0,-0.3725152028,0.05261842944,0.06057454544,0.5048459636,0,0.08,true
001,planted,1671,1,-0.3443203797,0.03191319327,0.03442828899,0.5027542631,0,0.08,true
001,planted,1672,0,-1.635981831,-0.05757884738,-0.04962273137,0.4960301815,1,0.08,true
001,planted,1673,1,-0.8538774269,-0.1002045069,-0.09768941121,0.4921848471,1,0.08,true
001,planted,1674,1,-0.06894737853,-0.1014012504,-0.09888615473,0.4920891076,1,0.08,true
001,planted,1675,0,-0.110168629,-0.1049379913,-0.09698187531,0.49224145,1,0.08,true
001,planted,1676,1,1.977784826,0.009671639283,0.012186735,0.5009749388,1,0.08,true
001,planted,1677,1,-0.09348349586,0.00453067996,0.007045775678,0.5005636621,0,0.08,true
001,planted,1678,0,-0.03524446221,0.002522911005,0.01047902701,0.5008383222,0,0.08,true
001,planted,1679,0,0.4487659649,0.02702251587,0.03497863187,0.5027982905,0,0.08,true
001,planted,1680,1,-0.4202156226,0.002710617119,0.005225712837,0.500418057,0,0.08,true
001,planted,1681,0,-1.169437351,-0.06169140118,-0.05373528518,0.4957011772,0,0.08,true
001,planted,1682,1,-0.6609704428,-0.09604786904,-0.09353277332,0.4925173781,1,0.08,true
001,planted,1683,0,-0.3380831378,-0.1124768133,-0.1045206973,0.4916383442,0,0.08,true
001,planted,1684,1,-0.08414028654,-0.1145055931,-0.1119904974,0.4910407602,1,0.08,true
001,planted,1685,1,-0.4395132397,-0.1369410755,-0.1344259798,0.4892459216,1,0.08,true
001,planted,1686,0,-1.250164189,-0.1984399934,-0.1904838774,0.4847612898,0,0.08,true
001,planted,1687,0,-0.3514882071,-0.2132909954,-0.2053348794,0.4835732096,1,0.08,true
001,planted,1688,0,0.2119145576,-0.1947625573,-0.1868064413,0.4850554847,0,0.08,true
001,planted,1689,0,-0.4640335617,-0.2167778549,-0.2088217389,0.4832942609,0,0.08,true
001,planted,1690,0,1.764511801,-0.0896544007,-0.0816982847,0.4934641372,1,0.08,true
001,planted,1691,0,-0.592257815,-0.1202590082,-0.1123028922,0.4910157686,1,0.08,true
001,planted,1692,0,-0.8441342408,-0.1628132797,-0.1548571637,0.4876114269,1,0.08,true
001,planted,1693,1,-1.023797643,-0.2113614347,-0.208846339,0.4832922929,0,0.08,true
001,planted,1694,0,0.9571357593,-0.1457931331,-0.137837017,0.4889730386,1,0.08,true
001,planted,1695,0,1.169522698,-0.07108603234,-0.06312991633,0.4949496067,1,0.08,true
001,planted,1696,0,0.8341126423,-0.02132179642,-0.01336568042,0.4989307456,1,0.08,true
001,planted,1697,0,0.07296823994,-0.01660977439,-0.008653658382,0.4993077073,1,0.08,true
001,planted,1698,1,0.01914166841,-0.01506708237,-0.01255198665,0.4989958411,1,0.08,true
001,planted,1699,1,0.8047253011,0.03294316045,0.03545825617,0.5028366605,1,0.08,true
001,planted,1700,0,-0.6641758274,-0.007816571246,0.0001395447585,0.5000111636,0,0.08,true
001,planted,1701,1,-0.3468285707,-0.02861235091,-0.02609725519,0.4979122196,0,0.08,true
001,planted,1702,0,-0.1700759477,-0.03842409559,-0.03046797958,0.4975625616,1,0.08,true
001,planted,1703,0,0.03198690267,-0.03541061986,-0.02745450386,0.4978036397,0,0.08,true
001,planted,1704,0,2.233640465,0.09340234379,0.1013584598,0.5081086768,1,0.08,true
001,planted,1705,0,-1.974150051,-0.01779183168,-0.009835715672,0.4992131427,1,0.08,true
001,planted,1706,1,-0.9819688472,-0.06635863124,-0.06384353552,0.4948925172,0,0.08,true
001,planted,1707,0,1.07676466,-0.008782156213,-0.0008260402091,0.4999339168,1,0.08,true
001,planted,1708,0,-0.07391236331,-0.01235982742,-0.004403711421,0.4996477031,1,0.08,true
001,planted,1709,1,-0.1301051609,-0.01890303629,-0.01638794058,0.4986889648,0,0.08,true
001,planted,1710,1,0.6643904004,0.01730410136,0.01981919708,0.5015855358,1,0.08,true
001,planted,1711,1,-0.8756982256,-0.03043996244,-0.02792486672,0.4977660107,0,0.08,true
001,planted,1712,1,0.4216800155,-0.00644895371,-0.003933857992,0.4996852914,0,0.08,true
001,planted,1713,0,-0.3215247684,-0.02424813904,-0.01629202304,0.4986966382,1,0.08,true
001,planted,1714,0,0.4601032019,0.002748766252,0.01070488226,0.5008563906,1,0.08,true
001,planted,1715,0,-0.8394354441,-0.04532156839,-0.03736545239,0.4970107638,1,0.08,true
001,planted,1716,1,-0.1252911801,-0.05148726266,-0.04897216695,0.4960822266,0,0.08,true
001,planted,1717,0,1.216294558,0.02176037203,0.02971648804,0.502377319,1,0.08,true
001,planted,1718,0,0.9500037447,0.07459594997,0.08255206597,0.5066041653,1,0.08,true
001,planted,1719,0,1.35459755,0.1430568505,0.1510129665,0.5120810373,0,0.08,true
001,planted,1720,1,-0.4808220262,0.1114841,0.1139991957,0.5091199357,1,0.08,true
001,planted,1721,0,0.359096659,0.1287528097,0.1367089257,0.5109367141,0,0.08,true
001,planted,1722,1,-0.02406272287,0.1240773289,0.1265924246,0.510127394,1,0.08,true
001,planted,1723,1,-2.220014703,-0.01098723783,-0.00847214211,0.4993222286,1,0.08,true
001,planted,1724,0,0.5437493003,0.01798437515,0.02594049115,0.5020752393,0,0.08,true
001,planted,1725,1,-0.9084689235,-0.0307738425,-0.02825874678,0.4977393003,0,0.08,true
001,planted,1726,0,0.131259608,-0.02288309669,-0.01492698068,0.4988058415,0,0.08,true
001,planted,1727,1,-1.222913316,-0.08625533506,-0.08374023934,0.4933007809,1,0.08,true
001,planted,1728,1,-0.01531890371,-0.0849049598,-0.08238986408,0.4934088109,1,0.08,true
001,planted,1729,1,-1.968908709,-0.1729652204,-0.1704501247,0.48636399,1,0.08,true
001,planted,1730,0,2.19336392,-0.04978785197,-0.04183173597,0.4966534611,0,0.08,true
001,planted,1731,0,0.1218686001,-0.04277117554,-0.03481505953,0.4972147952,0,0.08,true
001,planted,1732,0,0.1117059125,-0.0362795692,-0.02832345319,0.4977341237,1,0.08,true
001,planted,1733,0,-0.5086670098,-0.06019146331,-0.05223534731,0.4958211722,1,0.08,true
001,planted,1734,1,-1.01567191,-0.1072037265,-0.1046886308,0.4916249095,1,0.08,true
001,planted,1735,1,-0.1013942002,-0.109584039,-0.1070689433,0.4914344845,1,0.08,true
001,planted,1736,1,0.04073519009,-0.1046933398,-0.1021782441,0.4918257405,0,0.08,true
001,planted,1737,0,2.155315712,0.01118129167,0.01913740767,0.5015309926,1,0.08,true
001,planted,1738,0,-0.168796277,0.002701313308,0.01065742931,0.5008525943,1,0.08,true
001,planted,1739,1,-0.1938956172,-0.00701224627,-0.004497150552,0.499640228,0,0.08,true
001,planted,1740,1,0.1534152283,0.0009924661121,0.00350756183,0.5002806049,1,0.08,true
001,planted,1741,0,2.183784702,0.1025996799,0.1105557959,0.5088444637,0,0.08,true
001,planted,1742,1,-1.556028362,0.02431640306,0.02683149878,0.5021465199,1,0.08,true
001,planted,1743,1,-0.08936949249,0.01953864745,0.02205374317,0.5017642995,1,0.08,true
001,planted,1744,0,0.3452331615,0.03542722156,0.04338333756,0.503470667,0,0.08,true
001,planted,1745,0,-1.345331632,-0.02991325905,-0.02195714305,0.4982434286,1,0.08,true
001,planted,1746,0,0.2665239035,-0.0163152223,-0.008359106295,0.4993312715,0,0.08,true
001,planted,1747,1,-0.3439160514,-0.03274476155,-0.03022966583,0.4975816267,1,0.08,true
001,planted,1748,0,-0.4621398517,-0.05490183772,-0.04694572172,0.4962443423,0,0.08,true
001,planted,1749,1,1.133094531,0.004589478637,0.007104574355,0.5005683659,0,0.08,true
001,planted,1750,1,-1.013292215,-0.04603335384,-0.04351825812,0.4965185394,1,0.08,true
001,planted,1751,0,-1.340584796,-0.1083134771,-0.1003573611,0.4919714111,0,0.08,true
001,planted,1752,0,-0.7887719252,-0.1428455749,-0.1348894589,0.4892088433,1,0.08,true
001,planted,1753,1,-0.2070448541,-0.1495363183,-0.1470212225,0.4882383022,1,0.08,true
001,planted,1754,0,0.3844796209,-0.1253243537,-0.1173682377,0.490610541,0,0.08,true
001,planted,1755,1,0.2802127325,-0.107072587,-0.1045574913,0.4916354007,0,0.08,true
001,planted,1756,0,-1.755624223,-0.1836141733,-0.1756580573,0.4859473554,0,0.08,true
001,planted,1757,0,0.2479577184,-0.1660050102,-0.1580488942,0.4873560885,0,0.08,true
001,planted,1758,0,-0.2498245364,-0.1746017319,-0.1666456159,0.4866683507,1,0.08,true
001,planted,1759,1,0.1188209187,-0.1637328361,-0.1612177404,0.4871025808,0,0.08,true
001,planted,1760,1,-1.484344904,-0.2266661205,-0.2241510248,0.482067918,1,0.08,true
001,planted,1761,0,-0.337593731,-0.2380805847,-0.2301244687,0.4815900425,1,0.08,true
001,planted,1762,1,-0.6997759279,-0.266220718,-0.2637056223,0.4789035502,1,0.08,true
001,planted,1763,0,-1.281178658,-0.3146190667,-0.3066629507,0.4754669639,0,0.08,true
001,planted,1764,1,0.4760214215,-0.2792545938,-0.276739498,0.4778608402,1,0.08,true
001,planted,1765,1,-0.01928006268,-0.2732366304,-0.2707215347,0.4783422772,1,0.08,true
001,planted,1766,1,0.3110506353,-0.2480827824,-0.2455676867,0.4803545851,0,0.08,true
001,planted,1767,1,0.4753470124,-0.2128965711,-0.2103814753,0.483169482,1,0.08,true
001,planted,1768,0,0.2330396559,-0.1935053416,-0.1855492256,0.485156062,0,0.08,true
001,planted,1769,1,-0.7769969569,-0.230240061,-0.2277249652,0.4817820028,1,0.08,true
001,planted,1770,0,-1.353138746,-0.2873991019,-0.2794429859,0.4776445611,0,0.08,true
001,planted,1771,0,-1.62211218,-0.3449416684,-0.3369855524,0.4730411558,1,0.08,true
001,planted,1772,0,1.441836394,-0.2423492993,-0.2343931833,0.4812485453,0,0.08,true
001,planted,1773,1,0.6562879187,-0.1989756116,-0.1964605159,0.4842831587,1,0.08,true
001,planted,1774,0,0.02848669731,-0.1923999997,-0.1844438837,0.4852444893,1,0.08,true
001,planted,1775,1,0.5068057862,-0.1583138648,-0.1557987691,0.4875360985,1,0.08,true
001,planted,1776,0,2.161779669,-0.02882386625,-0.02086775025,0.49833058,0,0.08,true
001,planted,1777,0,-0.1037046496,-0.03333928913,-0.02538317312,0.4979693462,0,0.08,true
001,planted,1778,1,0.7435073109,0.006054838937,0.008569934655,0.5006855948,1,0.08,true
001,planted,1779,0,0.8888743941,0.05149266014,0.05944877615,0.5047559021,1,0.08,true
001,planted,1780,0,0.6540778564,0.08371138498,0.09166750099,0.5073334001,0,0.08,true
001,planted,1781,1,0.2158919912,0.09301890552,0.09553400124,0.5076427201,1,0.08,true
001,planted,1782,1,-0.9557744242,0.03725764481,0.03977274053,0.5031818192,0,0.08,true
001,planted,1783,1,-0.5138934656,0.008108427738,0.01062352346,0.5008498819,1,0.08,true
001,planted,1784,1,-0.4339503637,-0.01619294107,-0.01367784536,0.4989057724,0,0.08,true
001,planted,1785,1,0.7102287403,0.02420995467,0.02672505039,0.502138004,0,0.08,true
001,planted,1786,1,-0.2790595678,0.00755684454,0.01007194026,0.5008057552,0,0.08,true
001,planted,1787,1,-0.6988296968,-0.03313716478,-0.03062206907,0.4975502345,0,0.08,true
001,planted,1788,1,0.08812063873,-0.02706643274,-0.02455133702,0.498035893,0,0.08,true
001,planted,1789,0,0.4003697823,-0.002022952564,0.00593316344,0.5004746531,1,0.08,true
001,planted,1790,0,0.3725518157,0.02102289276,0.02897900877,0.5023183207,0,0.08,true
001,planted,1791,0,0.5159819058,0.0525924639,0.0605485799,0.5048438864,1,0.08,true
001,planted,1792,1,-0.5509793033,0.01566024072,0.01817533644,0.5014540269,0,0.08,true
001,planted,1793,1,-1.521241664,-0.07661404603,-0.07409895032,0.494072084,1,0.08,true
001,planted,1794,1,-1.727045834,-0.1629441961,-0.1604291004,0.487165672,1,0.08,true
001,planted,1795,0,1.413929349,-0.07406507253,-0.06610895653,0.4947112835,0,0.08,true
001,planted,1796,0,0.8032325723,-0.02768897694,-0.01973286093,0.4984213711,1,0.08,true
001,planted,1797,1,-0.3001703856,-0.04341122571,-0.04089612999,0.4967283096,1,0.08,true
001,planted,1798,0,1.212392587,0.02491191886,0.03286803486,0.5026294428,0,0.08,true
001,planted,1799,0,0.1632647771,0.0332863307,0.0412424467,0.5032993957,1,0.08,true
001,planted,1800,1,-1.115036789,-0.02963269445,-0.02711759873,0.4978305921,1,0.08,true
001,planted,1801,0,0.2008066297,-0.01761666204,-0.009660546038,0.4992271563,1,0.08,true
001,planted,1802,0,-0.6302133891,-0.05264436763,-0.04468825162,0.4964249399,1,0.08,true
001,planted,1803,1,0.008255023542,-0.05083157243,-0.04831647671,0.4961346819,1,0.08,true
001,planted,1804,1,-0.7403087732,-0.09190745884,-0.08939236312,0.492848611,0,0.08,true
001,planted,1805,1,-1.776223622,-0.1770807514,-0.1745656557,0.4860347475,1,0.08,true
001,planted,1806,1,0.3899570275,-0.1502203299,-0.1477052342,0.4881835813,0,0.08,true
001,planted,1807,1,-1.383737636,-0.2122410508,-0.2097259551,0.4832219236,1,0.08,true
001,planted,1808,1,0.9810231505,-0.1487112358,-0.1461961401,0.4883043088,0,0.08,true
001,planted,1809,0,-0.8725177455,-0.1884966556,-0.1805405396,0.4855567568,1,0.08,true
001,planted,1810,0,0.2024373643,-0.1723807837,-0.1644246677,0.4868460266,0,0.08,true
001,planted,1811,0,0.6869693921,-0.1274200062,-0.1194638902,0.4904428888,0,0.08,true
001,planted,1812,0,-0.4562889404,-0.1491768213,-0.1412207053,0.4887023436,1,0.08,true
001,planted,1813,0,-2.125386102,-0.2353250384,-0.2273689224,0.4818104862,0,0.08,true
001,planted,1814,0,-1.586114392,-0.2926911518,-0.2847350358,0.4772211971,1,0.08,true
001,planted,1815,0,-1.00500442,-0.3274817117,-0.3195255957,0.4744379523,0,0.08,true
001,planted,1816,0,-0.5786650485,-0.3453444198,-0.3373883038,0.4730089357,1,0.08,true
001,planted,1817,0,-0.09457796874,-0.3413525471,-0.3333964311,0.4733282855,1,0.08,true
001,planted,1818,1,-0.9409606329,-0.3730578181,-0.3705427224,0.4703565822,0,0.08,true
001,planted,1819,0,-1.529971939,-0.4178006019,-0.4098444859,0.4672124411,1,0.08,true
001,planted,1820,0,-0.1271132775,-0.4134943464,-0.4055382304,0.4675569416,1,0.08,true
001,planted,1821,0,0.509888287,-0.373894959,-0.365938843,0.4707248926,0,0.08,true
001,planted,1822,0,-0.07067340715,-0.368119924,-0.360163808,0.4711868954,1,0.08,true
001,planted,1823,0,-0.3357993046,-0.3757975269,-0.3678414109,0.4705726871,0,0.08,true
001,planted,1824,0,-2.244649059,-0.4288109823,-0.4208548663,0.4663316107,0,0.08,true
001,planted,1825,0,-0.3853087304,-0.4355376352,-0.4275815192,0.4657934785,1,0.08,true
001,planted,1826,1,-0.8506614071,-0.459275127,-0.4567600313,0.4634591975,1,0.08,true
001,planted,1827,1,-0.2702747764,-0.4606185096,-0.4581034139,0.4633517269,0,0.08,true
001,planted,1828,0,-0.5399441496,-0.4735116471,-0.4655555311,0.4627555575,0,0.08,true
001,planted,1829,1,1.0493447,-0.3932762394,-0.3907611437,0.4687391085,1,0.08,true
001,planted,1830,0,-2.198781153,-0.4432957634,-0.4353396474,0.4651728282,0,0.08,true
001,planted,1831,0,0.2796792365,-0.4177866188,-0.4098305028,0.4672135598,1,0.08,true
001,planted,1832,0,0.03179297505,-0.4056238415,-0.3976677255,0.468186582,1,0.08,true
001,planted,1833,1,-1.034591198,-0.4360264126,-0.4335113169,0.4653190946,0,0.08,true
001,planted,1834,0,-1.326258871,-0.4713927719,-0.4634366559,0.4629250675,0,0.08,true
001,planted,1835,1,0.3078595207,-0.4430697071,-0.4405546114,0.4647556311,1,0.08,true
001,planted,1836,0,-1.437603389,-0.4800323373,-0.4720762213,0.4622339023,0,0.08,true
001,planted,1837,0,-1.385126042,-0.5129752944,-0.5050191784,0.4595984657,1,0.08,true
001,planted,1838,0,-0.05708914705,-0.5027315876,-0.4947754716,0.4604179623,0,0.08,true
001,planted,1839,0,-1.045044772,-0.5280434976,-0.5200873816,0.4583930095,0,0.08,true
001,planted,1840,0,0.6724094441,-0.4757214886,-0.4677653726,0.4625787702,0,0.08,true
001,planted,1841,1,0.06843369485,-0.4601502138,-0.457635118,0.4633891906,1,0.08,true
001,planted,1842,0,-0.5477908429,-0.4731689976,-0.4652128816,0.4627829695,1,0.08,true
001,planted,1843,0,-1.476745201,-0.5091470408,-0.5011909248,0.459904726,0,0.08,true
001,planted,1844,0,-0.2738094154,-0.5092921557,-0.5013360397,0.4598931168,0,0.08,true
001,planted,1845,0,1.095429581,-0.4250456089,-0.4170894929,0.4666328406,0,0.08,true
001,planted,1846,0,0.0348703815,-0.4124503485,-0.4044942325,0.4676404614,1,0.08,true
001,planted,1847,0,-0.4075298628,-0.4218173917,-0.4138612757,0.4668910979,0,0.08,true
001,planted,1848,1,-1.542333777,-0.4635853726,-0.4610702769,0.4631143778,1,0.08,true
001,planted,1849,0,0.3170147123,-0.4340139993,-0.4260578833,0.4659153693,0,0.08,true
001,planted,1850,1,-0.02098932295,-0.4241459514,-0.4216308556,0.4662695315,0,0.08,true
001,planted,1851,0,0.7393382196,-0.3666535513,-0.3586974352,0.4713042052,1,0.08,true
001,planted,1852,1,1.076394673,-0.2874120502,-0.2848969545,0.4772082436,1,0.08,true
001,planted,1853,1,0.8929637933,-0.2255360211,-0.2230209254,0.482158326,1,0.08,true
001,planted,1854,0,0.936466408,-0.1637998894,-0.1558437734,0.4875324981,0,0.08,true
001,planted,1855,1,-1.081173614,-0.2119067878,-0.2093916921,0.4832486646,1,0.08,true
001,planted,1856,1,-0.8804999455,-0.2489999535,-0.2464848578,0.4802812114,0,0.08,true
001,planted,1857,1,-0.4218137707,-0.2644278152,-0.2619127195,0.4790469824,0,0.08,true
001,planted,1858,1,-2.623274113,-0.3381819399,-0.3356668442,0.4731466525,1,0.08,true
001,planted,1859,0,-0.5575444629,-0.3538636896,-0.3459075736,0.4723273941,0,0.08,true
001,planted,1860,1,1.494674597,-0.2583320279,-0.2558169322,0.4795346454,0,0.08,true
001,planted,1861,0,1.75555351,-0.1573744673,-0.1494183513,0.4880465319,1,0.08,true
001,planted,1862,0,0.4357849969,-0.1328877714,-0.1249316554,0.4900054676,1,0.08,true
001,planted,1863,1,0.1638521211,-0.1217771,-0.1192620043,0.4904590397,0,0.08,true
001,planted,1864,1,0.3371856684,-0.1022327511,-0.09971765536,0.4920225876,0,0.08,true
001,planted,1865,1,0.134842032,-0.09297674983,-0.09046165411,0.4927630677,0,0.08,true
001,planted,1866,1,0.1154398849,-0.08477590727,-0.08226081155,0.4934191351,1,0.08,true
001,planted,1867,0,-0.9462797178,-0.1285037255,-0.1205476095,0.4903561912,0,0.08,true
001,planted,1868,1,0.4442353406,-0.1016979721,-0.0991828764,0.4920653699,1,0.08,true
001,planted,1869,0,1.198743432,-0.03438581831,-0.02642970231,0.4978856238,1,0.08,true
001,planted,1870,1,1.667467872,0.0498685449,0.05238364062,0.5041906912,0,0.08,true
001,planted,1871,0,-0.05813462368,0.04570101919,0.0536571352,0.5042925708,1,0.08,true
001,planted,1872,1,-0.568762332,0.01529798146,0.01781307718,0.5014250462,1,0.08,true
001,planted,1873,1,0.6568773317,0.04855790928,0.05107300499,0.5040858404,0,0.08,true
001,planted,1874,0,-0.9444429329,-0.00249726443,0.005458851574,0.5004367081,1,0.08,true
001,planted,1875,0,-0.9137763135,-0.04962092232,-0.04166480632,0.4966668155,1,0.08,true
001,planted,1876,1,-0.3224444815,-0.06527712326,-0.06276202754,0.4949790378,1,0.08,true
001,planted,1877,1,0.06586274943,-0.06004275064,-0.05752765492,0.4953977876,1,0.08,true
001,planted,1878,1,-1.557563618,-0.1354015995,-0.1328865037,0.4893690797,0,0.08,true
001,planted,1879,1,-0.4565952561,-0.155370261,-0.1528551652,0.4877715868,1,0.08,true
001,planted,1880,1,-1.865220533,-0.2302153555,-0.2277002598,0.4817839792,1,0.08,true
001,planted,1881,0,-1.005377125,-0.2685121966,-0.2605560806,0.4791555136,1,0.08,true
001,planted,1882,1,-0.09211980245,-0.2663319615,-0.2638168658,0.4788946507,1,0.08,true
001,planted,1883,1,-0.03368745579,-0.2613345917,-0.258819496,0.4792944403,0,0.08,true
001,planted,1884,1,0.00620622244,-0.2543855834,-0.2518704876,0.479850361,0,0.08,true
001,planted,1885,1,0.7487136717,-0.20350315,-0.2009880542,0.4839209557,0,0.08,true
001,planted,1886,1,0.6737839293,-0.1588869926,-0.1563718969,0.4874902483,1,0.08,true
001,planted,1887,1,1.339390421,-0.07573868763,-0.07322359191,0.4941421126,1,0.08,true
001,planted,1888,1,-1.560431565,-0.1484380789,-0.1459229832,0.4883261613,0,0.08,true
001,planted,1889,0,0.1587617867,-0.1362943578,-0.1283382418,0.4897329407,0,0.08,true
001,planted,1890,1,-1.558682842,-0.2026486989,-0.2001336031,0.4839893117,0,0.08,true
001,planted,1891,1,-1.005289572,-0.2428421073,-0.2403270116,0.4807738391,0,0.08,true
001,planted,1892,0,2.11674881,-0.1148929147,-0.1069367987,0.4914450561,1,0.08,true
001,planted,1893,1,0.05783412235,-0.1092310438,-0.1067159481,0.4914627242,1,0.08,true
001,planted,1894,0,2.173134559,-0.0006048754486,0.007351240555,0.5005880992,0,0.08,true
001,planted,1895,1,-0.6210660076,-0.0284080751,-0.02589297938,0.4979285616,1,0.08,true
001,planted,1896,0,0.948429126,0.01560976877,0.02356588477,0.5018852708,1,0.08,true
001,planted,1897,0,1.242330471,0.07042500782,0.07838112382,0.5062704899,0,0.08,true
001,planted,1898,0,-0.8128968041,0.03082755277,0.03878366877,0.5031026935,0,0.08,true
001,planted,1899,0,-1.463508117,-0.03641321389,-0.02845709789,0.4977234322,1,0.08,true
001,planted,1900,0,2.663940938,0.07570662929,0.0836627453,0.5066930196,1,0.08,true
001,planted,1901,1,0.07991360223,0.07707089103,0.07958598674,0.5063668789,0,0.08,true
001,planted,1902,1,1.071044488,0.1179591495,0.1204742452,0.5096379396,1,0.08,true
001,planted,1903,1,0.6178679879,0.14024821,0.1427633057,0.5114210645,1,0.08,true
001,planted,1904,0,-1.10379897,0.08697168708,0.09492780308,0.5075942242,1,0.08,true
001,planted,1905,1,-0.2705713717,0.07292169127,0.07543678698,0.506034943,1,0.08,true
001,planted,1906,1,1.218324345,0.1217453245,0.1242604202,0.5099408336,1,0.08,true
001,planted,1907,0,0.471143303,0.1389545002,0.1469106162,0.5117528493,0,0.08,true
001,planted,1908,0,0.3093429325,0.1491594754,0.1571155914,0.5125692473,1,0.08,true
001,planted,1909,1,0.3618012121,0.1617135481,0.1642286438,0.5131382915,0,0.08,true
001,planted,1910,1,-1.111165739,0.1020739435,0.1045890392,0.5083671231,0,0.08,true
001,planted,1911,1,0.08633152681,0.1035640966,0.1060791923,0.5084863354,1,0.08,true
001,planted,1912,1,0.5455795562,0.1265816523,0.1290967481,0.5103277398,0,0.08,true
001,planted,1913,1,-1.332671549,0.05501064066,0.05752573638,0.5046020589,1,0.08,true
001,planted,1914,1,-0.2293819937,0.04238352272,0.04489861844,0.5035918895,1,0.08,true
001,planted,1915,1,0.480806515,0.06495264052,0.06746773624,0.5053974189,0,0.08,true
001,planted,1916,0,1.025342148,0.1125223847,0.1204785007,0.5096382801,1,0.08,true
001,planted,1917,1,0.3062959986,0.1249622016,0.1274772973,0.5101981838,0,0.08,true
001,planted,1918,0,-0.5330051412,0.09331046427,0.1012665803,0.5081013264,1,0.08,true
001,planted,1919,0,0.2825692452,0.1057003456,0.1136564616,0.5090925169,1,0.08,true
001,planted,1920,0,-1.100995289,0.0417677307,0.0497238467,0.5039779077,1,0.08,true
001,planted,1921,1,1.030004932,0.09332390508,0.0958390008,0.5076671201,1,0.08,true
001,planted,1922,1,1.496819303,0.161132302,0.1636473977,0.5130917918,1,0.08,true
001,planted,1923,0,1.095585761,0.2072016999,0.2151578159,0.5172126253,0,0.08,true
001,planted,1924,0,-0.9050669233,0.1520993407,0.1600554567,0.5128044365,1,0.08,true
001,planted,1925,1,-1.559723395,0.06359589539,0.06611099111,0.5052888793,1,0.08,true
001,planted,1926,0,-1.615386724,-0.0175193013,-0.009563185293,0.4992349452,0,0.08,true
001,planted,1927,1,-0.1011913628,-0.0219441543,-0.01942905858,0.4984456753,1,0.08,true
001,planted,1928,0,1.184460399,0.03591710537,0.04387322137,0.5035098577,1,0.08,true
001,planted,1929,0,1.743198041,0.1125421633,0.1204982793,0.5096398623,1,0.08,true
001,planted,1930,1,0.05099696686,0.1120825458,0.1145976415,0.5091678113,0,0.08,true
001,planted,1931,1,1.596614844,0.1760771315,0.1785922272,0.5142873782,0,0.08,true
001,planted,1932,1,-1.289547725,0.1074674715,0.1099825672,0.5087986054,1,0.08,true
001,planted,1933,0,-0.689877262,0.07205310124,0.08000921725,0.5064007374,1,0.08,true
001,planted,1934,0,-0.8901441532,0.02785952966,0.03581564567,0.5028652517,1,0.08,true
001,planted,1935,0,0.6366070432,0.05684529509,0.06480141109,0.5051841129,1,0.08,true
001,planted,1936,0,-0.2776393676,0.0419359692,0.0498920852,0.5039913668,0,0.08,true
001,planted,1937,0,-1.374063412,-0.02585303682,-0.01789692082,0.4985682463,0,0.08,true
001,planted,1938,0,0.6703113543,0.007240264534,0.01519638054,0.5012157104,1,0.08,true
001,planted,1939,1,0.614387884,0.03697805839,0.03949315411,0.5031594523,0,0.08,true
001,planted,1940,1,-0.982872473,-0.01286501609,-0.01034992037,0.4991720064,1,0.08,true
001,planted,1941,1,-0.488265955,-0.03681638485,-0.03430128913,0.4972558969,0,0.08,true
001,planted,1942,1,-0.7956373121,-0.0753576553,-0.07284255958,0.4941725952,0,0.08,true
001,planted,1943,0,0.04938671231,-0.07089413685,-0.06293802084,0.4949649583,0,0.08,true
001,planted,1944,1,-2.159149911,-0.1633660886,-0.1608509929,0.4871319206,0,0.08,true
001,planted,1945,0,-0.7717800627,-0.1938951623,-0.1859390463,0.4851248763,1,0.08,true
001,planted,1946,0,-2.2944172,-0.2692678722,-0.2613117562,0.4790950595,0,0.08,true
001,planted,1947,0,0.5980796387,-0.2339167419,-0.2259606259,0.4819231499,1,0.08,true
001,planted,1948,0,-0.53825947,-0.2510943458,-0.2431382298,0.4805489416,1,0.08,true
001,planted,1949,0,0.124960555,-0.2388269764,-0.2308708604,0.4815303312,1,0.08,true
001,planted,1950,0,-0.4849527703,-0.2546119846,-0.2466558686,0.4802675305,1,0.08,true
001,planted,1951,1,0.1602516075,-0.2401949309,-0.2376798352,0.4809856132,0,0.08,true
001,planted,1952,0,-2.097786084,-0.3069579327,-0.2990018167,0.4760798547,0,0.08,true
001,planted,1953,1,-0.2553143574,-0.3106167867,-0.308101691,0.4753518647,1,0.08,true
001,planted,1954,1,2.805069443,-0.1452140015,-0.1426989058,0.4885840875,0,0.08,true
001,planted,1955,1,-2.561999073,-0.2244304373,-0.2219153415,0.4822467727,1,0.08,true
001,planted,1956,0,1.707238168,-0.1462462843,-0.1382901683,0.4889367865,0,0.08,true
001,planted,1957,1,-0.3484366157,-0.1555643965,-0.1530493008,0.4877560559,0,0.08,true
001,planted,1958,0,1.107289733,-0.106377601,-0.098421485,0.4921262812,1,0.08,true
001,planted,1959,0,-0.6778446662,-0.1294495665,-0.1214934505,0.490280524,0,0.08,true
001,planted,1960,1,-2.715457608,-0.2113412452,-0.2088261495,0.483293908,1,0.08,true
001,planted,1961,0,2.049347192,-0.1232876394,-0.1153315234,0.4907734781,0,0.08,true
001,planted,1962,0,-2.07182837,-0.1846632498,-0.1767071338,0.4858634293,1,0.08,true
001,planted,1963,1,-0.1107617276,-0.1838351945,-0.1813200987,0.4854943921,1,0.08,true
001,planted,1964,0,-0.7272911791,-0.2038993075,-0.1959431915,0.4843245447,1,0.08,true
001,planted,1965,1,0.6270032833,-0.1748861182,-0.1723710225,0.4862103182,0,0.08,true
001,planted,1966,1,-0.07293953343,-0.1731678906,-0.1706527949,0.4863477764,1,0.08,true
001,planted,1967,1,0.9042540546,-0.1325726696,-0.1300575739,0.4895953941,0,0.08,true
001,planted,1968,1,-0.2976200866,-0.1405844734,-0.1380693777,0.4889544498,1,0.08,true
001,planted,1969,0,-1.508904057,-0.1903165621,-0.1823604461,0.4854111643,1,0.08,true
001,planted,1970,1,-1.500001098,-0.2365007022,-0.2339856065,0.4812811515,1,0.08,true
001,planted,1971,0,0.8746774373,-0.1940539347,-0.1860978187,0.4851121745,1,0.08,true
001,planted,1972,1,-1.36107769,-0.2363284045,-0.2338133088,0.4812949353,0,0.08,true
001,planted,1973,1,-0.4820292468,-0.2485075029,-0.2459924072,0.4803206074,0,0.08,true
001,planted,1974,0,0.2529393298,-0.2317461584,-0.2237900424,0.4820967966,0,0.08,true
001,planted,1975,0,0.8977419359,-0.1861188307,-0.1781627147,0.4857469828,0,0.08,true
001,planted,1976,1,-1.155507735,-0.2246514769,-0.2221363812,0.4822290895,1,0.08,true
001,planted,1977,0,2.754591474,-0.09156968503,-0.08361356903,0.4933109145,1,0.08,true
001,planted,1978,1,0.2234705072,-0.08063103155,-0.07811593583,0.4937507251,0,0.08,true
001,planted,1979,1,-0.263613794,-0.08884782533,-0.08633272961,0.4930933816,1,0.08,true
001,planted,1980,0,-1.715671278,-0.148727011,-0.140770895,0.4887383284,0,0.08,true
001,planted,1981,1,0.7698402211,-0.1135407323,-0.1110256365,0.4911179491,1,0.08,true
001,planted,1982,0,0.2598151649,-0.1001343381,-0.09217822207,0.4926257422,1,0.08,true
001,planted,1983,0,0.8862853391,-0.06036429844,-0.05240818243,0.4958073454,1,0.08,true
001,planted,1984,0,0.2368440261,-0.04892789098,-0.04097177498,0.496722258,1,0.08,true
001,planted,1985,1,0.6602954289,-0.01935943391,-0.01684433819,0.4986524529,0,0.08,true
001,planted,1986,1,0.1428932472,-0.01265742643,-0.01014233071,0.4991886135,0,0.08,true
001,planted,1987,1,0.4636523462,0.008282996699,0.01079809242,0.5008638474,1,0.08,true
001,planted,1988,1,0.4248950086,0.02730933434,0.02982443006,0.5023859544,0,0.08,true
001,planted,1989,0,0.06693867275,0.02972902574,0.03768514174,0.5030148113,0,0.08,true
001,planted,1990,1,1.699821298,0.1034993863,0.106014482,0.5084811586,1,0.08,true
001,planted,1991,0,0.2013427834,0.1100518944,0.1180080104,0.5094406408,0,0.08,true
001,planted,1992,1,0.05878353968,0.1100305246,0.1125456204,0.5090036496,1,0.08,true
001,planted,1993,1,0.9635195129,0.1506430084,0.1531581041,0.5122526483,0,0.08,true
001,planted,1994,1,-0.05834449037,0.1439804821,0.1464955778,0.5117196462,1,0.08,true
001,planted,1995,0,-0.2945141277,0.1253751784,0.1333312944,0.5106665036,0,0.08,true
001,planted,1996,0,-2.225208094,0.007645746945,0.01560186295,0.501248149,0,0.08,true
001,planted,1997,0,0.2237118451,0.01788108324,0.02583719925,0.5020669759,1,0.08,true
001,planted,1998,1,-0.04606169954,0.01522279494,0.01773789065,0.5014190313,1,0.08,true
001,planted,1999,0,0.4072573518,0.03469806354,0.04265417954,0.5034123344,0,0.08,true
001,planted,2000,0,-1.139091396,-0.02261567775,-0.01465956175,0.4988272351,1,0.08,true
001,planted,2001,1,-0.9733128513,-0.0689864473,-0.06647135158,0.4946822919,1,0.08,true
001,planted,2002,1,0.554236816,-0.03922066672,-0.03670557101,0.4970635543,0,0.08,true
001,planted,2003,0,0.7594910347,0.0004407248488,0.008396840853,0.5006717473,1,0.08,true
001,planted,2004,1,0.1538632848,0.008345302933,0.01086039865,0.5008688319,1,0.08,true
001,planted,2005,0,-0.9252546107,-0.03976790873,-0.03181179272,0.4974550566,0,0.08,true
001,planted,2006,0,0.7364641169,0.0002014312021,0.008157547206,0.5006526038,1,0.08,true
001,planted,2007,1,1.215872349,0.06262410965,0.06513920537,0.5052111364,0,0.08,true
001,planted,2008,1,-0.02632734179,0.05965024276,0.06216533847,0.5049732271,1,0.08,true
001,planted,2009,1,0.0506505871,0.060873071,0.06338816671,0.5050710533,1,0.08,true
001,planted,2010,1,-1.4710583,-0.02089457371,-0.01837947799,0.4985296418,1,0.08,true
001,planted,2011,1,-0.6404837425,-0.05396881984,-0.05145372412,0.4958837021,1,0.08,true
001,planted,2012,0,0.0073889858,-0.05220170114,-0.04424558514,0.4964603532,1,0.08,true
001,planted,2013,0,1.220760459,0.0162756772,0.02423179321,0.5019385435,1,0.08,true
001,planted,2014,1,1.251109916,0.08049729617,0.08301239188,0.5066409914,1,0.08,true
001,planted,2015,0,1.159349035,0.1354389787,0.1433950947,0.5114716076,1,0.08,true
001,planted,2016,1,2.071027166,0.2169899598,0.2195050555,0.5175604044,1,0.08,true
001,planted,2017,0,1.708615461,0.2762754737,0.2842315897,0.5227385272,0,0.08,true
001,planted,2018,0,-1.148273383,0.2094419235,0.2173980395,0.5173918432,1,0.08,true
001,planted,2019,1,1.50065897,0.2617412982,0.2642563939,0.5211405115,1,0.08,true
001,planted,2020,0,-0.65177072,0.2232896015,0.2312457175,0.5184996574,0,0.08,true
001,planted,2021,1,-0.9650751446,0.1693104829,0.1718255787,0.5137460463,0,0.08,true
001,planted,2022,1,1.360473527,0.2199882816,0.2225033773,0.5178002702,1,0.08,true
001,planted,2023,0,0.2128240898,0.2240372854,0.2319934014,0.5185594721,0,0.08,true
001,planted,2024,0,-0.2979120225,0.2038466397,0.2118027557,0.5169442205,0,0.08,true
001,planted,2025,0,-2.117290644,0.08722625483,0.09518237083,0.5076145897,0,0.08,true
001,planted,2026,0,-0.4996474218,0.0621056561,0.0700617721,0.5056049418,0,0.08,true
001,planted,2027,1,0.5806382143,0.08671632013,0.08923141585,0.5071385133,1,0.08,true
001,planted,2028,1,-1.427574464,0.01665371276,0.01916880848,0.5015335047,0,0.08,true
001,planted,2029,1,0.5558382183,0.04164326798,0.0441583637,0.5035326691,0,0.08,true
001,planted,2030,0,-1.271177301,-0.01862784598,-0.01067172998,0.4991462616,1,0.08,true
001,planted,2031,0,0.506135053,0.00543969645,0.01339581245,0.501071665,0,0.08,true
001,planted,2032,1,1.078032123,0.05520879533,0.05772389104,0.5046179113,1,0.08,true
001,planted,2033,0,-1.093080636,0.001707236289,0.009663352293,0.5007730682,1,0.08,true
001,planted,2034,1,-2.012023358,-0.0864911,-0.08397600428,0.4932819197,1,0.08,true
001,planted,2035,1,0.04232669127,-0.0823983368,-0.07988324108,0.4936093407,0,0.08,true
001,planted,2036,1,-0.7455444776,-0.1133151861,-0.1108000904,0.4911359928,0,0.08,true
001,planted,2037,0,1.001350822,-0.06233716467,-0.05438104867,0.4956495161,0,0.08,true
001,planted,2038,1,-1.237120015,-0.1149680867,-0.1124529909,0.4910037607,0,0.08,true
001,planted,2039,1,0.5848104794,-0.08419880649,-0.08168371077,0.4934653031,1,0.08,true
001,planted,2040,0,0.1576350569,-0.07454830344,-0.06659218744,0.494672625,0,0.08,true
001,planted,2041,0,-1.001682111,-0.1185968514,-0.1106407354,0.4911487412,1,0.08,true
001,planted,2042,1,0.9373232648,-0.06847797281,-0.0659628771,0.4947229698,0,0.08,true
001,planted,2043,1,0.8273125981,-0.02577731609,-0.02326222037,0.4981390224,1,0.08,true
001,planted,2044,0,-0.8524281774,-0.06613343562,-0.05817731962,0.4953458144,1,0.08,true
001,planted,2045,1,1.662094492,0.01729880824,0.01981390396,0.5015851123,1,0.08,true
001,planted,2046,1,-0.5466959196,-0.00930886477,-0.006793769052,0.4994564985,0,0.08,true
001,planted,2047,1,0.7041573227,0.02506248881,0.02757758453,0.5022062068,0,0.08,true
001,planted,2048,0,-0.0840137209,0.02025875228,0.02821486828,0.5022571895,0,0.08,true
001,planted,2049,0,-0.3553351369,0.001667322372,0.009623438376,0.5007698751,1,0.08,true
001,planted,2050,1,1.074490437,0.05579683454,0.05831193026,0.5046649544,0,0.08,true
001,planted,2051,0,-0.6202260722,0.02204736484,0.03000348085,0.5024002785,0,0.08,true
001,planted,2052,1,1.054770904,0.074684031,0.07719912671,0.5061759301,1,0.08,true
001,planted,2053,1,1.035582204,0.1234364375,0.1259515332,0.5100761227,0,0.08,true
001,planted,2054,1,0.2289859315,0.13207652,0.1345916157,0.5107673293,0,0.08,true
001,planted,2055,1,-1.030656235,0.07146832705,0.07398342277,0.5059186738,0,0.08,true
001,planted,2056,0,-0.3379074298,0.0514887309,0.0594448469,0.5047555878,1,0.08,true
001,planted,2057,1,-1.50289138,-0.02976925075,-0.02725415503,0.4978196676,0,0.08,true
001,planted,2058,1,1.387613492,0.04166938299,0.04418447871,0.5035347583,0,0.08,true
001,planted,2059,0,-0.2430542829,0.02812438063,0.03608049663,0.5028864397,0,0.08,true
001,planted,2060,0,0.1855574378,0.03711095585,0.04506707185,0.5036053657,0,0.08,true
001,planted,2061,0,1.511084213,0.1103612858,0.1183174019,0.5094653921,0,0.08,true
001,planted,2062,1,0.6672350563,0.1404909701,0.1430060658,0.5114404853,0,0.08,true
001,planted,2063,0,0.2002460975,0.1472975962,0.1552537122,0.512420297,0,0.08,true
001,planted,2064,0,-1.288672635,0.07080390282,0.07876001882,0.5063008015,0,0.08,true
001,planted,2065,1,1.101624627,0.1230718901,0.1255869858,0.5100469589,0,0.08,true
001,planted,2066,1,-1.372451131,0.04570738994,0.04822248565,0.5038577989,0,0.08,true
001,planted,2067,0,-0.09284822561,0.03978768225,0.04774379825,0.5038195039,0,0.08,true
001,planted,2068,1,-1.123279507,-0.01953845797,-0.01702336225,0.498638131,0,0.08,true
001,planted,2069,1,0.4433847935,0.004033084123,0.006548179841,0.5005238544,0,0.08,true
001,planted,2070,1,1.446456108,0.07643871669,0.07895381241,0.506316305,1,0.08,true
001,planted,2071,1,-0.1934042331,0.06446300719,0.06697810291,0.5053582482,0,0.08,true
001,planted,2072,0,-0.7744634748,0.02152764979,0.02948376579,0.5023587013,0,0.08,true
001,planted,2073,0,-0.3465173353,0.002485500969,0.01044161697,0.5008353294,0,0.08,true
001,planted,2074,0,1.057064495,0.05818711486,0.06614323086,0.5052914585,0,0.08,true
001,planted,2075,0,-0.3937424645,0.03521328332,0.04316939932,0.5034535519,0,0.08,true
001,planted,2076,1,0.5500581584,0.06417818171,0.06669327743,0.5053354622,0,0.08,true
001,planted,2077,0,-0.5867411993,0.02921787673,0.03717399273,0.5029739194,0,0.08,true
001,planted,2078,0,-0.250945711,0.01411585664,0.02207197265,0.5017657578,1,0.08,true
001,planted,2079,1,0.3875894805,0.03623921538,0.0387543111,0.5031003449,1,0.08,true
001,planted,2080,0,-0.8257791701,-0.01364481322,-0.005688697218,0.4995449042,0,0.08,true
001,planted,2081,0,-0.08601321532,-0.01843877741,-0.0104826614,0.4991613871,1,0.08,true
001,planted,2082,0,-0.4158689277,-0.04320358418,-0.03524746818,0.4971802025,0,0.08,true
001,planted,2083,0,-1.239804905,-0.1130379673,-0.1050818513,0.4915934519,1,0.08,true
001,planted,2084,0,1.968982552,0.008099129472,0.01605524548,0.5012844196,0,0.08,true
001,planted,2085,1,1.303180351,0.07562254058,0.0781376363,0.5062510109,1,0.08,true
001,planted,2086,0,0.8582126877,0.1172654103,0.1252215263,0.5100177221,1,0.08,true
001,planted,2087,0,-0.4365655205,0.09027548875,0.09823160476,0.5078585284,0,0.08,true
001,planted,2088,0,-1.144306795,0.02414145772,0.03209757373,0.5025678059,1,0.08,true
001,planted,2089,0,-1.123534532,-0.03615357355,-0.02819745755,0.4977442034,0,0.08,true
001,planted,2090,0,0.04609453044,-0.03275883876,-0.02480272276,0.4980157822,0,0.08,true
001,planted,2091,0,-0.3435359012,-0.05068923121,-0.0427331152,0.4965813508,1,0.08,true
001,planted,2092,0,-0.5399292393,-0.07911059498,-0.07115447897,0.4943076417,0,0.08,true
001,planted,2093,0,0.7583737217,-0.03303227984,-0.02507616384,0.4979939069,1,0.08,true
001,planted,2094,1,-1.384941173,-0.1055812139,-0.1030661182,0.4917547105,0,0.08,true
001,planted,2095,0,1.769871025,-0.003866633873,0.004089482131,0.5003271586,1,0.08,true
001,planted,2096,1,2.056584867,0.09358537888,0.0961004746,0.507688038,0,0.08,true
001,planted,2097,0,0.7315567483,0.1250526686,0.1330087846,0.5106407028,1,0.08,true
001,planted,2098,1,0.5365480969,0.1471771599,0.1496922556,0.5119753804,1,0.08,true
001,planted,2099,0,0.4822877984,0.166580039,0.174536155,0.5139628924,0,0.08,true
001,planted,2100,1,-0.3601466006,0.1435264526,0.1460415484,0.5116833239,0,0.08,true
001,planted,2101,0,-1.402131592,0.06352412974,0.07148024575,0.5057184197,0,0.08,true
001,planted,2102,0,0.5115378218,0.08732300952,0.09527912552,0.50762233,1,0.08,true
001,planted,2103,0,-1.551268374,0.00449122744,0.01244734344,0.5009957875,0,0.08,true
001,planted,2104,1,1.201598013,0.06225542132,0.06477051704,0.5051816414,1,0.08,true
001,planted,2105,1,0.5155535121,0.08566595616,0.08818105187,0.5070544841,0,0.08,true
001,planted,2106,0,-1.747791141,-0.004442543586,0.003513572418,0.5002810858,1,0.08,true
001,planted,2107,0,0.7961904123,0.0335540472,0.04151016321,0.5033208131,1,0.08,true
001,planted,2108,0,0.6855691519,0.0653912938,0.0733474098,0.5058677928,0,0.08,true
001,planted,2109,0,0.717912227,0.09801173005,0.105967846,0.5084774277,0,0.08,true
001,planted,2110,1,-0.8911906635,0.04988594551,0.05240104123,0.5041920833,1,0.08,true
001,planted,2111,0,0.1058619374,0.05394474217,0.06190085817,0.5049520687,1,0.08,true
001,planted,2112,1,0.8635611274,0.09535285014,0.09786794586,0.5078294357,0,0.08,true
001,planted,2113,0,-1.648313284,0.006702980687,0.01465909669,0.5011727277,1,0.08,true
001,planted,2114,1,0.8476551294,0.04793263637,0.05044773209,0.5040358186,0,0.08,true
001,planted,2115,0,1.514930531,0.1162852469,0.1242413629,0.509939309,0,0.08,true
001,planted,2116,0,-1.518686761,0.03723495257,0.04519106858,0.5036152855,0,0.08,true
001,planted,2117,1,0.4202852587,0.05604367744,0.05855877315,0.5046847019,0,0.08,true
001,planted,2118,0,0.56668267,0.08153187233,0.08948798834,0.5071590391,0,0.08,true
001,planted,2119,0,-0.9505954877,0.03176014045,0.03971625646,0.5031773005,1,0.08,true
001,planted,2120,0,-0.3953585454,0.01128085431,0.01923697032,0.5015389576,1,0.08,true
001,planted,2121,0,-0.2170181126,-1.847415483e-05,0.007937641849,0.5006350113,1,0.08,true
001,planted,2122,1,0.3392923355,0.01757245611,0.02008755182,0.5016070041,1,0.08,true
001,planted,2123,0,1.961129245,0.1100556373,0.1180117533,0.5094409403,0,0.08,true
001,planted,2124,1,-0.1549426488,0.09954766408,0.1020627598,0.5081650208,0,0.08,true
001,planted,2125,0,0.5385325391,0.1234195968,0.1313757128,0.510510057,1,0.08,true
001,planted,2126,1,-0.2342556793,0.1080384404,0.1105535361,0.5088442829,0,0.08,true
001,planted,2127,0,-1.400218377,0.02963445688,0.03759057288,0.5030072458,0,0.08,true
001,planted,2128,1,0.5901203882,0.05875165511,0.06126675082,0.5049013401,1,0.08,true
001,planted,2129,1,1.380522504,0.1232952752,0.1258103709,0.5100648297,1,0.08,true
001,planted,2130,0,-0.2692119542,0.1062052234,0.1141613394,0.5091329072,0,0.08,true
001,planted,2131,1,0.8829481974,0.1466514492,0.1491665449,0.5119333236,1,0.08,true
001,planted,2132,0,-0.7073903533,0.1042840841,0.1122402001,0.508979216,1,0.08,true
001,planted,2133,0,-1.019596539,0.04601392498,0.05397004098,0.5043176033,0,0.08,true
001,planted,2134,1,-0.1978889289,0.03430505978,0.0368201555,0.5029456124,0,0.08,true
001,planted,2135,1,-0.2507051549,0.01975904556,0.02227414128,0.5017819313,1,0.08,true
001,planted,2136,0,0.6231193772,0.0533392076,0.0612953236,0.5049036259,0,0.08,true
001,planted,2137,0,-0.1525802863,0.04333723935,0.05129335536,0.5041034684,0,0.08,true
001,planted,2138,1,-0.4560854008,0.01571684702,0.01823194274,0.5014585554,0,0.08,true
001,planted,2139,0,0.8809192904,0.06555253065,0.07350864665,0.5058806917,0,0.08,true
001,planted,2140,1,-1.573997999,-0.02671421563,-0.02419911991,0.4980640704,0,0.08,true
001,planted,2141,0,-0.6674748746,-0.06247197126,-0.05451585526,0.4956387316,1,0.08,true
001,planted,2142,1,-0.8902810472,-0.1085178041,-0.1060027084,0.4915197833,1,0.08,true
001,planted,2143,1,-0.5435457282,-0.135260925,-0.1327458293,0.4893803337,0,0.08,true
001,planted,2144,1,-0.5656929859,-0.1626661144,-0.1601510187,0.4871879185,1,0.08,true
001,planted,2145,0,0.4869809469,-0.129063586,-0.12110747,0.4903114024,1,0.08,true
001,planted,2146,1,0.2341165162,-0.1116621062,-0.1091470105,0.4912682392,0,0.08,true
001,planted,2147,1,1.032049369,-0.04429554958,-0.04178045386,0.4966575637,0,0.08,true
001,planted,2148,1,0.841328567,0.007229502876,0.009744598594,0.5007795679,1,0.08,true
001,planted,2149,1,0.2288947834,0.02077922311,0.02329431883,0.5018635455,0,0.08,true
001,planted,2150,1,-0.2783866445,0.003091386925,0.005606482643,0.5004485186,0,0.08,true
001,planted,2151,0,1.253015709,0.07730999789,0.08526611389,0.5068212891,1,0.08,true
001,planted,2152,0,-0.5294262598,0.04262839029,0.05058450629,0.5040467605,0,0.08,true
001,planted,2153,0,-1.358828458,-0.03985848204,-0.03190236603,0.4974478107,0,0.08,true
001,planted,2154,0,1.136898075,0.02751716799,0.03547328399,0.5028378627,1,0.08,true
001,planted,2155,0,1.179448127,0.0914509584,0.09940707441,0.507952566,0,0.08,true
001,planted,2156,0,0.614038496,0.1227834765,0.1307395925,0.5104591674,1,0.08,true
001,planted,2157,1,0.165307136,0.1291483434,0.1316634391,0.5105330751,0,0.08,true
001,planted,2158,1,0.7505084986,0.1672198708,0.1697349665,0.5135787973,0,0.08,true
001,planted,2159,1,0.699715358,0.201360431,0.2038755267,0.5163100421,1,0.08,true
001,planted,2160,1,-0.2136546339,0.1830633729,0.1855784686,0.5148462775,1,0.08,true
001,planted,2161,0,1.762806297,0.2583531559,0.2663092719,0.5213047418,0,0.08,true
001,planted,2162,1,-0.2171525852,0.2390648821,0.2415799778,0.5193263982,1,0.08,true
001,planted,2163,0,-0.1323339719,0.2251482778,0.2331043938,0.5186483515,0,0.08,true
001,planted,2164,1,-0.4977910039,0.1879735968,0.1904886925,0.5152390954,0,0.08,true
001,planted,2165,0,-0.1510992974,0.1738644521,0.1818205681,0.5145456454,1,0.08,true
001,planted,2166,0,-0.4755930971,0.1385536182,0.1465097342,0.5117207787,1,0.08,true
001,planted,2167,1,1.556067679,0.2138991415,0.2164142373,0.517313139,0,0.08,true
001,planted,2168,0,-0.5884446923,0.1713251041,0.1792812201,0.5143424976,0,0.08,true
001,planted,2169,1,-0.06812963446,0.1628445867,0.1653596824,0.5132287746,1,0.08,true
001,planted,2170,0,-0.3952005503,0.1334383643,0.1413944803,0.5113115584,0,0.08,true
001,planted,2171,0,-1.344520407,0.04216090615,0.05011702216,0.5040093618,0,0.08,true
001,planted,2172,0,-0.1921967286,0.02940578097,0.03736189698,0.5029889518,0,0.08,true
001,planted,2173,0,0.4004654809,0.05319949401,0.06115561002,0.5048924488,1,0.08,true
001,planted,2174,0,-0.4054786206,0.02600827266,0.03396438867,0.5027171511,0,0.08,true
001,planted,2175,1,0.1295550611,0.03368727418,0.0362023699,0.5028961896,1,0.08,true
001,planted,2176,1,-1.132093498,-0.03989422635,-0.03737913063,0.4970096695,0,0.08,true
001,planted,2177,1,-0.4689523403,-0.06844976308,-0.06593466736,0.4947252266,0,0.08,true
001,planted,2178,0,0.3222473947,-0.04542425295,-0.03746813695,0.497002549,1,0.08,true
001,planted,2179,0,-0.5719789949,-0.08133161103,-0.07337549503,0.4941299604,1,0.08,true
001,planted,2180,0,0.5257813946,-0.04318314031,-0.03522702431,0.4971818381,0,0.08,true
001,planted,2181,1,0.2616437322,-0.02408886198,-0.02157376626,0.4982740987,1,0.08,true
001,planted,2182,0,-0.4146401346,-0.05209035028,-0.04413423427,0.4964692613,0,0.08,true
001,planted,2183,0,-0.7165279211,-0.09928827358,-0.09133215758,0.4926934274,1,0.08,true
001,planted,2184,1,-0.4384721299,-0.1268020859,-0.1242869901,0.4900570408,1,0.08,true
001,planted,2185,0,-0.860299453,-0.1790881307,-0.1711320147,0.4863094388,0,0.08,true
001,planted,2186,1,-1.099595739,-0.2389055667,-0.236390471,0.4810887623,0,0.08,true
001,planted,2187,1,-1.4661446,-0.3044920643,-0.3019769685,0.4758418425,0,0.08,true
001,planted,2188,1,-0.8194531551,-0.3403750169,-0.3378599212,0.4729712063,0,0.08,true
001,planted,2189,1,-0.1571344299,-0.3415571237,-0.3390420279,0.4728766378,0,0.08,true
001,planted,2190,1,0.2601253393,-0.3147505765,-0.3122354808,0.4750211615,1,0.08,true
001,planted,2191,0,-1.407574442,-0.3699040677,-0.3619479517,0.4710441639,0,0.08,true
001,planted,2192,0,1.613185883,-0.2337434651,-0.2257873491,0.4819370121,0,0.08,true
001,planted,2193,0,0.002259541017,-0.2276903261,-0.2197342101,0.4824212632,1,0.08,true
001,planted,2194,1,1.285308221,-0.1352791009,-0.1327640051,0.4893788796,0,0.08,true
001,planted,2195,0,-0.1378407531,-0.1399144518,-0.1319583358,0.4894433331,1,0.08,true
001,planted,2196,1,-0.3266495746,-0.1555734083,-0.1530583126,0.487755335,1,0.08,true
001,planted,2197,1,-1.061776188,-0.2085983027,-0.206083207,0.4835133434,1,0.08,true
001,planted,2198,0,-0.6440689739,-0.2389470184,-0.2309909024,0.4815207278,0,0.08,true
001,planted,2199,0,-0.6013859193,-0.2663337425,-0.2583776265,0.4793297899,0,0.08,true
001,planted,2200,1,0.7470174776,-0.2084983715,-0.2059832757,0.4835213379,0,0.08,true
001,planted,2201,0,0.3798691445,-0.1784048665,-0.1704487505,0.4863641,1,0.08,true
001,planted,2202,0,0.5753959643,-0.1352806067,-0.1273244907,0.4898140407,0,0.08,true
001,planted,2203,1,-0.6163185936,-0.1690777395,-0.1665626438,0.4866749885,1,0.08,true
001,planted,2204,1,-1.351618703,-0.2354427754,-0.2329276797,0.4813657856,1,0.08,true
001,planted,2205,1,-1.733923756,-0.3039513138,-0.3014362181,0.4758851025,0,0.08,true
001,planted,2206,0,-0.560963416,-0.3251952849,-0.3172391689,0.4746208665,0,0.08,true
001,planted,2207,0,-0.1497667548,-0.3254731896,-0.3175170736,0.4745986341,1,0.08,true
001,planted,2208,1,-0.4920903077,-0.3437644884,-0.3412493927,0.4727000486,0,0.08,true
001,planted,2209,0,-0.3456257727,-0.3545724513,-0.3466163353,0.4722706932,1,0.08,true
001,planted,2210,0,-1.988885898,-0.4106693593,-0.4027132433,0.4677829405,0,0.08,true
001,planted,2211,0,0.4029506492,-0.3758353677,-0.3678792517,0.4705696599,1,0.08,true
001,planted,2212,1,-1.204628486,-0.4158624233,-0.4133473276,0.4669322138,0,0.08,true
001,planted,2213,0,-1.589478527,-0.4592836552,-0.4513275392,0.4638937969,0,0.08,true
001,planted,2214,1,0.4430536229,-0.4216614441,-0.4191463484,0.4664682921,1,0.08,true
001,planted,2215,0,-0.08843524843,-0.4157032664,-0.4077471503,0.467380228,0,0.08,true
001,planted,2216,1,-0.5718971647,-0.4327242368,-0.4302091411,0.4655832687,1,0.08,true
001,planted,2217,0,-1.343860998,-0.4713582805,-0.4634021645,0.4629278268,0,0.08,true
001,planted,2218,0,-0.6325181188,-0.4883713994,-0.4804152834,0.4615667773,0,0.08,true
001,planted,2219,0,0.1071556889,-0.4698537862,-0.4618976702,0.4630481864,0,0.08,true
001,planted,2220,0,-0.5651367884,-0.4852653879,-0.4773092719,0.4618152582,0,0.08,true
001,planted,2221,1,1.389143768,-0.3688639497,-0.366348854,0.4706920917,1,0.08,true
001,planted,2222,1,0.1754201546,-0.3493423998,-0.3468273041,0.4722538157,0,0.08,true
001,planted,2223,0,0.2955396147,-0.322568165,-0.314612049,0.4748310361,1,0.08,true
001,planted,2224,1,0.8020286853,-0.2614504455,-0.2589353498,0.479285172,0,0.08,true
001,planted,2225,0,0.7524767828,-0.2063468795,-0.1983907635,0.4841287389,0,0.08,true
001,planted,2226,1,-0.3051188731,-0.218540306,-0.2160252103,0.4827179832,1,0.08,true
001,planted,2227,1,-0.5714296247,-0.2448043481,-0.2422892523,0.4806168598,0,0.08,true
001,planted,2228,1,-1.302800313,-0.3001303832,-0.2976152875,0.476190777,1,0.08,true
001,planted,2229,0,-0.5091714394,-0.3199058601,-0.3119497441,0.4750440205,0,0.08,true
001,planted,2230,1,-0.5035993917,-0.3391389581,-0.3366238624,0.473070091,1,0.08,true
001,planted,2231,0,0.6785193923,-0.2839199956,-0.2759638796,0.4779228896,0,0.08,true
001,planted,2232,1,-1.262883515,-0.3350977956,-0.3325826998,0.473393384,1,0.08,true
001,planted,2233,1,0.8684445968,-0.2672781842,-0.2647630885,0.4788189529,1,0.08,true
001,planted,2234,1,1.402090028,-0.165071622,-0.1625565262,0.4869954779,1,0.08,true
001,planted,2235,0,0.8305318402,-0.1105296074,-0.1025734914,0.4917941207,1,0.08,true
001,planted,2236,0,-1.852020313,-0.1937358111,-0.1857796951,0.4851376244,0,0.08,true
001,planted,2237,0,1.401712359,-0.1079346717,-0.09997855567,0.4920017155,0,0.08,true
001,planted,2238,0,1.300205516,-0.03593155276,-0.02797543676,0.4977619651,0,0.08,true
001,planted,2239,0,-0.08084723644,-0.03914655868,-0.03119044267,0.4975047646,0,0.08,true
001,planted,2240,1,2.465446145,0.07886114043,0.08137623614,0.5065100989,1,0.08,true
001,planted,2241,1,0.00924105489,0.07729449428,0.07980959,0.5063847672,0,0.08,true
001,planted,2242,0,0.6245075713,0.1042487953,0.1122049113,0.5089763929,1,0.08,true
001,planted,2243,0,-0.3981055477,0.08196127934,0.08991739534,0.5071933916,0,0.08,true
001,planted,2244,1,-0.6007355992,0.04961299242,0.05212808814,0.5041702471,1,0.08,true
001,planted,2245,0,-1.052826168,-0.004684528887,0.003271587117,0.500261727,0,0.08,true
001,planted,2246,1,1.22239736,0.05500513712,0.05752023284,0.5046016186,0,0.08,true
001,planted,2247,0,-0.1629486945,0.04545755277,0.05341366877,0.5042730935,1,0.08,true
001,planted,2248,0,-0.4444851276,0.02147261753,0.02942873354,0.5023542987,0,0.08,true
001,planted,2249,1,-1.065846837,-0.03366355612,-0.0311484604,0.4975081232,0,0.08,true
001,planted,2250,0,0.5457626361,-0.004420825827,0.003535290177,0.5002828232,1,0.08,true
001,planted,2251,1,-0.2427582757,-0.01711799094,-0.01460289522,0.4988317684,1,0.08,true
001,planted,2252,1,0.6942986155,0.0206327242,0.02314781992,0.5018518256,1,0.08,true
001,planted,2253,0,0.85269605,0.0654271071,0.0733832231,0.5058706578,1,0.08,true
001,planted,2254,1,0.02283298805,0.06502610295,0.06754119867,0.5054032959,0,0.08,true
001,planted,2255,1,1.288640103,0.1294624051,0.1319775009,0.5105582001,1,0.08,true
001,planted,2256,0,-1.283752805,0.05288060551,0.06083672151,0.5048669377,0,0.08,true
001,planted,2257,0,-0.4996575683,0.02443854723,0.03239466323,0.5025915731,0,0.08,true
001,planted,2258,0,0.6079950499,0.05656802991,0.06452414592,0.5051619317,0,0.08,true
001,planted,2259,1,-2.2815896,-0.06255625176,-0.06004115604,0.4951967075,0,0.08,true
001,planted,2260,0,0.03760178182,-0.05910198172,-0.05114586571,0.4959083307,1,0.08,true
001,planted,2261,0,-2.712661321,-0.1665999204,-0.1586438044,0.4873084956,1,0.08,true
001,planted,2262,1,0.3097222932,-0.1483236526,-0.1458085569,0.4883353154,1,0.08,true
001,planted,2263,0,2.113859498,-0.04434576948,-0.03638965348,0.4970888277,1,0.08,true
001,planted,2264,1,-0.7925512864,-0.07636276439,-0.07384766868,0.4940921865,1,0.08,true
001,planted,2265,0,-1.849766054,-0.1457948808,-0.1378387648,0.4889728988,1,0.08,true
001,planted,2266,0,-0.2969199925,-0.1543413256,-0.1463852096,0.4882891832,0,0.08,true
001,planted,2267,1,2.611347145,-0.03396358564,-0.03144848992,0.4974841208,0,0.08,true
001,planted,2268,1,-0.7855277839,-0.06349488701,-0.06097979129,0.4951216167,1,0.08,true
001,planted,2269,1,0.4965563068,-0.04180798114,-0.03929288543,0.4968565692,0,0.08,true
001,planted,2270,1,0.7459613878,-0.01008363683,-0.007568541111,0.4993945167,1,0.08,true
001,planted,2271,0,-1.434076969,-0.06721470411,-0.0592585881,0.495259313,1,0.08,true
001,planted,2272,0,-1.268418425,-0.1147839736,-0.1068278576,0.4914537714,0,0.08,true
001,planted,2273,1,-1.306273744,-0.1611487985,-0.1586337028,0.4873093038,0,0.08,true
001,planted,2274,0,0.009005634214,-0.1566976757,-0.1487415597,0.4881006752,1,0.08,true
001,planted,2275,1,-0.08662539474,-0.1563658063,-0.1538507106,0.4876919432,1,0.08,true
001,planted,2276,0,-0.08579672371,-0.1561003104,-0.1481441943,0.4881484645,0,0.08,true
001,planted,2277,1,-0.3513228487,-0.167347323,-0.1648322273,0.4868134218,1,0.08,true
001,planted,2278,1,-0.2981913268,-0.1763437274,-0.1738286317,0.4860937095,1,0.08,true
001,planted,2279,1,0.7150388582,-0.137074158,-0.1345590622,0.489235275,0,0.08,true
001,planted,2280,0,0.07019988393,-0.1302720612,-0.1223159452,0.4902147244,1,0.08,true
001,planted,2281,0,-2.021701157,-0.2060510925,-0.1980949765,0.4841524019,1,0.08,true
001,planted,2282,0,-1.067884772,-0.2437742899,-0.2358181739,0.4811345461,1,0.08,true
001,planted,2283,0,-1.287893094,-0.2866638925,-0.2787077765,0.4777033779,0,0.08,true
001,planted,2284,0,0.9937784678,-0.229764879,-0.221808763,0.482255299,0,0.08,true
001,planted,2285,1,0.9101952873,-0.179406607,-0.1768915113,0.4858486791,0,0.08,true
001,planted,2286,1,0.160764941,-0.167381841,-0.1648667453,0.4868106604,1,0.08,true
001,planted,2287,1,-0.08055085822,-0.1669167832,-0.1644016875,0.486847865,0,0.08,true
001,planted,2288,0,0.3403446435,-0.14583739,-0.137881274,0.4889694981,1,0.08,true
001,planted,2289,0,1.900628511,-0.04433857856,-0.03638246255,0.497089403,1,0.08,true
001,planted,2290,0,0.2532563765,-0.03132063012,-0.02336451412,0.4981308389,0,0.08,true
001,planted,2291,1,-0.602074981,-0.05890471855,-0.05638962283,0.4954888302,0,0.08,true
001,planted,2292,0,0.02452401691,-0.05621601433,-0.04825989833,0.4961392081,1,0.08,true
001,planted,2293,0,-0.5588356349,-0.08212310948,-0.07416699347,0.4940666405,0,0.08,true
001,planted,2294,1,1.004367265,-0.02813902291,-0.02562392719,0.4979500858,1,0.08,true
001,planted,2295,0,-0.17289426,-0.03620922605,-0.02825311005,0.4977397512,1,0.08,true
001,planted,2296,0,2.226363439,0.07187867982,0.07983479582,0.5063867837,0,0.08,true
001,planted,2297,1,-1.776012483,-0.01346666294,-0.01095156723,0.4991238746,0,0.08,true
001,planted,2298,0,-0.5403562353,-0.03756031178,-0.02960419577,0.4976316643,0,0.08,true
001,planted,2299,1,0.3168493183,-0.02181429997,-0.01929920426,0.4984560637,0,0.08,true
001,planted,2300,0,0.3151542909,-0.006230794682,0.001725321322,0.5001380257,0,0.08,true
001,planted,2301,1,2.307301437,0.09510540166,0.09762049738,0.5078096398,1,0.08,true
001,planted,2302,0,-1.644238183,0.01823613204,0.02619224804,0.5020953798,1,0.08,true
001,planted,2303,0,0.1676481358,0.02506545956,0.03302157556,0.502641726,0,0.08,true
001,planted,2304,1,0.4742966205,0.04541799297,0.04793308869,0.5038346471,1,0.08,true
001,planted,2305,1,-1.45705762,-0.02130204931,-0.01878695359,0.4984970437,1,0.08,true
001,planted,2306,0,0.1027126397,-0.01614972497,-0.008193608963,0.4993445113,0,0.08,true
001,planted,2307,0,-0.4361414096,-0.03567455085,-0.02771843485,0.4977825252,0,0.08,true
001,planted,2308,1,-1.96640394,-0.1176062131,-0.1150911174,0.4907927106,1,0.08,true
001,planted,2309,1,-0.5794916022,-0.1395431637,-0.137028068,0.4890377546,1,0.08,true
001,planted,2310,0,1.168968095,-0.08063139639,-0.07267528039,0.4941859776,0,0.08,true
001,planted,2311,0,-0.1495300375,-0.08533478181,-0.07737866581,0.4938097067,0,0.08,true
001,planted,2312,0,-2.394722829,-0.1741704309,-0.1662143149,0.4867028548,0,0.08,true
001,planted,2313,0,1.167410139,-0.1170057591,-0.1090496431,0.4912760286,1,0.08,true
001,planted,2314,0,-2.066394289,-0.188271197,-0.180315081,0.4855747935,0,0.08,true
001,planted,2315,0,0.5907235877,-0.1584712228,-0.1505151068,0.4879587915,1,0.08,true
001,planted,2316,1,-0.7864374352,-0.1852301868,-0.1827150911,0.4853827927,1,0.08,true
001,planted,2317,1,-0.2521445366,-0.190981626,-0.1884665303,0.4849226776,1,0.08,true
001,planted,2318,0,0.7048992182,-0.1541786365,-0.1462225205,0.4883021984,0,0.08,true
001,planted,2319,0,-2.39108538,-0.2312172471,-0.2232611311,0.4821391095,1,0.08,true
001,planted,2320,1,-0.3145309742,-0.2378265039,-0.2353114082,0.4811750873,1,0.08,true
001,planted,2321,0,-1.590002031,-0.2859709271,-0.2780148111,0.4777588151,1,0.08,true
001,planted,2322,1,0.98548539,-0.2343313329,-0.2318162371,0.481454701,1,0.08,true
001,planted,2323,0,0.8432555537,-0.1910194205,-0.1830633045,0.4853549356,1,0.08,true
001,planted,2324,0,0.5082200058,-0.1640231171,-0.1560670011,0.4875146399,1,0.08,true
001,planted,2325,1,-0.2549193129,-0.1706324794,-0.1681173837,0.4865506093,0,0.08,true
001,planted,2326,0,-0.2988941152,-0.1791789354,-0.1712228194,0.4863021744,1,0.08,true
001,planted,2327,0,-1.101062,-0.2190125673,-0.2110564513,0.4831154839,1,0.08,true
001,planted,2328,0,-0.5886666313,-0.2384053758,-0.2304492598,0.4815640592,1,0.08,true
001,planted,2329,0,-1.071755478,-0.2751200532,-0.2671639372,0.478626885,0,0.08,true
001,planted,2330,0,-0.2524041845,-0.2794254492,-0.2714693332,0.4782824533,1,0.08,true
001,planted,2331,0,1.544439846,-0.1894565648,-0.1815004488,0.4854799641,0,0.08,true
001,planted,2332,0,-0.9545598316,-0.2243791667,-0.2164230507,0.4826861559,0,0.08,true
001,planted,2333,1,-0.8090971411,-0.2527227729,-0.2502076772,0.4799833858,0,0.08,true
001,planted,2334,1,1.500534672,-0.1676953442,-0.1651802484,0.4867855801,1,0.08,true
001,planted,2335,0,-1.364013688,-0.2177519813,-0.2097958653,0.4832163308,1,0.08,true
001,planted,2336,0,-1.586020884,-0.2705722834,-0.2626161674,0.4789907066,0,0.08,true
001,planted,2337,1,-0.5030692323,-0.2846178542,-0.2821027585,0.4774317793,0,0.08,true
001,planted,2338,0,-2.852483152,-0.3520568583,-0.3441007423,0.4724719406,0,0.08,true
001,planted,2339,1,1.100163306,-0.2932030082,-0.2906879125,0.476744967,0,0.08,true
001,planted,2340,0,-0.01222001827,-0.2862729529,-0.2783168369,0.477734653,1,0.08,true
001,planted,2341,0,-0.4547565808,-0.2968555823,-0.2888994663,0.4768880427,1,0.08,true
001,planted,2342,0,-0.3369684487,-0.3030279619,-0.2950718459,0.4763942523,0,0.08,true
001,planted,2343,0,-0.4249643989,-0.3127655306,-0.3048094146,0.4756152468,1,0.08,true
001,planted,2344,0,-0.5122951546,-0.3259341882,-0.3179780722,0.4745617542,0,0.08,true
001,planted,2345,1,0.7037803627,-0.2828768433,-0.2803617476,0.4775710602,1,0.08,true
001,planted,2346,0,-0.1214709146,-0.2812242937,-0.2732681777,0.4781385458,1,0.08,true
001,planted,2347,1,0.6322080093,-0.2420675166,-0.2395524209,0.4808358063,1,0.08,true
001,planted,2348,1,-0.4073703257,-0.2545461249,-0.2520310292,0.4798375177,1,0.08,true
001,planted,2349,1,0.1905860472,-0.2385282849,-0.2360131892,0.4811189449,1,0.08,true
001,planted,2350,1,-1.009172961,-0.2762666155,-0.2737515198,0.4780998784,0,0.08,true
001,planted,2351,0,-0.3253260981,-0.2848986942,-0.2769425782,0.4778445937,0,0.08,true
001,planted,2352,0,0.6376363495,-0.2422071819,-0.2342510659,0.4812599147,1,0.08,true
001,planted,2353,1,-1.909148433,-0.306756995,-0.3042418993,0.4756606481,0,0.08,true
001,planted,2354,1,0.4206629656,-0.2771918867,-0.274676791,0.4780258567,0,0.08,true
001,planted,2355,0,3.547917087,-0.07240670418,-0.06445058818,0.4948439529,1,0.08,true
001,planted,2356,1,-0.3136308213,-0.08305817145,-0.08054307573,0.4935565539,1,0.08,true
001,planted,2357,0,-0.8826265552,-0.1158046064,-0.1078484904,0.4913721208,0,0.08,true
001,planted,2358,0,-0.2110570846,-0.1215855661,-0.1136294501,0.490909644,0,0.08,true
001,planted,2359,0,-2.762752322,-0.2092653601,-0.2013092441,0.4838952605,0,0.08,true
001,planted,2360,0,0.4734657019,-0.1849704154,-0.1770142994,0.485838856,1,0.08,true
001,planted,2361,1,0.2149154665,-0.1716343551,-0.1691192593,0.4864704593,1,0.08,true
001,planted,2362,1,0.1997615842,-0.1590570271,-0.1565419314,0.4874766455,1,0.08,true
001,planted,2363,1,0.6646814057,-0.1263384055,-0.1238233098,0.4900941352,0,0.08,true
001,planted,2364,0,0.08489213755,-0.1195186803,-0.1115625643,0.4910749949,1,0.08,true
001,planted,2365,0,0.7544938334,-0.08273302422,-0.07477690822,0.4940178473,1,0.08,true
001,planted,2366,1,-0.6826492206,-0.1098302217,-0.107315126,0.4914147899,1,0.08,true
001,planted,2367,0,-0.8434156619,-0.1429311191,-0.1349750031,0.4892019998,0,0.08,true
001,planted,2368,1,-1.110237152,-0.1851456557,-0.18263056,0.4853895552,1,0.08,true
001,planted,2369,1,0.8197821758,-0.1411909338,-0.1386758381,0.488905933,1,0.08,true
001,planted,2370,0,-0.443220604,-0.1573773144,-0.1494211984,0.4880463041,0,0.08,true
001,planted,2371,1,-0.2534777687,-0.1650872733,-0.1625721776,0.4869942258,1,0.08,true
001,planted,2372,1,-0.1267696266,-0.1669573583,-0.1644422626,0.486844619,0,0.08,true
001,planted,2373,1,0.7918803691,-0.1217173956,-0.1192022998,0.490463816,0,0.08,true
001,planted,2374,0,-0.9309694972,-0.1616984566,-0.1537423406,0.4877006128,1,0.08,true
001,planted,2375,1,-0.1647790022,-0.1657625577,-0.163247462,0.486940203,1,0.08,true
001,planted,2376,0,0.9605563419,-0.1094833611,-0.101527245,0.4918778204,1,0.08,true
001,planted,2377,1,-1.028262613,-0.1554195679,-0.1529044722,0.4877676422,0,0.08,true
001,planted,2378,1,-0.4421468897,-0.1733471072,-0.1708320114,0.4863334391,1,0.08,true
001,planted,2379,1,0.4431337528,-0.1448931742,-0.1423780785,0.4886097537,0,0.08,true
001,planted,2380,0,-1.504751868,-0.2087295237,-0.2007734077,0.4839381274,0,0.08,true
001,planted,2381,1,0.1593722962,-0.1950656206,-0.1925505249,0.484595958,0,0.08,true
001,planted,2382,0,-0.2094675477,-0.2009905794,-0.1930344634,0.4845572429,1,0.08,true
001,planted,2383,1,-0.6356470703,-0.227752254,-0.2252371583,0.4819810273,0,0.08,true
001,planted,2384,1,-1.116025944,-0.2733446219,-0.2708295262,0.4783336379,0,0.08,true
001,planted,2385,0,-0.917607734,-0.3088197417,-0.3008636256,0.4759309099,0,0.08,true
001,planted,2386,1,-0.4325885118,-0.3228205335,-0.3203054378,0.474375565,1,0.08,true
001,planted,2387,1,0.4753057826,-0.2861732335,-0.2836581378,0.477307349,0,0.08,true
001,planted,2388,0,2.569017226,-0.1115230325,-0.1035669165,0.4917146467,1,0.08,true
001,planted,2389,1,1.627822288,-0.02761558687,-0.02510049115,0.4979919607,1,0.08,true
001,planted,2390,1,-1.421815671,-0.09000484369,-0.08748974797,0.4930008202,0,0.08,true
001,planted,2391,1,-0.07184680856,-0.09104536167,-0.08853026595,0.4929175787,1,0.08,true
001,planted,2392,0,-1.49878818,-0.1524419257,-0.1444858097,0.4884411352,1,0.08,true
001,planted,2393,1,-0.6511523998,-0.1772280181,-0.1747129224,0.4860229662,0,0.08,true
001,planted,2394,0,-1.164098336,-0.2211521593,-0.2131960433,0.4829443165,0,0.08,true
001,planted,2395,0,-0.4155438965,-0.2342195276,-0.2262634116,0.4818989271,1,0.08,true
001,planted,2396,1,0.4466611006,-0.2058498303,-0.2033347346,0.4837332212,1,0.08,true
001,planted,2397,0,0.05821935928,-0.1977606649,-0.1898045489,0.4848156361,1,0.08,true
001,planted,2398,0,0.832542697,-0.148197301,-0.140241185,0.4887807052,1,0.08,true
001,planted,2399,0,-0.2526914041,-0.1570307441,-0.1490746281,0.4880740298,0,0.08,true
001,planted,2400,0,1.112142497,-0.09211092304,-0.08415480704,0.4932676154,1,0.08,true
001,planted,2401,1,0.9277262641,-0.04087272348,-0.03835762776,0.4969313898,1,0.08,true
001,planted,2402,1,-0.349636563,-0.05778578547,-0.05527068976,0.4955783448,0,0.08,true
001,planted,2403,1,-0.3982634057,-0.0771068667,-0.07459177098,0.4940326583,1,0.08,true
001,planted,2404,1,-0.773872446,-0.1150816495,-0.1125665538,0.4909946757,0,0.08,true
001,planted,2405,0,-0.6672632428,-0.1466907125,-0.1387345965,0.4889012323,1,0.08,true
001,planted,2406,0,-0.1759641581,-0.152568006,-0.14461189,0.4884310488,0,0.08,true
001,planted,2407,0,1.460166718,-0.06179172545,-0.05383560945,0.4956931512,1,0.08,true
001,planted,2408,0,0.1192461447,-0.05369767538,-0.04574155938,0.4963406752,1,0.08,true
001,planted,2409,1,-0.9735544087,-0.103781584,-0.1012664883,0.4918986809,0,0.08,true
001,planted,2410,1,-1.013569713,-0.1528807615,-0.1503656658,0.4879707467,1,0.08,true
001,planted,2411,0,0.2419178716,-0.1353434717,-0.1273873557,0.4898090115,1,0.08,true
001,planted,2412,1,-0.6331916016,-0.1657643671,-0.1632492714,0.4869400583,1,0.08,true
001,planted,2413,0,-1.630910246,-0.2355274195,-0.2275713035,0.4817942957,0,0.08,true
001,planted,2414,0,0.2625581692,-0.2148286096,-0.2068724936,0.4834502005,0,0.08,true
001,planted,2415,1,-1.39762526,-0.2713080827,-0.2687929869,0.478496561,1,0.08,true
001,planted,2416,1,-0.9431747255,-0.3075033599,-0.3049882641,0.4756009389,1,0.08,true
001,planted,2417,0,-1.294319188,-0.3527999831,-0.3448438671,0.4724124906,0,0.08,true
001,planted,2418,0,0.5759022079,-0.3105266062,-0.3025704902,0.4757943608,0,0.08,true
001,planted,2419,0,1.214887333,-0.2277920859,-0.2198359699,0.4824131224,0,0.08,true
001,planted,2420,1,-0.04164859241,-0.2242194093,-0.2217043136,0.4822636549,1,0.08,true
001,planted,2421,1,-0.1714403937,-0.2276609133,-0.2251458176,0.4819883346,1,0.08,true
001,planted,2422,0,-1.668640036,-0.2907295488,-0.2827734328,0.4773781254,0,0.08,true
001,planted,2423,0,1.026708665,-0.2227383474,-0.2147822314,0.4828174215,0,0.08,true
001,planted,2424,1,0.2711933608,-0.2024158577,-0.199900762,0.484007939,0,0.08,true
001,planted,2425,1,-0.3015857129,-0.2129783142,-0.2104632185,0.4831629425,1,0.08,true
001,planted,2426,1,-1.521934748,-0.272912973,-0.2703978773,0.4783681698,1,0.08,true
001,planted,2427,1,-0.2174524582,-0.2771516553,-0.2746365596,0.4780290752,1,0.08,true
001,planted,2428,1,0.673045635,-0.2305567193,-0.2280416236,0.4817566701,1,0.08,true
001,planted,2429,0,0.3711463593,-0.2034815288,-0.1955254128,0.484357967,1,0.08,true
001,planted,2430,0,-0.5975474961,-0.2293094482,-0.2213533322,0.4822917334,1,0.08,true
001,planted,2431,0,-0.6437730292,-0.2567437154,-0.2487875994,0.480096992,1,0.08,true
001,planted,2432,0,-2.105079575,-0.3266115928,-0.3186554768,0.4745075619,1,0.08,true
001,planted,2433,1,-0.9037434579,-0.3575251541,-0.3550100584,0.4715991953,1,0.08,true
001,planted,2434,1,-0.5710792898,-0.3749694608,-0.3724543651,0.4702036508,1,0.08,true
001,planted,2435,1,0.8141702102,-0.3163876679,-0.3138725721,0.4748901942,0,0.08,true
001,planted,2436,0,0.070100037,-0.3045844472,-0.2966283312,0.4762697335,0,0.08,true
001,planted,2437,1,0.7072663134,-0.2542664036,-0.2517513079,0.4798598954,1,0.08,true
001,planted,2438,1,-0.2594979311,-0.2616792674,-0.2591641717,0.4792668663,0,0.08,true
001,planted,2439,1,0.2950629333,-0.2376316542,-0.2351165585,0.4811906753,1,0.08,true
001,planted,2440,1,0.8692863414,-0.1766603239,-0.1741452282,0.4860683817,0,0.08,true
001,planted,2441,1,1.678614887,-0.06835888722,-0.0658437915,0.4947324967,0,0.08,true
001,planted,2442,1,-1.848883805,-0.1528217133,-0.1503066175,0.4879754706,1,0.08,true
001,planted,2443,0,-0.04328544968,-0.1511572295,-0.1432011134,0.4885439109,0,0.08,true
001,planted,2444,1,0.5769701801,-0.1160173679,-0.1135022722,0.4909198182,0,0.08,true
001,planted,2445,0,0.5758558104,-0.08161251072,-0.07365639472,0.4941074884,0,0.08,true
001,planted,2446,1,0.2629845685,-0.06516235425,-0.06264725854,0.4949882193,0,0.08,true
001,planted,2447,1,-0.3484639508,-0.08253945403,-0.08002435831,0.4935980513,0,0.08,true
001,planted,2448,1,-0.05884642047,-0.08377772801,-0.08126263229,0.4934989894,0,0.08,true
001,planted,2449,0,0.9024338732,-0.0283780557,-0.02042193969,0.4983662448,1,0.08,true
001,planted,2450,0,0.2066967005,-0.01562499571,-0.007668879704,0.4993864896,1,0.08,true
001,planted,2451,0,1.120045326,0.04930974209,0.0572658581,0.5045812686,0,0.08,true
001,planted,2452,0,-2.810420279,-0.09380053331,-0.08584441731,0.4931324466,1,0.08,true
001,planted,2453,0,0.3064848506,-0.07643125699,-0.06847514099,0.4945219887,1,0.08,true
001,planted,2454,0,0.5067824045,-0.04909008991,-0.04113397391,0.4967092821,1,0.08,true
001,planted,2455,1,0.7051376957,-0.01209028889,-0.009575193174,0.4992339845,0,0.08,true
001,planted,2456,1,0.4762650405,0.01250762954,0.01502272526,0.501201818,0,0.08,true
001,planted,2457,1,2.99530175,0.1380962313,0.140611327,0.5112489062,1,0.08,true
001,planted,2458,0,-0.09459785281,0.1304261851,0.1383823011,0.5110705841,0,0.08,true
001,planted,2459,1,1.253995903,0.1779851033,0.180500199,0.5144400159,1,0.08,true
001,planted,2460,0,1.11351686,0.2179844478,0.2259405638,0.5180752451,1,0.08,true
001,planted,2461,0,0.1492184472,0.2190576448,0.2270137608,0.5181611009,0,0.08,true
001,planted,2462,0,-0.8857432382,0.1699853134,0.1779414294,0.5142353144,1,0.08,true
001,planted,2463,0,0.8313702061,0.2012929371,0.2092490531,0.5167399243,1,0.08,true
001,planted,2464,0,1.346135929,0.2495962115,0.2575523275,0.5206041862,1,0.08,true
001,planted,2465,0,-1.44829902,0.1687402223,0.1766963383,0.5141357071,1,0.08,true
001,planted,2466,1,-1.493508363,0.09229592546,0.09481102118,0.5075848817,1,0.08,true
001,planted,2467,1,0.2731914376,0.1020162838,0.1045313795,0.5083625104,1,0.08,true
001,planted,2468,1,-0.508574616,0.0757389644,0.07825406012,0.5062603248,1,0.08,true
001,planted,2469,1,-1.267529318,0.01411441192,0.01662950764,0.5013303606,1,0.08,true
001,planted,2470,1,-0.09293825958,0.009448778371,0.01196387409,0.5009571099,0,0.08,true
001,planted,2471,0,0.009531714196,0.00966257275,0.01761868875,0.5014094951,0,0.08,true
001,planted,2472,1,0.087803866,0.01369731607,0.01621241179,0.5012969929,1,0.08,true
001,planted,2473,0,-0.3981643826,-0.00654159748,0.001414518524,0.5001131615,0,0.08,true
001,planted,2474,1,0.03000691471,-0.004841842576,-0.002326746858,0.4998138603,1,0.08,true
001,planted,2475,1,-1.438650183,-0.07596578894,-0.07345069323,0.4941239445,1,0.08,true
001,planted,2476,1,0.06952462218,-0.07048862631,-0.06797353059,0.4945621176,1,0.08,true
001,planted,2477,1,-0.008992620076,-0.06917401456,-0.06665891884,0.4946672865,1,0.08,true
001,planted,2478,1,0.01369571482,-0.06668717579,-0.06417208007,0.4948662336,1,0.08,true
001,planted,2479,1,-0.8070059089,-0.1073314299,-0.1048163342,0.4916146933,0,0.08,true
001,planted,2480,1,1.527385696,-0.01869649116,-0.01618139544,0.4987054884,1,0.08,true
001,planted,2481,1,-0.909771359,-0.06508457012,-0.06256947441,0.494994442,0,0.08,true
001,planted,2482,1,1.297102916,0.00545910028,0.007974195998,0.5006379357,0,0.08,true
001,planted,2483,1,1.114945535,0.06152809773,0.06404319345,0.5051234555,0,0.08,true
001,planted,2484,0,-0.03002116395,0.05841124595,0.06636736195,0.505309389,1,0.08,true
001,planted,2485,0,0.8918701572,0.1021275432,0.1100836592,0.5088066927,1,0.08,true
001,planted,2486,0,-0.08420680952,0.09502414501,0.102980261,0.5082384209,1,0.08,true
001,planted,2487,0,-0.2550317068,0.07849031055,0.08644642656,0.5069157141,0,0.08,true
001,planted,2488,0,1.212593976,0.1382815226,0.1462376386,0.5116990111,1,0.08,true
001,planted,2489,0,0.01746767087,0.1357409192,0.1436970352,0.5114957628,0,0.08,true
001,planted,2490,0,0.4799821024,0.1582651447,0.1662212607,0.5132977009,0,0.08,true
001,planted,2491,0,-0.8652638998,0.101963536,0.109919652,0.5087935722,1,0.08,true
001,planted,2492,1,0.07604409257,0.1037445484,0.1062596441,0.5085007715,1,0.08,true
001,planted,2493,1,0.3181846033,0.1195065266,0.1220216223,0.5097617298,0,0.08,true
001,planted,2494,0,-0.2889390462,0.09871586859,0.1066719846,0.5085337588,0,0.08,true
001,planted,2495,1,-0.927458767,0.03765873365,0.04017382937,0.5032139063,0,0.08,true
001,planted,2496,0,-0.4442023963,0.009343119408,0.01729923541,0.5013839388,1,0.08,true
001,planted,2497,1,-0.3239332252,-0.0111176323,-0.008602536582,0.4993117971,0,0.08,true
001,planted,2498,1,0.1707660982,8.209850332e-05,0.002597194221,0.5002077755,1,0.08,true
001,planted,2499,0,0.6274962994,0.04051458064,0.04847069665,0.5038776557,1,0.08,true
001,planted,2500,1,-0.403097783,0.01274806795,0.01526316367,0.5012210531,1,0.08,true
001,planted,2501,1,-0.7632157109,-0.03799004382,-0.0354749481,0.4971620042,1,0.08,true
001,planted,2502,0,0.01583117395,-0.03596151002,-0.02800539401,0.4977595685,0,0.08,true
001,planted,2503,1,-0.3654101888,-0.05991879764,-0.05740370192,0.4954077038,0,0.08,true
001,planted,2504,0,-0.7083619659,-0.1057014964,-0.09774538039,0.4921803696,1,0.08,true
001,planted,2505,1,0.9033191288,-0.03780106137,-0.03528596565,0.4971771227,0,0.08,true
001,planted,2506,0,1.198846659,0.04365620282,0.05161231882,0.5041289855,0,0.08,true
001,planted,2507,1,0.8432565915,0.09595979769,0.09847489341,0.5078779915,1,0.08,true
001,planted,2508,0,-2.27330663,-0.04784621906,-0.03989010306,0.4968087918,0,0.08,true
001,planted,2509,1,0.004419539837,-0.04638475314,-0.04386965742,0.4964904274,0,0.08,true
001,planted,2510,0,-0.3425978195,-0.06483325062,-0.05687713461,0.4954498292,1,0.08,true
001,planted,2511,0,1.72607588,0.03560645906,0.04356257506,0.503485006,1,0.08,true
001,planted,2512,1,-0.7372271379,-0.005978240919,-0.003463145201,0.4997229484,0,0.08,true
001,planted,2513,1,-0.1164900101,-0.01232573517,-0.009810639452,0.4992151488,1,0.08,true
001,planted,2514,1,1.197294994,0.05405973713,0.05657483285,0.5045259866,1,0.08,true
001,planted,2515,0,-0.05866211265,0.04939067976,0.05734679577,0.5045877437,0,0.08,true
001,planted,2516,0,0.4198177608,0.07191035033,0.07986646633,0.5063893173,0,0.08,true
001,planted,2517,1,0.8294787629,0.1161134932,0.1186285889,0.5094902871,0,0.08,true
001,planted,2518,1,1.050709374,0.1687310266,0.1712461223,0.5136996898,1,0.08,true
001,planted,2519,1,0.7896409638,0.2061429075,0.2086580033,0.5166926403,1,0.08,true
001,planted,2520,1,-0.2375298869,0.1866568741,0.1891719698,0.5151337576,0,0.08,true
001,planted,2521,0,0.2213643895,0.1948581966,0.2028143126,0.516225145,1,0.08,true
001,planted,2522,1,-0.5225712186,0.1562394353,0.158754531,0.5127003625,1,0.08,true
001,planted,2523,0,-0.4885803817,0.1207032678,0.1286593838,0.5102927507,1,0.08,true
001,planted,2524,0,1.043196629,0.1762289889,0.1841851049,0.5147348084,1,0.08,true
001,planted,2525,1,-0.2642483393,0.1548668545,0.1573819502,0.512590556,1,0.08,true
001,planted,2526,1,-2.165153203,0.0108739903,0.01338908601,0.5010711269,1,0.08,true
001,planted,2527,0,0.2845291603,0.0263795678,0.03433568381,0.5027468547,1,0.08,true
001,planted,2528,0,-0.7549334926,-0.01700731466,-0.009051198653,0.4992759041,0,0.08,true
001,planted,2529,0,0.2406963119,-0.002749016928,0.005207099076,0.5004165679,0,0.08,true
001,planted,2530,0,-0.7519977475,-0.04601052824,-0.03805441223,0.496955647,1,0.08,true
001,planted,2531,0,-0.06416183033,-0.04863609354,-0.04067997754,0.4967456018,1,0.08,true
001,planted,2532,1,1.249452437,0.02694912116,0.02946421688,0.5023571374,0,0.08,true
001,planted,2533,0,-0.5094033905,-0.003749901481,0.004206214523,0.5003364972,1,0.08,true
001,planted,2534,0,-0.4480701393,-0.03031403434,-0.02235791834,0.4982113665,0,0.08,true
001,planted,2535,1,0.3391093779,-0.008788206549,-0.006273110831,0.4994981511,0,0.08,true
001,planted,2536,1,-1.180113448,-0.07810259893,-0.07558750321,0.4939529997,1,0.08,true
001,planted,2537,0,-1.026808425,-0.1334750341,-0.1255189181,0.4899584866,0,0.08,true
001,planted,2538,1,1.415555205,-0.04206666281,-0.03955156709,0.4968358746,1,0.08,true
001,planted,2539,0,1.062770849,0.01953444579,0.02749056179,0.5021992449,1,0.08,true
001,planted,2540,1,-0.6020783484,-0.01512166783,-0.01260657211,0.4989914742,1,0.08,true
001,planted,2541,1,0.03450367205,-0.01274267089,-0.01022757517,0.499181794,1,0.08,true
001,planted,2542,1,-0.2799141687,-0.02894966823,-0.02643457251,0.4978852342,0,0.08,true
001,planted,2543,1,-1.098174021,-0.09093263345,-0.08841753773,0.492926597,0,0.08,true
001,planted,2544,1,-0.7057968363,-0.1284996466,-0.1259845509,0.4899212359,0,0.08,true
001,planted,2545,0,-0.5256390323,-0.1553340656,-0.1473779496,0.488209764,0,0.08,true
001,planted,2546,1,0.1741732197,-0.1405929101,-0.1380778144,0.4889537749,1,0.08,true
001,planted,2547,1,0.5167710107,-0.103574162,-0.1010590663,0.4919152747,1,0.08,true
001,planted,2548,0,1.136528625,-0.02725624226,-0.01930012625,0.4984559899,1,0.08,true
001,planted,2549,1,0.3632520366,-0.003985619597,-0.001470523879,0.4998823581,1,0.08,true
001,planted,2550,1,0.6698340657,0.03790386625,0.04041896197,0.503233517,1,0.08,true
001,planted,2551,1,-0.838053973,-0.01615294856,-0.01363785284,0.4989089718,0,0.08,true
001,planted,2552,0,-0.6186236476,-0.05434809383,-0.04639197782,0.4962886418,0,0.08,true
001,planted,2553,0,0.08464367017,-0.04750498224,-0.03954886624,0.4968360907,0,0.08,true
001,planted,2554,0,-1.019671654,-0.1088437261,-0.1008876101,0.4919289912,1,0.08,true
001,planted,2555,1,-1.894474895,-0.200708817,-0.1981937213,0.4841445023,1,0.08,true
001,planted,2556,1,1.253708343,-0.1163967915,-0.1138816958,0.4908894643,1,0.08,true
001,planted,2557,1,-1.342719427,-0.1796547009,-0.1771396052,0.4858288316,1,0.08,true
001,planted,2558,1,1.468362139,-0.08835340128,-0.08583830556,0.4931329356,1,0.08,true
001,planted,2559,0,1.117452067,-0.02568193584,-0.01772581983,0.4985819344,0,0.08,true
001,planted,2560,1,0.05233133465,-0.02226554666,-0.01975045094,0.4984199639,0,0.08,true
001,planted,2561,1,-1.190903461,-0.0828584394,-0.08034334368,0.4935725325,0,0.08,true
001,planted,2562,1,-2.094801984,-0.1722940639,-0.1697789682,0.4864176825,1,0.08,true
001,planted,2563,0,-1.150467675,-0.2175100595,-0.2095539435,0.4832356845,1,0.08,true
001,planted,2564,1,-0.02568546449,-0.2132516566,-0.2107365609,0.4831410751,1,0.08,true
001,planted,2565,1,1.57102599,-0.1219472002,-0.1194321045,0.4904454316,0,0.08,true
001,planted,2566,1,-0.8558436812,-0.1576167135,-0.1551016178,0.4875918706,1,0.08,true
001,planted,2567,0,0.6493043012,-0.1207005921,-0.1127444761,0.4909804419,1,0.08,true
001,planted,2568,0,-0.3400865075,-0.1341380343,-0.1261819183,0.4899054465,0,0.08,true
001,planted,2569,0,-0.05939580645,-0.1337446338,-0.1257885178,0.4899369186,0,0.08,true
001,planted,2570,1,-0.3590733037,-0.1485396979,-0.1460246021,0.4883180318,0,0.08,true
001,planted,2571,0,0.5631109116,-0.1137770151,-0.1058208991,0.4915343281,0,0.08,true
001,planted,2572,1,-0.4399366719,-0.1339583031,-0.1314432074,0.4894845434,1,0.08,true
001,planted,2573,0,0.002452418434,-0.1304309113,-0.1224747953,0.4902020164,0,0.08,true
001,planted,2574,0,-0.6787270183,-0.16319705,-0.155240934,0.4875807253,0,0.08,true
001,planted,2575,0,-0.4815749445,-0.185255521,-0.177299405,0.4858160476,0,0.08,true
001,planted,2576,1,2.066107219,-0.05281955163,-0.05030445592,0.4959756435,0,0.08,true
001,planted,2577,0,0.880000925,-0.005003983567,0.002952132437,0.5002361706,0,0.08,true
001,planted,2578,0,0.49914206,0.02139723169,0.02935334769,0.5023482678,0,0.08,true
001,planted,2579,0,-2.474793726,-0.09670793368,-0.08875181767,0.4928998546,0,0.08,true
001,planted,2580,1,-1.547007295,-0.1593762772,-0.1568611815,0.4874511055,0,0.08,true
001,planted,2581,1,0.07350350423,-0.1519190571,-0.1494039614,0.4880476831,1,0.08,true
001,planted,2582,1,-0.4805444589,-0.1700191178,-0.167504022,0.4865996782,1,0.08,true
001,planted,2583,1,-1.064744806,-0.2117736076,-0.2092585119,0.483259319,1,0.08,true
001,planted,2584,1,-0.6025184898,-0.2336345455,-0.2311194498,0.481510444,0,0.08,true
001,planted,2585,0,0.2931462722,-0.2128174445,-0.2048613285,0.4836110937,1,0.08,true
001,planted,2586,0,1.717899167,-0.1125185381,-0.1045624221,0.4916350062,1,0.08,true
001,planted,2587,0,-1.166656631,-0.1609836779,-0.1530275619,0.487757795,0,0.08,true
001,planted,2588,0,0.2224693718,-0.1460509963,-0.1380948803,0.4889524096,0,0.08,true
001,planted,2589,0,0.2234635404,-0.1311903157,-0.1232341997,0.490141264,0,0.08,true
001,planted,2590,1,-0.8682854584,-0.1684787228,-0.165963627,0.4867229098,1,0.08,true
001,planted,2591,0,1.281484575,-0.09515537254,-0.08719925654,0.4930240595,0,0.08,true
001,planted,2592,1,0.4662876572,-0.06903488207,-0.06651978636,0.4946784171,0,0.08,true
001,planted,2593,0,-0.636895204,-0.09877331274,-0.09081719674,0.4927346243,1,0.08,true
001,planted,2594,1,1.056803466,-0.04028455367,-0.03776945795,0.4969784434,0,0.08,true
001,planted,2595,1,-0.3254410478,-0.05592176041,-0.05340666469,0.4957274668,0,0.08,true
001,planted,2596,1,0.4881786857,-0.02851056972,-0.025995474,0.4979203621,1,0.08,true
001,planted,2597,1,-0.737542049,-0.06648388724,-0.06396879152,0.4948824967,1,0.08,true
001,planted,2598,1,0.9395414693,-0.01332262584,-0.01080753013,0.4991353976,0,0.08,true
001,planted,2599,1,0.5548171946,0.01706023453,0.01957533024,0.5015660264,0,0.08,true
001,planted,2600,0,0.276331673,0.03184734837,0.03980346437,0.5031842771,0,0.08,true
001,planted,2601,1,0.8934749132,0.07964153535,0.08215663107,0.5065725305,0,0.08,true
001,planted,2602,0,-0.3398578897,0.05814381595,0.06609993196,0.5052879946,1,0.08,true
001,planted,2603,1,-1.139556074,-0.008977423286,-0.006462327568,0.4994830138,1,0.08,true
001,planted,2604,0,-0.09415662633,-0.014114553,-0.006158437,0.499507325,1,0.08,true
001,planted,2605,0,0.092607604,-0.008338918835,-0.0003828028313,0.4999693758,1,0.08,true
001,planted,2606,1,-0.01156633664,-0.008821511651,-0.006306415933,0.4994954867,1,0.08,true
001,planted,2607,0,-0.5406201771,-0.04141244216,-0.03345632616,0.4973234939,0,0.08,true
001,planted,2608,1,-0.846041847,-0.09070305221,-0.08818795649,0.4929449635,1,0.08,true
001,planted,2609,0,1.018671059,-0.02393779017,-0.01598167417,0.4987214661,1,0.08,true
001,planted,2610,0,-1.437347453,-0.1039507211,-0.09599460512,0.4923204316,1,0.08,true
001,planted,2611,1,-0.1792319192,-0.1117183321,-0.1092032364,0.4912637411,1,0.08,true
001,planted,2612,0,0.3989138453,-0.0844011011,-0.07644498509,0.4938844012,0,0.08,true
001,planted,2613,1,-0.4181468962,-0.1072269518,-0.104711856,0.4916230515,1,0.08,true
001,planted,2614,1,-0.1376563086,-0.1130407702,-0.1105256744,0.491157946,0,0.08,true
001,planted,2615,1,0.5783542815,-0.07209483366,-0.06957973794,0.494433621,1,0.08,true
001,planted,2616,0,-0.2241267312,-0.08464137729,-0.07668526129,0.4938651791,1,0.08,true
001,planted,2617,1,-1.294445273,-0.1572962151,-0.1547811194,0.4876175104,0,0.08,true
001,planted,2618,1,0.3647782773,-0.1294007536,-0.1268856579,0.4898491474,0,0.08,true
001,planted,2619,0,-0.3035997585,-0.145279586,-0.13732347,0.4890141224,1,0.08,true
001,planted,2620,0,-0.1013332515,-0.1482605434,-0.1403044274,0.4887756458,1,0.08,true
001,planted,2621,0,0.4454737218,-0.1131453164,-0.1051892004,0.491584864,0,0.08,true
001,planted,2622,0,-0.8973593244,-0.1660985125,-0.1581423965,0.4873486083,0,0.08,true
001,planted,2623,0,0.6651838669,-0.1140445349,-0.1060884189,0.4915129265,1,0.08,true
001,planted,2624,1,-0.3115587057,-0.1319825447,-0.129467449,0.4896426041,0,0.08,true
001,planted,2625,1,0.2053590492,-0.1139773106,-0.1114622149,0.4910830228,0,0.08,true
001,planted,2626,0,0.1306477187,-0.101604817,-0.09364870101,0.4925081039,1,0.08,true
001,planted,2627,1,0.1557325583,-0.08743500646,-0.08491991074,0.4932064071,0,0.08,true
001,planted,2628,0,-0.004290595002,-0.08554514272,-0.07758902672,0.4937928779,0,0.08,true
001,planted,2629,0,0.5391412512,-0.04088423554,-0.03292811953,0.4973657504,0,0.08,true
001,planted,2630,1,1.498503561,0.06846030367,0.07097539939,0.505678032,0,0.08,true
001,planted,2631,1,-0.3029158794,0.0449995519,0.04751464762,0.5038011718,1,0.08,true
001,planted,2632,0,-0.3092004425,0.02132026966,0.02927638566,0.5023421109,0,0.08,true
001,planted,2633,1,0.1309451675,0.03045014003,0.03296523575,0.5026372189,1,0.08,true
001,planted,2634,0,0.7140462296,0.0815257894,0.0894819054,0.5071585524,0,0.08,true
001,planted,2635,1,2.137051664,0.1954455912,0.197960687,0.515836855,1,0.08,true
001,planted,2636,1,-0.7966141469,0.1369719988,0.1394870945,0.5111589676,1,0.08,true
001,planted,2637,0,-0.4355831475,0.1052748149,0.1132309309,0.5090584745,0,0.08,true
001,planted,2638,1,0.4858259788,0.1324940794,0.1350091751,0.510800734,1,0.08,true
001,planted,2639,1,-2.06452233,-0.004660045823,-0.002144950105,0.499828404,1,0.08,true
001,planted,2640,0,-0.2871730509,-0.02094097429,-0.01298485828,0.4989612113,1,0.08,true
001,planted,2641,1,0.5995612157,0.01456381416,0.01707890987,0.5013663128,0,0.08,true
001,planted,2642,0,1.288954479,0.08589190026,0.09384801626,0.5075078413,1,0.08,true
001,planted,2643,1,0.3288284258,0.1023161008,0.1048311965,0.5083864957,0,0.08,true
001,planted,2644,1,-0.5565720125,0.06619768287,0.06871277859,0.5054970223,0,0.08,true
001,planted,2645,1,1.660733487,0.1497918892,0.1523069849,0.5121845588,1,0.08,true
001,planted,2646,1,1.938831875,0.2291164765,0.2316315723,0.5185305258,0,0.08,true
001,planted,2647,1,0.7204014396,0.2570596789,0.2595747746,0.520765982,0,0.08,true
001,planted,2648,1,0.3013004537,0.2656752498,0.2681903455,0.5214552276,0,0.08,true
001,planted,2649,0,0.04212146106,0.261193407,0.269149523,0.5215319618,1,0.08,true
001,planted,2650,1,0.1032836248,0.2601774548,0.2626925505,0.521015404,0,0.08,true
001,planted,2651,0,-0.2350719891,0.2399051294,0.2478612454,0.5198288996,1,0.08,true
001,planted,2652,0,1.715081849,0.3043796579,0.3123357739,0.5249868619,0,0.08,true
001,planted,2653,1,-1.419656058,0.2077688398,0.2102839356,0.5168227148,0,0.08,true
001,planted,2654,0,0.1028973428,0.2078577804,0.2158138964,0.5172651117,0,0.08,true
001,planted,2655,0,-0.5970945089,0.1686517394,0.1766078554,0.5141286284,0,0.08,true
001,planted,2656,1,0.6993349445,0.1997735889,0.2022886846,0.5161830948,1,0.08,true
001,planted,2657,1,-0.2845928933,0.1785100851,0.1810251808,0.5144820145,1,0.08,true
001,planted,2658,0,0.1345567756,0.1815116496,0.1894677656,0.5151574212,0,0.08,true
001,planted,2659,0,-0.8658253745,0.1235032607,0.1314593767,0.5105167501,0,0.08,true
001,planted,2660,0,-0.03723229866,0.1182044907,0.1261606067,0.5100928485,0,0.08,true
001,planted,2661,0,0.2830869592,0.1317320626,0.1396881786,0.5111750543,1,0.08,true
001,planted,2662,0,0.5464004839,0.1599895174,0.1679456334,0.5134356507,0,0.08,true
001,planted,2663,0,0.2971883412,0.1737646582,0.1817207742,0.5145376619,1,0.08,true
001,planted,2664,0,0.1520523129,0.1788325579,0.1867886739,0.5149430939,1,0.08,true
001,planted,2665,0,1.210097199,0.2385856015,0.2465417175,0.5197233374,0,0.08,true
001,planted,2666,1,0.1023715838,0.2388807307,0.2413958264,0.5193116661,0,0.08,true
001,planted,2667,1,1.809496302,0.3098546931,0.3123697888,0.5249895831,0,0.08,true
001,planted,2668,0,-0.04254535315,0.2994954284,0.3074515444,0.5245961236,0,0.08,true
001,planted,2669,0,1.257415361,0.3481747936,0.3561309096,0.5284904728,0,0.08,true
001,planted,2670,0,-0.7173943087,0.2923150742,0.3002711902,0.5240216952,0,0.08,true
001,planted,2671,0,0.6901041316,0.3203414715,0.3282975875,0.526263807,0,0.08,true
001,planted,2672,0,0.722662923,0.3488446078,0.3568007238,0.5285440579,0,0.08,true
001,planted,2673,1,1.47138964,0.3983516631,0.4008667588,0.5320693407,1,0.08,true
001,planted,2674,1,-0.5023317816,0.3565845764,0.3590996722,0.5287279738,0,0.08,true
001,planted,2675,1,0.2777040218,0.3627796141,0.3652947099,0.5292235768,0,0.08,true
001,planted,2676,1,1.261468079,0.406414115,0.4089292108,0.5327143369,1,0.08,true
001,planted,2677,0,1.324725634,0.4472670036,0.4552231196,0.5364178496,0,0.08,true
001,planted,2678,1,-1.462696936,0.3319419181,0.3344570138,0.5267565611,0,0.08,true
001,planted,2679,0,-0.7673689269,0.2772394085,0.2851955245,0.522815642,0,0.08,true
001,planted,2680,0,-0.2172947964,0.2579878124,0.2659439284,0.5212755143,0,0.08,true
001,planted,2681,1,-0.4695667542,0.2236396294,0.2261547251,0.518092378,1,0.08,true
001,planted,2682,1,-0.3307042952,0.1984154681,0.2009305638,0.5160744451,0,0.08,true
001,planted,2683,0,-1.327918198,0.1095976784,0.1175537944,0.5094043036,0,0.08,true
001,planted,2684,0,1.101866496,0.1628991352,0.1708552512,0.5136684201,1,0.08,true
001,planted,2685,0,-1.472127644,0.07183571135,0.07979182735,0.5063833462,1,0.08,true
001,planted,2686,1,0.2177654894,0.08161850746,0.08413360318,0.5067306883,1,0.08,true
001,planted,2687,0,-1.473524894,-0.001557371877,0.006398744127,0.5005118995,1,0.08,true
001,planted,2688,0,-1.732832804,-0.08655902073,-0.07860290473,0.4937117676,0,0.08,true
001,planted,2689,0,-0.1189214809,-0.09033072837,-0.08237461237,0.493410031,0,0.08,true
001,planted,2690,0,-0.7648128532,-0.1256420982,-0.1176859822,0.4905851214,1,0.08,true
001,planted,2691,1,0.02322339786,-0.1212457312,-0.1187306355,0.4905015492,1,0.08,true
001,planted,2692,0,0.3789198309,-0.09746475604,-0.08950864003,0.4928393088,0,0.08,true
001,planted,2693,1,0.7048981648,-0.05557029857,-0.05305520285,0.4957555838,0,0.08,true
001,planted,2694,0,0.8346714497,-0.007783227084,0.00017288892,0.5000138311,1,0.08,true
001,planted,2695,1,0.3375606163,0.01115385363,0.01366894935,0.5010935159,0,0.08,true
001,planted,2696,0,0.2586178696,0.02552574693,0.03348186293,0.502678549,1,0.08,true
001,planted,2697,0,1.055319006,0.08324344473,0.09119956073,0.5072959649,1,0.08,true
001,planted,2698,0,0.868730898,0.1280130034,0.1359691194,0.5108775296,0,0.08,true
001,planted,2699,0,-1.123659913,0.05759352278,0.06554963879,0.5052439711,0,0.08,true
001,planted,2700,1,-1.978522011,-0.05031071104,-0.04779561532,0.4961763508,1,0.08,true
001,planted,2701,0,0.6305973919,-0.01601388096,-0.008057764954,0.4993553788,0,0.08,true
001,planted,2702,1,-1.664151331,-0.09641229907,-0.09389720335,0.4924882237,1,0.08,true
001,planted,2703,1,-0.06204657361,-0.09709401151,-0.09457891579,0.4924336867,1,0.08,true
001,planted,2704,1,-0.7863737094,-0.1331723899,-0.1306572942,0.4895474165,0,0.08,true
001,planted,2705,0,0.115262069,-0.1237298785,-0.1157737625,0.490738099,1,0.08,true
001,planted,2706,0,0.8311209895,-0.07456929515,-0.06661317915,0.4946709457,0,0.08,true
001,planted,2707,1,0.1423108782,-0.06496549044,-0.06245039472,0.4950039684,1,0.08,true
001,planted,2708,0,1.499798946,0.01841689025,0.02637300626,0.5021098405,0,0.08,true
001,planted,2709,0,-0.2663780017,0.003769151012,0.01172526702,0.5009380214,1,0.08,true
001,planted,2710,1,-1.685187934,-0.08153403167,-0.07901893595,0.4936784851,1,0.08,true
001,planted,2711,1,-0.2758521316,-0.09354336084,-0.09102826512,0.4927177388,0,0.08,true
001,planted,2712,1,0.6646881698,-0.05530259524,-0.05278749952,0.495777,1,0.08,true
001,planted,2713,1,-1.060427987,-0.1073818322,-0.1048667365,0.4916106611,0,0.08,true
001,planted,2714,1,-0.6444522037,-0.1374310189,-0.1349159232,0.4892067261,0,0.08,true
001,planted,2715,0,0.8903342801,-0.08385768101,-0.07590156501,0.4939278748,0,0.08,true
001,planted,2716,0,-0.561631033,-0.1111826438,-0.1032265278,0.4917418778,1,0.08,true
001,planted,2717,0,0.3806106579,-0.08698902519,-0.07903290918,0.4936773673,0,0.08,true
001,planted,2718,0,0.7465270827,-0.04198417939,-0.03402806339,0.4972777549,0,0.08,true
001,planted,2719,1,-1.448011798,-0.1156142158,-0.1130991201,0.4909520704,0,0.08,true
001,planted,2720,0,0.1758133656,-0.1029734379,-0.09501732194,0.4923986142,0,0.08,true
001,planted,2721,0,-0.8667096974,-0.1455688036,-0.1376126876,0.488990985,0,0.08,true
001,planted,2722,1,0.9138815188,-0.08820602987,-0.08569093415,0.4931447253,0,0.08,true
001,planted,2723,0,1.263915426,-0.01422015639,-0.006264040387,0.4994988768,0,0.08,true
001,planted,2724,1,0.4223058241,0.00930312421,0.01181821993,0.5009454576,1,0.08,true
001,planted,2725,1,-1.299100259,-0.06066434094,-0.05814924522,0.4953480604,1,0.08,true
001,planted,2726,1,-0.4449767737,-0.08298645815,-0.08047136243,0.493562291,0,0.08,true
001,planted,2727,1,-0.4111278524,-0.1032881433,-0.1007730476,0.4919381562,1,0.08,true
001,planted,2728,0,-0.4665546272,-0.1263591527,-0.1184030367,0.4905277571,1,0.08,true
001,planted,2729,1,-0.5120093183,-0.1515409176,-0.1490258218,0.4880779343,0,0.08,true
001,planted,2730,1,1.754994615,-0.04003445753,-0.03751936181,0.4969984511,0,0.08,true
001,planted,2731,1,0.4160711784,-0.01607559293,-0.01356049722,0.4989151602,1,0.08,true
001,planted,2732,0,0.2633594273,-0.0008971674001,0.007058948604,0.5005647159,1,0.08,true
001,planted,2733,1,0.2110890038,0.01122825204,0.01374334776,0.5010994678,0,0.08,true
001,planted,2734,0,1.152845462,0.07536289051,0.08331900651,0.5066655205,0,0.08,true
001,planted,2735,1,-0.7232430178,0.03114940239,0.0336644981,0.5026931598,0,0.08,true
001,planted,2736,0,0.3766409763,0.05204711528,0.06000323128,0.5048002585,1,0.08,true
001,planted,2737,1,1.27928934,0.1200496795,0.1225647752,0.509805182,1,0.08,true
001,planted,2738,0,0.931654097,0.1660826267,0.1740387427,0.5139230994,1,0.08,true
001,planted,2739,1,0.3174370763,0.1795677209,0.1820828167,0.5145666253,0,0.08,true
001,planted,2740,0,0.4882058243,0.202119692,0.210075808,0.5168060646,0,0.08,true
001,planted,2741,1,-0.2770960223,0.1798928869,0.1824079826,0.5145926386,1,0.08,true
001,planted,2742,0,0.00657967276,0.1757412286,0.1836973446,0.5146957876,1,0.08,true
001,planted,2743,0,0.2214580529,0.1848703953,0.1928265113,0.5154261209,1,0.08,true
001,planted,2744,1,1.666352666,0.2592331553,0.261748251,0.5209398601,0,0.08,true
001,planted,2745,0,1.026837487,0.3027369393,0.3106930553,0.5248554444,0,0.08,true
001,planted,2746,1,0.1697618427,0.3047789728,0.3072940685,0.5245835255,0,0.08,true
001,planted,2747,0,-0.6208131598,0.2559511283,0.2639072443,0.5211125795,1,0.08,true
001,planted,2748,1,-1.771818359,0.126963102,0.1294781978,0.5103582558,1,0.08,true
001,planted,2749,1,-1.768478747,0.02179987265,0.02431496837,0.5019451975,0,0.08,true
001,planted,2750,0,-0.1182063771,0.01498845786,0.02294457386,0.5018355659,1,0.08,true
001,planted,2751,1,0.7678853837,0.05532000931,0.05783510503,0.5046268084,1,0.08,true
001,planted,2752,1,2.252742136,0.1551782383,0.1576933341,0.5126154667,1,0.08,true
001,planted,2753,1,1.048290134,0.1976101656,0.2001252613,0.5160100209,0,0.08,true
001,planted,2754,0,-0.01636573357,0.191800833,0.199756949,0.5159805559,1,0.08,true
001,planted,2755,0,0.366628219,0.2047359456,0.2126920616,0.5170153649,1,0.08,true
001,planted,2756,0,0.2648835386,0.2128146876,0.2207708036,0.5176616643,1,0.08,true
001,planted,2757,0,0.6641029796,0.2395680837,0.2475241997,0.519801936,0,0.08,true
001,planted,2758,1,1.330444752,0.2903470025,0.2928620982,0.5234289679,1,0.08,true
001,planted,2759,1,1.098793098,0.329765036,0.3322801317,0.5265824105,1,0.08,true
001,planted,2760,0,0.2941328277,0.3359239722,0.3438800882,0.5275104071,0,0.08,true
001,planted,2761,1,1.776253243,0.3886475253,0.391162621,0.5312930097,0,0.08,true
001,planted,2762,1,-0.564582847,0.3476197913,0.350134887,0.528010791,1,0.08,true
001,planted,2763,0,-1.103584726,0.2737250564,0.2816811724,0.5225344938,1,0.08,true
001,planted,2764,0,0.3268237656,0.2826542389,0.2906103549,0.5232488284,0,0.08,true
001,planted,2765,0,0.6567129775,0.3061480396,0.3141041556,0.5251283324,1,0.08,true
001,planted,2766,0,0.6950373768,0.3306897722,0.3386458882,0.5270916711,0,0.08,true
001,planted,2767,0,-0.3936266571,0.2999333902,0.3078895062,0.5246311605,1,0.08,true
001,planted,2768,1,-0.1048429579,0.2865161783,0.289031274,0.5231225019,1,0.08,true
001,planted,2769,0,-0.3513880211,0.2585681625,0.2665242785,0.5213219423,0,0.08,true
001,planted,2770,1,-0.9263724337,0.1935866283,0.196101724,0.5156881379,1,0.08,true
001,planted,2771,0,-0.1603527682,0.1793657827,0.1873218987,0.5149857519,1,0.08,true
001,planted,2772,1,0.2019917578,0.1864023102,0.1889174059,0.5151133925,0,0.08,true
001,planted,2773,0,-1.081153617,0.1121272158,0.1200833318,0.5096066665,1,0.08,true
001,planted,2774,1,2.444182257,0.2132012375,0.2157163332,0.5172573067,1,0.08,true
001,planted,2775,0,-0.4502749955,0.1838847718,0.1918408878,0.515347271,1,0.08,true
001,planted,2776,1,0.2199091274,0.1904201904,0.1929352861,0.5154348229,0,0.08,true
001,planted,2777,0,0.7459142311,0.2218796169,0.2298357329,0.5183868586,1,0.08,true
001,planted,2778,0,0.8887734184,0.2582694664,0.2662255824,0.5212980466,0,0.08,true
001,planted,2779,0,-0.941411535,0.1958715194,0.2038276354,0.5163062108,1,0.08,true
001,planted,2780,1,-0.04163101827,0.1886524611,0.1911675568,0.5152934045,0,0.08,true
001,planted,2781,1,-0.4883127799,0.1556638597,0.1581789554,0.5126543164,0,0.08,true
001,planted,2782,1,-0.8124428008,0.1036806254,0.1061957211,0.5084956577,1,0.08,true
001,planted,2783,0,-0.09432044951,0.09567449288,0.1036306089,0.5082904487,0,0.08,true
001,planted,2784,1,-0.8063657933,0.04532056485,0.04783566057,0.5038268528,0,0.08,true
001,planted,2785,1,-0.622813471,0.007666042153,0.01018113787,0.500814491,0,0.08,true
001,planted,2786,1,-0.3484196762,-0.01309658378,-0.01058148806,0.499153481,0,0.08,true
001,planted,2787,0,-0.002195175553,-0.0128977204,-0.004941604399,0.4996046716,1,0.08,true
001,planted,2788,0,-0.1301274624,-0.02063150351,-0.01267538751,0.498985969,0,0.08,true
001,planted,2789,0,-1.390122779,-0.1009357479,-0.09297963188,0.4925616294,1,0.08,true
001,planted,2790,0,2.402329408,0.03972752151,0.04768363751,0.503814691,1,0.08,true
001,planted,2791,0,-1.44359112,-0.03466513419,-0.02670901818,0.4978632785,1,0.08,true
001,planted,2792,0,-1.342476395,-0.0974569565,-0.08950084049,0.4928399328,0,0.08,true
001,planted,2793,1,1.838935007,-0.003192170314,-0.0006770745961,0.499945834,0,0.08,true
001,planted,2794,1,-0.1923873125,-0.01219439921,-0.009679303495,0.4992256557,1,0.08,true
001,planted,2795,1,0.2471067116,8.719474642e-05,0.002602290464,0.5002081832,1,0.08,true
001,planted,2796,0,0.5587174418,0.02760825033,0.03556436633,0.5028451493,1,0.08,true
001,planted,2797,1,0.3825455346,0.0460720614,0.04858715711,0.5038869726,0,0.08,true
001,planted,2798,0,-1.060816032,-0.009614525422,-0.001658409418,0.4998673272,0,0.08,true
001,planted,2799,0,0.6236879897,0.02250620345,0.03046231946,0.5024369856,0,0.08,true
001,planted,2800,0,1.571339199,0.09770392815,0.1056600442,0.5084528035,1,0.08,true
001,planted,2801,0,0.4202609589,0.115872397,0.123828513,0.509906281,1,0.08,true
001,planted,2802,1,-0.1110607006,0.107191846,0.1097069417,0.5087765553,0,0.08,true
001,planted,2803,1,-0.09091477158,0.09965930529,0.102174401,0.5081739521,1,0.08,true
001,planted,2804,0,-1.707739804,0.004379969488,0.01233608549,0.5009868868,0,0.08,true
001,planted,2805,1,0.2969123504,0.01945644894,0.02197154466,0.5017577236,0,0.08,true
001,planted,2806,0,0.8655590941,0.06312672978,0.07108284578,0.5056866277,1,0.08,true
001,planted,2807,1,2.214474659,0.1581358386,0.1606509343,0.5128520747,1,0.08,true
001,planted,2808,0,0.9423900977,0.1954110185,0.2033671346,0.5162693708,0,0.08,true
001,planted,2809,0,-1.123948001,0.1323662038,0.1403223198,0.5112257856,0,0.08,true
001,planted,2810,1,-1.153080523,0.07135169884,0.07386679456,0.5059093436,0,0.08,true
001,planted,2811,1,0.07036468593,0.07290907795,0.07542417366,0.5060339339,0,0.08,true
001,planted,2812,0,-1.662415091,-0.01002273522,-0.00206661922,0.4998346705,1,0.08,true
001,planted,2813,1,0.7690354984,0.02631885531,0.02883395103,0.5023067161,0,0.08,true
001,planted,2814,0,-1.149588857,-0.02864130019,-0.02068518419,0.4983451853,0,0.08,true
001,planted,2815,0,1.06231435,0.02228439043,0.03024050644,0.5024192405,1,0.08,true
001,planted,2816,0,-1.422747438,-0.04430263282,-0.03634651682,0.4970922787,0,0.08,true
001,planted,2817,1,2.148634605,0.05256221933,0.05507731505,0.5044061852,1,0.08,true
001,planted,2818,0,-0.03163429599,0.04984177796,0.05779789396,0.5046238315,1,0.08,true
001,planted,2819,0,1.472126848,0.1101368743,0.1180929903,0.5094474392,1,0.08,true
001,planted,2820,1,-0.4598405489,0.08661945071,0.08913454642,0.5071307637,1,0.08,true
001,planted,2821,1,-0.1296286043,0.0785319986,0.08104709432,0.5064837675,0,0.08,true
001,planted,2822,0,-0.4921987588,0.05341691691,0.06137303291,0.5049098426,1,0.08,true
001,planted,2823,0,0.3851266261,0.07007889163,0.07803500763,0.5062428006,0,0.08,true
001,planted,2824,1,0.6926998787,0.1007375862,0.1032526819,0.5082602145,1,0.08,true
001,planted,2825,1,-0.1409175704,0.09121582361,0.09373091933,0.5074984735,1,0.08,true
001,planted,2826,1,-0.5450641243,0.06097026482,0.06348536054,0.5050788288,0,0.08,true
001,planted,2827,1,-1.245859628,-0.004354675445,-0.001839579727,0.4998528336,0,0.08,true
001,planted,2828,1,0.3431609858,0.0130929916,0.01560808732,0.501248647,0,0.08,true
001,planted,2829,0,-0.2104404188,0.001859078597,0.009815194601,0.5007852156,1,0.08,true
001,planted,2830,0,0.424170937,0.02420443295,0.03216054896,0.5025728439,0,0.08,true
001,planted,2831,1,0.04189978652,0.02586054992,0.02837564564,0.5022700517,1,0.08,true
001,planted,2832,0,0.1975511572,0.0361439099,0.04410002591,0.5035280021,0,0.08,true
001,planted,2833,0,-1.331680923,-0.0384762743,-0.03052015829,0.4975583873,0,0.08,true
001,planted,2834,0,-0.6923568242,-0.07473205694,-0.06677594093,0.4946579247,1,0.08,true
001,planted,2835,1,-0.2690674385,-0.0877003812,-0.08518528548,0.4931851772,1,0.08,true
001,planted,2836,0,-2.139827815,-0.1824527384,-0.1744966224,0.4860402702,0,0.08,true
001,planted,2837,1,1.759051206,-0.08077948145,-0.07826438574,0.4937388491,0,0.08,true
001,planted,2838,0,1.537908564,-0.003190736407,0.004765379597,0.5003812304,0,0.08,true
001,planted,2839,0,2.04508948,0.08647593483,0.09443205083,0.5075545641,0,0.08,true
001,planted,2840,1,-1.566485476,0.01343993946,0.01595503518,0.5012764028,1,0.08,true
001,planted,2841,1,-0.6229301521,-0.01412119085,-0.01160609513,0.4990715124,1,0.08,true
001,planted,2842,1,1.421618206,0.04785293549,0.05036803121,0.5040294425,1,0.08,true
001,planted,2843,1,1.253832738,0.09894448414,0.1014595799,0.5081167664,1,0.08,true
001,planted,2844,1,0.875779948,0.1329459624,0.1354610581,0.5108368847,1,0.08,true
001,planted,2845,0,0.693884048,0.1588888076,0.1668449236,0.5133475939,1,0.08,true
001,planted,2846,1,-0.1288881979,0.1489985511,0.1515136468,0.5121210917,0,0.08,true
001,planted,2847,1,-1.064663205,0.09369779786,0.09621289357,0.5076970315,0,0.08,true
001,planted,2848,0,-0.5647311831,0.06469305339,0.0726491694,0.5058119336,1,0.08,true
001,planted,2849,0,1.097572136,0.1119514139,0.1199075299,0.5095926024,0,0.08,true
001,planted,2850,1,-1.498895139,0.03653437987,0.03904947559,0.503123958,1,0.08,true
001,planted,2851,1,-0.102982791,0.0308446967,0.03335979242,0.5026687834,1,0.08,true
001,planted,2852,1,-1.277046332,-0.02939515573,-0.02688006001,0.4978495952,1,0.08,true
001,planted,2853,1,-0.4004634437,-0.04727809198,-0.04476299627,0.4964189603,0,0.08,true
001,planted,2854,0,1.28878557,0.01518558744,0.02314170344,0.5018513363,0,0.08,true
001,planted,2855,1,0.02897991311,0.01617575831,0.01869085403,0.5014952683,1,0.08,true
001,planted,2856,1,-0.6576105952,-0.0160808915,-0.01356579578,0.4989147363,1,0.08,true
001,planted,2857,0,0.8165948562,0.02430441236,0.03226052836,0.5025808423,0,0.08,true
001,planted,2858,0,-0.8146333831,-0.01670003658,-0.008743920579,0.4993004864,0,0.08,true
001,planted,2859,0,-1.698915556,-0.09514514214,-0.08718902613,0.4930248779,0,0.08,true
001,planted,2860,0,0.01627480298,-0.09194972735,-0.08399361134,0.4932805111,0,0.08,true
001,planted,2861,0,1.140332383,-0.03212928016,-0.02417316415,0.4980661469,0,0.08,true
001,planted,2862,1,0.2119062212,-0.02085214743,-0.01833705171,0.4985330359,1,0.08,true
001,planted,2863,0,-0.1732213152,-0.02904896191,-0.0210928459,0.4983125723,1,0.08,true
001,planted,2864,1,2.60246864,0.0911466185,0.09366171422,0.5074929371,1,0.08,true
001,planted,2865,0,-0.07298296637,0.08550903772,0.09346515372,0.5074772123,0,0.08,true
001,planted,2866,1,-0.07418043856,0.07987229087,0.08238738658,0.5065909909,1,0.08,true
001,planted,2867,1,-0.5856966758,0.04942128488,0.05193638059,0.5041549104,1,0.08,true
001,planted,2868,0,-0.8242094518,0.007872580024,0.01582869603,0.5012662957,0,0.08,true
001,planted,2869,1,-0.5209867599,-0.01785139265,-0.01533629693,0.4987730962,1,0.08,true
001,planted,2870,1,0.01424810942,-0.01668451177,-0.01416941605,0.4988664467,1,0.08,true
001,planted,2871,0,-3.479040273,-0.1524659647,-0.1445098487,0.4884392121,0,0.08,true
001,planted,2872,1,-1.055622545,-0.1885802338,-0.1860651381,0.4851147889,0,0.08,true
001,planted,2873,0,-0.414869611,-0.2004335262,-0.1924774102,0.4846018072,0,0.08,true
001,planted,2874,0,-0.50586845,-0.2158459611,-0.2078898451,0.4833688124,0,0.08,true
001,planted,2875,1,1.511653303,-0.138974293,-0.1364591973,0.4890832642,1,0.08,true
001,planted,2876,1,-0.2555297649,-0.1461918323,-0.1436767366,0.4885058611,1,0.08,true
001,planted,2877,0,-1.1665426,-0.1886782682,-0.1807221522,0.4855422278,0,0.08,true
001,planted,2878,0,-0.4513899508,-0.2028658022,-0.1949096862,0.4844072251,1,0.08,true
001,planted,2879,0,-0.3862778052,-0.2143675621,-0.2064114461,0.4834870843,1,0.08,true
001,planted,2880,0,0.5756468602,-0.1813481685,-0.1733920525,0.4861286358,1,0.08,true
001,planted,2881,1,-0.01382606172,-0.1774001613,-0.1748850656,0.4860091948,0,0.08,true
001,planted,2882,1,-0.488458834,-0.1952089679,-0.1926938722,0.4845844902,0,0.08,true
001,planted,2883,1,0.7441027795,-0.1519570749,-0.1494419792,0.4880446417,1,0.08,true
001,planted,2884,0,-1.136315427,-0.1981207371,-0.1901646211,0.4847868303,1,0.08,true
001,planted,2885,0,0.5052634301,-0.1672237612,-0.1592676452,0.4872585884,1,0.08,true
001,planted,2886,0,-0.5813845219,-0.1905346344,-0.1825785184,0.4853937185,0,0.08,true
001,planted,2887,1,0.2836242566,-0.1708810759,-0.1683659802,0.4865307216,0,0.08,true
001,planted,2888,0,-1.867833004,-0.2420848621,-0.2341287461,0.4812697003,1,0.08,true
001,planted,2889,0,0.6741984207,-0.2006470134,-0.1926908974,0.4845847282,0,0.08,true
001,planted,2890,0,-0.7865134854,-0.2312501768,-0.2232940608,0.4821364751,0,0.08,true
001,planted,2891,1,-0.4611576012,-0.2472976322,-0.2447825364,0.4804173971,0,0.08,true
001,planted,2892,0,1.567307803,-0.150950714,-0.142994598,0.4885604322,0,0.08,true
001,planted,2893,0,0.6019718836,-0.1162224811,-0.1082663651,0.4913386908,1,0.08,true
001,planted,2894,1,0.1520678803,-0.1055431357,-0.10302804,0.4917577568,0,0.08,true
001,planted,2895,0,0.2300672201,-0.09083668256,-0.08288056655,0.4933695547,0,0.08,true
001,planted,2896,1,0.7361175167,-0.04877290714,-0.04625781142,0.4962993751,0,0.08,true
001,planted,2897,0,0.8858580379,-6.867595659e-05,0.007887440047,0.5006309952,0,0.08,true
001,planted,2898,1,0.03895331561,0.002027789061,0.004542884779,0.5003634308,1,0.08,true
001,planted,2899,1,1.62237874,0.08493439546,0.08744949117,0.5069959593,1,0.08,true
001,planted,2900,1,-0.1238311191,0.07624402781,0.07875912352,0.5063007299,1,0.08,true
001,planted,2901,1,1.657548319,0.1519666503,0.154481746,0.5123585397,1,0.08,true
001,planted,2902,1,1.25579796,0.2042770764,0.2067921721,0.5165433738,0,0.08,true
001,planted,2903,1,0.7901861221,0.2353672184,0.2378823141,0.5190305851,1,0.08,true
001,planted,2904,1,0.2898728415,0.2436920742,0.2462071699,0.5196965736,1,0.08,true
001,planted,2905,1,-0.5540483767,0.2067935551,0.2093086509,0.5167446921,1,0.08,true
001,planted,2906,1,0.4547748862,0.2244615205,0.2269766163,0.5181581293,1,0.08,true
001,planted,2907,1,0.1395005883,0.226225213,0.2287403088,0.5182992247,1,0.08,true
001,planted,2908,0,0.8271093251,0.2610798487,0.2690359647,0.5215228772,1,0.08,true
001,planted,2909,1,-1.082467631,0.1871410974,0.1896561931,0.5151724955,0,0.08,true
001,planted,2910,1,-0.5981482932,0.1476384058,0.1501535015,0.5120122801,1,0.08,true
001,planted,2911,1,-1.314089104,0.06645046307,0.06896555879,0.5055172447,0,0.08,true
001,planted,2912,1,1.203401672,0.1253679829,0.1278830786,0.5102306463,1,0.08,true
001,planted,2913,1,-1.666892789,0.02998286449,0.0324979602,0.5025998368,1,0.08,true
001,planted,2914,0,1.105750969,0.08333867129,0.09129478729,0.507303583,1,0.08,true
001,planted,2915,1,0.4648882644,0.1043723437,0.1068874394,0.5085509952,1,0.08,true
001,planted,2916,0,0.8934885875,0.1451512553,0.1531073713,0.5122485897,1,0.08,true
001,planted,2917,1,-0.9233832005,0.09107285258,0.09358794829,0.5074870359,0,0.08,true
001,planted,2918,1,0.9838744111,0.1367836221,0.1392987179,0.5111438974,0,0.08,true
001,planted,2919,1,-1.036147687,0.07674770195,0.07926279767,0.5063410238,0,0.08,true
001,planted,2920,0,0.260128042,0.08824183821,0.09619795421,0.5076958363,0,0.08,true
001,planted,2921,1,1.382293862,0.1519145231,0.1544296188,0.5123543695,0,0.08,true
001,planted,2922,1,-0.1759008986,0.1387777109,0.1412928066,0.5113034245,1,0.08,true
001,planted,2923,1,1.06289014,0.1861701621,0.1886852579,0.5150948206,1,0.08,true
001,planted,2924,0,-0.07922737054,0.1772130191,0.1851691351,0.5148135308,0,0.08,true
001,planted,2925,0,-0.4497003722,0.1473195355,0.1552756515,0.5124220521,0,0.08,true
001,planted,2926,1,-0.08055259094,0.1390814653,0.141596561,0.5113277249,1,0.08,true
001,planted,2927,0,1.507704553,0.2068003799,0.2147564959,0.5171805197,0,0.08,true
001,planted,2928,0,-0.9060519587,0.1484739622,0.1564300782,0.5125144063,1,0.08,true
001,planted,2929,1,0.4302006701,0.167331547,0.1698466427,0.5135877314,1,0.08,true
001,planted,2930,1,0.177107102,0.1728146508,0.1753297465,0.5140263797,0,0.08,true
001,planted,2931,1,0.6624926336,0.203449779,0.2059648747,0.51647719,1,0.08,true
001,planted,2932,1,0.5492285108,0.2278022758,0.2303173715,0.5184253897,0,0.08,true
001,planted,2933,0,-0.0262699808,0.2204841669,0.2284402829,0.5182752226,1,0.08,true
001,planted,2934,0,0.6489773689,0.2502468048,0.2582029208,0.5206562337,1,0.08,true
001,planted,2935,1,1.247692667,0.3029312089,0.3054463046,0.5244357044,1,0.08,true
001,planted,2936,1,0.7849539984,0.3345922518,0.3371073475,0.5269685878,0,0.08,true
001,planted,2937,1,1.79818598,0.390686272,0.3932013678,0.5314561094,1,0.08,true
001,planted,2938,1,-0.7823900908,0.3316208752,0.3341359709,0.5267308777,0,0.08,true
001,planted,2939,1,1.481982168,0.3805274071,0.3830425029,0.5306434002,0,0.08,true
001,planted,2940,0,-0.403230718,0.3477450035,0.3557011196,0.5284560896,1,0.08,true
001,planted,2941,1,-0.7333086346,0.2942677529,0.2967828486,0.5237426279,1,0.08,true
001,planted,2942,0,0.07383749062,0.290836378,0.2987924941,0.5239033995,0,0.08,true
001,planted,2943,1,-0.6931251759,0.2406376257,0.2431527214,0.5194522177,1,0.08,true
001,planted,2944,1,2.329315285,0.3158971699,0.3184122656,0.5254729812,1,0.08,true
001,planted,2945,1,0.8374471992,0.344005372,0.3465204678,0.5277216374,1,0.08,true
001,planted,2946,1,-1.484964265,0.2462813689,0.2487964646,0.5199037172,0,0.08,true
001,planted,2947,0,0.02966056016,0.2415042255,0.2494603415,0.5199568273,1,0.08,true
001,planted,2948,0,2.441428755,0.3141953664,0.3221514824,0.5257721186,1,0.08,true
001,planted,2949,0,-0.5887448941,0.277489025,0.285445141,0.5228356113,1,0.08,true
001,planted,2950,1,-0.3584267652,0.2531640775,0.2556791733,0.5204543339,0,0.08,true
001,planted,2951,0,0.37678976,0.2637708254,0.2717269414,0.5217381553,1,0.08,true
001,planted,2952,0,0.09739163248,0.2617541193,0.2697102353,0.5215768188,1,0.08,true
001,planted,2953,1,-0.4128420314,0.233619087,0.2361341827,0.5188907346,0,0.08,true
001,planted,2954,1,-0.6502872762,0.1925827168,0.1950978126,0.515607825,0,0.08,true
001,planted,2955,1,-0.7984361921,0.1441215155,0.1466366112,0.5117309289,0,0.08,true
001,planted,2956,0,-1.668969451,0.05001475742,0.05797087342,0.5046376699,0,0.08,true
001,planted,2957,1,-1.206296374,-0.01088309204,-0.008367996323,0.4993305603,0,0.08,true
001,planted,2958,0,0.1482198817,-0.003298467029,0.004657648975,0.5003726119,0,0.08,true
001,planted,2959,1,-0.1831689049,-0.0124642127,-0.009949116978,0.4992040706,1,0.08,true
001,planted,2960,0,0.489535744,0.01313634529,0.0210924613,0.5016873969,1,0.08,true
001,planted,2961,1,1.470660989,0.08548588646,0.08800098218,0.5070400786,0,0.08,true
001,planted,2962,1,0.7053025346,0.1179052785,0.1204203743,0.5096336299,1,0.08,true
001,planted,2963,0,2.129684477,0.202059382,0.210015498,0.5168012398,0,0.08,true
001,planted,2964,1,1.174050348,0.2453704517,0.2478855475,0.5198308438,0,0.08,true
001,planted,2965,0,0.8894699075,0.2764990748,0.2844551908,0.5227564153,1,0.08,true
001,planted,2966,1,0.6312302717,0.2970122179,0.2995273136,0.5239621851,0,0.08,true
001,planted,2967,0,0.7044151417,0.3200331973,0.3279893133,0.5262391451,0,0.08,true
001,planted,2968,0,-0.429398213,0.289440751,0.297396867,0.5237917494,1,0.08,true
001,planted,2969,0,-0.2366766534,0.2697975275,0.2777536435,0.5222202915,0,0.08,true
001,planted,2970,0,-2.592982892,0.1107146394,0.1186707554,0.5094936604,0,0.08,true
001,planted,2971,1,0.0136733584,0.1085324286,0.1110475243,0.5088838019,1,0.08,true
001,planted,2972,0,1.640235297,0.1724693196,0.1804254356,0.5144340349,1,0.08,true
001,planted,2973,1,0.9119265063,0.2059086491,0.2084237448,0.5166738996,1,0.08,true
001,planted,2974,0,-2.057732731,0.09836403248,0.1063201485,0.5085056119,0,0.08,true
001,planted,2975,1,0.6876141588,0.124486762,0.1270018578,0.5101601486,0,0.08,true
001,planted,2976,1,0.07211574904,0.1244909197,0.1270060154,0.5101604812,0,0.08,true
001,planted,2977,0,0.3714631588,0.137697469,0.145653585,0.5116522868,0,0.08,true
001,planted,2978,1,1.262026885,0.1862089731,0.1887240688,0.5150979255,0,0.08,true
001,planted,2979,1,0.4287508427,0.2003560709,0.2028711666,0.5162296933,1,0.08,true
001,planted,2980,1,0.1304635473,0.2013136284,0.2038287242,0.5163062979,0,0.08,true
001,planted,2981,0,0.1380075493,0.2027514107,0.2107075267,0.5168566021,0,0.08,true
001,planted,2982,0,-0.1207280065,0.1916073288,0.1995634448,0.5159650756,0,0.08,true
001,planted,2983,1,0.2542472221,0.1992632129,0.2017783086,0.5161422647,1,0.08,true
001,planted,2984,1,1.101320069,0.2433977036,0.2459127993,0.5196730239,0,0.08,true
001,planted,2985,0,0.06680019245,0.2406407398,0.2485968558,0.5198877485,1,0.08,true
001,planted,2986,0,1.169227236,0.285554841,0.293510957,0.5234808766,0,0.08,true
001,planted,2987,1,-0.8002564622,0.2325610358,0.2350761315,0.5188060905,0,0.08,true
001,planted,2988,1,0.8823252853,0.2673915233,0.269906619,0.5215925295,0,0.08,true
001,planted,2989,0,-0.2118408615,0.249112943,0.257069059,0.5205655247,1,0.08,true
001,planted,2990,1,0.2427336847,0.2555096356,0.2580247313,0.5206419785,1,0.08,true
001,planted,2991,0,2.517584482,0.3296763168,0.3376324328,0.5270105946,1,0.08,true
001,planted,2992,0,-2.070145757,0.202140168,0.210096284,0.5168077027,1,0.08,true
001,planted,2993,0,-0.3953468663,0.1785771096,0.1865332256,0.5149226581,1,0.08,true
001,planted,2994,0,0.1791205525,0.1822131394,0.1901692554,0.5152135404,0,0.08,true
001,planted,2995,1,0.7831206775,0.211826682,0.2143417777,0.5171473422,0,0.08,true
001,planted,2996,1,1.299157884,0.2589280366,0.2614431323,0.5209154506,0,0.08,true
001,planted,2997,0,1.336950526,0.3037973224,0.3117534385,0.5249402751,0,0.08,true
001,planted,2998,1,0.4198597878,0.3145456314,0.3170607271,0.5253648582,0,0.08,true
001,planted,2999,0,0.3159078202,0.3209621064,0.3289182224,0.5263134578,0,0.08,true
001,planted,3000,1,1.289402752,0.3618292521,0.3643443478,0.5291475478,0,0.08,true
001,planted,3001,1,-1.63022682,0.2582636341,0.2607787298,0.5208622984,1,0.08,true
001,planted,3002,0,-0.6838036079,0.2175159791,0.2254720951,0.5180377676,1,0.08,true
001,planted,3003,1,-0.8889986679,0.1668136323,0.169328728,0.5135462982,1,0.08,true
001,planted,3004,0,-1.176407234,0.1030119531,0.1109680691,0.5088774455,0,0.08,true
001,planted,3005,0,-2.318713943,-0.009059640703,-0.001103524699,0.499911718,1,0.08,true
001,planted,3006,1,1.434463801,0.05203340692,0.05454850264,0.5043638802,1,0.08,true
001,planted,3007,1,-0.4391571279,0.03158816697,0.03410326269,0.502728261,0,0.08,true
001,planted,3008,1,0.8180614594,0.06613511005,0.06865020577,0.5054920165,1,0.08,true
001,planted,3009,1,1.046660423,0.1090053613,0.111520457,0.5089216366,0,0.08,true
001,planted,3010,1,-1.084855081,0.05609265203,0.05860774775,0.5046886198,1,0.08,true
001,planted,3011,1,-0.08457511631,0.05084914758,0.0533642433,0.5042691395,0,0.08,true
001,planted,3012,1,0.7988262555,0.0853743021,0.08788939782,0.5070311518,0,0.08,true
001,planted,3013,1,-0.5644313284,0.05637672749,0.05889182321,0.5047113459,1,0.08,true
001,planted,3014,0,-1.284435637,-0.006134810516,0.001821305488,0.5001457044,0,0.08,true
001,planted,3015,0,0.5010270923,0.01758594896,0.02554206496,0.5020433652,0,0.08,true
001,planted,3016,0,-0.6152490437,-0.01239851673,-0.004442400727,0.4996446079,1,0.08,true
001,planted,3017,1,-1.388560695,-0.0766671893,-0.07415209358,0.4940678325,1,0.08,true
001,planted,3018,0,-2.200584351,-0.1632192705,-0.1552631545,0.4875789476,0,0.08,true
001,planted,3019,0,-0.5411427218,-0.1821677181,-0.1742116021,0.4860630718,0,0.08,true
001,planted,3020,0,0.4425214012,-0.1567845442,-0.1488284282,0.4880937257,1,0.08,true
001,planted,3021,1,0.2210878718,-0.142384315,-0.1398692193,0.4888104625,1,0.08,true
001,planted,3022,1,-0.8106201962,-0.1748193949,-0.1723042992,0.4862156561,0,0.08,true
001,planted,3023,0,-0.7395550715,-0.2034571183,-0.1955010023,0.4843599198,0,0.08,true
001,planted,3024,1,0.3048869355,-0.1830175132,-0.1805024174,0.4855598066,1,0.08,true
001,planted,3025,0,-0.6616566924,-0.2091735327,-0.2012174167,0.4839026067,1,0.08,true
001,planted,3026,0,1.363168567,-0.1287255676,-0.1207694516,0.4903384439,0,0.08,true
001,planted,3027,0,-0.2182132633,-0.1361543899,-0.1281982739,0.4897441381,0,0.08,true
001,planted,3028,0,-0.5080418776,-0.157537777,-0.1495816609,0.4880334671,1,0.08,true
001,planted,3029,0,-0.5486735788,-0.1805778788,-0.1726217628,0.486190259,1,0.08,true
001,planted,3030,1,-1.047117021,-0.2245662036,-0.2220511079,0.4822359114,1,0.08,true
001,planted,3031,1,1.667358623,-0.1220639743,-0.1195488786,0.4904360897,0,0.08,true
001,planted,3032,0,0.2118276458,-0.1082031284,-0.1002470124,0.491980239,0,0.08,true
001,planted,3033,1,-1.103598345,-0.1573080991,-0.1547930034,0.4876165597,0,0.08,true
001,planted,3034,0,1.412995188,-0.07701590244,-0.06905978644,0.4944752171,0,0.08,true
001,planted,3035,1,0.9706080172,-0.02593358271,-0.02341848699,0.498126521,1,0.08,true
001,planted,3036,1,1.119285834,0.02990565784,0.03242075356,0.5025936603,1,0.08,true
001,planted,3037,1,-0.2241797153,0.01794265029,0.02045774601,0.5016366197,0,0.08,true
001,planted,3038,0,0.2016301136,0.02776572265,0.03572183866,0.5028577471,1,0.08,true
001,planted,3039,0,0.3438234346,0.04493005694,0.05288617295,0.5042308938,0,0.08,true
001,planted,3040,1,-0.005993030682,0.04347126611,0.04598636183,0.5036789089,1,0.08,true
001,planted,3041,0,0.02990220689,0.04401306302,0.05196917903,0.5041575343,1,0.08,true
001,planted,3042,1,1.177452702,0.1047794394,0.1072945352,0.5085835628,1,0.08,true
001,planted,3043,1,-0.878120045,0.05219598433,0.05471108005,0.5043768864,1,0.08,true
001,planted,3044,0,0.4614432129,0.07603346716,0.08398958316,0.5067191667,0,0.08,true
001,planted,3045,0,1.087538481,0.1308652594,0.1388213754,0.51110571,1,0.08,true
001,planted,3046,1,0.8607377428,0.1718475502,0.174362646,0.5139490117,0,0.08,true
001,planted,3047,0,3.327343261,0.2719466658,0.2799027818,0.5223922225,0,0.08,true
001,planted,3048,1,-1.515548428,0.1896682073,0.192183303,0.5153746642,1,0.08,true
001,planted,3049,1,0.9568917766,0.2226482922,0.225163388,0.518013071,1,0.08,true
001,planted,3050,0,-0.8837008119,0.1756379302,0.1835940462,0.5146875237,1,0.08,true
001,planted,3051,1,-0.3518766721,0.1552136699,0.1577287656,0.5126183012,1,0.08,true
001,planted,3052,0,-0.6343259936,0.1214990183,0.1294551343,0.5103564107,0,0.08,true
001,planted,3053,0,-0.1206593082,0.1128164733,0.1207725893,0.5096618071,1,0.08,true
001,planted,3054,1,-0.5452881364,0.08358116404,0.08609625975,0.5068877008,0,0.08,true
001,planted,3055,1,0.6091583492,0.1099206163,0.1124357121,0.508994857,0,0.08,true
001,planted,3056,1,2.018844336,0.1885623347,0.1910774304,0.5152861944,1,0.08,true
001,planted,3057,0,0.8945136492,0.2212582768,0.2292143928,0.5183371514,1,0.08,true
001,planted,3058,0,-0.5537619491,0.188679709,0.196635825,0.515730866,0,0.08,true
001,planted,3059,1,-1.772620322,0.09357242043,0.09608751615,0.5076870013,0,0.08,true
001,planted,3060,0,-0.2881118867,0.07796299228,0.08591910829,0.5068735287,1,0.08,true
001,planted,3061,0,-0.07266824039,0.07259483318,0.08055094919,0.5064440759,1,0.08,true
001,planted,3062,0,0.5705739296,0.09730740366,0.1052635197,0.5084210816,1,0.08,true
001,planted,3063,1,-2.144609756,-0.00865510355,-0.006140007831,0.4995087994,1,0.08,true
001,planted,3064,0,-0.4603681783,-0.02914306906,-0.02118695305,0.4983050438,0,0.08,true
001,planted,3065,1,1.02311136,0.01848334476,0.02099844047,0.5016798752,1,0.08,true
001,planted,3066,1,0.3117469975,0.03241366014,0.03492875586,0.5027943005,1,0.08,true
001,planted,3067,0,0.2200542863,0.04200170268,0.04995781869,0.5039966255,1,0.08,true
001,planted,3068,1,-0.1746382134,0.03241155167,0.03492664739,0.5027941318,0,0.08,true
001,planted,3069,1,0.2397117254,0.04349487631,0.04600997203,0.5036807978,0,0.08,true
001,planted,3070,1,1.729698646,0.1216793913,0.1241944871,0.509935559,0,0.08,true
001,planted,3071,0,0.706474824,0.1512817759,0.1592378919,0.5127390314,0,0.08,true
001,planted,3072,0,-1.282321443,0.08081815807,0.08877427407,0.5071019419,0,0.08,true
001,planted,3073,1,0.5431854472,0.1045640157,0.1070791114,0.5085663289,0,0.08,true
001,planted,3074,1,0.4631985294,0.1243033678,0.1268184635,0.5101454771,0,0.08,true
001,planted,3075,1,-1.012327123,0.0679806889,0.07049578462,0.5056396628,0,0.08,true
001,planted,3076,1,-1.241706711,0.003095810798,0.005610906516,0.5004488725,0,0.08,true
001,planted,3077,0,-0.6857738301,-0.03099995531,-0.02304383931,0.4981564929,1,0.08,true
001,planted,3078,0,0.2853377636,-0.01567533007,-0.007719214067,0.4993824629,1,0.08,true
001,planted,3079,1,-0.7120322574,-0.05163656093,-0.04912146521,0.4960702828,1,0.08,true
001,planted,3080,1,-0.4485348135,-0.07355070356,-0.07103560784,0.4943171514,1,0.08,true
001,planted,3081,1,-0.3146371424,-0.08834919899,-0.08583410327,0.4931332717,0,0.08,true
001,planted,3082,1,-0.7766622081,-0.1265362074,-0.1240211117,0.4900783111,1,0.08,true
001,planted,3083,0,-2.854134182,-0.2298211077,-0.2218649917,0.4822508007,0,0.08,true
001,planted,3084,0,1.532617483,-0.145662695,-0.137706579,0.4889834737,1,0.08,true
001,planted,3085,0,1.206813972,-0.08470029732,-0.07674418132,0.4938604655,1,0.08,true
001,planted,3086,1,-1.797937764,-0.1540031189,-0.1514880232,0.4878809581,1,0.08,true
001,planted,3087,0,-0.1783604731,-0.1577860838,-0.1498299678,0.4880136026,0,0.08,true
001,planted,3088,0,0.3766611505,-0.1365623247,-0.1286062087,0.4897115033,1,0.08,true
001,planted,3089,1,0.9331839383,-0.08881184703,-0.08629675131,0.4930962599,0,0.08,true
001,planted,3090,0,-0.1157896055,-0.0918749213,-0.0839188053,0.4932864956,0,0.08,true
001,planted,3091,1,-0.9396918184,-0.1314126606,-0.1288975648,0.4896881948,0,0.08,true
001,planted,3092,1,1.967939614,-0.03177098651,-0.0292558908,0.4976595287,0,0.08,true
001,planted,3093,0,-0.7731606002,-0.0649989642,-0.0570428482,0.4954365721,1,0.08,true
001,planted,3094,1,-0.1791456742,-0.0714833625,-0.06896826678,0.4944825387,0,0.08,true
001,planted,3095,1,0.7925740295,-0.03213797815,-0.02962288243,0.4976301694,1,0.08,true
001,planted,3096,0,-0.4463855073,-0.05223778946,-0.04428167345,0.4964574661,0,0.08,true
001,planted,3097,1,-0.7724704668,-0.08708495504,-0.08456985932,0.4932344113,1,0.08,true
001,planted,3098,1,-0.5679127481,-0.1118265955,-0.1093114998,0.49125508,0,0.08,true
001,planted,3099,1,0.2692355493,-0.09540103854,-0.09288594282,0.4925691246,1,0.08,true
001,planted,3100,0,0.502067005,-0.06691330814,-0.05895719214,0.4952834246,1,0.08,true
001,planted,3101,0,-0.1513803021,-0.07305186258,-0.06509574658,0.4947923403,0,0.08,true
001,planted,3102,1,-1.155328077,-0.1280731875,-0.1255580918,0.4899553527,0,0.08,true
001,planted,3103,0,-0.6753964963,-0.1584754186,-0.1505193026,0.4879584558,1,0.08,true
001,planted,3104,0,0.09398789146,-0.1493990906,-0.1414429746,0.488684562,1,0.08,true
001,planted,3105,0,2.516368265,-0.006463108078,0.001493007926,0.5001194406,1,0.08,true
001,planted,3106,1,0.3743785476,0.01159102501,0.01410612072,0.5011284897,1,0.08,true
001,planted,3107,0,-0.627405216,-0.01924774131,-0.01129162531,0.49909667,0,0.08,true
001,planted,3108,1,1.657325549,0.05979773767,0.06231283339,0.5049850267,0,0.08,true
001,planted,3109,0,-0.01773968923,0.05743323056,0.06538934656,0.5052311477,0,0.08,true
001,planted,3110,1,1.405728457,0.1195057156,0.1220208113,0.5097616649,1,0.08,true
001,planted,3111,0,0.1381314781,0.1230813657,0.1310374817,0.5104829985,0,0.08,true
001,planted,3112,0,0.399045546,0.1391443895,0.1471005055,0.5117680404,1,0.08,true
001,planted,3113,0,2.684374653,0.2318999968,0.2398561128,0.519188489,0,0.08,true
001,planted,3114,0,-0.5053436966,0.2026237034,0.2105798194,0.5168463856,0,0.08,true
001,planted,3115,0,1.153044991,0.2431234,0.251079516,0.5200863613,1,0.08,true
001,planted,3116,1,0.478976033,0.2574114605,0.2599265563,0.5207941245,1,0.08,true
001,planted,3117,1,-0.3822021033,0.2325311348,0.2350462305,0.5188036984,0,0.08,true
001,planted,3118,0,-0.03318713083,0.2250711554,0.2330272714,0.5186421817,0,0.08,true
001,planted,3119,1,0.7320121734,0.2516808489,0.2541959446,0.5203356756,1,0.08,true
001,planted,3120,0,-0.4472595501,0.2222898233,0.2302459393,0.5184196751,1,0.08,true
001,planted,3121,0,-1.044675856,0.1599862368,0.1679423528,0.5134353882,0,0.08,true
001,planted,3122,0,-0.4408968715,0.1332171916,0.1411733076,0.5112938646,1,0.08,true
001,planted,3123,1,-2.052216356,0.02259151702,0.02510661274,0.502008529,0,0.08,true
001,planted,3124,0,-0.4486264474,0.0007177404009,0.008673856405,0.5006939085,1,0.08,true
001,planted,3125,1,0.7154188423,0.03497101007,0.03748610579,0.5029988885,0,0.08,true
001,planted,3126,1,1.037808758,0.08297224885,0.08548734457,0.5068389876,1,0.08,true
001,planted,3127,0,-2.474414342,-0.03584199333,-0.02788587733,0.4977691298,0,0.08,true
001,planted,3128,0,0.2741296739,-0.0227528151,-0.0147966991,0.4988162641,1,0.08,true
001,planted,3129,0,-0.8845394623,-0.06135271353,-0.05339659753,0.4957282722,1,0.08,true
001,planted,3130,1,0.6756799358,-0.02854979836,-0.02603470265,0.4979172238,0,0.08,true
001,planted,3131,0,-0.9450542197,-0.0705043711,-0.06254825509,0.4949961396,0,0.08,true
001,planted,3132,1,0.367709962,-0.05132074599,-0.04880565028,0.496095548,1,0.08,true
001,planted,3133,1,-0.8400940918,-0.08889394309,-0.08637884737,0.4930896922,1,0.08,true
001,planted,3134,1,-1.139987628,-0.1377290448,-0.135213949,0.4891828841,1,0.08,true
001,planted,3135,1,-0.4712950205,-0.1561767591,-0.1536616634,0.4877070669,0,0.08,true
001,planted,3136,1,-0.4871612275,-0.1752096575,-0.1726945618,0.4861844351,0,0.08,true
001,planted,3137,0,-0.3199798247,-0.1863686094,-0.1784124934,0.4857270005,1,0.08,true
001,planted,3138,0,1.844445714,-0.07992768755,-0.07197157155,0.4942422743,0,0.08,true
001,planted,3139,1,-0.5184865032,-0.1024358933,-0.09992079763,0.4920063362,1,0.08,true
001,planted,3140,1,-1.01778376,-0.146559021,-0.1440439253,0.488476486,0,0.08,true
001,planted,3141,0,-0.6572722276,-0.1735875359,-0.1656314199,0.4867494864,1,0.08,true
001,planted,3142,1,-0.5856579638,-0.1969550784,-0.1944399827,0.4844448014,1,0.08,true
001,planted,3143,0,0.7407128132,-0.1518938653,-0.1439377493,0.4884849801,0,0.08,true
001,planted,3144,1,0.4588067342,-0.1236013367,-0.121086241,0.4903131007,0,0.08,true
001,planted,3145,1,-1.509572195,-0.188571615,-0.1860565193,0.4851154785,0,0.08,true
001,planted,3146,1,1.366898003,-0.10885545,-0.1063403542,0.4914927717,0,0.08,true
001,planted,3147,0,0.1942580839,-0.09629762807,-0.08834151207,0.492932679,1,0.08,true
001,planted,3148,1,-0.2813075061,-0.1080490848,-0.1055339891,0.4915572809,0,0.08,true
001,planted,3149,1,-1.192938729,-0.1616834458,-0.1591683501,0.487266532,0,0.08,true
001,planted,3150,1,1.237632552,-0.0898167337,-0.08730163799,0.493015869,0,0.08,true
001,planted,3151,1,-1.840912982,-0.1674231008,-0.1649080051,0.4868073596,0,0.08,true
001,planted,3152,1,0.3302761218,-0.1468448299,-0.1443297342,0.4884536213,1,0.08,true
001,planted,3153,1,-0.7704225864,-0.1786620099,-0.1761469142,0.4859082469,0,0.08,true
001,planted,3154,0,-2.204287137,-0.2550852675,-0.2471291515,0.4802296679,1,0.08,true
001,planted,3155,1,-0.3099288472,-0.2623610358,-0.2598459401,0.4792123248,1,0.08,true
001,planted,3156,1,-0.4338347113,-0.2750199756,-0.2725048799,0.4781996096,1,0.08,true
001,planted,3157,0,-0.7642626148,-0.3008156563,-0.2928595403,0.4765712368,1,0.08,true
001,planted,3158,0,-1.551235751,-0.3493862395,-0.3414301235,0.4726855901,0,0.08,true
001,planted,3159,0,-0.3342402675,-0.3554870589,-0.3475309429,0.4721975246,0,0.08,true
001,planted,3160,0,1.246882494,-0.2761015854,-0.2681454694,0.4785483624,0,0.08,true
001,planted,3161,0,-0.05767300314,-0.2718596845,-0.2639035685,0.4788877145,0,0.08,true
001,planted,3162,0,-0.5121202506,-0.2883795278,-0.2804234118,0.4775661271,1,0.08,true
001,planted,3163,0,-0.4454681916,-0.3019472311,-0.2939911151,0.4764807108,0,0.08,true
001,planted,3164,0,0.01634425153,-0.2934615044,-0.2855053884,0.4771595689,0,0.08,true
001,planted,3165,1,0.121503533,-0.2795237216,-0.2770086258,0.4778393099,0,0.08,true
001,planted,3166,0,-0.3706778975,-0.2912848384,-0.2833287224,0.4773337022,0,0.08,true
001,planted,3167,0,0.09300282935,-0.2787077064,-0.2707515904,0.4783398728,0,0.08,true
001,planted,3168,0,-1.042433486,-0.3196839308,-0.3117278148,0.4750617748,1,0.08,true
001,planted,3169,1,-0.7115061468,-0.3460404951,-0.3435253994,0.4725179681,0,0.08,true
001,planted,3170,0,-1.006185858,-0.3820736492,-0.3741175332,0.4700705973,1,0.08,true
001,planted,3171,1,-0.17469617,-0.3818722116,-0.3793571159,0.4696514307,0,0.08,true
001,planted,3172,1,-0.9622675618,-0.4151454027,-0.412630307,0.4669895754,0,0.08,true
001,planted,3173,0,0.613907979,-0.3648157231,-0.3568596071,0.4714512314,0,0.08,true
001,planted,3174,0,0.6393363522,-0.3139942113,-0.3060380953,0.4755169524,0,0.08,true
001,planted,3175,1,-0.7920292387,-0.3452994352,-0.3427843395,0.4725772528,1,0.08,true
001,planted,3176,0,-0.5064318536,-0.3632968652,-0.3553407492,0.4715727401,1,0.08,true
001,planted,3177,0,0.1625642389,-0.3439777655,-0.3360216495,0.473118268,0,0.08,true
001,planted,3178,1,0.3811120121,-0.310030019,-0.3075149233,0.4753988061,0,0.08,true
001,planted,3179,0,0.6497366347,-0.25698563,-0.249029514,0.4800776389,1,0.08,true
001,planted,3180,0,-0.9488095176,-0.3000684751,-0.2921123591,0.4766310113,1,0.08,true
001,planted,3181,1,0.5365304568,-0.2557826627,-0.253267567,0.4797385946,0,0.08,true
001,planted,3182,0,-0.5959995664,-0.2833013648,-0.2753452488,0.4779723801,1,0.08,true
001,planted,3183,1,0.1607866709,-0.2654533373,-0.2629382416,0.4789649407,0,0.08,true
001,planted,3184,1,-0.2082337022,-0.2720037854,-0.2694886897,0.4784409048,0,0.08,true
001,planted,3185,1,-0.4636599578,-0.2936677587,-0.291152663,0.476707787,1,0.08,true
001,planted,3186,0,-2.278785776,-0.3627466147,-0.3547904987,0.4716167601,0,0.08,true
001,planted,3187,1,2.416333569,-0.1812769106,-0.1787618149,0.4856990548,0,0.08,true
001,planted,3188,0,1.627070249,-0.08902039812,-0.08106428212,0.4935148574,1,0.08,true
001,planted,3189,0,0.7537718142,-0.04956179805,-0.04160568204,0.4966715454,0,0.08,true
001,planted,3190,0,0.3211654927,-0.03245911243,-0.02450299642,0.4980397603,0,0.08,true
001,planted,3191,0,-0.8667627158,-0.0738003527,-0.06584423669,0.4947324611,1,0.08,true
001,planted,3192,0,-0.9281009189,-0.1163541271,-0.1083980111,0.4913281591,0,0.08,true
001,planted,3193,0,1.250265459,-0.04798968974,-0.04003357373,0.4967973141,0,0.08,true
001,planted,3194,1,0.6995367867,-0.01155783073,-0.009042735007,0.4992765812,0,0.08,true
001,planted,3195,0,-1.0454632,-0.06265327325,-0.05469715725,0.4956242274,1,0.08,true
001,planted,3196,1,-1.017749261,-0.1098079701,-0.1072928743,0.4914165701,1,0.08,true
001,planted,3197,0,0.2318381221,-0.09513884898,-0.08718273298,0.4930253814,0,0.08,true
001,planted,3198,0,-0.3729898226,-0.1116913635,-0.1037352475,0.4917011802,0,0.08,true
001,planted,3199,1,0.05613250762,-0.1058726811,-0.1033575854,0.4917313932,0,0.08,true
001,planted,3200,1,1.697235678,-0.009905057008,-0.007389961289,0.4994088031,0,0.08,true
001,planted,3201,1,0.9922055209,0.04054850426,0.04306359998,0.503445088,0,0.08,true
001,planted,3202,1,-1.724734167,-0.04605515476,-0.04354005904,0.4965167953,0,0.08,true
001,planted,3203,1,-0.6242587035,-0.07492085383,-0.07240575811,0.4942075394,0,0.08,true
001,planted,3204,0,0.5187595656,-0.04674845451,-0.03879233851,0.4968966129,0,0.08,true
001,planted,3205,1,-1.238131972,-0.1046207089,-0.1021056132,0.4918315509,1,0.08,true
001,planted,3206,1,1.019999724,-0.04932204878,-0.04680695306,0.4962554438,0,0.08,true
001,planted,3207,1,1.86726044,0.04235949854,0.04487459426,0.5035899675,1,0.08,true
001,planted,3208,0,0.2030078792,0.05090736903,0.05886348504,0.5047090788,0,0.08,true
001,planted,3209,0,-0.3104094288,0.03438676114,0.04234287715,0.5033874302,0,0.08,true
001,planted,3210,1,0.9816776048,0.0806515409,0.08316663662,0.5066533309,0,0.08,true
001,planted,3211,0,-0.327471467,0.06204425147,0.07000036747,0.5056000294,0,0.08,true
001,planted,3212,0,1.755594785,0.1395591647,0.1475152807,0.5118012225,1,0.08,true
001,planted,3213,0,0.2012235547,0.1456992394,0.1536553554,0.5122924284,1,0.08,true
001,planted,3214,0,0.3795216636,0.1604062782,0.1683623942,0.5134689915,0,0.08,true
001,planted,3215,1,0.4466640653,0.1782454504,0.1807605461,0.5144608437,1,0.08,true
001,planted,3216,0,0.5532207029,0.2009232161,0.2088793321,0.5167103466,0,0.08,true
001,planted,3217,1,0.9679583719,0.2409345276,0.2434496234,0.5194759699,1,0.08,true
001,planted,3218,1,-0.7566318187,0.191611629,0.1941267247,0.515530138,0,0.08,true
001,planted,3219,0,-0.3214603242,0.1690303864,0.1769865024,0.5141589202,0,0.08,true
001,planted,3220,1,-0.87914103,0.1139352554,0.1164503511,0.5093160281,1,0.08,true
001,planted,3221,1,0.8253106848,0.1533054559,0.1558205516,0.5124656441,0,0.08,true
001,planted,3222,0,0.04537020337,0.1519225071,0.1598786231,0.5127902898,0,0.08,true
001,planted,3223,1,-1.689296875,0.04803476438,0.0505498601,0.5040439888,0,0.08,true
001,planted,3224,0,-0.2794478834,0.0318000182,0.03975613421,0.5031804907,0,0.08,true
001,planted,3225,0,0.9633024232,0.08150516749,0.08946128349,0.5071569027,0,0.08,true
001,planted,3226,0,-0.07467447971,0.07534575686,0.08330187286,0.5066641498,1,0.08,true
001,planted,3227,1,-0.1784578626,0.06336486115,0.06587995687,0.5052703965,1,0.08,true
001,planted,3228,0,-0.6666221321,0.02310002736,0.03105614336,0.5024844915,0,0.08,true
001,planted,3229,0,-0.2126186812,0.01013904574,0.01809516175,0.5014476129,0,0.08,true
001,planted,3230,0,-0.876338667,-0.04120016543,-0.03324404943,0.497340476,1,0.08,true
001,planted,3231,0,0.2639118065,-0.02439351916,-0.01643740316,0.4986850077,1,0.08,true
001,planted,3232,1,-0.8190376718,-0.07188698156,-0.06937188585,0.4944502491,1,0.08,true
001,planted,3233,1,1.697764501,0.03036814134,0.03288323706,0.502630659,0,0.08,true
001,planted,3234,1,-1.34631663,-0.04432025551,-0.04180515979,0.4966555872,1,0.08,true
001,planted,3235,0,0.6870688978,-0.005252900537,0.002703215467,0.5002162572,1,0.08,true
001,planted,3236,0,-0.4155883068,-0.02814098946,-0.02018487346,0.4983852101,1,0.08,true
001,planted,3237,1,-0.833741602,-0.07323849849,-0.07072340278,0.4943421278,0,0.08,true
001,planted,3238,1,-1.118802571,-0.1300704629,-0.1275553672,0.4897955706,1,0.08,true
001,planted,3239,0,0.9882207245,-0.06899783995,-0.06104172395,0.4951166621,0,0.08,true
001,planted,3240,1,-2.005515856,-0.1605640708,-0.1580489751,0.487356082,0,0.08,true
001,planted,3241,0,-0.590453171,-0.185153691,-0.177197575,0.485824194,0,0.08,true
001,planted,3242,1,-0.947290682,-0.2245359746,-0.2220208789,0.4822383297,1,0.08,true
001,planted,3243,1,-0.9058904804,-0.2604821001,-0.2579670044,0.4793626396,1,0.08,true
001,planted,3244,1,0.02134292689,-0.2527619254,-0.2502468297,0.4799802536,1,0.08,true
001,planted,3245,1,-0.1792554753,-0.255786462,-0.2532713663,0.4797382907,0,0.08,true
001,planted,3246,0,-0.7126281791,-0.2843126841,-0.2763565681,0.4778914746,0,0.08,true
001,planted,3247,1,-0.4681863791,-0.3012029971,-0.2986879014,0.4761049679,0,0.08,true
001,planted,3248,1,-0.006497293012,-0.2939456382,-0.2914305425,0.4766855566,0,0.08,true
001,planted,3249,1,0.9678184724,-0.2229993038,-0.2204842081,0.4823612634,1,0.08,true
001,planted,3250,1,0.4174841045,-0.1919861539,-0.1894710582,0.4848423153,1,0.08,true
001,planted,3251,1,2.058863011,-0.05722683196,-0.05471173624,0.4956230611,0,0.08,true
001,planted,3252,1,-1.641090208,-0.1334629838,-0.1309478881,0.489524169,0,0.08,true
001,planted,3253,0,-0.4813366485,-0.153693926,-0.14573781,0.4883409752,1,0.08,true
001,planted,3254,1,-0.3346208353,-0.1666922494,-0.1641771537,0.4868658277,0,0.08,true
001,planted,3255,0,1.036939509,-0.1042169141,-0.09626079807,0.4922991362,0,0.08,true
001,planted,3256,0,-1.343376151,-0.1645974055,-0.1566412895,0.4874686968,0,0.08,true
001,planted,3257,0,0.5115846307,-0.1330086149,-0.1250524989,0.4899958001,0,0.08,true
001,planted,3258,1,-0.7194288503,-0.1652331274,-0.1627180316,0.4869825575,1,0.08,true
001,planted,3259,0,0.3960762412,-0.1392915643,-0.1313354483,0.4894931641,0,0.08,true
001,planted,3260,0,-0.1592809802,-0.1443381002,-0.1363819841,0.4890894413,1,0.08,true
001,planted,3261,1,0.02257583708,-0.1394195555,-0.1369044598,0.4890476432,0,0.08,true
001,planted,3262,1,0.6585931937,-0.09675987392,-0.0942447782,0.4924604177,1,0.08,true
001,planted,3263,1,-0.1456815608,-0.1026863891,-0.1001712934,0.4919862965,0,0.08,true
001,planted,3264,1,-0.07959936283,-0.1047963172,-0.1022812215,0.4918175023,1,0.08,true
001,planted,3265,0,1.383408001,-0.01661463731,-0.008658521304,0.4993073183,0,0.08,true
001,planted,3266,0,-0.1799539062,-0.02670090081,-0.0187447848,0.4985004172,0,0.08,true
001,planted,3267,1,0.3138089279,-0.007169008203,-0.004653912485,0.499627687,1,0.08,true
001,planted,3268,0,0.4267877796,0.01906474391,0.02702085991,0.5021616688,0,0.08,true
001,planted,3269,0,0.4239651173,0.04477252291,0.05272863891,0.5042182911,0,0.08,true
001,planted,3270,0,0.540645386,0.07716431052,0.08512042652,0.5068096341,1,0.08,true
001,planted,3271,1,0.8576066764,0.1267683885,0.1292834842,0.5103426787,1,0.08,true
001,planted,3272,1,-0.4026470463,0.09701188707,0.09952698279,0.5079621586,1,0.08,true
001,planted,3273,0,1.51173614,0.1770458,0.1850019161,0.5148001533,0,0.08,true
001,planted,3274,0,-1.208140818,0.09326521053,0.1012213265,0.5080977061,1,0.08,true
001,planted,3275,1,-1.438700951,0.004453085472,0.00696818119,0.5005574545,0,0.08,true
001,planted,3276,0,-0.09219283417,-0.000943689223,0.007012426781,0.5005609941,0,0.08,true
001,planted,3277,1,0.6343868262,0.03588035301,0.03839544873,0.5030716359,1,0.08,true
001,planted,3278,0,-1.158422467,-0.0324431942,-0.02448707819,0.4980410337,0,0.08,true
001,planted,3279,0,0.4961758845,-0.002655996372,0.005300119632,0.5004240096,0,0.08,true
001,planted,3280,0,1.502604412,0.08043441043,0.08839052643,0.5070712421,1,0.08,true
001,planted,3281,0,1.297801374,0.1442314064,0.1521875224,0.5121750018,0,0.08,true
001,planted,3282,0,0.3011906199,0.1567543577,0.1647104737,0.5131768379,0,0.08,true
001,planted,3283,1,0.1837643358,0.1629770273,0.165492123,0.5132393698,1,0.08,true
001,planted,3284,1,-0.3231546799,0.1396797013,0.142194797,0.5113755838,1,0.08,true
001,planted,3285,1,0.7513629641,0.1770985137,0.1796136094,0.5143690888,1,0.08,true
001,planted,3286,1,1.929321348,0.2556727346,0.2581878304,0.5206550264,1,0.08,true
001,planted,3287,0,1.773868094,0.3173292184,0.3252853344,0.5260228267,0,0.08,true
001,planted,3288,1,0.01788875404,0.3102069181,0.3127220138,0.5250177611,1,0.08,true
001,planted,3289,1,0.3366901043,0.3190309871,0.3215460828,0.5257236866,1,0.08,true
001,planted,3290,0,-0.458926185,0.2845913569,0.2925474729,0.5234037978,0,0.08,true
001,planted,3291,1,0.5655147606,0.3054340411,0.3079491368,0.5246359309,1,0.08,true
001,planted,3292,0,0.9924696954,0.3426299949,0.3505861109,0.5280468889,1,0.08,true
001,planted,3293,1,0.4564490062,0.3569751212,0.3594902169,0.5287592174,0,0.08,true
001,planted,3294,1,-0.9091014294,0.2890408948,0.2915559906,0.5233244792,1,0.08,true
001,planted,3295,1,1.436504726,0.3411091492,0.343624245,0.5274899396,1,0.08,true
001,planted,3296,0,0.04309318627,0.3348017068,0.3427578228,0.5274206258,0,0.08,true
001,planted,3297,1,2.240498179,0.3939782197,0.3964933155,0.5317194652,1,0.08,true
001,planted,3298,1,-0.6630450211,0.3470254379,0.3495405336,0.5279632427,1,0.08,true
001,planted,3299,0,-0.3526454593,0.3193079013,0.3272640173,0.5261811214,1,0.08,true
001,planted,3300,1,-0.6271941397,0.2757388142,0.2782539099,0.5222603128,1,0.08,true
001,planted,3301,1,0.6638425006,0.3001054703,0.302620566,0.5242096453,1,0.08,true
001,planted,3302,0,-0.7973286542,0.2454735794,0.2534296954,0.5202743756,0,0.08,true
001,planted,3303,0,1.070201195,0.2875048267,0.2954609427,0.5236368754,1,0.08,true
001,planted,3304,1,0.5873777681,0.3086243564,0.3111394521,0.5248911562,1,0.08,true
001,planted,3305,0,0.7559512515,0.33627802,0.344234136,0.5275387309,1,0.08,true
001,planted,3306,1,0.2091782638,0.3387938125,0.3413089082,0.5273047127,0,0.08,true
001,planted,3307,0,0.4877598525,0.3549762754,0.3629323914,0.5290345913,1,0.08,true
001,planted,3308,1,0.01911420662,0.3470781589,0.3495932546,0.5279674604,0,0.08,true
001,planted,3309,1,-0.454962741,0.3093669837,0.3118820794,0.5249505664,0,0.08,true
001,planted,3310,1,0.1972768426,0.3129018345,0.3154169302,0.5252333544,0,0.08,true
001,planted,3311,0,0.2060062872,0.3171024612,0.3250585772,0.5260046862,0,0.08,true
001,planted,3312,1,1.041592439,0.3594197313,0.361934827,0.5289547862,0,0.08,true
001,planted,3313,1,-2.550888433,0.1573685888,0.1598836845,0.5127906948,1,0.08,true
001,planted,3314,1,0.4636618044,0.176404574,0.1789196697,0.5143135736,1,0.08,true
001,planted,3315,0,0.6546172248,0.2041246102,0.2120807262,0.5169664581,0,0.08,true
001,planted,3316,0,-0.762541583,0.1554916085,0.1634477245,0.513075818,1,0.08,true
001,planted,3317,0,0.04298175257,0.1538720805,0.1618281965,0.5129462557,0,0.08,true
001,planted,3318,0,-1.021165626,0.09042275947,0.09837887548,0.50787031,1,0.08,true
001,planted,3319,1,-1.623610569,-0.001401993587,0.001113102131,0.5000890482,0,0.08,true
001,planted,3320,1,0.2398809315,0.01122835521,0.01374345093,0.5010994761,0,0.08,true
001,planted,3321,1,-0.1476354114,0.002990617372,0.00550571309,0.500440457,1,0.08,true
001,planted,3322,0,0.1152264115,0.009274352128,0.01723046813,0.5013784375,1,0.08,true
001,planted,3323,1,0.2786659647,0.02476024196,0.02727533768,0.502182027,1,0.08,true
001,planted,3324,1,-0.7848356338,-0.02092890429,-0.01841380857,0.4985268953,1,0.08,true
001,planted,3325,0,-0.3985126767,-0.04338868736,-0.03543257136,0.4971653943,1,0.08,true
001,planted,3326,1,1.92131717,0.06408597887,0.06660107458,0.505328086,1,0.08,true
001,planted,3327,0,-1.48057047,-0.01691673562,-0.008960619618,0.4992831504,0,0.08,true
001,planted,3328,1,-0.4032184305,-0.03747074925,-0.03495565353,0.4972035477,0,0.08,true
001,planted,3329,1,-1.378549,-0.1048092116,-0.1022941159,0.4918164707,1,0.08,true
001,planted,3330,0,-1.071914467,-0.1533748287,-0.1454187127,0.488366503,0,0.08,true
001,planted,3331,0,0.5296573197,-0.1210633377,-0.1131072217,0.4909514223,0,0.08,true
001,planted,3332,0,-1.656053237,-0.1914343106,-0.1834781946,0.4853217444,1,0.08,true
001,planted,3333,0,1.402944839,-0.1102811826,-0.1023250666,0.4918139947,0,0.08,true
001,planted,3334,1,-0.9857021947,-0.1526238464,-0.1501087507,0.4879912999,0,0.08,true
001,planted,3335,0,-0.5166006588,-0.173222487,-0.165266371,0.4867786903,0,0.08,true
001,planted,3336,0,-0.286556275,-0.1829250331,-0.1749689171,0.4860024866,1,0.08,true
001,planted,3337,0,-0.004896656058,-0.1785463327,-0.1705902167,0.4863527827,0,0.08,true
001,planted,3338,0,-0.5372776823,-0.200901389,-0.192945273,0.4845643782,0,0.08,true
001,planted,3339,1,-0.1298941821,-0.2027276323,-0.2002125366,0.4839829971,0,0.08,true
001,planted,3340,0,2.043251953,-0.07537452234,-0.06741840633,0.4946065275,1,0.08,true
001,planted,3341,1,1.540072736,0.004336787889,0.006851883607,0.5005481507,1,0.08,true
001,planted,3342,0,-0.5835204661,-0.02422392087,-0.01626780487,0.4986985756,1,0.08,true
001,planted,3343,0,0.8818688029,0.02006503957,0.02802115557,0.5022416924,1,0.08,true
001,planted,3344,1,-1.633260804,-0.05874841543,-0.05623331971,0.4955013344,1,0.08,true
001,planted,3345,1,-0.4907636774,-0.08057758427,-0.07806248855,0.4937550009,0,0.08,true
001,planted,3346,0,-1.06173901,-0.1275404084,-0.1195842924,0.4904332566,0,0.08,true
001,planted,3347,1,-0.5235763462,-0.1491614449,-0.1466463492,0.4882682921,0,0.08,true
001,planted,3348,1,0.1801688285,-0.1362090492,-0.1336939535,0.4893044837,0,0.08,true
001,planted,3349,0,0.3535658976,-0.1141474612,-0.1061913452,0.4915046924,1,0.08,true
001,planted,3350,1,0.8559116117,-0.06481262783,-0.06229753212,0.4950161974,1,0.08,true
001,planted,3351,1,-1.382096637,-0.1296824614,-0.1271673656,0.4898266107,0,0.08,true
001,planted,3352,1,-0.1324329493,-0.1331840474,-0.1306689517,0.4895464839,0,0.08,true
001,planted,3353,0,-1.308900771,-0.1902620123,-0.1823058963,0.4854155283,1,0.08,true
001,planted,3354,0,0.5153112426,-0.1575449657,-0.1495888497,0.488032892,1,0.08,true
001,planted,3355,0,-1.497177366,-0.2194280493,-0.2114719333,0.4830822453,0,0.08,true
001,planted,3356,0,-0.1186156561,-0.2198622949,-0.2119061789,0.4830475057,1,0.08,true
001,planted,3357,1,0.7184204071,-0.1741224837,-0.171607388,0.486271409,0,0.08,true
001,planted,3358,1,0.3973349274,-0.1479542567,-0.145439161,0.4883648671,0,0.08,true
001,planted,3359,0,0.1790928575,-0.1343658766,-0.1264097606,0.4898872192,0,0.08,true
001,planted,3360,1,-0.4289982355,-0.1539442847,-0.151429189,0.4878856649,1,0.08,true
001,planted,3361,1,-0.6589797357,-0.1848627137,-0.182347618,0.4854121906,0,0.08,true
001,planted,3362,1,-2.106585634,-0.2648581892,-0.2623430935,0.4790125525,0,0.08,true
001,planted,3363,1,0.5249556296,-0.2292671771,-0.2267520814,0.4818598335,0,0.08,true
001,planted,3364,1,-0.657958188,-0.2551208645,-0.2526057688,0.4797915385,1,0.08,true
001,planted,3365,0,-0.6820192151,-0.2814224233,-0.2734663073,0.4781226954,0,0.08,true
001,planted,3366,0,-0.1831536968,-0.2839378957,-0.2759817797,0.4779214576,1,0.08,true
001,planted,3367,0,-0.0753298603,-0.2808814452,-0.2729253292,0.4781659737,0,0.08,true
001,planted,3368,0,-1.670710043,-0.3394627215,-0.3315066055,0.4734794716,1,0.08,true
001,planted,3369,0,0.5330645295,-0.2997552071,-0.2917990911,0.4766560727,0,0.08,true
001,planted,3370,1,0.620801978,-0.2552705676,-0.2527554719,0.4797795622,1,0.08,true
001,planted,3371,0,0.833975172,-0.1983187613,-0.1903626453,0.4847709884,1,0.08,true
001,planted,3372,1,-2.669833816,-0.2848173918,-0.2823022961,0.4774158163,1,0.08,true
001,planted,3373,1,-1.207593264,-0.3245498725,-0.3220347768,0.4742372179,0,0.08,true
001,planted,3374,1,-0.7916624431,-0.3489287017,-0.346413606,0.4722869115,0,0.08,true
001,planted,3375,0,0.5235096792,-0.3130679929,-0.3051118769,0.4755910498,1,0.08,true
001,planted,3376,0,0.1641247455,-0.296938354,-0.288982238,0.476881421,1,0.08,true
001,planted,3377,0,-0.09000238736,-0.2938649444,-0.2859088284,0.4771272937,0,0.08,true
001,planted,3378,1,-0.383747122,-0.3049452203,-0.3024301246,0.47580559,0,0.08,true
001,planted,3379,0,-0.5198168011,-0.3221125698,-0.3141564538,0.4748674837,1,0.08,true
001,planted,3380,1,0.3823331667,-0.2923068107,-0.289791715,0.4768166628,1,0.08,true
001,planted,3381,0,2.125692724,-0.1498558863,-0.1418997703,0.4886480184,0,0.08,true
001,planted,3382,0,-0.8030489851,-0.1830934163,-0.1751373003,0.485989016,0,0.08,true
001,planted,3383,0,-1.660309772,-0.2453344187,-0.2373783027,0.4810097358,0,0.08,true
001,planted,3384,1,1.711750735,-0.1467838492,-0.1442687535,0.4884584997,1,0.08,true
001,planted,3385,0,-0.3208180104,-0.1576222227,-0.1496661067,0.4880267115,0,0.08,true
001,planted,3386,1,-1.358019047,-0.2096482749,-0.2071331792,0.4834293457,1,0.08,true
001,planted,3387,0,-0.6884293568,-0.234186306,-0.22623019,0.4819015848,1,0.08,true
001,planted,3388,1,-0.8579250563,-0.2647179463,-0.2622028506,0.479023772,1,0.08,true
001,planted,3389,0,0.6297637547,-0.2257007671,-0.2177446511,0.4825804279,1,0.08,true
001,planted,3390,1,-1.87133507,-0.2882421371,-0.2857270414,0.4771418367,1,0.08,true
001,planted,3391,0,-0.4091685015,-0.2988505162,-0.2908944002,0.476728448,0,0.08,true
001,planted,3392,1,-0.442582106,-0.3109063564,-0.3083912606,0.4753286991,1,0.08,true
001,planted,3393,1,0.8366627284,-0.2582933248,-0.2557782291,0.4795377417,1,0.08,true
001,planted,3394,1,-0.3477177216,-0.2679848362,-0.2654697404,0.4787624208,0,0.08,true
001,planted,3395,0,-0.6458225151,-0.2904939073,-0.2825377913,0.4773969767,1,0.08,true
001,planted,3396,1,-1.956165699,-0.3495506764,-0.3470355807,0.4722371535,1,0.08,true
001,planted,3397,0,-1.857335486,-0.3990692389,-0.3911131229,0.4687109502,0,0.08,true
001,planted,3398,0,-0.1408740902,-0.3952042002,-0.3872480842,0.4690201533,0,0.08,true
001,planted,3399,0,-0.2829170286,-0.3976914422,-0.3897353262,0.4688211739,0,0.08,true
001,planted,3400,0,0.6769108394,-0.35166019,-0.343704074,0.4725036741,1,0.08,true
001,planted,3401,0,1.143719061,-0.2788811368,-0.2709250208,0.4783259983,1,0.08,true
001,planted,3402,1,-1.045177151,-0.314365012,-0.3118499163,0.4750520067,0,0.08,true
001,planted,3403,0,0.05238047399,-0.3038554039,-0.2958992879,0.476328057,1,0.08,true
001,planted,3404,0,-0.3325519076,-0.3117962088,-0.3038400928,0.4756927926,0,0.08,true
001,planted,3405,1,-1.252432867,-0.353430423,-0.3509153272,0.4719267738,0,0.08,true
001,planted,3406,0,-0.3686287643,-0.3617004889,-0.3537443729,0.4717004502,1,0.08,true
001,planted,3407,0,-0.02190036918,-0.3536582541,-0.3457021381,0.472343829,1,0.08,true
001,planted,3408,1,0.2416736578,-0.3314823974,-0.3289673017,0.4736826159,0,0.08,true
001,planted,3409,0,0.1526307733,-0.3146690882,-0.3067129722,0.4754629622,1,0.08,true
001,planted,3410,1,-0.6535202844,-0.3383695109,-0.3358544151,0.4731316468,1,0.08,true
001,planted,3411,1,0.5975753135,-0.2931802892,-0.2906651935,0.4767467845,1,0.08,true
001,planted,3412,0,0.6349942671,-0.246597239,-0.238641123,0.4809087102,0,0.08,true
001,planted,3413,0,-0.7186499083,-0.2769340454,-0.2689779294,0.4784817656,1,0.08,true
001,planted,3414,1,-0.2817072049,-0.2854792581,-0.2829641624,0.477362867,0,0.08,true
001,planted,3415,0,-0.5466163164,-0.3074370304,-0.2994809144,0.4760415269,1,0.08,true
001,planted,3416,1,-1.203950167,-0.3539860705,-0.3514709748,0.471882322,0,0.08,true
001,planted,3417,1,-0.05366652039,-0.3481404618,-0.3456253661,0.4723499707,0,0.08,true
001,planted,3418,1,-1.293956045,-0.394026988,-0.3915118923,0.4686790486,1,0.08,true
001,planted,3419,0,0.5762289592,-0.3465148734,-0.3385587573,0.4729152994,0,0.08,true
001,planted,3420,1,0.5680125186,-0.3007171422,-0.2982020465,0.4761438363,1,0.08,true
001,planted,3421,0,-2.567607067,-0.3682384503,-0.3602823343,0.4711774133,1,0.08,true
001,planted,3422,1,1.392742644,-0.2748446388,-0.2723295431,0.4782136366,1,0.08,true
001,planted,3423,1,-0.6134774535,-0.2956094252,-0.2930943295,0.4765524536,1,0.08,true
001,planted,3424,1,-0.01897100108,-0.289079119,-0.2865640233,0.4770748781,1,0.08,true
001,planted,3425,1,0.5098957666,-0.2535989225,-0.2510838267,0.4799132939,1,0.08,true
001,planted,3426,1,0.09481826778,-0.2421151861,-0.2396000904,0.4808319928,1,0.08,true
001,planted,3427,0,-0.49547873,-0.2609259559,-0.2529698399,0.4797624128,1,0.08,true
001,planted,3428,0,0.1245782733,-0.2473357751,-0.2393796591,0.4808496273,0,0.08,true
001,planted,3429,1,-0.128928471,-0.2482290458,-0.24571395,0.480342884,1,0.08,true
001,planted,3430,1,1.44962649,-0.1478263677,-0.145311272,0.4883750982,1,0.08,true
001,planted,3431,1,0.7501188343,-0.1005864451,-0.09807134939,0.492154292,1,0.08,true
001,planted,3432,1,-2.080022007,-0.1904157924,-0.1879006967,0.4849679443,0,0.08,true
001,planted,3433,1,-2.411782853,-0.2704389739,-0.2679238782,0.4785660897,0,0.08,true
001,planted,3434,0,2.231953191,-0.1465347177,-0.1385786017,0.4889137119,1,0.08,true
001,planted,3435,1,0.2451732134,-0.132184782,-0.1296696863,0.4896264251,0,0.08,true
001,planted,3436,0,0.9288041384,-0.08666746883,-0.07871135283,0.4937030918,0,0.08,true
001,planted,3437,1,-0.9027272287,-0.1225013945,-0.1199862988,0.4904010961,1,0.08,true
001,planted,3438,1,0.3990370522,-0.1012334206,-0.09871832484,0.492102534,1,0.08,true
001,planted,3439,1,-1.647333985,-0.1649020363,-0.1623869406,0.4870090448,1,0.08,true
001,planted,3440,1,-0.6782902076,-0.1891747954,-0.1866596997,0.485067224,1,0.08,true
001,planted,3441,1,1.320868285,-0.1204435106,-0.1179284149,0.4905657268,1,0.08,true
001,planted,3442,1,-1.035671129,-0.1603897511,-0.1578746554,0.4873700276,0,0.08,true
001,planted,3443,1,-0.4704939417,-0.1767194628,-0.1742043671,0.4860636506,1,0.08,true
001,planted,3444,1,-0.1903343029,-0.1808587554,-0.1783436597,0.4857325072,1,0.08,true
001,planted,3445,1,1.165956971,-0.1178055304,-0.1152904347,0.4907767652,0,0.08,true
001,planted,3446,0,0.1933615835,-0.105653442,-0.09769732599,0.4921842139,1,0.08,true
001,planted,3447,1,0.3666873272,-0.08505754948,-0.08254245376,0.4933966037,0,0.08,true
001,planted,3448,0,1.169605541,-0.02450383696,-0.01654772095,0.4986761823,0,0.08,true
001,planted,3449,0,0.4710763376,-0.0008294544146,0.007126661589,0.5005701329,1,0.08,true
001,planted,3450,1,-0.1069346369,-0.00614659022,-0.003631494502,0.4997094804,1,0.08,true
001,planted,3451,0,1.047930573,0.04636563853,0.05432175454,0.5043457404,0,0.08,true
001,planted,3452,1,1.064684034,0.09677169253,0.09928678825,0.5079429431,0,0.08,true
001,planted,3453,1,-0.8130142252,0.0520222841,0.05453737982,0.5043629904,0,0.08,true
001,planted,3454,1,-0.3100010381,0.03468660277,0.03720169849,0.5029761359,0,0.08,true
001,planted,3455,1,0.03473009452,0.0356335969,0.03814869262,0.5030518954,0,0.08,true
001,planted,3456,1,0.4751875027,0.05997698919,0.06249208491,0.5049993668,0,0.08,true
001,planted,3457,0,0.1605385544,0.06723493733,0.07519105333,0.5060152843,0,0.08,true
001,planted,3458,0,-1.672873409,-0.02652261517,-0.01856649916,0.4985146801,1,0.08,true
001,planted,3459,1,-1.423227683,-0.09631532939,-0.09380023368,0.4924959813,0,0.08,true
001,planted,3460,0,1.106312587,-0.03544229629,-0.02748618029,0.4978011056,0,0.08,true
001,planted,3461,0,1.79638069,0.05351562433,0.06147174033,0.5049177392,1,0.08,true
001,planted,3462,0,-0.3642607629,0.0342774325,0.04223354851,0.5033786839,1,0.08,true
001,planted,3463,0,-0.09061155474,0.02888138408,0.03683750008,0.502947,1,0.08,true
001,planted,3464,1,-1.690075373,-0.05443816132,-0.0519230656,0.4958461548,0,0.08,true
001,planted,3465,1,0.3040467911,-0.03808176112,-0.0355666654,0.4971546668,1,0.08,true
001,planted,3466,1,-1.332554484,-0.09958809609,-0.09707300037,0.49223416,0,0.08,true
001,planted,3467,1,0.3637546491,-0.07888207129,-0.07636697558,0.493890642,0,0.08,true
001,planted,3468,1,-0.4146774779,-0.09736546753,-0.09485037181,0.4924119703,0,0.08,true
001,planted,3469,0,0.7775337854,-0.05399929257,-0.04604317656,0.4963165459,0,0.08,true
001,planted,3470,1,0.8973792639,-0.005834390794,-0.003319295076,0.4997344564,0,0.08,true
001,planted,3471,0,-0.689157661,-0.04115459287,-0.03319847687,0.4973441219,1,0.08,true
001,planted,3472,0,-0.7680255063,-0.07944767151,-0.07149155551,0.4942806756,0,0.08,true
001,planted,3473,0,-0.337254042,-0.09514054287,-0.08718442686,0.4930252459,1,0.08,true
001,planted,3474,0,-0.8585464034,-0.1366530228,-0.1286969068,0.4897042475,0,0.08,true
001,planted,3475,1,-0.8440197911,-0.1757575053,-0.1732424095,0.4861406072,1,0.08,true
001,planted,3476,1,0.3416933808,-0.1519412943,-0.1494261986,0.4880459041,0,0.08,true
001,planted,3477,0,-0.02786231155,-0.1496599876,-0.1417038716,0.4886636903,0,0.08,true
001,planted,3478,1,-1.395540784,-0.213089318,-0.2105742223,0.4831540622,0,0.08,true
001,planted,3479,0,-1.669611162,-0.2777016859,-0.2697455699,0.4784203544,0,0.08,true
001,planted,3480,0,2.072314908,-0.1447680342,-0.1368119182,0.4890550465,0,0.08,true
001,planted,3481,0,-1.311485433,-0.1970714135,-0.1891152975,0.4848707762,1,0.08,true
001,planted,3482,0,-0.03758950747,-0.1938804254,-0.1859243094,0.4851260552,1,0.08,true
001,planted,3483,0,-0.7482998722,-0.2228328898,-0.2148767738,0.4828098581,0,0.08,true
001,planted,3484,0,1.55993118,-0.131640923,-0.123684807,0.4901052154,1,0.08,true
001,planted,3485,1,-0.4203614966,-0.1480150034,-0.1454999076,0.4883600074,0,0.08,true
001,planted,3486,0,-1.664607595,-0.2125634147,-0.2046072987,0.4836314161,0,0.08,true
001,planted,3487,1,2.261894509,-0.08976914184,-0.08725404612,0.4930196763,1,0.08,true
001,planted,3488,1,-1.330701357,-0.1412493331,-0.1387342374,0.488901261,1,0.08,true
001,planted,3489,1,-0.1088196246,-0.1423897232,-0.1398746275,0.4888100298,0,0.08,true
001,planted,3490,0,-1.976429924,-0.21131854,-0.203362424,0.4837310061,0,0.08,true
001,planted,3491,1,-0.9270171242,-0.2417967738,-0.2392816781,0.4808574658,0,0.08,true
001,planted,3492,0,0.5236391554,-0.2120027537,-0.2040466377,0.483676269,0,0.08,true
001,planted,3493,1,-0.840783882,-0.2403900971,-0.2378750014,0.4809699999,0,0.08,true
001,planted,3494,0,0.3490510739,-0.2182154748,-0.2102593588,0.4831792513,1,0.08,true
001,planted,3495,0,1.051718888,-0.1610379702,-0.1530818542,0.4877534517,0,0.08,true
001,planted,3496,1,-0.07012947251,-0.1601536758,-0.1576385801,0.4873889136,0,0.08,true
001,planted,3497,1,-0.4445135326,-0.1762040404,-0.1736889447,0.4861048844,0,0.08,true
001,planted,3498,1,0.8663199876,-0.1279983095,-0.1254832138,0.4899613429,0,0.08,true
001,planted,3499,0,0.5929816268,-0.09528626859,-0.08733015259,0.4930135878,0,0.08,true
001,planted,3500,0,0.3824219341,-0.0737835983,-0.0658274823,0.4947338014,1,0.08,true
001,planted,3501,1,0.2151214938,-0.06101534286,-0.05850024714,0.4953199802,0,0.08,true
001,planted,3502,1,-0.9853105764,-0.1075531623,-0.1050380666,0.4915969547,1,0.08,true
001,planted,3503,1,0.2293483361,-0.09286373093,-0.09034863521,0.4927721092,1,0.08,true
001,planted,3504,1,1.091488151,-0.03175997628,-0.02924488056,0.4976604096,1,0.08,true
001,planted,3505,1,-0.5167862876,-0.0576773738,-0.05516227808,0.4955870178,1,0.08,true
001,planted,3506,0,-0.7186191937,-0.09329306957,-0.08533695357,0.4931730437,0,0.08,true
001,planted,3507,0,-0.1167207895,-0.09720604209,-0.08924992608,0.4928600059,0,0.08,true
001,planted,3508,1,0.8807068309,-0.04482751367,-0.04231241796,0.4966150066,0,0.08,true
001,planted,3509,1,0.3518756426,-0.024033913,-0.02151881729,0.4982784946,1,0.08,true
001,planted,3510,1,-1.746768124,-0.1121456252,-0.1096305295,0.4912295576,1,0.08,true
001,planted,3511,1,-0.126109371,-0.1159745651,-0.1134594694,0.4909232424,1,0.08,true
001,planted,3512,0,0.6447303471,-0.07685249359,-0.06889637759,0.4944882898,0,0.08,true
001,planted,3513,0,0.17810203,-0.06497820392,-0.05702208792,0.495438233,1,0.08,true
001,planted,3514,0,0.8589768129,-0.01423078646,-0.006274670455,0.4994980264,0,0.08,true
001,planted,3515,1,0.2579543826,0.0008082958956,0.003323391614,0.5002658713,1,0.08,true
001,planted,3516,1,0.1773709559,0.01111034943,0.01362544515,0.5010900356,0,0.08,true
001,planted,3517,1,0.9718314557,0.06665294695,0.06916804267,0.5055334434,1,0.08,true
001,planted,3518,1,0.6120066212,0.09994982144,0.1024649172,0.5081971934,1,0.08,true
001,planted,3519,1,0.2440489405,0.1118355318,0.1143506275,0.5091480502,0,0.08,true
001,planted,3520,0,0.14602042,0.1178866854,0.1258428014,0.5100674241,1,0.08,true
001,planted,3521,1,-1.134302631,0.04134452723,0.04385962295,0.5035087698,0,0.08,true
001,planted,3522,0,0.282018131,0.057495519,0.06545163501,0.5052361308,0,0.08,true
001,planted,3523,0,1.018130562,0.1155280105,0.1234841265,0.5098787301,0,0.08,true
001,planted,3524,0,0.8596842278,0.1614767308,0.1694328468,0.5135546277,1,0.08,true
001,planted,3525,1,-0.2590210273,0.1409640821,0.1434791779,0.5114783342,0,0.08,true
001,planted,3526,1,-0.744814314,0.08818576309,0.09070085881,0.5072560687,0,0.08,true
001,planted,3527,0,1.144014499,0.1510046704,0.1589607864,0.5127168629,0,0.08,true
001,planted,3528,1,-1.094771967,0.07573274264,0.07824783836,0.5062598271,0,0.08,true
001,planted,3529,0,0.1532024187,0.08308614605,0.09104226206,0.507283381,0,0.08,true
001,planted,3530,0,0.02537148117,0.08256644896,0.09052256496,0.5072418052,1,0.08,true
001,planted,3531,1,0.2576024016,0.09673478043,0.09924987615,0.5079399901,1,0.08,true
001,planted,3532,0,0.4057300609,0.1200642317,0.1280203477,0.5102416278,0,0.08,true
001,planted,3533,1,-1.424959709,0.02001050843,0.02252560415,0.5018020483,1,0.08,true
001,planted,3534,1,-1.204571061,-0.053506283,-0.05099118728,0.495920705,1,0.08,true
001,planted,3535,0,-0.6177249774,-0.08875519172,-0.08079907572,0.4935360739,1,0.08,true
001,planted,3536,1,-1.746155876,-0.1753150548,-0.1727999591,0.4861760033,0,0.08,true
001,planted,3537,1,0.7394073338,-0.1262924131,-0.1237773174,0.4900978146,0,0.08,true
001,planted,3538,1,1.271131954,-0.04724222849,-0.04472713278,0.4964218294,0,0.08,true
001,planted,3539,0,1.23391378,0.02233535642,0.03029147243,0.5024233178,0,0.08,true
001,planted,3540,0,0.1233423621,0.0285571829,0.0365132989,0.5029210639,0,0.08,true
001,planted,3541,0,-0.851161447,-0.01983795365,-0.01188183764,0.499049453,1,0.08,true
001,planted,3542,0,-0.7241527783,-0.0594102029,-0.0514540869,0.495883673,1,0.08,true
001,planted,3543,0,0.7925973372,-0.01229651749,-0.004340401482,0.4996527679,0,0.08,true
001,planted,3544,0,-0.6152891616,-0.04680759173,-0.03885147572,0.4968918819,1,0.08,true
001,planted,3545,0,-1.378575453,-0.1185792032,-0.1106230872,0.491150153,1,0.08,true
001,planted,3546,1,-0.7934377183,-0.157141353,-0.1546262572,0.4876298994,1,0.08,true
001,planted,3547,1,-0.8367248381,-0.1961977521,-0.1936826564,0.4845053875,1,0.08,true
001,planted,3548,1,-0.004203073409,-0.191468752,-0.1889536563,0.4848837075,1,0.08,true
001,planted,3549,0,0.1087658876,-0.1802041038,-0.1722479878,0.486220161,0,0.08,true
001,planted,3550,1,0.948693503,-0.1152383122,-0.1127232164,0.4909821427,0,0.08,true
001,planted,3551,0,-1.408707345,-0.1836470714,-0.1756909554,0.4859447236,1,0.08,true
001,planted,3552,0,1.101268207,-0.1117178212,-0.1037617052,0.4916990636,1,0.08,true
001,planted,3553,0,1.059416593,-0.04742686313,-0.03947074713,0.4968423402,0,0.08,true
001,planted,3554,0,0.6448756386,-0.01002034043,-0.002064224428,0.499834862,1,0.08,true
001,planted,3555,0,1.257149452,0.05856746839,0.0665235844,0.5053218868,1,0.08,true
001,planted,3556,0,-0.8287767573,0.01094821591,0.01890433191,0.5015123466,1,0.08,true
001,planted,3557,1,0.03714590278,0.01273837758,0.0152534733,0.5012202779,1,0.08,true
001,planted,3558,1,-1.209140832,-0.05412074774,-0.05160565202,0.4958715478,0,0.08,true
001,planted,3559,0,-1.985239209,-0.1467683281,-0.1388122121,0.488895023,1,0.08,true
001,planted,3560,0,-0.7509011829,-0.1790259805,-0.1710698645,0.4863144108,0,0.08,true
001,planted,3561,0,-0.9661412459,-0.2192695296,-0.2113134136,0.4830949269,1,0.08,true
001,planted,3562,1,-0.2876947994,-0.2281829484,-0.2256678527,0.4819465718,0,0.08,true
001,planted,3563,0,0.7729936044,-0.1782131405,-0.1702570245,0.486379438,1,0.08,true
001,planted,3564,0,0.3850535987,-0.1523446334,-0.1443885174,0.4884489186,1,0.08,true
001,planted,3565,0,-0.9739628381,-0.1964440952,-0.1884879792,0.4849209617,0,0.08,true
001,planted,3566,0,0.04472506137,-0.1890071936,-0.1810510776,0.4855159138,1,0.08,true
001,planted,3567,0,-1.093014003,-0.2368979931,-0.2289418771,0.4816846498,0,0.08,true
001,planted,3568,0,-0.7341794101,-0.2673194536,-0.2593633376,0.479250933,0,0.08,true
001,planted,3569,1,0.03611817197,-0.2585122402,-0.2559971445,0.4795202284,0,0.08,true
001,planted,3570,1,-0.2789988198,-0.2673479945,-0.2648328988,0.4788133681,1,0.08,true
001,planted,3571,1,-0.006818810246,-0.2609801182,-0.2584650225,0.4793227982,0,0.08,true
001,planted,3572,1,1.242572755,-0.1698860629,-0.1673709672,0.4866103226,0,0.08,true
001,planted,3573,0,0.9033333525,-0.1094074164,-0.1014513004,0.491883896,1,0.08,true
001,planted,3574,1,0.5491129992,-0.07363736576,-0.07112227004,0.4943102184,0,0.08,true
001,planted,3575,1,-2.31175974,-0.1784266146,-0.1759115189,0.4859270785,0,0.08,true
001,planted,3576,1,1.881098315,-0.06957563803,-0.06706054232,0.4946351566,0,0.08,true
001,planted,3577,0,0.7689286593,-0.02976819217,-0.02181207616,0.4982550339,1,0.08,true
001,planted,3578,1,1.320441952,0.03489938792,0.03741448364,0.5029931587,1,0.08,true
001,planted,3579,1,-0.2508992618,0.0217506065,0.02426570222,0.5019412562,1,0.08,true
001,planted,3580,0,-0.07357889552,0.01752246735,0.02547858335,0.5020382867,1,0.08,true
001,planted,3581,0,0.3999098365,0.0374124118,0.0453685278,0.5036294822,1,0.08,true
001,planted,3582,1,-0.7612481968,-0.003333118564,-0.0008180228459,0.4999345582,0,0.08,true
001,planted,3583,0,0.0781964263,0.0008858415662,0.00884195757,0.5007073566,0,0.08,true
001,planted,3584,1,1.407178538,0.07305084271,0.07556593842,0.5060452751,1,0.08,true
001,planted,3585,1,0.1385245799,0.07845492083,0.08097001655,0.5064776013,0,0.08,true
001,planted,3586,0,-0.9356744796,0.02529909463,0.03325521064,0.5026604169,0,0.08,true
001,planted,3587,1,-1.148891273,-0.03606899844,-0.03355390273,0.4973156878,1,0.08,true
001,planted,3588,1,0.286954837,-0.01977791404,-0.01726281832,0.4986189745,1,0.08,true
001,planted,3589,0,-0.3089589833,-0.0360704516,-0.02811433559,0.4977508532,1,0.08,true
001,planted,3590,0,1.439598895,0.04270070938,0.05065682539,0.504052546,1,0.08,true
001,planted,3591,0,-1.070025042,-0.01565331495,-0.007697198951,0.4993842241,1,0.08,true
001,planted,3592,0,-0.1311525898,-0.02228173059,-0.01432561458,0.4988539508,1,0.08,true
001,planted,3593,0,0.1732014137,-0.01217829089,-0.004222174887,0.499662226,1,0.08,true
001,planted,3594,1,-0.2614053571,-0.02655300214,-0.02403790642,0.4980769675,1,0.08,true
001,planted,3595,0,1.383855213,0.05086044073,0.05881655673,0.5047053245,0,0.08,true
001,planted,3596,1,0.7418276703,0.08943104473,0.09194614045,0.5073556912,1,0.08,true
001,planted,3597,0,0.1795900622,0.09717300415,0.1051291202,0.5084103296,0,0.08,true
001,planted,3598,1,-0.7553812125,0.05020328226,0.05271837798,0.5042174702,1,0.08,true
001,planted,3599,0,-1.960570068,-0.05786582834,-0.04990971234,0.496007223,1,0.08,true
001,planted,3600,1,-0.01207974814,-0.0570418296,-0.05452673388,0.4956378613,0,0.08,true
001,planted,3601,1,-1.359583297,-0.1230890281,-0.1205739324,0.4903540854,0,0.08,true
001,planted,3602,0,1.102497987,-0.05947335312,-0.05151723711,0.495878621,1,0.08,true
001,planted,3603,0,0.6382571397,-0.02408298671,-0.0161268707,0.4987098503,0,0.08,true
001,planted,3604,1,0.1900825076,-0.01330281825,-0.01078772253,0.4991369822,0,0.08,true
001,planted,3605,1,0.9134316205,0.03616376295,0.03867885866,0.5030943087,0,0.08,true
001,planted,3606,0,-1.319977792,-0.03532442384,-0.02736830783,0.4978105354,1,0.08,true
001,planted,3607,0,1.228968945,0.03007322177,0.03802933778,0.503042347,1,0.08,true
001,planted,3608,0,0.06089151548,0.0325162189,0.0404723349,0.5032377868,1,0.08,true
001,planted,3609,1,2.204708853,0.1331236376,0.1356387334,0.5108510987,1,0.08,true
001,planted,3610,1,-0.8310372436,0.08764908786,0.09016418358,0.5072131347,1,0.08,true
001,planted,3611,0,-1.238405294,0.02339877773,0.03135489374,0.5025083915,0,0.08,true
001,planted,3612,1,-1.752413492,-0.05869587743,-0.05618078171,0.4955055375,0,0.08,true
001,planted,3613,1,-0.6722191946,-0.08782559462,-0.0853104989,0.4931751601,1,0.08,true
001,planted,3614,0,0.3693553677,-0.067818555,-0.059862439,0.4952110049,1,0.08,true
001,planted,3615,0,0.3469506974,-0.04907676225,-0.04112064624,0.4967103483,1,0.08,true
001,planted,3616,0,1.056602453,0.004646227716,0.01260234372,0.5010081875,0,0.08,true
001,planted,3617,0,-1.06872543,-0.04729627157,-0.03934015557,0.4968527876,0,0.08,true
001,planted,3618,0,0.03704141952,-0.04425868802,-0.03630257201,0.4970957942,1,0.08,true
001,planted,3619,1,-0.8102168282,-0.08299484781,-0.08047975209,0.4935616198,0,0.08,true
001,planted,3620,0,0.5858732809,-0.05033863524,-0.04238251923,0.4966093985,0,0.08,true
001,planted,3621,1,0.3762627153,-0.0292947339,-0.02677963818,0.4978576289,0,0.08,true
001,planted,3622,0,1.664111103,0.05603593675,0.06399205275,0.5051193642,1,0.08,true
001,planted,3623,1,0.5240443241,0.08072244333,0.08323753905,0.5066590031,0,0.08,true
001,planted,3624,0,-1.451594397,0.003217987122,0.01117410313,0.5008939283,1,0.08,true
001,planted,3625,0,-0.7158969059,-0.0325435172,-0.0245874012,0.4980330079,0,0.08,true
001,planted,3626,1,-0.6386552093,-0.06366612018,-0.06115102447,0.495107918,0,0.08,true
001,planted,3627,1,0.1961338972,-0.05182996777,-0.04931487206,0.4960548102,0,0.08,true
001,planted,3628,0,-0.2183217169,-0.06203729604,-0.05408118004,0.4956735056,1,0.08,true
001,planted,3629,0,0.8988706945,-0.01125250363,-0.003296387622,0.499736289,0,0.08,true
001,planted,3630,1,-2.08989568,-0.1113747813,-0.1088596856,0.4912912252,0,0.08,true
001,planted,3631,1,1.73537856,-0.02051054068,-0.01799544497,0.4985603644,1,0.08,true
001,planted,3632,0,0.9708761677,0.02579570542,0.03375182142,0.5027001457,0,0.08,true
001,planted,3633,1,-2.972934462,-0.09899498806,-0.09647989235,0.4922816086,1,0.08,true
001,planted,3634,0,-0.7038988389,-0.1246284388,-0.1166723228,0.4906662142,0,0.08,true
001,planted,3635,1,0.4753757039,-0.1010063338,-0.09849123804,0.492120701,0,0.08,true
001,planted,3636,0,-0.0172131361,-0.09919053034,-0.09123441434,0.4927012469,1,0.08,true
001,planted,3637,1,0.14884622,-0.09005453064,-0.08753943492,0.4929968452,1,0.08,true
001,planted,3638,0,-0.599827276,-0.1141476549,-0.1061915389,0.4915046769,1,0.08,true
001,planted,3639,0,-0.09294996742,-0.1155313056,-0.1075751896,0.4913939848,1,0.08,true
001,planted,3640,1,-0.2320571212,-0.1234566743,-0.1209415786,0.4903246737,0,0.08,true
001,planted,3641,0,0.2409104272,-0.1084800743,-0.1005239583,0.4919580833,0,0.08,true
001,planted,3642,0,0.192401597,-0.09606971157,-0.08811359556,0.4929509124,1,0.08,true
001,planted,3643,0,0.02014462959,-0.09260852285,-0.08465240684,0.4932278075,1,0.08,true
001,planted,3644,1,-0.3416399667,-0.1078007139,-0.1052856182,0.4915771505,1,0.08,true
001,planted,3645,1,0.07095940358,-0.1012582028,-0.0987431071,0.4921005514,1,0.08,true
001,planted,3646,0,-0.5633972131,-0.1284077698,-0.1204516538,0.4903638677,0,0.08,true
001,planted,3647,0,-0.05130794814,-0.1280091973,-0.1200530813,0.4903957535,1,0.08,true
001,planted,3648,1,-0.8626794911,-0.1700582256,-0.1675431299,0.4865965496,0,0.08,true
001,planted,3649,1,-0.3478844704,-0.1849704474,-0.1824553517,0.4854035719,0,0.08,true
001,planted,3650,0,1.240728624,-0.1022905519,-0.09433443593,0.4924532451,0,0.08,true
001,planted,3651,0,0.6478622314,-0.06180847167,-0.05385235566,0.4956918115,1,0.08,true
001,planted,3652,0,0.8604991585,-0.01018507592,-0.002228959914,0.4998216832,0,0.08,true
001,planted,3653,1,0.2081865754,0.002137569015,0.004652664733,0.5003722132,0,0.08,true
001,planted,3654,1,-0.2102450473,-0.01038599663,-0.007870900911,0.4993703279,1,0.08,true
001,planted,3655,1,-1.084289638,-0.07297580408,-0.07046070836,0.4943631433,0,0.08,true
001,planted,3656,0,-0.9697152132,-0.1250342431,-0.1170781271,0.4906337498,1,0.08,true
001,planted,3657,1,-1.029119081,-0.1765586747,-0.174043579,0.4860765137,1,0.08,true
001,planted,3658,0,-0.5198495498,-0.2008017426,-0.1928456266,0.4845723499,1,0.08,true
001,planted,3659,0,0.07194462475,-0.1913794585,-0.1834233425,0.4853261326,0,0.08,true
001,planted,3660,0,-0.6028896305,-0.2205215694,-0.2125654534,0.4829947637,1,0.08,true
001,planted,3661,0,0.2828270972,-0.1967698974,-0.1888137814,0.4848948975,0,0.08,true
001,planted,3662,0,-0.2911231461,-0.2095621595,-0.2016060435,0.4838715165,0,0.08,true
001,planted,3663,0,-0.684392174,-0.2439288254,-0.2359727094,0.4811221832,0,0.08,true
001,planted,3664,1,-0.4480996951,-0.2647745066,-0.2622594109,0.4790192471,1,0.08,true
001,planted,3665,0,-1.034118211,-0.3123867843,-0.3044306683,0.4756455465,1,0.08,true
001,planted,3666,0,-0.7624767658,-0.3457457983,-0.3377896823,0.4729768254,1,0.08,true
001,planted,3667,0,-0.3921421846,-0.3602418412,-0.3522857252,0.471817142,0,0.08,true
001,planted,3668,0,0.869713794,-0.2838788461,-0.2759227301,0.4779261816,1,0.08,true
001,planted,3669,0,0.4806308847,-0.242483008,-0.234526892,0.4812378486,1,0.08,true
001,planted,3670,0,1.312779591,-0.1378661265,-0.1299100105,0.4896071992,0,0.08,true
001,planted,3671,0,-2.140685489,-0.2314762928,-0.2235201768,0.4821183859,0,0.08,true
001,planted,3672,0,0.2173145918,-0.2131192813,-0.2051631653,0.4835869468,1,0.08,true
001,planted,3673,1,-0.7330493912,-0.2455021008,-0.2429870051,0.4805610396,0,0.08,true
001,planted,3674,0,-0.4436900439,-0.2632414008,-0.2552852847,0.4795771772,1,0.08,true
001,planted,3675,0,0.4696847015,-0.2271221623,-0.2191660463,0.4824667163,1,0.08,true
001,planted,3676,0,-0.1505997015,-0.2302312931,-0.2222751771,0.4822179858,0,0.08,true
001,planted,3677,1,0.2645248597,-0.2075585783,-0.2050434826,0.4835965214,1,0.08,true
001,planted,3678,1,-0.01949517548,-0.2035287077,-0.201013612,0.483918911,1,0.08,true
001,planted,3679,1,-0.2646715034,-0.2148611141,-0.2123460184,0.4830123185,0,0.08,true
001,planted,3680,0,0.1459848171,-0.1995779828,-0.1916218668,0.4846702507,0,0.08,true
001,planted,3681,1,-1.700565263,-0.2753735969,-0.2728585012,0.4781713199,1,0.08,true
001,planted,3682,0,0.08673412669,-0.2629626816,-0.2550065656,0.4795994748,0,0.08,true
001,planted,3683,1,-0.08415421799,-0.2615666391,-0.2590515434,0.4792758765,1,0.08,true
001,planted,3684,1,0.3072328433,-0.2340265951,-0.2315114994,0.48147908,1,0.08,true
001,planted,3685,1,1.137159197,-0.1444812814,-0.1419661857,0.4886427051,1,0.08,true
001,planted,3686,0,0.04431112495,-0.1379488576,-0.1299927416,0.4896005807,1,0.08,true
001,planted,3687,1,-0.6373947669,-0.1736302076,-0.1711151118,0.4863107911,1,0.08,true
001,planted,3688,1,0.5520644816,-0.1305805512,-0.1280654555,0.4897547636,0,0.08,true
001,planted,3689,1,-0.2557542069,-0.1441427743,-0.1416276786,0.4886697857,0,0.08,true
001,planted,3690,1,-0.03792879461,-0.143107468,-0.1405923723,0.4887526102,1,0.08,true
001,planted,3691,1,1.348630389,-0.04022238037,-0.03770728465,0.4969834172,1,0.08,true
001,planted,3692,1,1.696568019,0.06631588127,0.06883097699,0.5055064782,0,0.08,true
001,planted,3693,1,0.5065148956,0.09474889571,0.09726399142,0.5077811193,1,0.08,true
001,planted,3694,1,0.3472202023,0.1134309385,0.1159460342,0.5092756827,1,0.08,true
001,planted,3695,1,0.5560915921,0.1441130627,0.1466281584,0.5117302527,1,0.08,true
001,planted,3696,0,1.068932003,0.2000444982,0.2080006142,0.5166400491,1,0.08,true
001,planted,3697,0,0.6976638213,0.2345307987,0.2424869147,0.5193989532,1,0.08,true
001,planted,3698,1,-2.421695311,0.06147406221,0.06398915793,0.5051191326,0,0.08,true
001,planted,3699,1,0.472351893,0.08474965519,0.08726475091,0.5069811801,1,0.08,true
001,planted,3700,0,-1.856785131,-0.01737460148,-0.009418485479,0.4992465212,1,0.08,true
001,planted,3701,0,-0.7792967625,-0.05591342891,-0.0479573129,0.496163415,1,0.08,true
001,planted,3702,0,0.7233896288,-0.01689071329,-0.00893459729,0.4992852322,0,0.08,true
001,planted,3703,1,1.044977502,0.03707801344,0.03959310916,0.5031674487,0,0.08,true
001,planted,3704,1,-0.133463089,0.02917087957,0.03168597528,0.502534878,1,0.08,true
001,planted,3705,0,-0.1596221455,0.01988861827,0.02784473428,0.5022275787,1,0.08,true
001,planted,3706,0,-0.3787904064,-0.001359953372,0.006596162632,0.500527693,1,0.08,true
001,planted,3707,1,0.8503934829,0.04525270181,0.04776779753,0.5038214238,0,0.08,true
001,planted,3708,0,0.618488942,0.07790713325,0.08586324926,0.5068690599,0,0.08,true
001,planted,3709,1,0.3062624064,0.09308937436,0.09560447008,0.5076483576,1,0.08,true
001,planted,3710,0,0.01497568566,0.09160376836,0.09955988436,0.5079647907,1,0.08,true
001,planted,3711,1,-0.08793403036,0.08400694618,0.08652204189,0.5069217634,0,0.08,true
001,planted,3712,1,-0.460806625,0.05321579412,0.05573088984,0.5044584712,0,0.08,true
001,planted,3713,1,-1.837138265,-0.05583200433,-0.05331690862,0.4957346473,1,0.08,true
001,planted,3714,1,-0.2101847338,-0.06629511945,-0.06378002373,0.4948975981,0,0.08,true
001,planted,3715,1,-0.6046645837,-0.09868028714,-0.09616519142,0.4923067847,1,0.08,true
001,planted,3716,0,1.34997477,-0.01539428872,-0.007438172715,0.4994049462,1,0.08,true
001,planted,3717,0,-1.211415541,-0.08045997378,-0.07250385777,0.4941996914,1,0.08,true
001,planted,3718,1,-0.3951382663,-0.1000632868,-0.0975481911,0.4921961447,0,0.08,true
001,planted,3719,0,1.749576463,0.002291951789,0.01024806779,0.5008198454,0,0.08,true
001,planted,3720,0,-0.427307943,-0.02054123791,-0.0125851219,0.4989931902,1,0.08,true
001,planted,3721,1,0.1917104647,-0.009532549694,-0.007017453976,0.4994386037,0,0.08,true
001,planted,3722,1,1.907270648,0.08801367656,0.09052877228,0.5072423018,0,0.08,true
001,planted,3723,0,1.024497105,0.1351484214,0.1431045374,0.511448363,1,0.08,true
001,planted,3724,0,0.5342921448,0.15817681,0.166132926,0.5132906341,0,0.08,true
001,planted,3725,1,0.8505892813,0.1951187441,0.1976338398,0.5158107072,0,0.08,true
001,planted,3726,1,0.3642397847,0.2087127595,0.2112278552,0.5168982284,1,0.08,true
001,planted,3727,1,-0.07519149528,0.1993200052,0.2018351009,0.5161468081,1,0.08,true
001,planted,3728,0,0.6338000249,0.226710472,0.234666588,0.518773327,0,0.08,true
001,planted,3729,0,1.254454749,0.2780872798,0.2860433958,0.5228834717,1,0.08,true
001,planted,3730,0,-0.2019846852,0.2595914965,0.2675476125,0.521403809,0,0.08,true
001,planted,3731,0,-0.8904994525,0.1977821745,0.2057382905,0.5164590632,1,0.08,true
001,planted,3732,0,-2.110303842,0.06482040454,0.07277652054,0.5058221216,1,0.08,true
001,planted,3733,1,0.6713628761,0.09640452333,0.09891961905,0.5079135695,0,0.08,true
001,planted,3734,1,1.32195837,0.1554165452,0.1579316409,0.5126345313,0,0.08,true
001,planted,3735,0,0.9862195514,0.1967832354,0.2047393514,0.5163791481,1,0.08,true
001,planted,3736,0,-1.74443325,0.09563311025,0.1035892263,0.5082871381,1,0.08,true
001,planted,3737,1,0.2565012031,0.1055091107,0.1080242064,0.5086419365,0,0.08,true
001,planted,3738,1,1.35724523,0.1631036842,0.1656187799,0.5132495024,1,0.08,true
001,planted,3739,0,1.5438003,0.2221248631,0.2300809791,0.5184064783,1,0.08,true
001,planted,3740,0,0.3163291897,0.2310096486,0.2389657646,0.5191172612,1,0.08,true
001,planted,3741,0,-0.4440378557,0.2026195342,0.2105756502,0.516846052,1,0.08,true
001,planted,3742,1,-2.23436569,0.07748407754,0.07999917326,0.5063999339,0,0.08,true
001,planted,3743,0,-0.008785571256,0.07512096506,0.08307708107,0.5066461665,1,0.08,true
001,planted,3744,1,0.6603159698,0.1031625433,0.105677639,0.5084542111,0,0.08,true
001,planted,3745,1,-0.5446889227,0.07412757422,0.07664266994,0.5061314136,1,0.08,true
001,planted,3746,1,0.942422432,0.115576493,0.1180915888,0.5094473271,1,0.08,true
001,planted,3747,0,-0.07328942244,0.1090624153,0.1170185313,0.5093614825,0,0.08,true
001,planted,3748,0,-0.2565550843,0.09331402729,0.1012701433,0.5081016115,0,0.08,true
001,planted,3749,1,0.7662393639,0.1282492028,0.1307642985,0.5104611439,1,0.08,true
001,planted,3750,0,1.034014798,0.1736315925,0.1815877085,0.5145270167,0,0.08,true
001,planted,3751,0,-0.6836408896,0.1322778908,0.1402340068,0.5112187205,0,0.08,true
001,planted,3752,1,1.192643192,0.1843170044,0.1868321001,0.514946568,0,0.08,true
001,planted,3753,0,0.3375955089,0.1965169047,0.2044730207,0.5163578417,0,0.08,true
001,planted,3754,0,0.1820379387,0.2009875904,0.2089437064,0.5167154965,1,0.08,true
001,planted,3755,1,-0.8781442731,0.145012491,0.1475275867,0.5118022069,0,0.08,true
001,planted,3756,1,0.6127004324,0.172778927,0.1752940227,0.5140235218,1,0.08,true
001,planted,3757,0,1.386327348,0.2317631722,0.2397192882,0.5191775431,0,0.08,true
001,planted,3758,0,1.093466186,0.2752164437,0.2831725597,0.5226538048,0,0.08,true
001,planted,3759,1,0.4412606611,0.2901308278,0.2926459235,0.5234116739,1,0.08,true
001,planted,3760,0,-1.516036923,0.1881384504,0.1960945664,0.5156875653,1,0.08,true
001,planted,3761,0,-1.088176189,0.122589476,0.130545592,0.5104436474,1,0.08,true
001,planted,3762,1,-1.787181362,0.02456242978,0.0270775255,0.502166202,1,0.08,true
001,planted,3763,0,-1.541985463,-0.04923300164,-0.04127688564,0.4966978491,1,0.08,true
001,planted,3764,1,-1.567494065,-0.1165945996,-0.1140795038,0.4908736397,1,0.08,true
001,planted,3765,0,1.071485687,-0.06225028077,-0.05429416477,0.4956564668,1,0.08,true
001,planted,3766,0,0.2024142051,-0.05119587994,-0.04323976394,0.4965408189,0,0.08,true
001,planted,3767,1,-0.4878247475,-0.07280812324,-0.07029302752,0.4943765578,1,0.08,true
001,planted,3768,1,-1.668137048,-0.1431104831,-0.1405953874,0.488752369,1,0.08,true
001,planted,3769,0,1.568710224,-0.06244873523,-0.05449261922,0.4956405905,0,0.08,true
001,planted,3770,0,-0.05665553364,-0.0634578537,-0.0555017377,0.495559861,1,0.08,true
001,planted,3771,0,0.8215936971,-0.0229111666,-0.0149550506,0.498803596,0,0.08,true
001,planted,3772,1,-1.110153227,-0.07306030939,-0.07054521367,0.4943563829,0,0.08,true
001,planted,3773,0,-1.017093374,-0.1167681204,-0.1088120044,0.4912950396,0,0.08,true
001,planted,3774,1,0.6039808058,-0.08438545545,-0.08187035973,0.4934503712,0,0.08,true
001,planted,3775,0,0.1456024109,-0.07516292752,-0.06720681152,0.4946234551,0,0.08,true
001,planted,3776,0,0.662447524,-0.03994472701,-0.03198861101,0.4974409111,0,0.08,true
001,planted,3777,1,-0.7112096396,-0.07382882281,-0.07131372709,0.4942949018,1,0.08,true
001,planted,3778,1,0.2144451793,-0.06093958551,-0.05842448979,0.4953260408,1,0.08,true
001,planted,3779,0,-0.5854161016,-0.08918766456,-0.08123154856,0.4935014761,1,0.08,true
001,planted,3780,1,-0.9591301494,-0.1344762409,-0.1319611452,0.4894431084,1,0.08,true
001,planted,3781,0,0.3010765783,-0.1147633609,-0.1068072449,0.4914554204,1,0.08,true
001,planted,3782,1,-0.6269709929,-0.1443132562,-0.1417981605,0.4886561472,0,0.08,true
001,planted,3783,0,0.2699258329,-0.125479299,-0.117523183,0.4905981454,0,0.08,true
001,planted,3784,0,1.203636188,-0.05192907929,-0.04397296328,0.4964821629,1,0.08,true
001,planted,3785,1,-0.7692469698,-0.09163296741,-0.08911787169,0.4928705703,0,0.08,true
001,planted,3786,0,1.22035322,-0.02017074215,-0.01221462615,0.4990228299,1,0.08,true
001,planted,3787,1,0.7611571057,0.02172215949,0.02423725521,0.5019389804,1,0.08,true
001,planted,3788,1,-2.049859575,-0.08226797606,-0.07975288034,0.4936197696,1,0.08,true
001,planted,3789,0,-0.2143354744,-0.09092901616,-0.08297290016,0.493362168,0,0.08,true
001,planted,3790,1,1.923037902,0.01017543924,0.01269053495,0.5010152428,1,0.08,true
001,planted,3791,0,1.27432074,0.06925384217,0.07720995817,0.5061767967,1,0.08,true
001,planted,3792,0,0.8772651478,0.1077646435,0.1157207595,0.5092576608,1,0.08,true
001,planted,3793,1,0.3742536372,0.1227680799,0.1252831756,0.510022654,0,0.08,true
001,planted,3794,0,-2.396185054,0.0008135147994,0.008769630803,0.5007015705,1,0.08,true
001,planted,3795,0,-0.9055592781,-0.03922555749,-0.03126944149,0.4974984447,0,0.08,true
001,planted,3796,1,1.400886673,0.02430276886,0.02681786458,0.5021454292,0,0.08,true
001,planted,3797,1,1.325760274,0.0802208303,0.08273592602,0.5066188741,0,0.08,true
001,planted,3798,1,-0.1002869926,0.07372600307,0.07624109879,0.5060992879,1,0.08,true
001,planted,3799,1,-0.1341392596,0.06573057276,0.06824566847,0.5054596535,0,0.08,true
001,planted,3800,1,0.992672832,0.1080993582,0.1106144539,0.5088491563,1,0.08,true
001,planted,3801,1,-0.5105890036,0.08095926992,0.08347436564,0.5066779493,0,0.08,true
001,planted,3802,0,-3.347457315,-0.06602538325,-0.05806926725,0.4953544586,1,0.08,true
001,planted,3803,1,-0.9245251039,-0.09989221154,-0.09737711582,0.4922098307,0,0.08,true
001,planted,3804,1,-1.571000288,-0.1547083724,-0.1521932767,0.4878245379,0,0.08,true
001,planted,3805,0,1.308230806,-0.09605879371,-0.08810267771,0.4929517858,0,0.08,true
001,planted,3806,1,-1.504557051,-0.1483221323,-0.1458070366,0.4883354371,0,0.08,true
001,planted,3807,1,1.535609733,-0.08102512236,-0.07851002664,0.4937191979,0,0.08,true
001,planted,3808,0,-1.109660645,-0.1201099791,-0.1121538631,0.491027691,0,0.08,true
001,planted,3809,0,1.739393002,-0.04645818084,-0.03850206483,0.4969198348,1,0.08,true
001,planted,3810,0,1.495479804,0.01208089929,0.02003701529,0.5016029612,0,0.08,true
001,planted,3811,1,0.2574522646,0.02163148176,0.02414657748,0.5019317262,1,0.08,true
001,planted,3812,0,-0.2713895018,0.01039953826,0.01835565426,0.5014684523,0,0.08,true
001,planted,3813,0,0.9961492529,0.04949042702,0.05744654303,0.5045957234,1,0.08,true
001,planted,3814,1,-0.9106107223,0.01102780304,0.01354289876,0.5010834319,1,0.08,true
001,planted,3815,1,2.437488071,0.1014008339,0.1039159296,0.5083132744,1,0.08,true
001,planted,3816,0,-0.5853279316,0.07588112342,0.08383723942,0.5067069792,1,0.08,true
001,planted,3817,1,-1.808540951,0.002652329417,0.005167425135,0.500413394,0,0.08,true
001,planted,3818,0,0.1633285602,0.008865876849,0.01682199285,0.5013457594,0,0.08,true
001,planted,3819,1,-0.02348407895,0.007714644124,0.01022973984,0.5008183792,1,0.08,true
001,planted,3820,1,0.6849911627,0.03498287226,0.03749796798,0.5029998374,0,0.08,true
001,planted,3821,0,-0.8512359504,-0.0009793018864,0.006976814118,0.5005581451,1,0.08,true
001,planted,3822,0,0.8392758193,0.0336986745,0.04165479051,0.5033323832,0,0.08,true
001,planted,3823,0,-0.4874453621,0.01215143766,0.02010755366,0.5016086043,0,0.08,true
001,planted,3824,0,1.02991376,0.05531449723,0.06327061323,0.5050616491,0,0.08,true
001,planted,3825,0,-0.683750454,0.0239376396,0.0318937556,0.5025515004,0,0.08,true
001,planted,3826,0,0.8605955017,0.06055941902,0.06851553503,0.5054812428,1,0.08,true
001,planted,3827,1,0.2763011801,0.07128899726,0.07380409297,0.5059043274,0,0.08,true
001,planted,3828,1,0.3985889354,0.08747540653,0.08999050225,0.5071992402,0,0.08,true
001,planted,3829,0,0.4477316678,0.1057959543,0.1137520703,0.5091001656,0,0.08,true
001,planted,3830,1,-0.4969662441,0.07886007901,0.08137517472,0.506510014,1,0.08,true
001,planted,3831,1,-1.016936243,0.02650687089,0.02902196661,0.5023217573,0,0.08,true
001,planted,3832,0,1.538361045,0.0958570706,0.1038131866,0.5083050549,1,0.08,true
001,planted,3833,1,-1.196507664,0.03534682835,0.03786192407,0.5030289539,1,0.08,true
001,planted,3834,1,-0.2634927935,0.02194762084,0.02446271656,0.5019570173,1,0.08,true
001,planted,3835,0,0.5285821413,0.0467119611,0.05466807711,0.5043734462,1,0.08,true
001,planted,3836,1,-0.7144562195,0.01009832049,0.0126134162,0.5010090733,0,0.08,true
001,planted,3837,1,2.183226067,0.1070643821,0.1095794778,0.5087663582,0,0.08,true
001,planted,3838,0,1.781382271,0.1751146135,0.1830707295,0.5146456584,0,0.08,true
001,planted,3839,0,0.3663651936,0.1864708129,0.1944269289,0.5155541543,1,0.08,true
001,planted,3840,0,0.5509986481,0.2055229252,0.2134790412,0.5170783233,0,0.08,true
001,planted,3841,0,0.5563552737,0.2246285361,0.2325846521,0.5186067722,1,0.08,true
001,planted,3842,0,-0.7820672942,0.179540592,0.187496708,0.5149997366,1,0.08,true
001,planted,3843,0,-0.3351991816,0.1585504796,0.1665065956,0.5133205276,1,0.08,true
001,planted,3844,0,0.05563818869,0.1572482551,0.1652043711,0.5132163497,0,0.08,true
001,planted,3845,1,-1.003382544,0.100351541,0.1028666367,0.5082293309,1,0.08,true
001,planted,3846,0,-0.7469486619,0.05942808249,0.06738419849,0.5053907359,0,0.08,true
001,planted,3847,0,-0.3983112471,0.03750940151,0.04546551751,0.5036372414,1,0.08,true
001,planted,3848,1,-0.0699720567,0.03291856606,0.03543366178,0.5028346929,0,0.08,true
001,planted,3849,0,-0.1405319767,0.02457850052,0.03253461652,0.5026027693,0,0.08,true
001,planted,3850,0,0.8720112147,0.07005575354,0.07801186954,0.5062409496,1,0.08,true
001,planted,3851,0,0.9071100063,0.115225924,0.12318204,0.5098545632,0,0.08,true
001,planted,3852,0,1.793703043,0.192947395,0.200903511,0.5160722809,0,0.08,true
001,planted,3853,0,0.7233434683,0.2222987522,0.2302548682,0.5184203895,1,0.08,true
001,planted,3854,1,-0.2345014021,0.2041237936,0.2066388893,0.5165311111,0,0.08,true
001,planted,3855,1,-1.459662513,0.1141461074,0.1166612031,0.5093328962,1,0.08,true
001,planted,3856,1,-0.2639101784,0.09740386958,0.0999189653,0.5079935172,0,0.08,true
001,planted,3857,0,-0.1468022893,0.08709761128,0.09505372729,0.5076042982,1,0.08,true
001,planted,3858,0,-2.023049362,-0.02255832695,-0.01460221094,0.4988318231,1,0.08,true
001,planted,3859,1,1.365292539,0.04434607291,0.04686116863,0.5037488935,0,0.08,true
001,planted,3860,1,-0.3811641172,0.02441282916,0.02692792487,0.502154234,0,0.08,true
001,planted,3861,0,0.5488741515,0.05097650622,0.05893262222,0.5047146098,0,0.08,true
001,planted,3862,1,-1.350538579,-0.01852213478,-0.01600703906,0.4987194369,1,0.08,true
001,planted,3863,1,0.4559359199,0.004780228541,0.007295324259,0.5005836259,0,0.08,true
001,planted,3864,0,1.757185594,0.08774687722,0.09570299322,0.5076562395,0,0.08,true
001,planted,3865,1,0.9064140453,0.1272197105,0.1297348062,0.5103787845,1,0.08,true
001,planted,3866,0,0.2719861689,0.1370898526,0.1450459686,0.5116036775,0,0.08,true
001,planted,3867,1,-0.549373744,0.1052354009,0.1077504966,0.5086200397,0,0.08,true
001,planted,3868,0,1.222977915,0.1590009895,0.1669571055,0.5133565684,0,0.08,true
001,planted,3869,0,0.007079599597,0.1553324539,0.1632885699,0.5130630856,0,0.08,true
001,planted,3870,0,0.3906057592,0.1709459187,0.1789020347,0.5143121628,1,0.08,true
001,planted,3871,0,-1.116816152,0.1038955365,0.1118516525,0.5089481322,0,0.08,true
001,planted,3872,1,0.6380983096,0.1332953417,0.1358104374,0.510864835,1,0.08,true
001,planted,3873,1,0.02002838776,0.1309862485,0.1335013442,0.5106801075,1,0.08,true
001,planted,3874,1,0.6397282489,0.1606977758,0.1632128715,0.5130570297,1,0.08,true
001,planted,3875,1,1.036526944,0.2073485224,0.2098636181,0.5167890894,1,0.08,true
001,planted,3876,1,-0.2164002253,0.1899091465,0.1924242422,0.5153939394,1,0.08,true
001,planted,3877,0,1.229964423,0.2430688643,0.2510249803,0.5200819984,1,0.08,true
001,planted,3878,1,-1.032764416,0.1742154568,0.1767305525,0.5141384442,0,0.08,true
001,planted,3879,0,0.05389797551,0.1727516952,0.1807078112,0.5144566249,0,0.08,true
001,planted,3880,0,-2.045301001,0.04714065307,0.05509676908,0.5044077415,0,0.08,true
001,planted,3881,0,-0.1981402433,0.03572189566,0.04367801167,0.5034942409,0,0.08,true
001,planted,3882,1,0.7287739405,0.07216673362,0.07468182934,0.5059745463,0,0.08,true
001,planted,3883,1,0.4189073583,0.09220397786,0.09471907358,0.5075775259,0,0.08,true
001,planted,3884,1,0.9339991415,0.1371837069,0.1396988026,0.5111759042,0,0.08,true
001,planted,3885,1,0.6223425135,0.1656926574,0.1682077531,0.5134566203,1,0.08,true
001,planted,3886,1,0.5634913978,0.1907710598,0.1932861556,0.5154628924,1,0.08,true
001,planted,3887,1,2.029677536,0.2671666391,0.2696817348,0.5215745388,1,0.08,true
001,planted,3888,1,1.583187227,0.3210908866,0.3236059823,0.5258884786,1,0.08,true
001,planted,3889,0,1.817296794,0.3737806105,0.3817367265,0.5305389381,0,0.08,true
001,planted,3890,0,0.4704432406,0.3845859694,0.3925420854,0.5314033668,1,0.08,true
001,planted,3891,0,0.489566309,0.3961957733,0.4041518893,0.5323321511,0,0.08,true
001,planted,3892,0,1.642740608,0.4391033845,0.4470595005,0.53576476,1,0.08,true
001,planted,3893,0,0.9468402259,0.4635903405,0.4715464565,0.5377237165,0,0.08,true
001,planted,3894,1,-0.4999235853,0.4256342124,0.4281493081,0.5342519446,1,0.08,true
001,planted,3895,1,0.1271648566,0.4208754993,0.4233905951,0.5338712476,1,0.08,true
001,planted,3896,0,0.9027894493,0.4462661993,0.4542223153,0.5363377852,1,0.08,true
001,planted,3897,1,-0.8215839054,0.3872704843,0.38978558,0.5311828464,0,0.08,true
001,planted,3898,0,1.560265706,0.430364323,0.438320439,0.5350656351,1,0.08,true
001,planted,3899,0,-0.9923698709,0.362458569,0.370414685,0.5296331748,0,0.08,true
001,planted,3900,1,-1.303468742,0.2781786276,0.2806937233,0.5224554979,0,0.08,true
001,planted,3901,1,1.058191123,0.3142112667,0.3167263625,0.525338109,1,0.08,true
001,planted,3902,0,0.09179973977,0.3106370028,0.3185931188,0.5254874495,1,0.08,true
001,planted,3903,0,-0.2767042339,0.2884900337,0.2964461497,0.523715692,1,0.08,true
001,planted,3904,1,0.9634797527,0.322521425,0.3250365207,0.5260029217,1,0.08,true
001,planted,3905,1,0.3744809721,0.3322286672,0.3347437629,0.526779501,0,0.08,true
001,planted,3906,1,0.7804721536,0.358591351,0.3611064467,0.5288885157,0,0.08,true
001,planted,3907,1,-1.573447996,0.2502054462,0.2527205419,0.5202176434,1,0.08,true
001,planted,3908,0,2.072540094,0.315735458,0.323691574,0.5258953259,0,0.08,true
001,planted,3909,0,-0.6025704149,0.2772076879,0.2851638039,0.5228131043,0,0.08,true
001,planted,3910,0,0.8751625694,0.3067232999,0.3146794159,0.5251743533,0,0.08,true
001,planted,3911,0,-0.2154850139,0.2882505505,0.2962066665,0.5236965333,0,0.08,true
001,planted,3912,0,1.730831089,0.3423139575,0.3502700736,0.5280216059,0,0.08,true
001,planted,3913,1,-0.5315021383,0.3065298118,0.3090449075,0.5247235926,1,0.08,true
001,planted,3914,1,-0.8604740641,0.2528772719,0.2553923676,0.5204313894,0,0.08,true
001,planted,3915,1,-0.3386800811,0.229350316,0.2318654118,0.5185492329,0,0.08,true
001,planted,3916,1,1.117682188,0.270974059,0.2734891547,0.5218791324,1,0.08,true
001,planted,3917,0,0.2845210456,0.2776798063,0.2856359223,0.5228508738,0,0.08,true
001,planted,3918,0,-0.2510039896,0.2574753849,0.2654315009,0.5212345201,1,0.08,true
001,planted,3919,1,1.468748545,0.3097995368,0.3123146325,0.5249851706,1,0.08,true
001,planted,3920,1,-1.971586206,0.1848143293,0.187329425,0.514986354,1,0.08,true
001,planted,3921,1,-0.4447250512,0.1583732548,0.1608883505,0.512871068,0,0.08,true
001,planted,3922,1,-1.912444702,0.05715511212,0.05967020784,0.5047736166,1,0.08,true
001,planted,3923,0,1.018965701,0.1002709585,0.1082270745,0.508658166,0,0.08,true
001,planted,3924,0,1.046699132,0.142661035,0.150617151,0.5120493721,0,0.08,true
001,planted,3925,0,0.2172127989,0.1489322171,0.1568883331,0.5125510666,0,0.08,true
001,planted,3926,1,1.116011247,0.1926907989,0.1952058947,0.5156164716,1,0.08,true
001,planted,3927,0,1.11250123,0.2340164217,0.2419725377,0.519357803,0,0.08,true
001,planted,3928,0,0.0443314133,0.2301738625,0.2381299785,0.5190503983,0,0.08,true
001,planted,3929,0,1.552712226,0.2839238303,0.2918799463,0.5233503957,0,0.08,true
001,planted,3930,1,0.1971877167,0.285776118,0.2882912137,0.5230632971,1,0.08,true
001,planted,3931,1,-0.2483335876,0.2661673317,0.2686824275,0.5214945942,0,0.08,true
001,planted,3932,0,-0.03078278622,0.2578991241,0.2658552401,0.5212684192,1,0.08,true
001,planted,3933,1,-1.193263072,0.1841754096,0.1866905053,0.5149352404,1,0.08,true
001,planted,3934,1,-0.08342763429,0.1752882322,0.177803328,0.5142242662,1,0.08,true
001,planted,3935,1,-1.381242564,0.09494183683,0.09745693255,0.5077965546,0,0.08,true
001,planted,3936,1,-0.7689474038,0.05299267877,0.05550777449,0.504440622,0,0.08,true
001,planted,3937,0,0.02635826903,0.05299287153,0.06094898754,0.504875919,1,0.08,true
001,planted,3938,1,-0.3483736055,0.03333031168,0.0358454074,0.5028676326,1,0.08,true
001,planted,3939,1,0.7745374902,0.07265333273,0.07516842845,0.5060134743,0,0.08,true
001,planted,3940,1,-1.716943221,-0.02011729402,-0.0176021983,0.4985918241,1,0.08,true
001,planted,3941,1,-0.1009393831,-0.02476112301,-0.02224602729,0.4982203178,0,0.08,true
001,planted,3942,0,1.635145641,0.05751678002,0.06547289603,0.5052378317,1,0.08,true
001,planted,3943,1,-1.14689934,-0.001497739452,0.001017356266,0.5000813885,1,0.08,true
001,planted,3944,1,-0.1623673707,-0.009556307107,-0.007041211389,0.4994367031,0,0.08,true
001,planted,3945,0,-1.778823321,-0.09292765968,-0.08497154368,0.4932022765,1,0.08,true
001,planted,3946,0,2.121809279,0.01143436872,0.01939048473,0.5015512388,1,0.08,true
001,planted,3947,0,-0.9126183686,-0.02969069472,-0.02173457872,0.4982612337,1,0.08,true
001,planted,3948,1,2.461267722,0.07462916617,0.07714426189,0.506171541,1,0.08,true
001,planted,3949,0,0.1880045034,0.08056427648,0.08852039248,0.5070816314,0,0.08,true
001,planted,3950,0,-0.5843926148,0.05309290734,0.06104902334,0.5048839219,0,0.08,true
001,planted,3951,1,-0.2524500263,0.04064465538,0.0431597511,0.5034527801,1,0.08,true
001,planted,3952,0,1.67203308,0.1086862105,0.1166423265,0.5093313861,0,0.08,true
001,planted,3953,0,-1.531211499,0.03746664524,0.04542276124,0.5036338209,1,0.08,true
001,planted,3954,1,-0.1639901034,0.02946758645,0.03198268217,0.5025586146,1,0.08,true
001,planted,3955,0,1.383433885,0.08644259883,0.09439871483,0.5075518972,1,0.08,true
001,planted,3956,0,1.268987159,0.1354479496,0.1434040656,0.5114723253,0,0.08,true
001,planted,3957,1,0.3294752652,0.146013226,0.1485283217,0.5118822657,1,0.08,true
001,planted,3958,0,-0.01114815559,0.1418205727,0.1497766887,0.5119821351,1,0.08,true
001,planted,3959,1,0.4971553959,0.1600658745,0.1625809702,0.5130064776,1,0.08,true
001,planted,3960,0,0.7392609809,0.1881883903,0.1961445063,0.5156915605,1,0.08,true
001,planted,3961,1,0.4885544267,0.2053807903,0.207895886,0.5166316709,1,0.08,true
001,planted,3962,0,2.541687403,0.2829473042,0.2909034202,0.5232722736,1,0.08,true
001,planted,3963,0,-0.5047970282,0.2527047419,0.2606608579,0.5208528686,0,0.08,true
001,planted,3964,0,0.8316742521,0.279345034,0.28730115,0.522984092,0,0.08,true
001,planted,3965,0,1.240330886,0.3181541475,0.3261102635,0.5260888211,0,0.08,true
001,planted,3966,1,-0.2390054661,0.2990995566,0.3016146523,0.5241291722,1,0.08,true
001,planted,3967,1,-0.4827509036,0.2681600377,0.2706751335,0.5216540107,0,0.08,true
001,planted,3968,1,-0.3371078691,0.2450332433,0.247548339,0.5198038671,1,0.08,true
001,planted,3969,0,2.609653523,0.3174778803,0.3254339963,0.5260347197,1,0.08,true
001,planted,3970,0,1.170629012,0.3508430883,0.3587992043,0.5287039363,1,0.08,true
001,planted,3971,1,-0.05773645001,0.339464767,0.3419798627,0.527358389,0,0.08,true
001,planted,3972,0,1.807426315,0.3866407248,0.3945968408,0.5315677473,0,0.08,true
001,planted,3973,0,-0.8488358209,0.3364259449,0.3443820609,0.5275505649,1,0.08,true
001,planted,3974,1,1.16406415,0.3688679004,0.3713829962,0.5297106397,0,0.08,true
001,planted,3975,1,0.6506910686,0.3845578929,0.3870729886,0.5309658391,1,0.08,true
001,planted,3976,1,-1.209505629,0.3130631523,0.315578248,0.5252462598,0,0.08,true
001,planted,3977,0,-0.2639056979,0.2931869886,0.3011431046,0.5240914484,0,0.08,true
001,planted,3978,1,-0.9056741031,0.2411719187,0.2436870145,0.5194949612,1,0.08,true
001,planted,3979,0,1.440334579,0.2882872854,0.2962434014,0.5236994721,1,0.08,true
001,planted,3980,1,0.1562088426,0.2878169365,0.2903320322,0.5232265626,1,0.08,true
001,planted,3981,0,1.830988195,0.3411444919,0.3491006079,0.5279280486,1,0.08,true
001,planted,3982,1,-0.3984786853,0.3140292782,0.3165443739,0.5253235499,0,0.08,true
001,planted,3983,0,0.7587066626,0.3362984846,0.3442546006,0.527540368,0,0.08,true
001,planted,3984,1,-1.130489317,0.2691723139,0.2716874096,0.5217349928,1,0.08,true
001,planted,3985,0,-0.3441956834,0.2460601116,0.2540162276,0.5203212982,1,0.08,true
001,planted,3986,1,2.109171207,0.3095844389,0.3120995346,0.5249679628,0,0.08,true
001,planted,3987,0,-1.47665349,0.2277058476,0.2356619636,0.5188529571,1,0.08,true
001,planted,3988,0,0.7456418073,0.2515439958,0.2595001118,0.5207600089,0,0.08,true
001,planted,3989,0,0.7404605403,0.2747632369,0.2827193529,0.5226175482,1,0.08,true
001,planted,3990,1,-1.433333712,0.1961564894,0.1986715851,0.5158937268,1,0.08,true
001,planted,3991,0,0.5429444989,0.2138264488,0.2217825648,0.5177426052,1,0.08,true
001,planted,3992,0,0.660558427,0.2359554208,0.2439115368,0.5195129229,0,0.08,true
001,planted,3993,0,0.1705063319,0.2376090716,0.2455651876,0.519645215,0,0.08,true
001,planted,3994,0,-0.5736787302,0.2033250432,0.2112811592,0.5169024927,1,0.08,true
001,planted,3995,1,0.07943133101,0.201929491,0.2044445867,0.5163555669,0,0.08,true
001,planted,3996,1,0.627598912,0.2253601905,0.2278752862,0.5182300229,1,0.08,true
001,planted,3997,1,0.3064637347,0.2343260116,0.2368411074,0.5189472886,1,0.08,true
001,planted,3998,0,-0.2758615993,0.2139547436,0.2219108596,0.5177528688,1,0.08,true
001,planted,3999,0,-0.2808784319,0.1935093843,0.2014655003,0.51611724,0,0.08,true
001,planted,4000,0,-1.34024506,0.1116593298,0.1196154458,0.5095692357,1,0.08,true
001,planted,4001,0,-0.2749798456,0.09432192966,0.1022780457,0.5081822437,1,0.08,true
001,planted,4002,1,-0.5365500538,0.06281884933,0.06533394504,0.5052267156,1,0.08,true
001,planted,4003,1,-0.6145581869,0.02758241382,0.03009750954,0.5024078008,0,0.08,true
001,planted,4004,0,-0.1555844323,0.0183052614,0.0262613774,0.5021009102,0,0.08,true
001,planted,4005,1,0.7626159189,0.05978724094,0.06230233666,0.5049841869,0,0.08,true
001,planted,4006,0,-0.8577181833,0.009282136788,0.01723825279,0.5013790602,0,0.08,true
001,planted,4007,0,-0.3982257628,-0.01358224789,-0.005626131883,0.4995499094,0,0.08,true
001,planted,4008,0,1.063326972,0.04686787582,0.05482399182,0.5043859193,1,0.08,true
001,planted,4009,0,0.8741902303,0.09363618789,0.1015923039,0.5081273843,0,0.08,true
001,planted,4010,1,0.6073116976,0.1247229817,0.1272380775,0.5101790462,1,0.08,true
001,planted,4011,1,0.01857614714,0.1226478602,0.1251629559,0.5100130365,0,0.08,true
001,planted,4012,0,-0.8846695766,0.06476576478,0.07272188078,0.5058177505,0,0.08,true
001,planted,4013,0,-1.497435298,-0.02451486108,-0.01655874507,0.4986753004,0,0.08,true
001,planted,4014,0,-0.3131374355,-0.04159480819,-0.03363869219,0.4973089046,0,0.08,true
001,planted,4015,1,-0.3167469582,-0.05879018692,-0.0562750912,0.4954979927,1,0.08,true
001,planted,4016,1,-0.03465501413,-0.05936289668,-0.05684780097,0.4954521759,1,0.08,true
001,planted,4017,0,-1.716559612,-0.1473372266,-0.1393811106,0.4888495112,0,0.08,true
001,planted,4018,0,-1.236014597,-0.2039537052,-0.1959975892,0.4843201929,0,0.08,true
001,planted,4019,0,0.8403047612,-0.1488935062,-0.1409373902,0.4887250088,1,0.08,true
001,planted,4020,0,0.5262188622,-0.1147762728,-0.1068201568,0.4914543875,1,0.08,true
001,planted,4021,0,-0.3064469597,-0.1288747235,-0.1209186075,0.4903265114,0,0.08,true
001,planted,4022,0,0.5668538169,-0.09171236181,-0.08375624581,0.4932995003,1,0.08,true
001,planted,4023,0,-0.3170704585,-0.1077005678,-0.09974445179,0.4920204439,0,0.08,true
001,planted,4024,1,-0.01813857158,-0.1060651762,-0.1035500805,0.4917159936,1,0.08,true
001,planted,4025,1,0.8677651182,-0.04836362595,-0.04584853023,0.4963321176,0,0.08,true
001,planted,4026,1,0.6035149126,-0.009783135973,-0.007268040255,0.4994185568,0,0.08,true
001,planted,4027,0,3.135076024,0.1400822389,0.1480383549,0.5118430684,1,0.08,true
001,planted,4028,1,-0.5743585846,0.1080316598,0.1105467556,0.5088437404,0,0.08,true
001,planted,4029,0,1.614987386,0.1739414103,0.1818975263,0.5145518021,1,0.08,true
001,planted,4030,0,-2.144790447,0.06167532927,0.06963144527,0.5055705156,0,0.08,true
001,planted,4031,1,1.841582235,0.1331275686,0.1356426644,0.5108514131,1,0.08,true
001,planted,4032,1,1.176323556,0.175616166,0.1781312617,0.5142505009,0,0.08,true
001,planted,4033,0,-1.079617603,0.1224342187,0.1303903347,0.5104312268,0,0.08,true
001,planted,4034,1,2.610661234,0.2069134717,0.2094285675,0.5167542854,1,0.08,true
001,planted,4035,1,0.15682548,0.2077731417,0.2102882374,0.516823059,1,0.08,true
001,planted,4036,0,-0.6769911827,0.1738638531,0.1818199691,0.5145455975,0,0.08,true
001,planted,4037,0,-0.6272852514,0.1427038582,0.1506599742,0.5120527979,0,0.08,true
001,planted,4038,0,1.06765332,0.1802853374,0.1882414534,0.5150593163,1,0.08,true
001,planted,4039,1,-0.6138939536,0.1488263207,0.1513414164,0.5121073133,0,0.08,true
001,planted,4040,0,0.9292183321,0.1821269868,0.1900831028,0.5152066482,0,0.08,true
001,planted,4041,1,-0.5273710564,0.1538091766,0.1563242723,0.5125059418,1,0.08,true
001,planted,4042,1,-2.418821558,0.0385094532,0.04102454892,0.5032819639,1,0.08,true
001,planted,4043,1,1.526181644,0.09641011876,0.09892521448,0.5079140172,0,0.08,true
001,planted,4044,1,-1.72103389,0.02314558993,0.02566068564,0.5020528549,0,0.08,true
001,planted,4045,1,-0.5071016905,0.002427359232,0.00494245495,0.5003953964,0,0.08,true
001,planted,4046,0,2.624868274,0.09823848586,0.1061946019,0.5084955681,1,0.08,true
001,planted,4047,1,-1.320736262,0.04504441697,0.04755951269,0.503804761,1,0.08,true
001,planted,4048,0,0.528171277,0.06352555209,0.07148166809,0.5057185334,0,0.08,true
001,planted,4049,0,1.089871084,0.1020461847,0.1100023007,0.5088001841,0,0.08,true
001,planted,4050,0,1.020487999,0.1369037755,0.1448598915,0.5115887913,1,0.08,true
001,planted,4051,1,-2.086052563,0.04857877964,0.05109387536,0.50408751,1,0.08,true
001,planted,4052,0,0.7643917652,0.07557681233,0.08353292833,0.5066826343,1,0.08,true
001,planted,4053,0,0.2797405744,0.08431092948,0.09226704548,0.5073813636,1,0.08,true
001,planted,4054,1,-0.7156071249,0.05358404536,0.05609914108,0.5044879313,1,0.08,true
001,planted,4055,0,-0.9304341082,0.014742107,0.022698223,0.5018158578,1,0.08,true
001,planted,4056,1,1.135720605,0.05918046303,0.06169555875,0.5049356447,1,0.08,true
001,planted,4057,1,0.9958507207,0.09668218011,0.09919727583,0.5079357821,1,0.08,true
001,planted,4058,1,-1.346434644,0.03770883869,0.0402239344,0.5032179148,0,0.08,true
001,planted,4059,1,-0.8155111378,0.00330923564,0.005824331358,0.5004659465,0,0.08,true
001,planted,4060,0,-1.260869346,-0.04788920635,-0.03993309034,0.4968053528,1,0.08,true
001,planted,4061,1,-0.1208023024,-0.05167970865,-0.04916461294,0.496066831,1,0.08,true
001,planted,4062,1,0.2487478905,-0.03973213591,-0.03721704019,0.4970226368,1,0.08,true
001,planted,4063,0,-0.3542326365,-0.05405876007,-0.04610264406,0.4963117885,0,0.08,true
001,planted,4064,0,0.9560447966,-0.009800696236,-0.001844580232,0.4998524336,0,0.08,true
001,planted,4065,0,0.05343337841,-0.007146423797,0.0008096922072,0.5000647754,0,0.08,true
001,planted,4066,0,0.8981249707,0.03393921432,0.04189533032,0.5033516264,1,0.08,true
001,planted,4067,0,-0.505375661,0.009479853374,0.01743596938,0.5013948776,1,0.08,true
001,planted,4068,1,0.1100581403,0.01446821605,0.01698331177,0.5013586649,0,0.08,true
001,planted,4069,1,0.662763856,0.04594314721,0.04845824292,0.5038766594,1,0.08,true
001,planted,4070,1,-0.7130800692,0.009355230416,0.01187032613,0.5009496261,0,0.08,true
001,planted,4071,1,-0.8598482466,-0.03341276613,-0.03089767041,0.4975281864,1,0.08,true
001,planted,4072,0,-0.9021166027,-0.07659336407,-0.06863724807,0.4945090202,0,0.08,true
001,planted,4073,1,-0.03205383833,-0.07628088339,-0.07376578767,0.494098737,0,0.08,true
001,planted,4074,0,-0.7365797326,-0.1111257571,-0.1031696411,0.4917464287,1,0.08,true
001,planted,4075,1,0.6551422952,-0.07290828776,-0.07039319204,0.4943685446,1,0.08,true
001,planted,4076,1,0.360799936,-0.05158390793,-0.04906881222,0.496074495,1,0.08,true
001,planted,4077,1,0.6735179582,-0.01329691976,-0.01078182404,0.4991374541,1,0.08,true
001,planted,4078,0,1.89308152,0.08309761749,0.09105373349,0.5072842987,1,0.08,true
001,planted,4079,0,-1.030280952,0.02728581715,0.03524193315,0.5028193547,0,0.08,true
001,planted,4080,0,1.796248532,0.1098029144,0.1177590304,0.5094207224,1,0.08,true
001,planted,4081,0,1.006016824,0.1523777223,0.1603338383,0.5128267071,1,0.08,true
001,planted,4082,0,-0.8100442394,0.1073411069,0.1152972229,0.5092237778,0,0.08,true
001,planted,4083,0,2.124566057,0.189576658,0.197532774,0.5158026219,0,0.08,true
001,planted,4084,1,0.4467719889,0.2043819086,0.2068970043,0.5165517603,0,0.08,true
001,planted,4085,1,0.3858535353,0.2165553152,0.2190704109,0.5175256329,0,0.08,true
001,planted,4086,0,-1.437352362,0.1360109851,0.1439671011,0.5115173681,0,0.08,true
001,planted,4087,0,0.8589068314,0.1701269242,0.1780830402,0.5142466432,0,0.08,true
001,planted,4088,1,0.1066255902,0.1708271985,0.1733422942,0.5138673835,0,0.08,true
001,planted,4089,0,0.09378707362,0.171023828,0.178979944,0.5143183955,1,0.08,true
001,planted,4090,1,-0.6663017181,0.1320316378,0.1345467336,0.5107637387,0,0.08,true
001,planted,4091,0,0.8546377127,0.1687960762,0.1767521922,0.5141401754,1,0.08,true
001,planted,4092,0,0.8906632681,0.2057133798,0.2136694958,0.5170935597,1,0.08,true
001,planted,4093,1,0.8197651909,0.238338332,0.2408534277,0.5192682742,1,0.08,true
001,planted,4094,1,0.5843241003,0.260132032,0.2626471277,0.5210117702,1,0.08,true
001,planted,4095,0,-0.7258532028,0.2123514572,0.2203075732,0.5176246059,0,0.08,true
001,planted,4096,0,-0.8859139021,0.1564794118,0.1644355278,0.5131548422,0,0.08,true
001,planted,4097,1,-0.2753135107,0.1375360873,0.140051183,0.5112040946,0,0.08,true
001,planted,4098,0,-0.6376802608,0.09805008635,0.1060062024,0.5084804962,1,0.08,true
001,planted,4099,0,0.02094095035,0.09672535697,0.104681473,0.5083745178,1,0.08,true
001,planted,4100,0,0.33226195,0.1127464355,0.1207025515,0.5096562041,1,0.08,true
001,planted,4101,0,-1.219687108,0.03724740976,0.04520352576,0.5036162821,1,0.08,true
001,planted,4102,0,-0.3607436809,0.01575072167,0.02370683767,0.501896547,1,0.08,true
001,planted,4103,1,0.6372652667,0.05162804917,0.05414314489,0.5043314516,1,0.08,true
001,planted,4104,0,-1.597782399,-0.04013323993,-0.03217712392,0.4974258301,0,0.08,true
001,planted,4105,0,0.03178330632,-0.0373498297,-0.02939371369,0.4976485029,1,0.08,true
001,planted,4106,1,1.565274958,0.04906509974,0.05158019546,0.5041264156,1,0.08,true
001,planted,4107,0,-0.6410376399,0.01284522497,0.02080134097,0.5016641073,0,0.08,true
001,planted,4108,1,-1.746739035,-0.07686223091,-0.07434713519,0.4940522292,1,0.08,true
001,planted,4109,0,0.7775644517,-0.03400966043,-0.02605354442,0.4979157164,0,0.08,true
001,planted,4110,1,0.5316781952,-0.005246223382,-0.002731127664,0.4997815098,0,0.08,true
001,planted,4111,0,-0.8981443456,-0.05185404686,-0.04389793085,0.4964881655,1,0.08,true
001,planted,4112,1,0.3360592336,-0.03244936476,-0.02993426904,0.4976052585,0,0.08,true
001,planted,4113,0,1.367820921,0.0410046985,0.0489608145,0.5039168652,0,0.08,true
001,planted,4114,0,0.1551362917,0.04819499353,0.05615110953,0.5044920888,0,0.08,true
001,planted,4115,1,0.7397830358,0.0859746623,0.08848975802,0.5070791806,1,0.08,true
001,planted,4116,0,-0.3772060958,0.06273350929,0.0706896253,0.50565517,0,0.08,true
001,planted,4117,0,0.3117045332,0.07845711546,0.08641323147,0.5069130585,1,0.08,true
001,planted,4118,1,-1.349209456,-0.001175064368,0.00134003135,0.5001072025,0,0.08,true
001,planted,4119,0,0.5040373174,0.02677947215,0.03473558815,0.5027788471,1,0.08,true
001,planted,4120,1,1.036295011,0.08218501935,0.08470011506,0.5067760092,0,0.08,true
001,planted,4121,1,-1.502604806,-0.004309808587,-0.001794712869,0.499856423,1,0.08,true
001,planted,4122,0,1.544820266,0.07433821303,0.08229432904,0.5065835463,0,0.08,true
001,planted,4123,1,0.8336315648,0.1136765908,0.1161916866,0.5092953349,1,0.08,true
001,planted,4124,0,-0.4423583192,0.08716968858,0.09512580458,0.5076100644,1,0.08,true
001,planted,4125,0,0.9380610421,0.1318163815,0.1397724975,0.5111817998,1,0.08,true
001,planted,4126,1,-1.534838536,0.04352999734,0.04604509305,0.5036836074,1,0.08,true
001,planted,4127,0,1.184948453,0.09982450936,0.1077806254,0.50862245,0,0.08,true
001,planted,4128,0,-0.7689268602,0.05721356486,0.06516968086,0.5052135745,1,0.08,true
001,planted,4129,1,-0.343560721,0.03794175155,0.04045684727,0.5032365478,0,0.08,true
001,planted,4130,1,0.8303815135,0.07924338668,0.0817584824,0.5065406786,0,0.08,true
001,planted,4131,1,-0.1813760359,0.06754906491,0.07006416063,0.5056051329,0,0.08,true
001,planted,4132,1,0.5369736666,0.09424738449,0.09676248021,0.5077409984,1,0.08,true
001,planted,4133,0,0.4714317812,0.1171550176,0.1251111336,0.5100088907,0,0.08,true
001,planted,4134,1,-1.044537751,0.05345862754,0.05597372325,0.5044778979,0,0.08,true
001,planted,4135,1,-0.4821005364,0.02495034671,0.02746544243,0.5021972354,0,0.08,true
001,planted,4136,1,-0.01011525901,0.02374203309,0.02625712881,0.5021005703,1,0.08,true
001,planted,4137,0,0.5521995254,0.05485970302,0.06281581902,0.5050252655,1,0.08,true
001,planted,4138,1,1.504716771,0.1326185826,0.1351336783,0.5108106943,0,0.08,true
001,planted,4139,1,1.813064487,0.2107152126,0.2132303083,0.5170584247,1,0.08,true
001,planted,4140,1,0.5895059198,0.2342240375,0.2367391332,0.5189391307,0,0.08,true
001,planted,4141,1,2.010328373,0.302736798,0.3052518938,0.5244201515,1,0.08,true
001,planted,4142,0,0.9133943568,0.3335638369,0.3415199529,0.5273215962,1,0.08,true
001,planted,4143,1,0.4425402527,0.3454911672,0.3480062629,0.527840501,1,0.08,true
001,planted,4144,0,-0.9042842154,0.2847772154,0.2927333314,0.5234186665,0,0.08,true
001,planted,4145,0,0.9826805623,0.3198308723,0.3277869883,0.5262229591,1,0.08,true
001,planted,4146,0,-0.5623853065,0.2806378611,0.2885939771,0.5230875182,0,0.08,true
001,planted,4147,0,-0.4346175581,0.249624114,0.25758023,0.5206064184,0,0.08,true
001,planted,4148,0,0.6303433484,0.273753495,0.281709611,0.5225367689,0,0.08,true
001,planted,4149,0,0.4522375183,0.2894958525,0.2974519685,0.5237961575,0,0.08,true
001,planted,4150,0,0.4632193377,0.305668684,0.3136248,0.525089984,1,0.08,true
001,planted,4151,0,-0.03983998536,0.2956801825,0.3036362985,0.5242909039,1,0.08,true
001,planted,4152,1,1.974017906,0.3582074171,0.3607225128,0.528857801,0,0.08,true
001,planted,4153,0,-2.09303128,0.2143907696,0.2223468856,0.5177877508,1,0.08,true
001,planted,4154,1,0.9610728276,0.2501491418,0.2526642375,0.520213139,0,0.08,true
001,planted,4155,1,1.222744903,0.2931074408,0.2956225365,0.5236498029,1,0.08,true
001,planted,4156,1,0.003354104607,0.2858475103,0.2883626061,0.5230690085,0,0.08,true
001,planted,4157,0,1.021257588,0.3210523972,0.3290085132,0.5263206811,1,0.08,true
001,planted,4158,0,-2.451879693,0.1682785999,0.1762347159,0.5140987773,0,0.08,true
001,planted,4159,0,-0.8198420623,0.1257353196,0.1336914356,0.5106953148,0,0.08,true
001,planted,4160,0,-1.095739314,0.0712835343,0.0792396503,0.506339172,1,0.08,true
001,planted,4161,0,0.4287568931,0.0885626539,0.0965187699,0.5077215016,0,0.08,true
001,planted,4162,1,-0.7670923207,0.05018282947,0.05269792518,0.504215834,1,0.08,true
001,planted,4163,1,0.943289426,0.0913850576,0.09390015332,0.5075120123,0,0.08,true
001,planted,4164,0,-0.01964307811,0.08814307013,0.09609918613,0.5076879349,1,0.08,true
001,planted,4165,1,-0.7215510378,0.05035248328,0.052867579,0.5042294063,0,0.08,true
001,planted,4166,1,-0.024202249,0.0478886183,0.05040371402,0.5040322971,0,0.08,true
001,planted,4167,1,-0.9578724834,-0.001537370888,0.0009777248297,0.500078218,1,0.08,true
001,planted,4168,0,0.9687076654,0.04634074193,0.05429685793,0.5043437486,1,0.08,true
001,planted,4169,1,0.514082208,0.07071826361,0.07323335933,0.5058586687,0,0.08,true
001,planted,4170,0,2.533328442,0.1723532907,0.1803094067,0.5144247525,1,0.08,true
001,planted,4171,0,0.6521314579,0.1960591875,0.2040153035,0.5163212243,0,0.08,true
001,planted,4172,1,-1.342594818,0.1239567911,0.1264718868,0.5101177509,1,0.08,true
001,planted,4173,1,-0.37663117,0.103210737,0.1057258327,0.5084580666,0,0.08,true
001,planted,4174,0,-0.8677701661,0.05885599478,0.06681211078,0.5053449689,0,0.08,true
001,planted,4175,1,0.945788874,0.1002210698,0.1027361655,0.5082188932,0,0.08,true
001,planted,4176,0,-0.6224723385,0.06739720508,0.07535332108,0.5060282657,1,0.08,true
001,planted,4177,1,-0.5624432993,0.03811951775,0.04063461347,0.5032507691,1,0.08,true
001,planted,4178,0,-0.7532508487,-6.393002982e-05,0.007892185974,0.5006313749,1,0.08,true
001,planted,4179,1,0.8034557704,0.03948373851,0.04199883423,0.5033599067,1,0.08,true
001,planted,4180,0,-0.6493379355,0.00563389414,0.01359001014,0.5010872008,0,0.08,true
001,planted,4181,1,1.766436752,0.08901865584,0.09153375156,0.5073227001,1,0.08,true
001,planted,4182,1,-0.3634618439,0.06883108885,0.07134618457,0.5057076948,1,0.08,true
001,planted,4183,1,0.5590353091,0.09423114761,0.09674624333,0.5077396995,1,0.08,true
001,planted,4184,0,-1.576769901,0.01111769727,0.01907381327,0.5015259051,1,0.08,true
001,planted,4185,0,-0.6297922452,-0.01985551199,-0.01189939599,0.4990480483,0,0.08,true
001,planted,4186,1,-0.1707161677,-0.02783993307,-0.02532483735,0.497974013,1,0.08,true
001,planted,4187,1,-0.3382737508,-0.04428557906,-0.04177048334,0.4966583613,0,0.08,true
001,planted,4188,1,0.6849078239,-0.007276875633,-0.004761779915,0.4996190576,1,0.08,true
001,planted,4189,0,1.004613489,0.04484603063,0.05280214663,0.5042241717,0,0.08,true
001,planted,4190,0,0.5136026909,0.0703363857,0.0782925017,0.5062634001,1,0.08,true
001,planted,4191,1,0.1373392988,0.0759061651,0.07842126082,0.5062737009,0,0.08,true
001,planted,4192,0,-1.695555719,-0.01807840749,-0.01012229149,0.4991902167,1,0.08,true
001,planted,4193,1,0.9105213812,0.02928632539,0.03180142111,0.5025441137,1,0.08,true
001,planted,4194,1,-0.5927564554,-0.002503732358,1.136335984e-05,0.5000009091,1,0.08,true
001,planted,4195,1,1.519933754,0.07383570696,0.07635080268,0.5061080642,0,0.08,true
001,planted,4196,0,0.3573928455,0.09002906334,0.09798517934,0.5078388143,1,0.08,true
001,planted,4197,1,0.9305031052,0.1334905838,0.1360056795,0.5108804544,0,0.08,true
001,planted,4198,1,-0.04583396941,0.1276891134,0.1302042091,0.5104163367,0,0.08,true
001,planted,4199,1,-2.514646635,-0.00975739875,-0.007242303032,0.4994206158,0,0.08,true
001,planted,4200,1,1.496624733,0.05852194367,0.06103703939,0.5048829632,1,0.08,true
001,planted,4201,1,-1.115626164,0.005212273479,0.007727369197,0.5006181895,0,0.08,true
001,planted,4202,1,-0.326903105,-0.01003735371,-0.007522257991,0.4993982194,1,0.08,true
001,planted,4203,1,-0.4268240211,-0.02989675257,-0.02738165685,0.4978094675,1,0.08,true
001,planted,4204,1,-1.679940669,-0.103857478,-0.1013423823,0.4918926094,0,0.08,true
001,planted,4205,0,-2.175612927,-0.1846670373,-0.1767109213,0.4858631263,0,0.08,true
001,planted,4206,0,0.8513624124,-0.1409195884,-0.1329634724,0.4893629222,1,0.08,true
001,planted,4207,0,-0.4739229908,-0.157588309,-0.149632193,0.4880294246,0,0.08,true
001,planted,4208,0,-0.3054152184,-0.1670567024,-0.1591005864,0.4872719531,0,0.08,true
001,planted,4209,0,0.3985457837,-0.1439319068,-0.1359757907,0.4891219367,1,0.08,true
001,planted,4210,1,1.183920272,-0.08185319599,-0.07933810027,0.493652952,1,0.08,true
001,planted,4211,1,0.914289541,-0.03614071558,-0.03362561986,0.4973099504,1,0.08,true
001,planted,4212,1,0.8328661396,0.004156165181,0.006671260899,0.5005337009,0,0.08,true
001,planted,4213,1,0.7022533114,0.03723781097,0.03975290669,0.5031802325,1,0.08,true
001,planted,4214,1,-0.7144855048,0.001586882106,0.004101977824,0.5003281582,1,0.08,true
001,planted,4215,1,-0.3408965897,-0.01519073848,-0.01267564276,0.4989859486,0,0.08,true
001,planted,4216,0,0.4568339313,0.008157327417,0.01611344342,0.5012890755,1,0.08,true
001,planted,4217,1,0.2247369583,0.01947577134,0.02199086706,0.5017592694,0,0.08,true
001,planted,4218,0,0.2126001693,0.03014097342,0.03809708942,0.5030477672,0,0.08,true
001,planted,4219,0,0.6731726727,0.06485407671,0.07281019271,0.5058248154,0,0.08,true
001,planted,4220,1,1.409640359,0.1325985022,0.135113598,0.5108090878,1,0.08,true
001,planted,4221,0,-0.241037677,0.1162737954,0.1242299114,0.5099383929,1,0.08,true
001,planted,4222,0,0.8389955961,0.1556881129,0.1636442289,0.5130915383,1,0.08,true
001,planted,4223,1,0.0645203302,0.1552488031,0.1577638989,0.5126211119,1,0.08,true
001,planted,4224,0,0.7854355498,0.1916297577,0.1995858737,0.5159668699,0,0.08,true
001,planted,4225,1,0.6226205432,0.2191932256,0.2217083213,0.5177366657,0,0.08,true
001,planted,4226,1,-1.486435341,0.1203225397,0.1228376354,0.5098270108,1,0.08,true
001,planted,4227,1,-0.4869656029,0.08995031313,0.09246540885,0.5073972327,1,0.08,true
001,planted,4228,1,0.3721136813,0.1079829707,0.1104980665,0.5088398453,1,0.08,true
001,planted,4229,0,-0.5952479495,0.07049077218,0.07844688818,0.5062757511,1,0.08,true
001,planted,4230,1,1.227551829,0.1331693728,0.1356844685,0.5108547575,1,0.08,true
001,planted,4231,0,0.5755619156,0.1606637926,0.1686199086,0.5134895927,0,0.08,true
001,planted,4232,0,0.2483885858,0.1705154532,0.1784715693,0.5142777255,1,0.08,true
001,planted,4233,1,0.8054231358,0.2089277918,0.2114428875,0.516915431,1,0.08,true
001,planted,4234,1,-0.07558040765,0.199136739,0.2016518347,0.5161321468,0,0.08,true
001,planted,4235,1,-0.3180293539,0.1741937523,0.1767088481,0.5141367078,1,0.08,true
001,planted,4236,0,0.02468294242,0.1713067422,0.1792628582,0.5143410287,1,0.08,true
001,planted,4237,0,0.4445654261,0.1936611039,0.2016172199,0.5161293776,1,0.08,true
001,planted,4238,0,-0.2932344617,0.1691976586,0.1771537746,0.514172302,1,0.08,true
001,planted,4239,0,-0.05177141035,0.1614736886,0.1694298046,0.5135543844,0,0.08,true
001,planted,4240,0,0.04167170092,0.1601970401,0.1681531561,0.5134522525,1,0.08,true
001,planted,4241,0,-1.191439838,0.06872105491,0.07667717092,0.5061341737,1,0.08,true
001,planted,4242,0,-0.8916196308,0.007081780903,0.01503789691,0.5012030318,1,0.08,true
001,planted,4243,1,-1.303353879,-0.07418720205,-0.07167210633,0.4942662315,1,0.08,true
001,planted,4244,1,1.081055451,-0.003534806298,-0.00101971058,0.4999184232,1,0.08,true
001,planted,4245,1,-0.05348368247,-0.006773971945,-0.004258876227,0.4996592899,1,0.08,true
001,planted,4246,1,0.3568518395,0.0161031345,0.01861823022,0.5014894584,0,0.08,true
001,planted,4247,1,-0.987916213,-0.04679764055,-0.04428254483,0.4964573964,0,0.08,true
001,planted,4248,1,-0.5990867514,-0.0828928131,-0.08037771739,0.4935697826,1,0.08,true
001,planted,4249,1,1.075818843,-0.01039378113,-0.007878685408,0.4993697052,0,0.08,true
001,planted,4250,1,0.3580480618,0.01258639195,0.01510148767,0.501208119,0,0.08,true
001,planted,4251,0,1.195742359,0.08494855398,0.09290466998,0.5074323736,0,0.08,true
001,planted,4252,0,-0.6084600639,0.04385958476,0.05181570077,0.5041452561,0,0.08,true
001,planted,4253,0,-0.8035542643,-0.008188075908,-0.0002319599044,0.4999814432,0,0.08,true
001,planted,4254,0,1.907685765,0.09970930356,0.1076654196,0.5086132336,1,0.08,true
001,planted,4255,0,-0.9211405575,0.04312509699,0.051081213,0.504086497,0,0.08,true
001,planted,4256,1,1.577248667,0.1227704747,0.1252855704,0.5100228456,0,0.08,true
001,planted,4257,1,-0.773075256,0.07617950914,0.07869460485,0.5062955684,1,0.08,true
001,planted,4258,1,1.434859438,0.144393719,0.1469088147,0.5117527052,1,0.08,true
001,planted,4259,0,-0.08104027536,0.1364027409,0.1443588569,0.5115487086,1,0.08,true
001,planted,4260,0,0.4129383952,0.1546913377,0.1626474537,0.5130117963,1,0.08,true
001,planted,4261,1,-0.4191593746,0.1267453525,0.1292604482,0.5103408359,0,0.08,true
001,planted,4262,0,0.370149596,0.1439333887,0.1518895047,0.5121511604,1,0.08,true
001,planted,4263,0,-1.451363059,0.05245044927,0.06040656527,0.5048325252,0,0.08,true
001,planted,4264,1,0.8359770922,0.09565442821,0.09816952392,0.5078535619,0,0.08,true
001,planted,4265,1,0.3890918037,0.1144690826,0.1169841783,0.5093587343,1,0.08,true
001,planted,4266,0,0.3185883342,0.129351645,0.137307761,0.5109846209,0,0.08,true
001,planted,4267,0,0.2278800415,0.1391487021,0.1471048181,0.5117683854,0,0.08,true
001,planted,4268,0,-1.600357617,0.03661062786,0.04456674386,0.5035653395,0,0.08,true
001,planted,4269,1,-0.02588026007,0.03422190329,0.03673699901,0.5029389599,0,0.08,true
001,planted,4270,1,-0.336478752,0.01381508103,0.01633017675,0.5013064141,1,0.08,true
001,planted,4271,0,-2.316006878,-0.1054016285,-0.0974455125,0.492204359,1,0.08,true
001,planted,4272,0,-0.2406453777,-0.1150144188,-0.1070583028,0.4914353358,0,0.08,true
001,planted,4273,0,-0.6939215477,-0.1469309525,-0.1389748365,0.4888820131,0,0.08,true
001,planted,4274,0,-0.7492635944,-0.1805438041,-0.1725876881,0.486192985,0,0.08,true
001,planted,4275,0,0.9196947237,-0.1230829506,-0.1151268346,0.4907898532,0,0.08,true
001,planted,4276,1,-0.2675424008,-0.1342097129,-0.1316946172,0.4894644306,0,0.08,true
001,planted,4277,0,-1.733524199,-0.2086266029,-0.2006704869,0.4839463611,1,0.08,true
001,planted,4278,1,-0.5987894847,-0.2324310969,-0.2299160011,0.4816067199,0,0.08,true
001,planted,4279,1,2.528216308,-0.07883546857,-0.07632037285,0.4938943702,0,0.08,true
001,planted,4280,1,-1.465604588,-0.1390155953,-0.1365004996,0.48907996,0,0.08,true
001,planted,4281,1,-0.991828487,-0.1773727006,-0.1748576048,0.4860113916,0,0.08,true
001,planted,4282,1,0.8000858484,-0.1341538326,-0.1316387369,0.4894689011,0,0.08,true
001,planted,4283,0,-0.06268050464,-0.1336728129,-0.1257166969,0.4899426643,1,0.08,true
001,planted,4284,0,-2.27909942,-0.2151941523,-0.2072380363,0.4834209571,0,0.08,true
001,planted,4285,0,-1.479279553,-0.2640434561,-0.2560873401,0.4795130128,0,0.08,true
001,planted,4286,0,-1.597148794,-0.312114022,-0.304157906,0.4756673675,0,0.08,true
001,planted,4287,0,-0.7116458871,-0.3315051878,-0.3235490718,0.4741160743,1,0.08,true
001,planted,4288,1,-0.7431974475,-0.3516853797,-0.349170284,0.4720663773,0,0.08,true
001,planted,4289,1,0.5764439111,-0.3153937678,-0.3128786721,0.4749697062,1,0.08,true
001,planted,4290,1,-0.2111294609,-0.3165945224,-0.3140794267,0.4748736459,0,0.08,true
001,planted,4291,0,-0.6329877139,-0.3348586159,-0.3269024999,0.4738478,0,0.08,true
001,planted,4292,0,1.050328076,-0.2707846468,-0.2628285308,0.4789737175,1,0.08,true
001,planted,4293,0,0.8014135797,-0.2232313769,-0.2152752609,0.4827779791,1,0.08,true
001,planted,4294,0,-0.5516411402,-0.2420919076,-0.2341357916,0.4812691367,0,0.08,true
001,planted,4295,0,0.4169261511,-0.2149397436,-0.2069836276,0.4834413098,1,0.08,true
001,planted,4296,0,1.073279957,-0.1522699094,-0.1443137934,0.4884548965,0,0.08,true
001,planted,4297,0,-1.236006217,-0.2019883467,-0.1940322307,0.4844774215,0,0.08,true
001,planted,4298,1,0.1789912211,-0.1879946943,-0.1854795986,0.4851616321,0,0.08,true
001,planted,4299,0,0.7983459024,-0.1410559574,-0.1330998414,0.4893520127,1,0.08,true
001,planted,4300,0,-0.674782523,-0.1696234998,-0.1616673838,0.4870666093,1,0.08,true
001,planted,4301,1,1.764555802,-0.06942184881,-0.06690675309,0.4946474598,0,0.08,true
001,planted,4302,1,1.741220407,0.01609973625,0.01861483196,0.5014891866,0,0.08,true
001,planted,4303,1,-1.395176301,-0.04756423059,-0.04504913488,0.4963960692,1,0.08,true
001,planted,4304,1,-0.0187022308,-0.04722086347,-0.04470576776,0.4964235386,0,0.08,true
001,planted,4305,1,0.4763987432,-0.02339645617,-0.02088136046,0.4983294912,1,0.08,true
001,planted,4306,0,-0.4265251564,-0.04319507351,-0.03523895751,0.4971808834,1,0.08,true
001,planted,4307,1,-1.443709238,-0.107916537,-0.1054014413,0.4915678847,0,0.08,true
001,planted,4308,1,1.024952807,-0.05448860999,-0.05197351427,0.4958421189,1,0.08,true
001,planted,4309,1,-0.4564303534,-0.07477818719,-0.07226309147,0.4942189527,1,0.08,true
001,planted,4310,1,-0.4814284109,-0.09607219231,-0.09355709659,0.4925154323,0,0.08,true
001,planted,4311,0,-0.8217735793,-0.1327132182,-0.1247571022,0.4900194318,1,0.08,true
001,planted,4312,0,0.08034616338,-0.1252561157,-0.1172999997,0.490616,0,0.08,true
001,planted,4313,1,1.933173934,-0.01959305868,-0.01707796296,0.498633763,0,0.08,true
001,planted,4314,0,-1.165218153,-0.07350235786,-0.06554624186,0.4947563007,0,0.08,true
001,planted,4315,0,0.3758452954,-0.05326647107,-0.04531035507,0.4963751716,0,0.08,true
001,planted,4316,0,-1.423538102,-0.1167411475,-0.1087850315,0.4912971975,0,0.08,true
001,planted,4317,0,-0.01538669694,-0.1145300579,-0.1065739419,0.4914740847,1,0.08,true
001,planted,4318,1,-1.317569684,-0.1699838269,-0.1674687311,0.4866025015,1,0.08,true
001,planted,4319,0,-0.806345966,-0.2020232528,-0.1940671368,0.4844746291,0,0.08,true
001,planted,4320,0,-1.172823169,-0.2467410574,-0.2387849414,0.4808972047,1,0.08,true
001,planted,4321,0,-0.3784394416,-0.2581886785,-0.2502325625,0.479981395,0,0.08,true
001,planted,4322,0,-0.4617021324,-0.2733695703,-0.2654134543,0.4787669237,1,0.08,true
001,planted,4323,1,0.6759822181,-0.2290756148,-0.2265605191,0.4818751585,1,0.08,true
001,planted,4324,1,0.4443872108,-0.1991284943,-0.1966133986,0.4842709281,0,0.08,true
001,planted,4325,0,-0.799380725,-0.2323347398,-0.2243786238,0.4820497101,1,0.08,true
001,planted,4326,1,-1.002101545,-0.2723097497,-0.269794654,0.4784164277,0,0.08,true
001,planted,4327,0,-0.7090932148,-0.2989843443,-0.2910282283,0.4767177417,0,0.08,true
001,planted,4328,1,-1.408598036,-0.3478656085,-0.3453505128,0.472371959,1,0.08,true
001,planted,4329,0,-1.272184411,-0.3888129681,-0.3808568521,0.4695314518,0,0.08,true
001,planted,4330,1,-0.9357120341,-0.417584677,-0.4150695813,0.4667944335,1,0.08,true
001,planted,4331,1,-0.3641054958,-0.4243273482,-0.4218122525,0.4662550198,1,0.08,true
001,planted,4332,0,1.848827531,-0.2894899904,-0.2815338744,0.4774772901,1,0.08,true
001,planted,4333,1,0.9172195389,-0.2318359515,-0.2293208558,0.4816543315,0,0.08,true
001,planted,4334,1,-0.4114779091,-0.2454793668,-0.2429642711,0.4805628583,0,0.08,true
001,planted,4335,1,-1.414816961,-0.2963863158,-0.2938712201,0.4764903024,0,0.08,true
001,planted,4336,1,-0.5226356946,-0.312802924,-0.3102878282,0.4751769737,0,0.08,true
001,planted,4337,0,-0.8656617598,-0.3422801692,-0.3343240532,0.4732540757,1,0.08,true
001,planted,4338,0,-0.8427211004,-0.3698830644,-0.3619269484,0.4710458441,1,0.08,true
001,planted,4339,0,1.632177871,-0.2588076145,-0.2508514984,0.4799318801,1,0.08,true
001,planted,4340,0,0.2246815294,-0.2408473284,-0.2328912124,0.481368703,0,0.08,true
001,planted,4341,0,-0.4606441023,-0.2566950896,-0.2487389736,0.4801008821,0,0.08,true
001,planted,4342,1,-0.3963356703,-0.2695584623,-0.2670433665,0.4786365307,1,0.08,true
001,planted,4343,0,-1.224595539,-0.3145264433,-0.3065703273,0.4754743738,0,0.08,true
001,planted,4344,1,-0.2914234721,-0.3209971207,-0.318482025,0.474521438,0,0.08,true
001,planted,4345,1,1.308919541,-0.2320798925,-0.2295647968,0.4816348163,0,0.08,true
001,planted,4346,1,-1.615462174,-0.2905538751,-0.2880387793,0.4769568977,0,0.08,true
001,planted,4347,1,-0.536160012,-0.3078493265,-0.3053342308,0.4755732615,1,0.08,true
001,planted,4348,1,1.994341952,-0.1804366064,-0.1779215107,0.4857662791,1,0.08,true
001,planted,4349,1,-0.02284072289,-0.1769544096,-0.1744393139,0.4860448549,0,0.08,true
001,planted,4350,1,0.5586105148,-0.1440862501,-0.1415711544,0.4886743076,0,0.08,true
001,planted,4351,1,0.4491133602,-0.1174854669,-0.1149703712,0.4908023703,1,0.08,true
001,planted,4352,0,1.149818016,-0.05423041319,-0.04627429718,0.4962980562,1,0.08,true
001,planted,4353,1,0.2625430151,-0.03953855568,-0.03702345997,0.4970381232,0,0.08,true
001,planted,4354,0,-0.01948164952,-0.03954394198,-0.03158782597,0.4974729739,1,0.08,true
001,planted,4355,1,-0.8702369775,-0.08294176262,-0.0804266669,0.4935658666,1,0.08,true
001,planted,4356,0,-0.7072143735,-0.1168759984,-0.1089198824,0.4912864094,0,0.08,true
001,planted,4357,1,0.4941154466,-0.08666768295,-0.08415258723,0.493267793,0,0.08,true
001,planted,4358,0,0.1325801479,-0.07715114622,-0.06919503022,0.4944643976,0,0.08,true
001,planted,4359,1,-0.01914734556,-0.07627504809,-0.07375995238,0.4940992038,1,0.08,true
001,planted,4360,1,0.06236752661,-0.07073105395,-0.06821595823,0.4945427233,0,0.08,true
001,planted,4361,1,1.433473833,0.01497912368,0.0174942194,0.5013995376,0,0.08,true
001,planted,4362,1,-0.08787995344,0.009601832207,0.01211692792,0.5009693542,0,0.08,true
001,planted,4363,1,0.07053417551,0.01346914552,0.01598424124,0.5012787393,1,0.08,true
001,planted,4364,1,-0.4753632145,-0.01518243711,-0.01266734139,0.4989866127,0,0.08,true
001,planted,4365,0,-0.2911785356,-0.03242220358,-0.02446608758,0.498042713,0,0.08,true
001,planted,4366,0,-0.3469217571,-0.05295499507,-0.04499887907,0.4964000897,0,0.08,true
001,planted,4367,1,1.149228136,0.02039696018,0.0229120559,0.5018329645,0,0.08,true
001,planted,4368,1,0.7615451245,0.06565490236,0.06816999807,0.5054535998,0,0.08,true
001,planted,4369,1,0.4426535074,0.09085902256,0.09337411828,0.5074699295,1,0.08,true
001,planted,4370,0,1.101910222,0.1511982773,0.1591543933,0.5127323515,0,0.08,true
001,planted,4371,0,-0.01932995138,0.1461678701,0.1541239861,0.5123299189,1,0.08,true
001,planted,4372,0,-0.0919334436,0.1365652209,0.1445213369,0.511561707,1,0.08,true
001,planted,4373,0,-0.9225346938,0.07034069236,0.07829680837,0.5062637447,0,0.08,true
001,planted,4374,1,-0.7516480983,0.01946849102,0.02198358674,0.5017586869,0,0.08,true
001,planted,4375,0,0.599662667,0.05701922617,0.06497534217,0.5051980274,1,0.08,true
001,planted,4376,0,-0.5764590496,0.01752819,0.02548430601,0.5020387445,0,0.08,true
001,planted,4377,0,0.004964061631,0.01741362702,0.02536974302,0.5020295794,1,0.08,true
001,planted,4378,1,-0.7648733995,-0.03416778799,-0.03165269227,0.4974677846,0,0.08,true
001,planted,4379,0,1.935930847,0.08475228761,0.09270840361,0.5074166723,1,0.08,true
001,planted,4380,1,-0.3604264352,0.06065157973,0.06316667544,0.505053334,1,0.08,true
001,planted,4381,1,-1.086292381,-0.007265201428,-0.00475010571,0.4996199915,0,0.08,true
001,planted,4382,1,1.545799332,0.07958090699,0.08209600271,0.5065676802,1,0.08,true
001,planted,4383,1,-0.5532694217,0.04549005094,0.04800514666,0.5038404117,0,0.08,true
001,planted,4384,0,1.331900091,0.1149905068,0.1229466228,0.5098357298,0,0.08,true
001,planted,4385,0,0.910368701,0.1592041674,0.1671602834,0.5133728227,0,0.08,true
001,planted,4386,1,-1.040458013,0.09343907188,0.09595416759,0.5076763334,0,0.08,true
001,planted,4387,0,-0.575176473,0.05833300701,0.06628912301,0.5053031298,0,0.08,true
001,planted,4388,1,-0.6377064358,0.02040194158,0.02291703729,0.501833363,0,0.08,true
001,planted,4389,0,0.3482680205,0.03974293827,0.04769905428,0.5038159243,0,0.08,true
001,planted,4390,1,-0.0556942002,0.0354617619,0.03797685762,0.5030381486,1,0.08,true
001,planted,4391,0,-0.05858899563,0.03102987979,0.03898599579,0.5031188797,1,0.08,true
001,planted,4392,0,1.113187309,0.09466928145,0.1026253975,0.5082100318,0,0.08,true
001,planted,4393,0,-0.4951678337,0.06170639703,0.06966251304,0.505573001,1,0.08,true
001,planted,4394,0,0.2300348599,0.07417265741,0.08212877341,0.5065703019,0,0.08,true
001,planted,4395,1,1.959064995,0.1714629097,0.1739780055,0.5139182404,0,0.08,true
001,planted,4396,1,1.027322184,0.2180640438,0.2205791396,0.5176463312,1,0.08,true
001,planted,4397,1,1.207990053,0.2683814099,0.2708965056,0.5216717204,0,0.08,true
001,planted,4398,0,0.494058987,0.2867441252,0.2947002412,0.5235760193,1,0.08,true
001,planted,4399,0,0.4102240024,0.3009583451,0.3089144611,0.5247131569,0,0.08,true
001,planted,4400,0,-1.58656341,0.1873280753,0.1952841913,0.5156227353,1,0.08,true
001,planted,4401,1,-1.410925622,0.09988133558,0.1023964313,0.5081917145,0,0.08,true
001,planted,4402,0,1.08401204,0.1498585292,0.1578146452,0.5126251716,0,0.08,true
001,planted,4403,1,-0.2364022599,0.1334268321,0.1359419278,0.5108753542,0,0.08,true
001,planted,4404,1,-0.4638218523,0.1044136017,0.1069286975,0.5085542958,0,0.08,true
001,planted,4405,0,-0.1832868665,0.09160991445,0.09956603045,0.5079652824,1,0.08,true
001,planted,4406,0,0.6468562397,0.1240706802,0.1320267962,0.5105621437,1,0.08,true
001,planted,4407,1,-1.838413704,0.01460310789,0.01711820361,0.5013694563,0,0.08,true
001,planted,4408,1,0.6860941054,0.04991373924,0.05242883496,0.5041943068,0,0.08,true
001,planted,4409,1,0.07233492461,0.05252143351,0.05503652923,0.5044029223,1,0.08,true
001,planted,4410,1,0.08179618242,0.05568043778,0.0581955335,0.5046556427,1,0.08,true
001,planted,4411,1,-1.59958193,-0.03338321804,-0.03086812233,0.4975305502,0,0.08,true
001,planted,4412,1,0.2141306591,-0.02101341934,-0.01849832362,0.4985201341,0,0.08,true
001,planted,4413,1,-0.9967255847,-0.0731466187,-0.07063152299,0.4943494782,0,0.08,true
001,planted,4414,1,-0.003717688351,-0.0714982699,-0.06898317418,0.4944813461,0,0.08,true
001,planted,4415,0,1.205250792,-0.00182080966,0.006135306344,0.5004908245,1,0.08,true
001,planted,4416,1,0.3532659868,0.01766593786,0.02018103358,0.5016144827,1,0.08,true
001,planted,4417,0,1.911816201,0.1126890591,0.1206451751,0.509651614,0,0.08,true
001,planted,4418,0,-1.045407533,0.05374056526,0.06169668126,0.5049357345,0,0.08,true
001,planted,4419,0,-0.8092216905,0.01013501558,0.01809113159,0.5014472905,0,0.08,true
001,planted,4420,1,-1.003446497,-0.04158292461,-0.0390678289,0.4968745737,1,0.08,true
001,planted,4421,1,1.14276678,0.01863671307,0.02115180879,0.5016921447,1,0.08,true
001,planted,4422,0,1.838073578,0.1044299972,0.1123861132,0.5089908891,1,0.08,true
001,planted,4423,0,-0.9505226025,0.05408486235,0.06204097835,0.5049632783,0,0.08,true
001,planted,4424,1,-0.7492104052,0.01565631346,0.01817140918,0.5014537127,1,0.08,true
001,planted,4425,1,0.03323792423,0.01691429164,0.01942938736,0.501554351,1,0.08,true
001,planted,4426,0,-0.2068218554,0.005914834562,0.01387095057,0.501109676,0,0.08,true
001,planted,4427,1,0.563857545,0.03497909309,0.03749418881,0.5029995351,1,0.08,true
001,planted,4428,1,-0.3017070347,0.0179820022,0.02049709792,0.5016397678,0,0.08,true
001,planted,4429,1,1.250233728,0.08193372172,0.08444881744,0.5067559054,1,0.08,true
001,planted,4430,0,0.7153741214,0.1164246483,0.1243807643,0.5099504611,1,0.08,true
001,planted,4431,0,-0.1486362969,0.1053700791,0.1133261951,0.5090660956,0,0.08,true
001,planted,4432,1,-1.175607217,0.03601391609,0.03852901181,0.5030823209,0,0.08,true
001,planted,4433,0,-0.1623231621,0.02621564789,0.03417176389,0.5027337411,1,0.08,true
001,planted,4434,1,2.521688459,0.1409922637,0.1435073594,0.5114805888,1,0.08,true
001,planted,4435,0,-1.81278266,0.04593474386,0.05389085987,0.5043112688,1,0.08,true
001,planted,4436,1,-1.461277329,-0.02200006481,-0.01948496909,0.4984412025,1,0.08,true
001,planted,4437,0,-0.5581728119,-0.04655700798,-0.03860089198,0.4969119286,1,0.08,true
001,planted,4438,0,0.8328874017,-0.006622121465,0.001333994539,0.5001067196,1,0.08,true
001,planted,4439,0,0.2073128445,0.003270385085,0.01122650109,0.5008981201,0,0.08,true
001,planted,4440,0,-0.0172983075,0.002355557234,0.01031167324,0.5008249339,0,0.08,true
001,planted,4441,1,1.060876755,0.05320776396,0.05572285968,0.5044578288,0,0.08,true
001,planted,4442,0,-0.8401386979,0.01027075715,0.01822687315,0.5014581499,1,0.08,true
001,planted,4443,0,-0.8858012809,-0.03339858093,-0.02544246493,0.4979646028,1,0.08,true
001,planted,4444,0,-0.6420963026,-0.06403805271,-0.0560819367,0.4955134451,0,0.08,true
001,planted,4445,0,-1.310473093,-0.1236662042,-0.1157100882,0.4907431929,0,0.08,true
001,planted,4446,0,0.7442153262,-0.0822037962,-0.0742476802,0.4940601856,0,0.08,true
001,planted,4447,0,-0.3431743626,-0.09719117306,-0.08923505705,0.4928611954,0,0.08,true
001,planted,4448,1,0.7912879664,-0.05290220656,-0.05038711085,0.4959690311,0,0.08,true
001,planted,4449,0,-1.237979185,-0.1116428642,-0.1036867482,0.4917050601,0,0.08,true
001,planted,4450,0,-0.2351107192,-0.1207411809,-0.1127850649,0.4909771948,0,0.08,true
001,planted,4451,1,0.8747905365,-0.07007778026,-0.06756268455,0.4945949852,1,0.08,true
001,planted,4452,0,0.6734057338,-0.03221390903,-0.02425779302,0.4980593766,0,0.08,true
001,planted,4453,0,-0.9861783077,-0.08207171494,-0.07411559894,0.4940707521,1,0.08,true
001,planted,4454,0,0.2010411188,-0.0691381132,-0.06118199719,0.4951054402,1,0.08,true
001,planted,4455,1,-0.9839881711,-0.118035121,-0.1155200252,0.490758398,1,0.08,true
001,planted,4456,0,1.205023375,-0.04703417586,-0.03907805985,0.4968737552,0,0.08,true
001,planted,4457,0,0.5464038063,-0.01625209084,-0.008295974832,0.499336322,1,0.08,true
001,planted,4458,0,-1.681499,-0.09987512582,-0.09191900982,0.4926464792,0,0.08,true
001,planted,4459,0,-0.4406500325,-0.1196351672,-0.1116790512,0.4910656759,1,0.08,true
001,planted,4460,0,1.711451604,-0.02387269676,-0.01591658076,0.4987266735,1,0.08,true
001,planted,4461,0,-0.2991240396,-0.03827243727,-0.03031632127,0.4975746943,1,0.08,true
001,planted,4462,1,-0.1311272987,-0.04405519187,-0.04154009615,0.4966767923,1,0.08,true
001,planted,4463,1,0.2872569989,-0.0276620067,-0.02514691098,0.4979882471,1,0.08,true
001,planted,4464,1,-0.2898435787,-0.04256979259,-0.04005469687,0.4967956243,1,0.08,true
001,planted,4465,0,0.8669365052,0.006461525359,0.01441764136,0.5011534113,1,0.08,true
001,planted,4466,1,-0.8763660555,-0.04149835399,-0.03898325827,0.4968813393,1,0.08,true
001,planted,4467,0,-0.9457473586,-0.09071664496,-0.08276052896,0.4933791577,0,0.08,true
001,planted,4468,1,-0.3000230642,-0.1048403596,-0.1023252639,0.4918139789,0,0.08,true
001,planted,4469,1,-1.230359754,-0.1644141551,-0.1618990594,0.4870480752,0,0.08,true
001,planted,4470,1,-0.6990420876,-0.1962908871,-0.1937757914,0.4844979367,1,0.08,true
001,planted,4471,0,-0.4592042745,-0.2157747242,-0.2078186082,0.4833745113,1,0.08,true
001,planted,4472,0,0.6156296976,-0.172778389,-0.164822273,0.4868142182,1,0.08,true
001,planted,4473,0,-0.2170071002,-0.1807541653,-0.1727980493,0.4861761561,0,0.08,true
001,planted,4474,1,-0.9298384107,-0.2248363404,-0.2223212447,0.4822143004,0,0.08,true
001,planted,4475,1,1.602564759,-0.114029495,-0.1115143993,0.4910788481,1,0.08,true
001,planted,4476,0,0.3735226477,-0.0898014248,-0.08184530879,0.4934523753,1,0.08,true
001,planted,4477,0,-0.5178898268,-0.1161779249,-0.1082218089,0.4913422553,1,0.08,true
001,planted,4478,0,0.5370465455,-0.08115454605,-0.07319843004,0.4941441256,1,0.08,true
001,planted,4479,0,0.9527605986,-0.02200537576,-0.01404925975,0.4988760592,0,0.08,true
001,planted,4480,1,-0.1702001329,-0.0314405043,-0.02892540858,0.4976859673,0,0.08,true
001,planted,4481,1,1.187357392,0.03907127486,0.04158637058,0.5033269096,1,0.08,true
001,planted,4482,0,1.882212791,0.1335386326,0.1414947486,0.5113195799,1,0.08,true
001,planted,4483,1,-0.1259928953,0.123271368,0.1257864637,0.5100629171,1,0.08,true
001,planted,4484,0,0.1656765784,0.1292487838,0.1372048998,0.510976392,1,0.08,true
001,planted,4485,1,-0.8661177563,0.07482825973,0.07734335545,0.5061874684,1,0.08,true
001,planted,4486,1,-0.2123295313,0.0607242457,0.06323934142,0.5050591473,1,0.08,true
001,planted,4487,0,0.9120082917,0.109449825,0.1174059411,0.5093924753,0,0.08,true
001,planted,4488,0,-0.1273754966,0.09918992166,0.1071460377,0.508571683,1,0.08,true
001,planted,4489,0,-0.07707686608,0.09204619462,0.1000023106,0.5080001848,0,0.08,true
001,planted,4490,1,-0.02528756616,0.08816111223,0.09067620795,0.5072540966,0,0.08,true
001,planted,4491,0,-1.861728175,-0.02773874888,-0.01978263287,0.4984173894,0,0.08,true
001,planted,4492,1,-1.042074773,-0.08374247715,-0.08122738144,0.4935018095,1,0.08,true
001,planted,4493,0,-0.8459040074,-0.1267240952,-0.1187679792,0.4904985617,0,0.08,true
001,planted,4494,0,-0.3627499451,-0.1435480118,-0.1355918958,0.4891526483,1,0.08,true
001,planted,4495,1,-1.525030072,-0.212482038,-0.2099669422,0.4832026446,1,0.08,true
001,planted,4496,1,-0.6439568472,-0.2397707483,-0.2372556525,0.4810195478,1,0.08,true
001,planted,4497,1,0.2963200611,-0.2164541132,-0.2139390175,0.4828848786,1,0.08,true
001,planted,4498,0,0.0962009103,-0.2053811658,-0.1974250498,0.484205996,1,0.08,true
001,planted,4499,1,0.3986167559,-0.1757134543,-0.1731983586,0.4861441313,1,0.08,true
001,planted,4500,0,-0.4797243397,-0.1984753356,-0.1905192196,0.4847584624,0,0.08,true
001,planted,4501,1,0.520555878,-0.1599715848,-0.1574564891,0.4874034809,1,0.08,true
001,planted,4502,0,1.916490998,-0.0324523239,-0.02449620789,0.4980403034,0,0.08,true
001,planted,4503,1,-0.721304714,-0.07107247566,-0.06855737995,0.4945154096,1,0.08,true
001,planted,4504,1,-0.8901185458,-0.1169009086,-0.1143858129,0.490849135,0,0.08,true
001,planted,4505,1,0.3383612174,-0.09435127068,-0.09183617496,0.492653106,0,0.08,true
001,planted,4506,0,1.805099728,0.01173614469,0.01969226069,0.5015753809,0,0.08,true
001,planted,4507,0,1.023203646,0.06473474381,0.07269085982,0.5058152688,0,0.08,true
001,planted,4508,0,1.230341925,0.1239456032,0.1319017192,0.5105521375,1,0.08,true
001,planted,4509,1,-0.6845262899,0.08350442746,0.08601952317,0.5068815619,0,0.08,true
001,planted,4510,0,-0.4740533586,0.05563201843,0.06358813443,0.5050870508,0,0.08,true
001,planted,4511,1,-0.06825042251,0.05048841527,0.05300351098,0.5042402809,0,0.08,true
001,planted,4512,1,-1.346695022,-0.02487116252,-0.02235606681,0.4982115147,1,0.08,true
001,planted,4513,0,0.1250181633,-0.01742352778,-0.00946741178,0.4992426071,0,0.08,true
001,planted,4514,0,0.5718121423,0.01480856864,0.02276468465,0.5018211748,0,0.08,true
001,planted,4515,0,-0.8890566167,-0.03512437752,-0.02716826152,0.4978265391,1,0.08,true
001,planted,4516,1,0.4759135303,-0.007159573545,-0.004644477827,0.4996284418,1,0.08,true
001,planted,4517,0,-0.6916935703,-0.04624895964,-0.03829284364,0.4969365725,1,0.08,true
001,planted,4518,0,1.400786637,0.03450635178,0.04246246778,0.5033969974,0,0.08,true
001,planted,4519,0,0.3961369503,0.05565102697,0.06360714298,0.5050885714,0,0.08,true
001,planted,4520,1,-0.2264257142,0.04116267588,0.0436777716,0.5034942217,0,0.08,true
001,planted,4521,0,1.273246713,0.1090885871,0.1170447031,0.5093635763,1,0.08,true
001,planted,4522,0,-0.4878159759,0.07779472449,0.08575084049,0.5068600672,1,0.08,true
001,planted,4523,0,-0.06351226226,0.07211328501,0.08006940101,0.5064055521,1,0.08,true
001,planted,4524,1,-0.8613786021,0.0183062359,0.02082133161,0.5016657065,1,0.08,true
001,planted,4525,0,1.132520715,0.08187250514,0.08982862115,0.5071862897,0,0.08,true
001,planted,4526,1,0.6068034081,0.1139815609,0.1164966566,0.5093197325,1,0.08,true
001,planted,4527,1,0.168435693,0.1209917966,0.1235068923,0.5098805514,1,0.08,true
001,planted,4528,1,0.1537087244,0.1271864816,0.1297015774,0.5103761262,1,0.08,true
001,planted,4529,1,0.7853604669,0.1690184915,0.1715335872,0.513722687,0,0.08,true
001,planted,4530,0,-0.238836524,0.1494488984,0.1574050144,0.5125924012,1,0.08,true
001,planted,4531,0,-0.2494876748,0.1293412245,0.1372973405,0.5109837872,1,0.08,true
001,planted,4532,0,-0.2595112181,0.1087272017,0.1166833177,0.5093346654,1,0.08,true
001,planted,4533,1,0.8651014437,0.1587681058,0.1612832015,0.5129026561,0,0.08,true
001,planted,4534,0,-0.4137410034,0.1262180907,0.1341742067,0.5107339365,0,0.08,true
001,planted,4535,0,-2.113211099,-0.01715989787,-0.00920378187,0.4992636975,0,0.08,true
001,planted,4536,1,-0.9640950832,-0.07099737142,-0.06848227571,0.4945214179,0,0.08,true
001,planted,4537,1,0.2622375818,-0.05378618967,-0.05127109395,0.4958983125,0,0.08,true
001,planted,4538,1,0.1251399991,-0.04493174328,-0.04241664756,0.4966066682,0,0.08,true
001,planted,4539,0,2.339717004,0.08368807799,0.09164419399,0.5073315355,0,0.08,true
001,planted,4540,0,-0.2289432271,0.06936310551,0.07731922151,0.5061855377,1,0.08,true
001,planted,4541,0,0.4325467581,0.09054001396,0.09849612996,0.5078796904,1,0.08,true
001,planted,4542,1,-1.048612227,0.02932235447,0.03183745019,0.502546996,1,0.08,true
001,planted,4543,0,-0.9025504369,-0.02046611294,-0.01250999693,0.4989992002,0,0.08,true
001,planted,4544,0,0.7103667574,0.0188259106,0.0267820266,0.5021425621,1,0.08,true
001,planted,4545,0,-0.02941040328,0.01671441438,0.02467053039,0.5019736424,1,0.08,true
001,planted,4546,0,-0.5307343531,-0.01384149612,-0.005885380116,0.4995291696,1,0.08,true
001,planted,4547,1,0.9294839532,0.03926370234,0.04177879806,0.5033423038,0,0.08,true
001,planted,4548,0,0.5934581946,0.07174185677,0.07969797277,0.5063758378,0,0.08,true
001,planted,4549,1,0.7120347986,0.1097769719,0.1122920676,0.5089833654,1,0.08,true
001,planted,4550,1,0.4177643624,0.1309050255,0.1334201212,0.5106736097,0,0.08,true
001,planted,4551,0,-0.09297715194,0.1219452613,0.1299013773,0.5103921102,1,0.08,true
001,planted,4552,0,2.373554275,0.2220781917,0.2300343077,0.5184027446,0,0.08,true
001,planted,4553,0,-0.05622003584,0.2134537879,0.2214099039,0.5177127923,1,0.08,true
001,planted,4554,1,-0.3682784752,0.1872567728,0.1897718685,0.5151817495,0,0.08,true
001,planted,4555,1,0.5175336599,0.2095669094,0.2120820051,0.5169665604,1,0.08,true
001,planted,4556,1,-0.4097664904,0.1801067199,0.1826218156,0.5146097452,0,0.08,true
001,planted,4557,0,1.464134891,0.2432865306,0.2512426466,0.5200994117,0,0.08,true
001,planted,4558,0,-0.5783230841,0.2030014108,0.2109575268,0.5168766021,1,0.08,true
001,planted,4559,1,1.075635098,0.2494220263,0.251937122,0.5201549698,0,0.08,true
001,planted,4560,1,0.3564564412,0.2619430933,0.264458189,0.5211566551,1,0.08,true
001,planted,4561,0,-1.257271235,0.1749391308,0.1828952468,0.5146316197,1,0.08,true
001,planted,4562,1,1.74434475,0.2454577342,0.24797283,0.5198378264,1,0.08,true
001,planted,4563,1,-0.6123330974,0.2050701534,0.2075852492,0.5166068199,1,0.08,true
001,planted,4564,0,1.005955084,0.2464315533,0.2543876693,0.5203510135,1,0.08,true
001,planted,4565,1,-0.275202733,0.225104536,0.2276196317,0.5182095705,0,0.08,true
001,planted,4566,0,-1.101154433,0.1541421057,0.1620982217,0.5129678577,1,0.08,true
001,planted,4567,0,-0.7269241331,0.1094235912,0.1173797072,0.5093903766,0,0.08,true
001,planted,4568,0,0.6540951332,0.1404855046,0.1484416206,0.5118753297,0,0.08,true
001,planted,4569,1,0.7802390915,0.1767154724,0.1792305682,0.5143384455,0,0.08,true
001,planted,4570,1,0.9712359072,0.2198920376,0.2224071333,0.5177925707,0,0.08,true
001,planted,4571,1,-2.152203745,0.08387589393,0.08639098964,0.5069112792,1,0.08,true
001,planted,4572,0,0.07449562135,0.08547723819,0.0934333542,0.5074746683,0,0.08,true
001,planted,4573,1,-1.273443437,0.01706266479,0.01957776051,0.5015662208,1,0.08,true
001,planted,4574,0,0.5352471877,0.04343159467,0.05138771067,0.5041110169,0,0.08,true
001,planted,4575,0,-0.07148819674,0.03863748897,0.04659360497,0.5037274884,1,0.08,true
001,planted,4576,1,2.162399989,0.1354186916,0.1379337873,0.511034703,0,0.08,true
001,planted,4577,1,-0.966550533,0.08345773836,0.08597283408,0.5068778267,1,0.08,true
001,planted,4578,1,-0.732191043,0.04522617616,0.04774127187,0.5038193017,1,0.08,true
001,planted,4579,1,1.166806715,0.09829688983,0.1008119855,0.5080649588,1,0.08,true
001,planted,4580,1,-0.6263675874,0.06458227331,0.06709736903,0.5053677895,0,0.08,true
001,planted,4581,1,-1.452612275,-0.008794791685,-0.006279695967,0.4994976243,0,0.08,true
001,planted,4582,0,1.056950938,0.04163127443,0.04958739044,0.5039669912,1,0.08,true
001,planted,4583,1,0.7950900617,0.07800378171,0.08051887743,0.5064415102,0,0.08,true
001,planted,4584,0,1.5464627,0.1438407004,0.1517968164,0.5121437453,0,0.08,true
001,planted,4585,0,1.078196096,0.1867210949,0.1946772109,0.5155741769,0,0.08,true
001,planted,4586,1,0.1694319409,0.1899443521,0.1924594478,0.5153967558,0,0.08,true
001,planted,4587,0,1.360899142,0.2411950143,0.2491511303,0.5199320904,1,0.08,true
001,planted,4588,0,-0.6924766483,0.1996128828,0.2075689988,0.5166055199,0,0.08,true
001,planted,4589,0,-1.886593937,0.09484308698,0.102799203,0.5082239362,0,0.08,true
001,planted,4590,1,-0.4009539146,0.07363669649,0.0761517922,0.5060921434,1,0.08,true
001,planted,4591,0,0.02715545535,0.07305566218,0.08101177818,0.5064809423,1,0.08,true
001,planted,4592,1,1.07016783,0.1199547541,0.1224698498,0.509797588,0,0.08,true
001,planted,4593,0,-1.607686869,0.03676268459,0.0447188006,0.503577504,0,0.08,true
001,planted,4594,0,0.9186177194,0.07756635726,0.08552247327,0.5068417979,1,0.08,true
001,planted,4595,0,-0.4663949355,0.05326530467,0.06122142067,0.5048977137,1,0.08,true
001,planted,4596,0,0.8800336196,0.09278694811,0.1007430641,0.5080594451,1,0.08,true
001,planted,4597,1,0.4890663691,0.1136190365,0.1161341323,0.5092907306,1,0.08,true
001,planted,4598,1,1.356696233,0.1705817424,0.1730968381,0.513847747,0,0.08,true
001,planted,4599,0,0.3164822866,0.1812805262,0.1892366422,0.5151389314,0,0.08,true
001,planted,4600,0,-0.1181778218,0.1707258037,0.1786819197,0.5142945536,1,0.08,true
001,planted,4601,1,-1.346235368,0.09308132222,0.09559641793,0.5076477134,0,0.08,true
001,planted,4602,1,-0.4265953983,0.0689752447,0.07149034042,0.5057192272,0,0.08,true
001,planted,4603,0,0.9928074044,0.1152195215,0.1231756375,0.509854051,0,0.08,true
001,planted,4604,0,-0.08825720282,0.1077497505,0.1157058665,0.5092564693,1,0.08,true
001,planted,4605,0,-0.8592409552,0.05859296369,0.06654907969,0.5053239264,0,0.08,true
001,planted,4606,0,-1.067376628,0.000576232502,0.008532348506,0.5006825879,1,0.08,true
001,planted,4607,1,-1.195602628,-0.06007069812,-0.0575556024,0.4953955518,1,0.08,true
001,planted,4608,0,0.6629236283,-0.02378841941,-0.01583230341,0.4987334157,0,0.08,true
001,planted,4609,0,0.7233089165,0.01474817652,0.02270429252,0.5018163434,0,0.08,true
001,planted,4610,1,-0.2133554881,0.00299059946,0.005505695178,0.5004404556,1,0.08,true
001,planted,4611,1,0.4850856362,0.02922227146,0.03173736718,0.5025389894,1,0.08,true
001,planted,4612,1,0.3380218529,0.04713812455,0.04965322027,0.5039722576,1,0.08,true
001,planted,4613,0,-0.7393994321,0.003784465356,0.01174058136,0.5009392465,1,0.08,true
001,planted,4614,0,-0.440574985,-0.02146362266,-0.01350750666,0.4989193995,0,0.08,true
001,planted,4615,1,0.09411463574,-0.0154080492,-0.01289295348,0.4989685637,0,0.08,true
001,planted,4616,0,-0.6847449131,-0.05519201345,-0.04723589744,0.4962211282,0,0.08,true
001,planted,4617,0,-0.4564790807,-0.080825756,-0.07286964,0.4941704288,1,0.08,true
001,planted,4618,0,-0.6284376976,-0.1158077259,-0.1078516099,0.4913718712,0,0.08,true
001,planted,4619,1,0.7053418977,-0.06760850051,-0.06509340479,0.4947925276,0,0.08,true
001,planted,4620,1,-1.207071775,-0.1341611841,-0.1316460883,0.4894683129,1,0.08,true
001,planted,4621,0,-1.860745801,-0.2177999922,-0.2098438762,0.4832124899,0,0.08,true
001,planted,4622,1,0.5593560485,-0.1793373239,-0.1768222282,0.4858542217,0,0.08,true
001,planted,4623,0,0.782151949,-0.1279601216,-0.1200040056,0.4903996795,1,0.08,true
001,planted,4624,1,-1.181440276,-0.1839523887,-0.181437293,0.4854850166,1,0.08,true
001,planted,4625,0,-0.1928490977,-0.1898816612,-0.1819255451,0.4854459564,0,0.08,true
001,planted,4626,1,-1.414744397,-0.2503162397,-0.2478011439,0.4801759085,0,0.08,true
001,planted,4627,1,-1.031890905,-0.2917508599,-0.2892357642,0.4768611389,0,0.08,true
001,planted,4628,0,-0.4749452766,-0.3084098437,-0.3004537277,0.4759637018,1,0.08,true
001,planted,4629,1,0.5146852632,-0.2694881828,-0.2669730871,0.478642153,1,0.08,true
001,planted,4630,1,-0.3404232945,-0.2810385055,-0.2785234097,0.4777181272,1,0.08,true
001,planted,4631,1,0.1105425238,-0.267361239,-0.2648461432,0.4788123085,1,0.08,true
001,planted,4632,0,0.8676990848,-0.2032608618,-0.1953047457,0.4843756203,1,0.08,true
001,planted,4633,1,-1.834492522,-0.2763526579,-0.2738375622,0.478092995,1,0.08,true
001,planted,4634,1,-0.8786756178,-0.3105639933,-0.3080488976,0.4753560882,1,0.08,true
001,planted,4635,0,0.2275058211,-0.2896768062,-0.2817206902,0.4774623448,1,0.08,true
001,planted,4636,1,-0.4917461462,-0.3077920553,-0.3052769596,0.4755778432,1,0.08,true
001,planted,4637,0,-1.635385483,-0.3632817233,-0.3553256073,0.4715739514,1,0.08,true
001,planted,4638,0,-0.1858601831,-0.3638337587,-0.3558776427,0.4715297886,0,0.08,true
001,planted,4639,1,-0.2351949317,-0.3671186019,-0.3646035062,0.4708317195,0,0.08,true
001,planted,4640,1,0.9577877823,-0.2943610157,-0.29184592,0.4766523264,0,0.08,true
001,planted,4641,1,0.4670937065,-0.2584693747,-0.2559542789,0.4795236577,0,0.08,true
001,planted,4642,1,0.1292690916,-0.244283431,-0.2417683353,0.4806585332,1,0.08,true
001,planted,4643,0,-0.6429104189,-0.2724054329,-0.2644493169,0.4788440546,1,0.08,true
001,planted,4644,0,-0.9576109446,-0.3129203092,-0.3049641932,0.4756028645,0,0.08,true
001,planted,4645,1,-0.02323273711,-0.3063804528,-0.3038653571,0.4756907714,0,0.08,true
001,planted,4646,0,-0.2566473838,-0.3135927059,-0.3056365899,0.4755490728,1,0.08,true
001,planted,4647,0,-1.409760082,-0.3665003409,-0.3585442249,0.471316462,0,0.08,true
001,planted,4648,0,-0.8261305066,-0.3970983535,-0.3891422374,0.468868621,0,0.08,true
001,planted,4649,0,1.382844059,-0.2850700115,-0.2771138955,0.4778308884,0,0.08,true
001,planted,4650,0,2.10956735,-0.1370849061,-0.1291287901,0.4896696968,0,0.08,true
001,planted,4651,0,1.943016092,-0.02967360014,-0.02171748414,0.4982626013,0,0.08,true
001,planted,4652,0,-2.787919457,-0.1406528849,-0.1326967689,0.4893842585,0,0.08,true
001,planted,4653,1,-0.6982680222,-0.165418093,-0.1629029972,0.4869677602,0,0.08,true
001,planted,4654,0,-1.677656438,-0.2225226409,-0.2145665249,0.482834678,0,0.08,true
001,planted,4655,0,0.4822195409,-0.1956644123,-0.1877082963,0.4849833363,0,0.08,true
001,planted,4656,1,0.582539238,-0.1644771617,-0.161962066,0.4870430347,1,0.08,true
001,planted,4657,1,0.1109813079,-0.1553821122,-0.1528670165,0.4877706387,0,0.08,true
001,planted,4658,1,-0.663065893,-0.1798249713,-0.1773098756,0.4858152099,0,0.08,true
001,planted,4659,0,0.1613673395,-0.1677583788,-0.1598022628,0.487215819,1,0.08,true
001,planted,4660,1,-0.02242514189,-0.1645662979,-0.1620512022,0.4870359038,1,0.08,true
001,planted,4661,0,0.4471206671,-0.1381222851,-0.1301661691,0.4895867065,1,0.08,true
001,planted,4662,0,0.4756093863,-0.1105177159,-0.1025615999,0.491795072,1,0.08,true
001,planted,4663,1,0.2556795102,-0.09467251941,-0.09215742369,0.4926274061,0,0.08,true
001,planted,4664,0,-1.017993178,-0.1409980669,-0.1330419509,0.4893566439,1,0.08,true
001,planted,4665,0,0.5605751152,-0.1076216779,-0.09966556187,0.4920267551,0,0.08,true
001,planted,4666,0,2.124955442,0.005917218058,0.01387333406,0.5011098667,0,0.08,true
001,planted,4667,1,1.511618102,0.07473370549,0.07724880121,0.5061799041,0,0.08,true
001,planted,4668,1,0.03155314652,0.07432282763,0.07683792335,0.5061470339,0,0.08,true
001,planted,4669,1,-0.7314166412,0.0367167372,0.03923183292,0.5031385466,1,0.08,true
001,planted,4670,0,1.035508008,0.08426174293,0.09221785893,0.5073774287,0,0.08,true
001,planted,4671,0,-0.1448455027,0.07500715741,0.08296327341,0.5066370619,0,0.08,true
001,planted,4672,0,0.9229627202,0.1169146692,0.1248707852,0.5099896628,1,0.08,true
001,planted,4673,1,0.2208160658,0.1249252077,0.1274403034,0.5101952243,0,0.08,true
001,planted,4674,1,0.7310353383,0.1572794074,0.1597945031,0.5127835602,0,0.08,true
001,planted,4675,0,0.6186910076,0.1837032382,0.1916593542,0.5153327483,0,0.08,true
001,planted,4676,0,0.1407590642,0.1864132767,0.1943693927,0.5155495514,0,0.08,true
001,planted,4677,0,2.319444916,0.2681148896,0.2760710056,0.5220856805,0,0.08,true
001,planted,4678,0,0.2205426927,0.2717319291,0.2796880451,0.5223750436,0,0.08,true
001,planted,4679,0,-1.553974322,0.1771488309,0.1851049469,0.5148083958,1,0.08,true
001,planted,4680,1,-0.2816464843,0.1587702937,0.1612853894,0.5129028312,1,0.08,true
001,planted,4681,0,-0.3621701403,0.1364042927,0.1443604087,0.5115488327,1,0.08,true
001,planted,4682,1,-1.209379546,0.06924625152,0.07176134723,0.5057409078,1,0.08,true
001,planted,4683,1,-0.6240332243,0.03591305846,0.03842815418,0.5030742523,0,0.08,true
001,planted,4684,1,-1.136151033,-0.02204982151,-0.01953472579,0.4984372219,0,0.08,true
001,planted,4685,1,-0.3775123279,-0.04041517022,-0.0379000745,0.496967994,0,0.08,true
001,planted,4686,0,1.106639006,0.01720290937,0.02515902537,0.502012722,1,0.08,true
001,planted,4687,1,-2.180965277,-0.08511470833,-0.08259961261,0.493392031,1,0.08,true
001,planted,4688,1,-0.2395366204,-0.09412038899,-0.09160529327,0.4926715765,1,0.08,true
001,planted,4689,0,0.4910095475,-0.06766466333,-0.05970854732,0.4952233162,1,0.08,true
001,planted,4690,1,1.621713087,0.01308172254,0.01559681825,0.5012477455,1,0.08,true
001,planted,4691,1,-3.81130726,-0.1309255608,-0.1284104651,0.4897271628,0,0.08,true
001,planted,4692,0,-0.7093500387,-0.1533968367,-0.1454407207,0.4883647423,1,0.08,true
001,planted,4693,0,-1.314201247,-0.195296276,-0.18734016,0.4850127872,1,0.08,true
001,planted,4694,1,1.08965634,-0.1456897472,-0.1431746514,0.4885460279,0,0.08,true
001,planted,4695,0,0.8230403308,-0.1088247838,-0.1008686678,0.4919305066,0,0.08,true
001,planted,4696,0,-0.871125527,-0.1388943877,-0.1309382717,0.4895249383,0,0.08,true
001,planted,4697,0,-0.3421224781,-0.1488227298,-0.1408666138,0.4887306709,0,0.08,true
001,planted,4698,0,2.699087454,-0.0306105956,-0.0226544796,0.4981876416,0,0.08,true
001,planted,4699,1,0.04191379677,-0.02825205734,-0.02573696162,0.4979410431,0,0.08,true
001,planted,4700,0,-0.5657394061,-0.04921876624,-0.04126265023,0.496698988,0,0.08,true
001,planted,4701,1,1.666691728,0.01722686656,0.01974196228,0.501579357,1,0.08,true
001,planted,4702,1,-0.3766825862,0.002122002699,0.004637098417,0.5003709679,0,0.08,true
001,planted,4703,1,0.5240172269,0.02285369105,0.02536878677,0.5020295029,0,0.08,true
001,planted,4704,1,-1.28897294,-0.02940464961,-0.02688955389,0.4978488357,1,0.08,true
001,planted,4705,0,-0.1561323021,-0.03499531723,-0.02703920122,0.4978368639,1,0.08,true
001,planted,4706,0,-0.1799002775,-0.04158871047,-0.03363259447,0.4973093924,0,0.08,true
001,planted,4707,0,0.8064832242,-0.005975530191,0.001980585813,0.5001584469,0,0.08,true
001,planted,4708,1,-1.299913645,-0.06030628465,-0.05779118893,0.4953767049,1,0.08,true
001,planted,4709,0,-1.140865697,-0.1054719266,-0.09751581056,0.4921987352,0,0.08,true
001,planted,4710,1,1.482641465,-0.0372138148,-0.03469871908,0.4972241025,0,0.08,true
001,planted,4711,1,-0.6823850624,-0.06481720287,-0.06230210715,0.4950158314,1,0.08,true
001,planted,4712,0,-0.3108056117,-0.07651815574,-0.06856203973,0.4945150368,1,0.08,true
001,planted,4713,0,-0.1586058038,-0.081585589,-0.073629473,0.4941096422,0,0.08,true
001,planted,4714,1,-0.1431529506,-0.08600416662,-0.0834890709,0.4933208743,0,0.08,true
001,planted,4715,1,-1.706992812,-0.1540659685,-0.1515508728,0.4878759302,0,0.08,true
001,planted,4716,1,0.2844796484,-0.1370963127,-0.1345812169,0.4892335026,0,0.08,true
001,planted,4717,0,-0.3927826923,-0.151289384,-0.143333268,0.4885333386,0,0.08,true
001,planted,4718,0,-2.58970587,-0.236740067,-0.228783951,0.4816972839,0,0.08,true
001,planted,4719,0,-0.157143825,-0.2373263322,-0.2293702162,0.4816503827,0,0.08,true
001,planted,4720,1,1.089010401,-0.1797800037,-0.177264908,0.4858188074,0,0.08,true
001,planted,4721,0,0.3267943975,-0.1605879091,-0.1526317931,0.4877894566,1,0.08,true
001,planted,4722,1,0.8034518725,-0.1189615159,-0.1164464202,0.4906842864,1,0.08,true
001,planted,4723,0,-0.479639778,-0.1370847672,-0.1291286512,0.4896697079,1,0.08,true
001,planted,4724,1,-0.02680819424,-0.1348549466,-0.1323398509,0.4894128119,0,0.08,true
001,planted,4725,1,0.7963974483,-0.09223048825,-0.08971539253,0.4928227686,0,0.08,true
001,planted,4726,0,0.5808415066,-0.06145924656,-0.05350313056,0.4957197496,1,0.08,true
001,planted,4727,0,-1.000018245,-0.1063809274,-0.09842481142,0.4921260151,1,0.08,true
001,planted,4728,0,1.322695042,-0.03719347166,-0.02923735566,0.4976610115,1,0.08,true
001,planted,4729,1,1.279265892,0.02471569827,0.02723079399,0.5021784635,1,0.08,true
001,planted,4730,0,-1.626902761,-0.05075802601,-0.04280191,0.4965758472,0,0.08,true
001,planted,4731,1,1.108890948,0.001883135218,0.004398230936,0.5003518585,1,0.08,true
001,planted,4732,0,0.2099065464,0.01155418892,0.01951030493,0.5015608244,1,0.08,true
001,planted,4733,1,0.7491696257,0.04627327485,0.04878837057,0.5039030696,0,0.08,true
001,planted,4734,0,0.3414944182,0.06137542364,0.06933153964,0.5055465232,1,0.08,true
001,planted,4735,0,-1.222646103,-0.0003891573269,0.007566958677,0.5006053567,1,0.08,true
001,planted,4736,0,0.2149544193,0.01009896434,0.01805508034,0.5014444064,0,0.08,true
001,planted,4737,0,1.374746307,0.07512459568,0.08308071169,0.5066464569,0,0.08,true
001,planted,4738,1,0.007019063325,0.07356655504,0.07608165075,0.5060865321,1,0.08,true
001,planted,4739,0,0.6854476692,0.1049530912,0.1129092073,0.5090327366,1,0.08,true
001,planted,4740,1,-0.5399640457,0.07418466024,0.07669975596,0.5061359805,0,0.08,true
001,planted,4741,0,0.9637857776,0.1194216797,0.1273777957,0.5101902237,0,0.08,true
001,planted,4742,0,0.7689581745,0.1539523713,0.1619084873,0.512952679,1,0.08,true
001,planted,4743,1,0.1322221662,0.1569246023,0.159439698,0.5127551758,0,0.08,true
001,planted,4744,1,-0.9873700769,0.09705123268,0.09956632839,0.5079653063,1,0.08,true
001,planted,4745,1,1.666671095,0.1709908085,0.1735059042,0.5138804723,0,0.08,true
001,planted,4746,1,-0.7860335417,0.1244100947,0.1269251904,0.5101540152,0,0.08,true
001,planted,4747,1,0.5905491133,0.1503999463,0.1529150421,0.5122332034,0,0.08,true
001,planted,4748,0,2.189508827,0.2326700699,0.2406261859,0.5192500949,1,0.08,true
001,planted,4749,1,-0.7569855814,0.1880200314,0.1905351272,0.5152428102,1,0.08,true
001,planted,4750,1,-0.4992388524,0.1580896716,0.1606047673,0.5128483814,1,0.08,true
001,planted,4751,1,-1.73188424,0.06377215823,0.06628725395,0.5053029803,0,0.08,true
001,planted,4752,0,-0.4487352711,0.04068245254,0.04863856854,0.5038910855,0,0.08,true
001,planted,4753,1,1.209128694,0.09503795602,0.09755305173,0.5078042441,0,0.08,true
001,planted,4754,0,-0.1437434514,0.08567724996,0.09363336597,0.5074906693,0,0.08,true
001,planted,4755,0,-1.520347386,0.008080641735,0.01603675774,0.5012829406,0,0.08,true
001,planted,4756,1,0.6038731101,0.03654229322,0.03905738894,0.5031245911,0,0.08,true
001,planted,4757,0,-0.009631211218,0.03514679837,0.04310291438,0.5034482332,1,0.08,true
001,planted,4758,0,-0.7125125523,-0.001409931442,0.006546184562,0.5005236948,1,0.08,true
001,planted,4759,0,0.4641775002,0.02205694814,0.03001306414,0.5024010451,1,0.08,true
001,planted,4760,1,0.2329971155,0.03351281403,0.03602790975,0.5028822328,0,0.08,true
001,planted,4761,0,0.9761054776,0.08226199572,0.09021811172,0.5072174489,1,0.08,true
001,planted,4762,1,-1.693210286,-0.00889911985,-0.006384024132,0.4994892781,1,0.08,true
001,planted,4763,0,-1.260058598,-0.06952139983,-0.06156528383,0.4950747773,0,0.08,true
001,planted,4764,0,0.3808851176,-0.04861318529,-0.04065706929,0.4967474345,0,0.08,true
001,planted,4765,1,-0.04342937108,-0.04959146743,-0.04707637171,0.4962338903,1,0.08,true
001,planted,4766,0,0.04432761794,-0.04601742218,-0.03806130618,0.4969550955,1,0.08,true
001,planted,4767,0,-0.5365107234,-0.07300757504,-0.06505145903,0.4947958833,1,0.08,true
001,planted,4768,0,-0.4334075357,-0.09427278297,-0.08631666696,0.4930946666,0,0.08,true
001,planted,4769,0,-0.430888738,-0.1152039152,-0.1072477992,0.4914201761,0,0.08,true
001,planted,4770,1,-2.136853195,-0.2053259896,-0.2028108938,0.4837751285,0,0.08,true
001,planted,4771,1,-0.7945684656,-0.2369170853,-0.2344019896,0.4812478408,1,0.08,true
001,planted,4772,1,1.037194247,-0.1724338431,-0.1699187474,0.4864065002,1,0.08,true
001,planted,4773,1,-0.8847187147,-0.2093711928,-0.2068560971,0.4834515122,0,0.08,true
001,planted,4774,0,-1.828966992,-0.2751611736,-0.2672050576,0.4786235954,1,0.08,true
001,planted,4775,0,-0.2466833489,-0.279863562,-0.271907446,0.4782474043,1,0.08,true
001,planted,4776,0,-1.448157455,-0.3285161716,-0.3205600556,0.4743551956,1,0.08,true
001,planted,4777,0,0.03568962062,-0.3184414489,-0.3104853329,0.4751611734,0,0.08,true
001,planted,4778,0,0.3856672294,-0.2899271748,-0.2819710588,0.4774423153,0,0.08,true
001,planted,4779,0,0.6151285153,-0.2485485003,-0.2405923843,0.4807526093,0,0.08,true
001,planted,4780,0,0.6915171627,-0.2035680606,-0.1956119446,0.4843510444,1,0.08,true
001,planted,4781,0,0.01767257368,-0.1974785094,-0.1895223934,0.4848382085,0,0.08,true
001,planted,4782,1,1.149027923,-0.1254445697,-0.1229294739,0.4901656421,1,0.08,true
001,planted,4783,1,1.846373088,-0.02138498973,-0.01886989401,0.4984904085,0,0.08,true
001,planted,4784,0,0.1606610465,-0.01276145105,-0.004805335047,0.4996155732,1,0.08,true
001,planted,4785,0,1.164134256,0.04592045474,0.05387657075,0.5043101257,1,0.08,true
001,planted,4786,1,0.162476304,0.05301706401,0.05553215972,0.5044425728,1,0.08,true
001,planted,4787,1,-0.0324549587,0.04997421414,0.05248930986,0.5041991448,0,0.08,true
001,planted,4788,0,0.4832833613,0.07416674122,0.08212285722,0.5065698286,1,0.08,true
001,planted,4789,1,0.2740481499,0.08709311468,0.08960821039,0.5071686568,0,0.08,true
001,planted,4790,1,-1.608977732,-0.004883022154,-0.002367926436,0.4998105659,1,0.08,true
001,planted,4791,1,0.2173983423,0.006822375686,0.009337471404,0.5007469977,0,0.08,true
001,planted,4792,1,0.4076347714,0.02877565121,0.03129074693,0.5025032598,1,0.08,true
001,planted,4793,0,-0.7972051024,-0.01609912119,-0.00814300519,0.4993485596,1,0.08,true
001,planted,4794,1,0.5056300812,0.01258439816,0.01509949388,0.5012079595,1,0.08,true
001,planted,4795,1,0.2060727096,0.02400369991,0.02651879563,0.5021215037,0,0.08,true
001,planted,4796,0,-0.5581983124,-0.009174903205,-0.001218787201,0.499902497,1,0.08,true
001,planted,4797,0,-0.1358220765,-0.01700125854,-0.009045142536,0.4992763886,0,0.08,true
001,planted,4798,0,-1.144701056,-0.08239010022,-0.07443398422,0.4940452813,1,0.08,true
001,planted,4799,0,1.205953905,-0.007947726712,8.389292264e-06,0.5000006711,0,0.08,true
001,planted,4800,0,0.357082698,0.0130058016,0.02096191761,0.5016769534,1,0.08,true
001,planted,4801,0,-0.7210642918,-0.02970621384,-0.02175009783,0.4982599922,1,0.08,true
001,planted,4802,1,0.4583920464,-0.001448085746,0.001067009972,0.5000853608,0,0.08,true
001,planted,4803,1,-0.2377243469,-0.0158980695,-0.01338297378,0.4989293621,0,0.08,true
001,planted,4804,1,0.5734218849,0.0201063761,0.02262147182,0.5018097177,0,0.08,true
001,planted,4805,0,-0.5645173388,-0.01596198393,-0.008005867922,0.4993595306,1,0.08,true
001,planted,4806,1,1.593372228,0.07885013406,0.08136522978,0.5065092184,1,0.08,true
001,planted,4807,1,0.8697048503,0.1255724475,0.1280875432,0.5102470035,0,0.08,true
001,planted,4808,0,-1.804965494,0.01295816885,0.02091428486,0.5016731428,1,0.08,true
001,planted,4809,0,0.02191168842,0.01384114103,0.02179725703,0.5017437806,0,0.08,true
001,planted,4810,1,1.051906866,0.0706777448,0.07319284052,0.5058554272,1,0.08,true
001,planted,4811,0,0.8309329628,0.1131616745,0.1211177905,0.5096894232,1,0.08,true
001,planted,4812,0,-0.08940325321,0.1052215168,0.1131776328,0.5090542106,0,0.08,true
001,planted,4813,0,0.9811138539,0.1544697384,0.1624258544,0.5129940683,0,0.08,true
001,planted,4814,0,0.6121306089,0.1835440409,0.1915001569,0.5153200125,1,0.08,true
001,planted,4815,0,-0.4713943961,0.1502505415,0.1582066575,0.5126565326,0,0.08,true
001,planted,4816,1,-0.3052437139,0.1278843183,0.130399414,0.5104319531,1,0.08,true
001,planted,4817,0,0.7571219456,0.1671592976,0.1751154136,0.5140092331,1,0.08,true
001,planted,4818,0,-0.6537173602,0.121084866,0.129040982,0.5103232786,1,0.08,true
001,planted,4819,0,-0.6430904796,0.07714366688,0.08509978288,0.5068079826,0,0.08,true
001,planted,4820,1,0.2566008923,0.09094865305,0.09346374877,0.5074770999,0,0.08,true
001,planted,4821,0,0.4005143329,0.1134500037,0.1214061197,0.5097124896,0,0.08,true
001,planted,4822,0,-0.1535519165,0.1004953696,0.1084514856,0.5086761189,0,0.08,true
001,planted,4823,1,0.1960884772,0.1108269888,0.1133420845,0.5090673668,1,0.08,true
001,planted,4824,0,0.4210772499,0.1356412378,0.1435973538,0.5114877883,1,0.08,true
001,planted,4825,1,-0.07128452915,0.1272251537,0.1297402494,0.5103792199,1,0.08,true
001,planted,4826,1,0.4305800315,0.1532400704,0.1557551661,0.5124604133,0,0.08,true
001,planted,4827,1,-0.008266845096,0.1487608531,0.1512759488,0.5121020759,1,0.08,true
001,planted,4828,1,-1.037624016,0.06420609108,0.0667211868,0.5053376949,1,0.08,true
001,planted,4829,1,1.262384836,0.1422236903,0.144738786,0.5115791029,1,0.08,true
001,planted,4830,0,-0.3379288529,0.11486857,0.122824686,0.5098259749,0,0.08,true
001,planted,4831,1,-1.689639788,-0.005409318271,-0.002894222553,0.4997684622,1,0.08,true
001,planted,4832,0,-0.3024831365,-0.0243608796,-0.0164047636,0.4986876189,0,0.08,true
001,planted,4833,0,0.9267728339,0.03507744478,0.04303356078,0.5034426849,0,0.08,true
001,planted,4834,1,0.4076013004,0.05995524564,0.06247034136,0.5049976273,1,0.08,true
001,planted,4835,0,1.040886642,0.1210600574,0.1290161734,0.5103212939,0,0.08,true
001,planted,4836,0,0.3818944494,0.14167246,0.149628576,0.5119702861,0,0.08,true
001,planted,4837,1,-0.06852773345,0.1335696644,0.1360847602,0.5108867808,0,0.08,true
001,planted,4838,0,-0.7462548371,0.07810756744,0.08606368344,0.5068850947,0,0.08,true
001,planted,4839,1,0.115007558,0.0838156301,0.08633072581,0.5069064581,1,0.08,true
001,planted,4840,1,0.637353974,0.1232922612,0.1258073569,0.5100645886,0,0.08,true
001,planted,4841,0,0.772471525,0.1690117605,0.1769678765,0.5141574301,0,0.08,true
001,planted,4842,1,-0.3216724432,0.1417472069,0.1442623027,0.5115409842,1,0.08,true
001,planted,4843,0,0.6543419892,0.1806070971,0.1885632131,0.515085057,0,0.08,true
001,planted,4844,0,-0.524982428,0.1368413676,0.1447974836,0.5115837987,1,0.08,true
001,planted,4845,0,-0.2461395761,0.1153170346,0.1232731506,0.509861852,1,0.08,true
001,planted,4846,0,0.97209429,0.1751539465,0.1831100626,0.514648805,1,0.08,true
001,planted,4847,1,-1.860373988,0.03176782322,0.03428291894,0.5027426335,1,0.08,true
001,planted,4848,0,0.2391576099,0.0459935946,0.0539497106,0.5043159768,1,0.08,true
001,planted,4849,1,1.166967188,0.1140839122,0.1165990079,0.5093279206,1,0.08,true
001,planted,4850,0,-0.8525683227,0.05592521915,0.06388133516,0.5051105068,1,0.08,true
001,planted,4851,1,-0.1924844411,0.04235640461,0.04487150033,0.50358972,0,0.08,true
001,planted,4852,0,-0.6963219083,-0.003457513179,0.004498602825,0.5003598882,1,0.08,true
001,planted,4853,0,-1.350351127,-0.08455605631,-0.07659994031,0.4938720048,1,0.08,true
001,planted,4854,0,-0.6084246209,-0.1183868071,-0.1104306911,0.4911655447,0,0.08,true
001,planted,4855,0,0.06200196345,-0.1114919139,-0.1035357979,0.4917171362,1,0.08,true
001,planted,4856,1,-0.4979265326,-0.1392215061,-0.1367064104,0.4890634872,0,0.08,true
001,planted,4857,0,-0.2575487914,-0.1520621901,-0.1441060741,0.4884715141,1,0.08,true
001,planted,4858,0,0.9029304706,-0.08494574951,-0.07698963351,0.4938408293,0,0.08,true
001,planted,4859,0,-0.252378052,-0.0991990872,-0.09124297119,0.4927005623,1,0.08,true
001,planted,4860,0,2.14005319,0.04031625254,0.04827236855,0.5038617895,0,0.08,true
001,planted,4861,1,1.22043538,0.1051908095,0.1077059052,0.5086164724,0,0.08,true
001,planted,4862,0,2.619952566,0.2093949659,0.2173510819,0.5173880866,0,0.08,true
001,planted,4863,1,-0.4426258759,0.1817414366,0.1842565323,0.5147405226,1,0.08,true
001,planted,4864,0,-0.2390113598,0.1650441486,0.1730002646,0.5138400212,0,0.08,true
001,planted,4865,0,0.467603877,0.1836089552,0.1915650712,0.5153252057,1,0.08,true
001,planted,4866,0,0.655542213,0.2105489416,0.2185050576,0.5174804046,1,0.08,true
001,planted,4867,0,0.04983083666,0.2078257411,0.2157818571,0.5172625486,0,0.08,true
001,planted,4868,0,0.364902359,0.2214060629,0.2293621789,0.5183489743,1,0.08,true
001,planted,4869,1,0.8872954738,0.2586312133,0.261146309,0.5208917047,1,0.08,true
001,planted,4870,0,-0.9173330321,0.1963643975,0.2043205135,0.5163456411,0,0.08,true
001,planted,4871,1,0.02922651378,0.1930044082,0.1955195039,0.5156415603,1,0.08,true
001,planted,4872,1,0.625570254,0.2208609246,0.2233760203,0.5178700816,0,0.08,true
001,planted,4873,1,-1.361103846,0.1292823516,0.1317974473,0.5105437958,1,0.08,true
001,planted,4874,1,0.5641616713,0.1559002656,0.1584153613,0.5126732289,1,0.08,true
001,planted,4875,1,-1.252093712,0.07730831173,0.07982340744,0.5063858726,1,0.08,true
001,planted,4876,0,-0.4165706799,0.05201875619,0.05997487219,0.5047979898,0,0.08,true
001,planted,4877,0,0.2812868206,0.06642294746,0.07437906347,0.5059503251,1,0.08,true
001,planted,4878,1,-2.750124408,-0.07680441077,-0.07428931505,0.4940568548,1,0.08,true
001,planted,4879,0,0.3993342628,-0.05535089377,-0.04739477776,0.4962084178,0,0.08,true
001,planted,4880,0,-0.4252270554,-0.07463101645,-0.06667490045,0.494666008,1,0.08,true
001,planted,4881,0,1.390588771,-0.002439529253,0.005516586751,0.5004413269,1,0.08,true
001,planted,4882,0,1.468427117,0.06674573794,0.07470185394,0.5059761483,1,0.08,true
001,planted,4883,1,-0.8918743959,0.02165718534,0.02417228106,0.5019337825,0,0.08,true
001,planted,4884,0,3.60418366,0.1544725262,0.1624286422,0.5129942914,0,0.08,true
001,planted,4885,1,1.318869704,0.1971049688,0.1996200645,0.5159696052,1,0.08,true
001,planted,4886,0,0.6860176983,0.2174536748,0.2254097908,0.5180327833,0,0.08,true
001,planted,4887,0,1.397300307,0.2598011535,0.2677572695,0.5214205816,0,0.08,true
001,planted,4888,1,-1.152182167,0.2031759571,0.2056910528,0.5164552842,0,0.08,true
001,planted,4889,0,-0.4493184364,0.1794921619,0.1874482779,0.5149958622,0,0.08,true
001,planted,4890,0,-1.584697193,0.1058118928,0.1137680088,0.5091014407,1,0.08,true
001,planted,4891,1,0.4900908483,0.1224003974,0.1249154931,0.5099932394,1,0.08,true
001,planted,4892,1,1.238609615,0.1660347163,0.168549812,0.513483985,0,0.08,true
001,planted,4893,0,1.448235628,0.213993721,0.221949837,0.517755987,0,0.08,true
001,planted,4894,1,1.354437175,0.2561564728,0.2586715685,0.5206937255,0,0.08,true
001,planted,4895,1,1.26893068,0.2935545734,0.2960696692,0.5236855735,1,0.08,true
001,planted,4896,1,0.2500338404,0.2959801011,0.2984951968,0.5238796157,1,0.08,true
001,planted,4897,1,0.9179792519,0.3220552924,0.3245703881,0.5259656311,0,0.08,true
001,planted,4898,1,-0.7726454895,0.2784104971,0.2809255929,0.5224740474,0,0.08,true
001,planted,4899,1,1.228081009,0.3153104474,0.3178255431,0.5254260434,1,0.08,true
001,planted,4900,0,1.43229365,0.3554515295,0.3634076455,0.5290726116,0,0.08,true
001,planted,4901,0,-0.8109646919,0.3085562144,0.3165123304,0.5253209864,1,0.08,true
001,planted,4902,0,1.008892198,0.3377405803,0.3456966963,0.5276557357,1,0.08,true
001,planted,4903,1,-1.645732621,0.2459782322,0.2484933279,0.5198794662,0,0.08,true
001,planted,4904,0,-1.056339015,0.1913684853,0.1993246013,0.5159459681,1,0.08,true
001,planted,4905,0,0.8534547558,0.2199135848,0.2278697008,0.5182295761,0,0.08,true
001,planted,4906,0,0.03621121778,0.2158982591,0.2238543751,0.51790835,1,0.08,true
001,planted,4907,0,-1.721283125,0.1272883381,0.1352444541,0.5108195563,1,0.08,true
001,planted,4908,1,-0.1213664419,0.1188280894,0.1213431852,0.5097074548,1,0.08,true
001,planted,4909,0,-0.244451811,0.1049447624,0.1129008784,0.5090320703,1,0.08,true
001,planted,4910,1,-0.002668810536,0.1021671771,0.1046822728,0.5083745818,1,0.08,true
001,planted,4911,0,0.9942643131,0.1425820427,0.1505381588,0.5120430527,1,0.08,true
001,planted,4912,0,-1.652621181,0.05878636888,0.06674248488,0.5053393988,1,0.08,true
001,planted,4913,1,-0.7071922783,0.02514866134,0.02766375705,0.5022131006,1,0.08,true
001,planted,4914,0,-0.2456614129,0.01324176915,0.02119788515,0.5016958308,1,0.08,true
001,planted,4915,0,0.9890209067,0.05809139687,0.06604751288,0.505283801,0,0.08,true
001,planted,4916,1,1.01550634,0.1021877901,0.1047028858,0.5083762309,1,0.08,true
001,planted,4917,0,-0.03997161999,0.09770597172,0.1056620877,0.508452967,0,0.08,true
001,planted,4918,1,-0.479480811,0.07157502941,0.07409012513,0.50592721,0,0.08,true
001,planted,4919,1,-1.887349395,-0.02187554875,-0.01936045303,0.4984511638,1,0.08,true
001,planted,4920,0,-0.375171097,-0.03879031681,-0.03083420081,0.4975332639,1,0.08,true
001,planted,4921,1,-0.1219038551,-0.0436386301,-0.04112353438,0.4967101172,1,0.08,true
001,planted,4922,1,0.6215875304,-0.01185379645,-0.009338700733,0.4992529039,0,0.08,true
001,planted,4923,1,0.1150065918,-0.005802266498,-0.00328717078,0.4997370263,1,0.08,true
001,planted,4924,0,-1.241345638,-0.06665664319,-0.05870052719,0.4953039578,0,0.08,true
001,planted,4925,1,0.02566708598,-0.06366912201,-0.06115402629,0.4951076779,0,0.08,true
001,planted,4926,1,0.5192314534,-0.03485140931,-0.03233631359,0.4974130949,1,0.08,true
001,planted,4927,0,-0.06999176365,-0.0376646625,-0.02970854649,0.4976233163,0,0.08,true
001,planted,4928,0,1.261653614,0.03033474156,0.03829085756,0.5030632686,0,0.08,true
001,planted,4929,1,1.206997663,0.09015115891,0.09266625463,0.5074133004,1,0.08,true
001,planted,4930,1,0.4825882656,0.1124733765,0.1149884722,0.5091990778,1,0.08,true
001,planted,4931,1,-0.7829068068,0.06658486838,0.0690999641,0.5055279971,0,0.08,true
001,planted,4932,0,-0.5652663509,0.0340883956,0.04204451161,0.5033635609,0,0.08,true
001,planted,4933,0,0.9758690425,0.08436102237,0.09231713837,0.5073853711,0,0.08,true
001,planted,4934,0,-1.314566,0.00979617988,0.01775229588,0.5014201837,1,0.08,true
001,planted,4935,0,0.6289889355,0.04268482662,0.05064094262,0.5040512754,0,0.08,true
001,planted,4936,1,-0.7938217369,-0.001414318244,0.001100777474,0.5000880622,0,0.08,true
001,planted,4937,0,1.234229924,0.06323497891,0.07119109492,0.5056952876,0,0.08,true
001,planted,4938,1,-0.5460738284,0.03205607218,0.0345711679,0.5027656934,0,0.08,true
001,planted,4939,0,1.293339621,0.09712119318,0.1050773092,0.5084061847,1,0.08,true
001,planted,4940,1,0.4630491215,0.1186693428,0.1211844385,0.5096947551,0,0.08,true
001,planted,4941,0,-0.9828266509,0.06042834429,0.06838446029,0.5054707568,1,0.08,true
001,planted,4942,1,1.255003745,0.1215706898,0.1240857855,0.5099268628,1,0.08,true
001,planted,4943,1,0.8516519273,0.1606309296,0.1631460253,0.513051682,1,0.08,true
001,planted,4944,0,-0.7133187933,0.1166213828,0.1245774988,0.5099661999,0,0.08,true
001,planted,4945,1,0.6644903564,0.1477944304,0.1503095261,0.5120247621,1,0.08,true
001,planted,4946,1,-0.7029003076,0.1039072964,0.1064223921,0.5085137914,0,0.08,true
001,planted,4947,1,0.5147043498,0.128810432,0.1313255277,0.5105060422,1,0.08,true
001,planted,4948,0,0.3749004391,0.1460817255,0.1540378415,0.5123230273,0,0.08,true
001,planted,4949,1,-1.449139875,0.05501004037,0.05752513609,0.5046020109,1,0.08,true
001,planted,4950,1,-0.2416382059,0.0401416896,0.04265678531,0.5034125428,0,0.08,true
001,planted,4951,0,1.815188962,0.1291692708,0.1371253868,0.5109700309,0,0.08,true
001,planted,4952,1,-0.4437722939,0.1018507584,0.1043658541,0.5083492683,1,0.08,true
001,planted,4953,0,-1.111467768,0.03790522601,0.04586134201,0.5036689074,0,0.08,true
001,planted,4954,1,-0.648856118,0.002196693237,0.004711788955,0.5003769431,1,0.08,true
001,planted,4955,1,-0.235121213,-0.01059779211,-0.008082696389,0.4993533843,1,0.08,true
001,planted,4956,0,-0.137525276,-0.01796156138,-0.01000544538,0.4991995644,1,0.08,true
001,planted,4957,1,1.437910728,0.06049579792,0.06301089364,0.5050408715,1,0.08,true
001,planted,4958,1,0.9198285572,0.106768623,0.1092837187,0.5087426975,1,0.08,true
001,planted,4959,1,0.694536029,0.1401942835,0.1427093793,0.5114167503,1,0.08,true
001,planted,4960,0,-2.205497767,0.01236980241,0.02032591841,0.5016260735,1,0.08,true
001,planted,4961,1,-0.5215916791,-0.01392333709,-0.01140824137,0.4990873407,0,0.08,true
001,planted,4962,0,0.6805869159,0.02085137826,0.02880749426,0.5023045995,0,0.08,true
001,planted,4963,1,0.6155104288,0.0515953832,0.05411047892,0.5043288383,1,0.08,true
001,planted,4964,1,-1.818219867,-0.04148447578,-0.03896938006,0.4968824496,1,0.08,true
001,planted,4965,0,-0.9754416393,-0.08672823939,-0.07877212339,0.4936982301,0,0.08,true
001,planted,4966,0,-0.4729111702,-0.1074221696,-0.09946605356,0.4920427157,1,0.08,true
001,planted,4967,1,1.190876749,-0.0428375615,-0.04032246578,0.4967742027,1,0.08,true
001,planted,4968,1,0.6611845533,-0.008479206113,-0.005964110395,0.4995228712,0,0.08,true
001,planted,4969,1,0.7008897627,0.02708877658,0.0296038723,0.5023683098,1,0.08,true
001,planted,4970,1,-0.1310790296,0.01963026022,0.02214535594,0.5017716285,0,0.08,true
001,planted,4971,1,1.282220487,0.08323563684,0.08575073256,0.5068600586,0,0.08,true
001,planted,4972,0,-0.6134312612,0.04876652533,0.05672264133,0.5045378113,0,0.08,true
001,planted,4973,1,0.229706199,0.05956541761,0.06208051333,0.5049664411,0,0.08,true
001,planted,4974,0,-1.038698593,0.001848308034,0.009804424038,0.5007843539,1,0.08,true
001,planted,4975,0,2.294755526,0.1096462039,0.1176023199,0.5094081856,0,0.08,true
001,planted,4976,0,0.09559755861,0.1114651424,0.1194212584,0.5095537007,0,0.08,true
001,planted,4977,0,-0.09387994502,0.1039673994,0.1119235154,0.5089538812,1,0.08,true
001,planted,4978,1,-1.385540714,0.02946850209,0.03198359781,0.5025586878,1,0.08,true
001,planted,4979,0,0.1743015672,0.03736562512,0.04532174112,0.5036257393,0,0.08,true
001,planted,4980,0,-0.2639236694,0.02291704296,0.03087315897,0.5024698527,1,0.08,true
001,planted,4981,1,0.2307518369,0.0343399441,0.03685503982,0.5029484032,0,0.08,true
001,planted,4982,0,-1.282577069,-0.03361615768,-0.02566004167,0.4979471967,0,0.08,true
001,planted,4983,0,-0.5317541881,-0.06020762043,-0.05225150443,0.4958198796,1,0.08,true
001,planted,4984,1,0.2669950282,-0.04432606391,-0.04181096819,0.4966551225,1,0.08,true
001,planted,4985,1,0.6301794323,-0.008623347169,-0.006108251451,0.4995113399,0,0.08,true
001,planted,4986,0,0.3294847399,0.009841266915,0.01779738292,0.5014237906,0,0.08,true
001,planted,4987,0,-1.298642664,-0.06086147579,-0.05290535978,0.4957675712,0,0.08,true
001,planted,4988,0,-0.4453349659,-0.08343461323,-0.07547849722,0.4939617202,1,0.08,true
001,planted,4989,0,0.5789130534,-0.0481748102,-0.0402186942,0.4967825045,1,0.08,true
001,planted,4990,0,1.472379453,0.03491786751,0.04287398352,0.5034299187,1,0.08,true
001,planted,4991,1,1.867445044,0.1241940153,0.1267091111,0.5101367289,1,0.08,true
001,planted,4992,1,-0.1200196386,0.114856332,0.1173714277,0.5093897142,0,0.08,true
001,planted,4993,0,0.46795026,0.1357204018,0.1436765178,0.5114941214,1,0.08,true
001,planted,4994,1,-1.060437326,0.07312858566,0.07564368138,0.5060514945,0,0.08,true
001,planted,4995,0,-1.01052265,0.0169422508,0.0248983668,0.5019918693,0,0.08,true
001,planted,4996,1,0.5982339491,0.04783072138,0.0503458171,0.5040276654,0,0.08,true
001,planted,4997,1,-0.2949505593,0.03061712957,0.03313222529,0.502650578,0,0.08,true
001,planted,4998,0,-0.6804806892,-0.007650383351,0.0003057326534,0.5000244586,0,0.08,true
001,planted,4999,1,1.598483772,0.0760578585,0.07857295422,0.5062858363,1,0.08,true
001,planted,5000,1,-1.134361124,0.01323938656,0.01575448228,0.5012603586,0,0.08,true
001,planted,5001,1,-0.6896531371,-0.02317273368,-0.02065763796,0.498347389,0,0.08,true
001,planted,5002,0,0.05984172708,-0.01938717356,-0.01143105756,0.4990855154,1,0.08,true
001,planted,5003,0,0.2883452829,-0.003086206354,0.00486990965,0.5003895928,1,0.08,true
001,planted,5004,1,-0.4596305003,-0.02859814756,-0.02608305185,0.4979133559,0,0.08,true
001,planted,5005,1,-0.7920012311,-0.07169459243,-0.06917949671,0.4944656403,0,0.08,true
001,planted,5006,0,-0.8335100053,-0.1151785755,-0.1072224595,0.4914222032,1,0.08,true
001,planted,5007,1,1.273840951,-0.03686305847,-0.03434796276,0.497252163,0,0.08,true
001,planted,5008,1,-1.658310179,-0.1192022232,-0.1166871275,0.4906650298,1,0.08,true
001,planted,5009,1,-1.179320964,-0.1722992959,-0.1697842002,0.486417264,0,0.08,true
001,planted,5010,0,1.685296457,-0.07374201576,-0.06578589976,0.494737128,1,0.08,true
001,planted,5011,1,0.2462054831,-0.05943645471,-0.05692135899,0.4954462913,1,0.08,true
001,planted,5012,0,0.2641896121,-0.0442766969,-0.03632058089,0.4970943535,1,0.08,true
001,planted,5013,0,0.6900151025,-0.00676193367,0.001194182334,0.5000955346,1,0.08,true
001,planted,5014,0,-1.533388612,-0.08293289127,-0.07497677526,0.494001858,1,0.08,true
001,planted,5015,1,-1.229429709,-0.1385459862,-0.1360308905,0.4891175288,0,0.08,true
001,planted,5016,0,0.8980175863,-0.08770878693,-0.07975267093,0.4936197863,0,0.08,true
001,planted,5017,0,-0.2164720368,-0.09640449237,-0.08844837637,0.4929241299,1,0.08,true
001,planted,5018,1,-0.5325194395,-0.1208465876,-0.1183314919,0.4905334806,1,0.08,true
001,planted,5019,0,-0.9715054955,-0.1651007805,-0.1571446645,0.4874284268,0,0.08,true
001,planted,5020,0,-0.9086945698,-0.2045086902,-0.1965525742,0.4842757941,1,0.08,true
001,planted,5021,1,1.477047537,-0.1137409973,-0.1112259015,0.4911019279,0,0.08,true
001,planted,5022,0,-0.69942794,-0.1450682133,-0.1371120973,0.4890310322,1,0.08,true
001,planted,5023,0,0.8561129794,-0.09478069847,-0.08682458247,0.4930540334,0,0.08,true
001,planted,5024,0,1.470108651,-0.01426816877,-0.006312052762,0.4994950358,1,0.08,true
001,planted,5025,1,-0.007942434703,-0.01431175124,-0.01179665552,0.4990562676,0,0.08,true
001,planted,5026,0,2.110864111,0.08648516466,0.09444128066,0.5075553025,1,0.08,true
001,planted,5027,0,0.8372625025,0.122606525,0.130562641,0.5104450113,1,0.08,true
001,planted,5028,1,1.245779738,0.1737728198,0.1762879155,0.5141030332,0,0.08,true
001,planted,5029,1,0.9555631688,0.2109360421,0.2134511379,0.517076091,1,0.08,true
001,planted,5030,1,0.8465982158,0.2424999588,0.2450150545,0.5196012044,1,0.08,true
001,planted,5031,1,0.9151579221,0.2755750819,0.2780901777,0.5222472142,1,0.08,true
001,planted,5032,1,-0.2079113787,0.2581210278,0.2606361235,0.5208508899,1,0.08,true
001,planted,5033,1,1.115147915,0.298444479,0.3009595747,0.524076766,1,0.08,true
001,planted,5034,1,-0.2267139321,0.2791758371,0.2816909328,0.5225352746,0,0.08,true
001,planted,5035,1,-0.7982700124,0.2273666465,0.2298817422,0.5183905394,0,0.08,true
001,planted,5036,1,0.4310055928,0.2427209245,0.2452360202,0.5196188816,1,0.08,true
001,planted,5037,1,0.4686035851,0.2597573375,0.2622724332,0.5209817947,1,0.08,true
001,planted,5038,0,0.2982171065,0.268562531,0.276518647,0.5221214918,0,0.08,true
001,planted,5039,0,-1.352847512,0.1775095423,0.1854656583,0.5148372527,0,0.08,true
001,planted,5040,0,-1.377633258,0.09404521513,0.1020013311,0.5081601065,0,0.08,true
001,planted,5041,1,0.1915514447,0.1015790489,0.1040941447,0.5083275316,1,0.08,true
001,planted,5042,0,1.219634428,0.1577738486,0.1657299646,0.5132583972,0,0.08,true
001,planted,5043,0,0.9831613118,0.2003475822,0.2083036982,0.5166642959,1,0.08,true
001,planted,5044,1,0.4037874498,0.2155989385,0.2181140343,0.5174491227,1,0.08,true
001,planted,5045,1,1.179938421,0.2632786132,0.2657937089,0.5212634967,0,0.08,true
001,planted,5046,1,-0.673233871,0.2180401082,0.2205552039,0.5176444163,1,0.08,true
001,planted,5047,0,-0.5545705398,0.1810385765,0.1889946925,0.5151195754,1,0.08,true
001,planted,5048,0,0.4387904291,0.1993423948,0.2072985108,0.5165838809,0,0.08,true
001,planted,5049,0,0.6260141093,0.2265210763,0.2344771923,0.5187581754,0,0.08,true
001,planted,5050,0,-1.527669713,0.1252069649,0.1331630809,0.5106530465,0,0.08,true
001,planted,5051,1,-0.428219942,0.09830032197,0.1008154177,0.5080652334,0,0.08,true
001,planted,5052,0,0.4861405613,0.1218212138,0.1297773298,0.5103821864,0,0.08,true
001,planted,5053,1,0.4775904081,0.1446004436,0.1471155393,0.5117692431,1,0.08,true
001,planted,5054,0,-1.789265893,0.03476534055,0.04272145655,0.5034177165,1,0.08,true
001,planted,5055,1,-0.4924104214,0.007485712602,0.01000080832,0.5008000647,1,0.08,true
001,planted,5056,1,-0.3431210557,-0.01137112881,-0.008856033095,0.4992915174,1,0.08,true
001,planted,5057,0,0.3777891258,0.009931494414,0.01788761042,0.5014310088,0,0.08,true
001,planted,5058,0,0.6560145074,0.04638937274,0.05434548875,0.5043476391,0,0.08,true
001,planted,5059,1,0.4597577597,0.07120746721,0.07372256293,0.505897805,1,0.08,true
001,planted,5060,1,-0.3150372268,0.05073693549,0.05325203121,0.5042601625,0,0.08,true
001,planted,5061,1,1.370284903,0.1236066304,0.1261217261,0.5100897381,1,0.08,true
001,planted,5062,0,0.6815230826,0.1574434099,0.1653995259,0.5132319621,1,0.08,true
001,planted,5063,0,-0.747320455,0.1077791578,0.1157352738,0.5092588219,0,0.08,true
001,planted,5064,1,1.598053692,0.1834820714,0.1859971671,0.5148797734,1,0.08,true
001,planted,5065,0,1.251029009,0.2372016145,0.2451577305,0.5196126184,0,0.08,true
001,planted,5066,0,-0.5039690983,0.2022148772,0.2101709932,0.5168136795,1,0.08,true
001,planted,5067,1,0.4393182452,0.2201674948,0.2226825905,0.5178146072,0,0.08,true
001,planted,5068,1,-1.897711183,0.09662385772,0.09913895344,0.5079311163,1,0.08,true
001,planted,5069,1,-0.6478499091,0.05958700341,0.06210209912,0.5049681679,0,0.08,true
001,planted,5070,1,1.55645323,0.1319906863,0.134505782,0.5107604626,1,0.08,true
001,planted,5071,0,-0.7143482113,0.090945182,0.09890129801,0.5079121038,0,0.08,true
001,planted,5072,1,1.077134575,0.1400859543,0.14260105,0.511408084,1,0.08,true
001,planted,5073,1,-0.8129235074,0.09305085908,0.0955659548,0.5076452764,1,0.08,true
001,planted,5074,0,-1.64715358,0.004799521137,0.01275563714,0.501020451,1,0.08,true
001,planted,5075,1,1.192279496,0.06187837441,0.06439347013,0.5051514776,0,0.08,true
001,planted,5076,1,-1.568078933,-0.01614388636,-0.01362879064,0.4989096967,0,0.08,true
001,planted,5077,1,-0.897729195,-0.05764047099,-0.05512537527,0.49558997,0,0.08,true
001,planted,5078,0,0.9568910765,-0.009837359482,-0.001881243478,0.4998495005,1,0.08,true
001,planted,5079,0,0.1174417908,-0.003897311994,0.00405880401,0.5003247043,1,0.08,true
001,planted,5080,0,1.51985063,0.06795106119,0.07590717719,0.5060725742,1,0.08,true
001,planted,5081,1,-0.3289603691,0.05021511928,0.052730215,0.5042184172,0,0.08,true
001,planted,5082,1,-0.6908791089,0.01462386689,0.01713896261,0.501371117,1,0.08,true
001,planted,5083,0,-1.132567681,-0.04121728997,-0.03326117397,0.4973391061,1,0.08,true
001,planted,5084,0,-0.1556135973,-0.04790265673,-0.03994654073,0.4968042767,0,0.08,true
001,planted,5085,1,0.4576217905,-0.02317079131,-0.0206556956,0.4983475444,1,0.08,true
001,planted,5086,1,0.4472534503,0.0007409940949,0.003256089813,0.5002604872,0,0.08,true
001,planted,5087,0,0.3122180603,0.01729296261,0.02524907861,0.5020199263,0,0.08,true
001,planted,5088,1,-0.1129278137,0.01070105259,0.01321614831,0.5010572919,0,0.08,true
001,planted,5089,0,0.8007970074,0.05408577462,0.06204189062,0.5049633512,1,0.08,true
001,planted,5090,1,0.770094495,0.09424029173,0.09675538745,0.507740431,1,0.08,true
001,planted,5091,1,-1.327934741,0.01582209526,0.01833719098,0.5014669753,1,0.08,true
001,planted,5092,0,-2.218282297,-0.09363245399,-0.08567633799,0.493145893,1,0.08,true
001,planted,5093,0,1.082428755,-0.03657194291,-0.02861582691,0.4977107338,0,0.08,true
001,planted,5094,0,0.99118644,0.01305837339,0.02101448939,0.5016811592,0,0.08,true
001,planted,5095,1,-0.7568752778,-0.02444015318,-0.02192505746,0.4982459954,0,0.08,true
001,planted,5096,1,-0.3058884804,-0.03906827901,-0.03655318329,0.4970757453,0,0.08,true
001,planted,5097,1,0.5653441444,-0.008986247464,-0.006471151746,0.4994823079,0,0.08,true
001,planted,5098,1,0.2891995398,0.006329610153,0.008844705871,0.5007075765,1,0.08,true
001,planted,5099,0,-0.1714934397,-0.002995740506,0.004960375498,0.50039683,1,0.08,true
001,planted,5100,1,-0.2342678985,-0.01573189023,-0.01321679452,0.4989426564,1,0.08,true
001,planted,5101,1,-1.295089797,-0.08371571189,-0.08120061617,0.4935039507,0,0.08,true
001,planted,5102,1,-0.678165616,-0.1171328505,-0.1146177548,0.4908305796,0,0.08,true
001,planted,5103,1,-1.528167559,-0.1859776342,-0.1834625385,0.4853229969,1,0.08,true
001,planted,5104,0,0.3049037723,-0.1646205759,-0.1566644599,0.4874668432,1,0.08,true
001,planted,5105,1,0.3835880508,-0.1389724664,-0.1364573706,0.4890834103,0,0.08,true
001,planted,5106,0,-0.5383134854,-0.1639188954,-0.1559627794,0.4875229776,0,0.08,true
001,planted,5107,0,-0.7478890222,-0.1985314968,-0.1905753808,0.4847539695,1,0.08,true
001,planted,5108,1,0.8712224206,-0.1404307085,-0.1379156128,0.488966751,0,0.08,true
001,planted,5109,1,-0.4938213319,-0.1637674603,-0.1612523645,0.4870998108,0,0.08,true
001,planted,5110,1,-1.009765703,-0.2111462196,-0.2086311239,0.4833095101,0,0.08,true
001,planted,5111,0,-0.8509492974,-0.2489449785,-0.2409888625,0.480720891,0,0.08,true
001,planted,5112,1,-0.83205701,-0.284226462,-0.2817113663,0.4774630907,1,0.08,true
001,planted,5113,0,0.9481111726,-0.2156571807,-0.2077010647,0.4833839148,1,0.08,true
001,planted,5114,1,0.0009975377723,-0.2101390042,-0.2076239085,0.4833900873,0,0.08,true
001,planted,5115,1,-1.02304225,-0.2561875099,-0.2536724142,0.4797062069,1,0.08,true
001,planted,5116,1,1.128518195,-0.1759372989,-0.1734222032,0.4861262237,0,0.08,true
001,planted,5117,1,-0.6087240506,-0.2041129564,-0.2015978607,0.4838721711,1,0.08,true
001,planted,5118,1,0.2730195952,-0.1825079485,-0.1799928528,0.4856005718,1,0.08,true
001,planted,5119,0,0.6465390439,-0.1371404586,-0.1291843426,0.4896652526,0,0.08,true
001,planted,5120,0,-0.0743195991,-0.1381380744,-0.1301819583,0.4895854433,1,0.08,true
001,planted,5121,1,1.911799268,-0.01408912542,-0.0115740297,0.4990740776,0,0.08,true
001,planted,5122,1,-0.675807676,-0.05102166172,-0.04850656601,0.4961194747,0,0.08,true
001,planted,5123,1,-0.2934624911,-0.06624498796,-0.06372989224,0.4949016086,0,0.08,true
001,planted,5124,1,-1.316415556,-0.1335826643,-0.1310675686,0.4895145945,0,0.08,true
001,planted,5125,0,0.3146502268,-0.1120665588,-0.1041104428,0.4916711646,1,0.08,true
001,planted,5126,0,-0.4129673126,-0.1323437752,-0.1243876592,0.4900489873,0,0.08,true
001,planted,5127,1,1.537193051,-0.03555178766,-0.03303669194,0.4973570646,1,0.08,true
001,planted,5128,1,1.173092549,0.02984894344,0.03236403916,0.5025891231,0,0.08,true
001,planted,5129,0,-0.1597980374,0.02025969999,0.02821581599,0.5022572653,0,0.08,true
001,planted,5130,0,-1.722204133,-0.07121242154,-0.06325630554,0.4949394956,0,0.08,true
001,planted,5131,1,0.7751686864,-0.02769655551,-0.0251814598,0.4979854832,0,0.08,true
001,planted,5132,0,1.261749119,0.03899197393,0.04694808994,0.5037558472,1,0.08,true
001,planted,5133,0,1.136159645,0.09456305028,0.1025191663,0.5082015333,1,0.08,true
001,planted,5134,1,-0.9310589825,0.04253357696,0.04504867268,0.5036038938,0,0.08,true
001,planted,5135,0,-0.330711746,0.02406368846,0.03201980446,0.5025615844,0,0.08,true
001,planted,5136,0,-0.2413155248,0.010508472,0.018464588,0.501477167,1,0.08,true
001,planted,5137,1,-0.08413783534,0.005624158985,0.008139254703,0.5006511404,0,0.08,true
001,planted,5138,1,1.967986871,0.1041737384,0.1066888342,0.5085351067,0,0.08,true
001,planted,5139,0,-0.4735762613,0.07657064201,0.08452675802,0.5067621406,0,0.08,true
001,planted,5140,1,-0.7205083884,0.03608759226,0.03860268798,0.503088215,0,0.08,true
001,planted,5141,0,-0.3711987182,0.01529874639,0.0232548624,0.501860389,0,0.08,true
001,planted,5142,0,1.698826726,0.0993910919,0.1073472079,0.5085877766,0,0.08,true
001,planted,5143,0,-0.03549818131,0.09503576871,0.1029918847,0.5082393508,1,0.08,true
001,planted,5144,1,-2.138174248,-0.01854650108,-0.01603140536,0.4987174876,1,0.08,true
001,planted,5145,1,1.001032589,0.02981582337,0.03233091909,0.5025864735,0,0.08,true
001,planted,5146,0,1.494698484,0.09680546217,0.1047615782,0.5083809263,1,0.08,true
001,planted,5147,1,0.01884927118,0.09524847594,0.09776357166,0.5078210857,0,0.08,true
001,planted,5148,1,-0.7642568051,0.0548531284,0.05736822411,0.5045894579,0,0.08,true
001,planted,5149,0,0.09464293636,0.05811736423,0.06607348024,0.5052858784,1,0.08,true
001,planted,5150,0,-1.223100413,-0.005016386733,0.002939729271,0.5002351783,0,0.08,true
001,planted,5151,1,-1.345017153,-0.06908892662,-0.0665738309,0.4946740935,1,0.08,true
001,planted,5152,0,0.232947864,-0.05582188846,-0.04786577246,0.4961707382,1,0.08,true
001,planted,5153,1,0.8598576213,-0.01092060709,-0.008405511372,0.4993275591,1,0.08,true
001,planted,5154,0,0.7986069424,0.02937255533,0.03732867134,0.5029862937,0,0.08,true
001,planted,5155,0,-0.724848203,-0.008362466477,-0.000406350473,0.499967492,0,0.08,true
001,planted,5156,0,1.173681941,0.05081477473,0.05877089074,0.5047016713,1,0.08,true
001,planted,5157,1,0.5047217337,0.07491742898,0.0774325247,0.506194602,0,0.08,true
001,planted,5158,1,-0.6584429032,0.03814868426,0.04066377998,0.5032531024,0,0.08,true
001,planted,5159,1,-1.337351474,-0.03213656422,-0.0296214685,0.4976302825,1,0.08,true
001,planted,5160,1,1.155733274,0.02762253197,0.03013762769,0.5024110102,1,0.08,true
001,planted,5161,0,-0.09952885756,0.02180362704,0.02975974304,0.5023807794,1,0.08,true
001,planted,5162,0,0.5375092074,0.04918566387,0.05714177987,0.5045713424,1,0.08,true
001,planted,5163,0,-1.520534588,-0.03158738488,-0.02363126887,0.4981094985,1,0.08,true
001,planted,5164,1,-0.4048019609,-0.05149182908,-0.04897673336,0.4960818613,0,0.08,true
001,planted,5165,1,0.588359372,-0.01893194695,-0.01641685123,0.4986866519,0,0.08,true
001,planted,5166,0,1.138531192,0.0411450461,0.0491011621,0.503928093,0,0.08,true
001,planted,5167,1,0.9374168236,0.08774744161,0.09026253733,0.507221003,0,0.08,true
001,planted,5168,0,-0.07498034774,0.08152409875,0.08948021475,0.5071584172,1,0.08,true
001,planted,5169,0,0.6627420948,0.1141411684,0.1220972844,0.5097677827,1,0.08,true
001,planted,5170,1,-0.4498179343,0.08586176145,0.08837685717,0.5070701486,0,0.08,true
001,planted,5171,0,0.1742083803,0.09341536979,0.1013714858,0.5081097189,1,0.08,true
001,planted,5172,1,0.6511671727,0.1268816216,0.1293967173,0.5103517374,0,0.08,true
001,planted,5173,0,1.000182756,0.1762021886,0.1841583046,0.5147326644,0,0.08,true
001,planted,5174,1,-0.8164479209,0.1216766763,0.124191772,0.5099353418,0,0.08,true
001,planted,5175,0,0.6334748623,0.1534083509,0.1613644669,0.5129091574,1,0.08,true
001,planted,5176,1,-0.8400163677,0.09764497095,0.1001600667,0.5080128053,0,0.08,true
001,planted,5177,1,-1.178489473,0.02443312643,0.02694822215,0.5021558578,0,0.08,true
001,planted,5178,1,0.6680428504,0.06154371556,0.06405881128,0.5051247049,0,0.08,true
001,planted,5179,0,1.773338494,0.1484954949,0.1564516109,0.5125161289,0,0.08,true
001,planted,5180,0,-0.6656295572,0.1071089846,0.1150651006,0.509205208,1,0.08,true
001,planted,5181,1,0.5923251027,0.1356103246,0.1381254203,0.5110500336,0,0.08,true
001,planted,5182,0,-0.5087412569,0.1028754139,0.1108315299,0.5088665224,1,0.08,true
001,planted,5183,0,-0.3718576599,0.0787382611,0.08669437711,0.5069355502,1,0.08,true
001,planted,5184,0,-0.6796451654,0.03663704748,0.04459316349,0.5035674531,0,0.08,true
001,planted,5185,1,-1.547440899,-0.05117146867,-0.04865637295,0.4961074902,1,0.08,true
001,planted,5186,0,-0.08898775358,-0.05483296426,-0.04687684826,0.4962498521,0,0.08,true
001,planted,5187,0,-0.1731455572,-0.06330276754,-0.05534665154,0.4955722679,1,0.08,true
001,planted,5188,1,-1.076101791,-0.1201876418,-0.117672546,0.4905861963,0,0.08,true
001,planted,5189,1,-0.379431123,-0.138475547,-0.1359604513,0.4891231639,1,0.08,true
001,planted,5190,0,-0.02768854219,-0.1366047921,-0.1286486761,0.4897081059,1,0.08,true
001,planted,5191,1,1.066252286,-0.06568497504,-0.06316987932,0.4949464097,0,0.08,true
001,planted,5192,0,-1.482643468,-0.1419922671,-0.1340361511,0.4892771079,0,0.08,true
001,planted,5193,0,-0.2081300749,-0.1500652539,-0.1421091379,0.488631269,1,0.08,true
001,planted,5194,0,-1.547158688,-0.2194584667,-0.2115023507,0.4830798119,0,0.08,true
001,planted,5195,0,-0.4317126062,-0.2365529537,-0.2285968377,0.481712253,0,0.08,true
001,planted,5196,0,1.311630287,-0.1481555247,-0.1401994087,0.4887840473,0,0.08,true
001,planted,5197,0,0.01713148987,-0.1434566413,-0.1355005253,0.489159958,1,0.08,true
001,planted,5198,0,0.287742878,-0.1231916239,-0.1152355079,0.4907811594,1,0.08,true
001,planted,5199,1,0.5220173924,-0.08899143346,-0.08647633774,0.493081893,0,0.08,true
001,planted,5200,1,-0.2662889852,-0.1021853381,-0.09967024233,0.4920263806,1,0.08,true
001,planted,5201,0,0.6423328488,-0.05994785779,-0.05199174179,0.4958406607,1,0.08,true
001,planted,5202,0,-0.3166778739,-0.07745721018,-0.06950109417,0.4944399125,0,0.08,true
001,planted,5203,1,-2.376542118,-0.186447758,-0.1839326623,0.485285387,1,0.08,true
001,planted,5204,1,-1.218632859,-0.2369067983,-0.2343917026,0.4812486638,1,0.08,true
001,planted,5205,0,-0.2452879808,-0.2433904459,-0.2354343299,0.4811652536,0,0.08,true
001,planted,5206,0,0.8671061857,-0.186550657,-0.178594541,0.4857124367,1,0.08,true
001,planted,5207,0,-0.5365511349,-0.2090737196,-0.2011176036,0.4839105917,1,0.08,true
001,planted,5208,0,2.083337994,-0.07940806282,-0.07145194682,0.4942838443,0,0.08,true
001,planted,5209,1,-0.295707014,-0.09204220332,-0.0895271076,0.4928378314,1,0.08,true
001,planted,5210,0,-0.8644930725,-0.1315748284,-0.1236187124,0.490110503,1,0.08,true
001,planted,5211,0,-1.840261051,-0.2055792174,-0.1976231014,0.4841901519,0,0.08,true
001,planted,5212,0,0.3429914311,-0.1831130951,-0.1751569791,0.4859874417,0,0.08,true
001,planted,5213,1,-0.7909883493,-0.2146660097,-0.212150914,0.4830279269,0,0.08,true
001,planted,5214,1,-0.5575298446,-0.2355131398,-0.2329980441,0.4813601565,1,0.08,true
001,planted,5215,0,-0.3873330757,-0.2484685033,-0.2405123873,0.480759009,1,0.08,true
001,planted,5216,1,0.608967168,-0.2080859367,-0.205570841,0.4835543327,0,0.08,true
001,planted,5217,1,0.4808238823,-0.1760222895,-0.1735071938,0.4861194245,1,0.08,true
001,planted,5218,1,-0.493532779,-0.1969796676,-0.1944645719,0.4844428342,1,0.08,true
001,planted,5219,0,-0.09145293468,-0.1970054467,-0.1890493307,0.4848760535,0,0.08,true
001,planted,5220,1,0.9462958518,-0.1344424839,-0.1319273882,0.4894458089,0,0.08,true
001,planted,5221,1,-0.5778751159,-0.1620514531,-0.1595363574,0.4872370914,0,0.08,true
001,planted,5222,0,0.3083052554,-0.1397768172,-0.1318207012,0.4894543439,1,0.08,true
001,planted,5223,0,-0.73761223,-0.1763388647,-0.1683827487,0.4865293801,0,0.08,true
001,planted,5224,0,0.480612959,-0.1422493234,-0.1342932074,0.4892565434,0,0.08,true
001,planted,5225,1,-0.5397020843,-0.1694071753,-0.1668920796,0.4866486336,0,0.08,true
001,planted,5226,0,-1.29943753,-0.2305176511,-0.2225615351,0.4821950772,1,0.08,true
001,planted,5227,0,0.7105349364,-0.1794861048,-0.1715299888,0.4862776009,0,0.08,true
001,planted,5228,0,-0.04240668334,-0.1774604829,-0.1695043669,0.4864396506,1,0.08,true
001,planted,5229,1,2.751211714,-0.003631823911,-0.001116728193,0.4999106617,0,0.08,true
001,planted,5230,0,-0.006342018197,-0.003858029986,0.004098086018,0.5003278469,0,0.08,true
001,planted,5231,0,0.3512074885,0.0142703768,0.02222649281,0.5017781194,1,0.08,true
001,planted,5232,1,1.129569624,0.07090269979,0.07341779551,0.5058734236,1,0.08,true
001,planted,5233,1,0.1106639307,0.07485810768,0.0773732034,0.5061898563,0,0.08,true
001,planted,5234,1,-0.8719097004,0.02573550784,0.02825060356,0.5022600483,0,0.08,true
001,planted,5235,0,-0.7287321234,-0.01388208761,-0.00592597161,0.4995259223,1,0.08,true
001,planted,5236,0,2.885592454,0.11728843,0.125244546,0.5100195637,0,0.08,true
001,planted,5237,0,0.6856598249,0.144207567,0.152163683,0.5121730946,0,0.08,true
001,planted,5238,0,0.9485837748,0.1810758431,0.1890319591,0.5151225567,1,0.08,true
001,planted,5239,0,-0.08411498029,0.1725373994,0.1804935154,0.5144394812,0,0.08,true
001,planted,5240,1,-0.9138783299,0.1220862384,0.1246013341,0.5099681067,1,0.08,true
001,planted,5241,1,-0.3396454777,0.1023432864,0.1048583821,0.5083886706,1,0.08,true
001,planted,5242,1,-1.47063216,0.02586333198,0.0283784277,0.5022702742,0,0.08,true
001,planted,5243,0,-1.104282653,-0.02720423509,-0.01924811909,0.4984601505,0,0.08,true
001,planted,5244,1,0.1181690601,-0.02082939224,-0.01831429652,0.4985348563,0,0.08,true
001,planted,5245,0,-0.9506822376,-0.06573626521,-0.05778014921,0.4953775881,1,0.08,true
001,planted,5246,1,1.331847282,0.001777225586,0.004292321304,0.5003433857,1,0.08,true
001,planted,5247,1,1.074120525,0.05263269423,0.05514778995,0.5044118232,1,0.08,true
001,planted,5248,0,0.129476912,0.05757783767,0.06553395367,0.5052427163,0,0.08,true
001,planted,5249,1,0.2270071666,0.06736277251,0.06987786822,0.5055902295,1,0.08,true
001,planted,5250,0,-0.5757596188,0.03590405941,0.04386017541,0.503508814,0,0.08,true
001,planted,5251,1,-0.8172794069,-0.007385485184,-0.004870389466,0.4996103688,1,0.08,true
001,planted,5252,0,1.141696749,0.0508690182,0.05882513421,0.5047060107,0,0.08,true
001,planted,5253,0,-0.8821074456,0.003668675827,0.01162479183,0.5009299833,0,0.08,true
001,planted,5254,0,1.30015948,0.0683938784,0.07634999441,0.5061079996,0,0.08,true
001,planted,5255,1,0.4291469861,0.08823867437,0.09075377009,0.5072603016,1,0.08,true
001,planted,5256,0,1.035562252,0.1362684208,0.1442245368,0.5115379629,1,0.08,true
001,planted,5257,1,0.6073397203,0.1628908863,0.165405982,0.5132324786,1,0.08,true
001,planted,5258,1,0.8015995411,0.1977296293,0.200244725,0.516019578,1,0.08,true
001,planted,5259,0,0.3586997227,0.2111189263,0.2190750423,0.5175260034,0,0.08,true
001,planted,5260,1,0.7902148546,0.244430461,0.2469455567,0.5197556445,1,0.08,true
001,planted,5261,0,0.0900580085,0.2431379632,0.2510940792,0.5200875263,0,0.08,true
001,planted,5262,1,0.1605762495,0.2458443115,0.2483594072,0.5198687526,0,0.08,true
001,planted,5263,0,-0.2298074732,0.2259212694,0.2338773855,0.5187101908,0,0.08,true
001,planted,5264,0,0.1880768566,0.2310609052,0.2390170212,0.5191213617,1,0.08,true
001,planted,5265,1,-1.858696869,0.1002734646,0.1027885603,0.5082230848,0,0.08,true
001,planted,5266,1,-0.6896659572,0.05851740739,0.06103250311,0.5048826002,1,0.08,true
001,planted,5267,1,-0.7195683947,0.01629697166,0.01881206737,0.5015049654,1,0.08,true
001,planted,5268,1,0.4573312357,0.04157486925,0.04408996497,0.5035271972,1,0.08,true
001,planted,5269,0,-0.1461477549,0.03204136718,0.03999748318,0.5031997987,0,0.08,true
001,planted,5270,0,-0.005168375666,0.03092337639,0.03887949239,0.5031103594,1,0.08,true
001,planted,5271,1,0.5474738292,0.06277417087,0.06528926659,0.5052231413,0,0.08,true
001,planted,5272,1,-1.302676204,-0.01814691435,-0.01563181863,0.4987494545,1,0.08,true
001,planted,5273,1,2.173415907,0.09683189347,0.09934698919,0.5079477591,0,0.08,true
001,planted,5274,1,-0.08821466177,0.08969094658,0.0922060423,0.5073764834,1,0.08,true
001,planted,5275,0,1.0031809,0.1378586254,0.1458147414,0.5116651793,0,0.08,true
001,planted,5276,1,-0.1552970062,0.1258736002,0.1283886959,0.5102710957,1,0.08,true
001,planted,5277,1,1.402402417,0.1893676012,0.1918826969,0.5153506158,0,0.08,true
001,planted,5278,0,0.07730507039,0.1886968121,0.1966529281,0.5157322343,0,0.08,true
001,planted,5279,0,0.04668789472,0.1864817231,0.1944378391,0.5155550271,0,0.08,true
001,planted,5280,0,0.642375432,0.2152837463,0.2232398623,0.517859189,1,0.08,true
001,planted,5281,1,0.579860087,0.2404211133,0.242936209,0.5194348967,0,0.08,true
001,planted,5282,0,0.4933076568,0.2608832619,0.2688393779,0.5215071502,0,0.08,true
001,planted,5283,0,0.9035069183,0.2993089462,0.3072650622,0.524581205,0,0.08,true
001,planted,5284,1,-0.7529632119,0.2425174073,0.2450325031,0.5196026002,1,0.08,true
001,planted,5285,1,-0.5025387704,0.2046968174,0.2072119131,0.516576953,1,0.08,true
001,planted,5286,1,-0.9121002925,0.1401985008,0.1427135965,0.5114170877,1,0.08,true
001,planted,5287,1,-0.3720679058,0.1136817637,0.1161968594,0.5092957488,0,0.08,true
001,planted,5288,0,0.6557846061,0.1487084467,0.1566645627,0.512533165,0,0.08,true
001,planted,5289,0,0.9526972341,0.1972814046,0.2052375206,0.5164190016,0,0.08,true
001,planted,5290,0,-0.9413988808,0.130048834,0.1380049501,0.511040396,0,0.08,true
001,planted,5291,0,-0.9712706005,0.06512647931,0.07308259532,0.5058466076,0,0.08,true
001,planted,5292,0,-0.4495176762,0.03596319318,0.04391930918,0.5035135447,1,0.08,true
001,planted,5293,0,-0.8938663158,-0.01954357805,-0.01158746204,0.499073003,0,0.08,true
001,planted,5294,1,-0.9626162848,-0.07563789286,-0.07312279714,0.4941501762,0,0.08,true
001,planted,5295,1,0.9906887924,-0.01283998611,-0.01032489039,0.4991740088,0,0.08,true
001,planted,5296,0,-1.81986357,-0.1098867868,-0.1019306708,0.4918455463,1,0.08,true
001,planted,5297,0,1.009774994,-0.04940725569,-0.04145113968,0.4966839088,1,0.08,true
001,planted,5298,1,-1.127628268,-0.1064945712,-0.1039794754,0.491681642,0,0.08,true
001,planted,5299,0,0.06019169843,-0.100495155,-0.09253903899,0.4925968769,1,0.08,true
001,planted,5300,0,0.4403108723,-0.07280303988,-0.06484692387,0.4948122461,0,0.08,true
001,planted,5301,1,-0.05443125336,-0.07406680634,-0.07155171062,0.4942758632,0,0.08,true
001,planted,5302,1,-0.8941054379,-0.1213746364,-0.1188595407,0.4904912367,0,0.08,true
001,planted,5303,1,0.2275306161,-0.1047752191,-0.1022601233,0.4918191901,0,0.08,true
001,planted,5304,1,-0.6273562567,-0.1378495582,-0.1353344625,0.489173243,1,0.08,true
001,planted,5305,0,-0.3349328471,-0.1540694573,-0.1461133413,0.4883109327,0,0.08,true
001,planted,5306,0,-1.482842595,-0.2239771875,-0.2160210715,0.4827183143,0,0.08,true
001,planted,5307,1,0.6929861249,-0.1746121345,-0.1720970388,0.4862322369,1,0.08,true
001,planted,5308,1,0.7572195459,-0.1227223073,-0.1202072116,0.4903834231,0,0.08,true
001,planted,5309,0,-1.349349119,-0.1883979196,-0.1804418036,0.4855646557,1,0.08,true
001,planted,5310,1,0.02829612208,-0.1819901511,-0.1794750554,0.4856419956,0,0.08,true
001,planted,5311,0,-0.7149762369,-0.2158713802,-0.2079152642,0.4833667789,1,0.08,true
001,planted,5312,1,-1.247306996,-0.2702562372,-0.2677411415,0.4785807087,1,0.08,true
001,planted,5313,0,0.4100725381,-0.2382446731,-0.2302885571,0.4815769154,0,0.08,true
001,planted,5314,1,0.1140665412,-0.2253493951,-0.2228342994,0.4821732561,1,0.08,true
001,planted,5315,1,1.092329275,-0.1469201474,-0.1444050517,0.4884475959,1,0.08,true
001,planted,5316,0,-0.3439132452,-0.1630695037,-0.1551133877,0.487590929,1,0.08,true
001,planted,5317,0,-1.195262043,-0.220484168,-0.212528052,0.4829977558,0,0.08,true
001,planted,5318,1,0.06482279443,-0.2110089092,-0.2084938134,0.4833204949,1,0.08,true
001,planted,5319,0,0.4659668455,-0.1757759227,-0.1678198067,0.4865744155,1,0.08,true
001,planted,5320,0,-1.428895847,-0.2417911944,-0.2338350784,0.4812931937,0,0.08,true
001,planted,5321,0,1.856904091,-0.1126544561,-0.1046983401,0.4916241328,1,0.08,true
001,planted,5322,0,0.2419161204,-0.09643142009,-0.08847530408,0.4929219757,0,0.08,true
001,planted,5323,1,-0.07093853512,-0.0979394781,-0.09542438239,0.4923660494,1,0.08,true
001,planted,5324,1,-1.533844854,-0.1706806902,-0.1681655945,0.4865467524,0,0.08,true
001,planted,5325,0,0.5058562378,-0.1376140225,-0.1296579065,0.4896273675,1,0.08,true
001,planted,5326,1,1.150415333,-0.06729039482,-0.06477529911,0.4948179761,0,0.08,true
001,planted,5327,0,-1.711685241,-0.1471837085,-0.1392275925,0.4888617926,1,0.08,true
001,planted,5328,0,-1.091970843,-0.1940685441,-0.1861124281,0.4851110058,1,0.08,true
001,planted,5329,1,0.8633401758,-0.1417265705,-0.1392114747,0.488863082,1,0.08,true
001,planted,5330,1,-2.052854896,-0.221010169,-0.2184950733,0.4825203941,1,0.08,true
001,planted,5331,0,-0.305806024,-0.2296431694,-0.2216870534,0.4822650357,0,0.08,true
001,planted,5332,1,-0.1617242701,-0.2316544061,-0.2291393104,0.4816688552,0,0.08,true
001,planted,5333,0,-0.1130812874,-0.231429383,-0.223473267,0.4821221386,1,0.08,true
001,planted,5334,0,0.4597663473,-0.2005959516,-0.1926398356,0.4845888132,0,0.08,true
001,planted,5335,0,1.592370249,-0.1041483865,-0.09619227051,0.4923046184,1,0.08,true
001,planted,5336,1,-1.091028088,-0.1523118048,-0.1497967091,0.4880162633,0,0.08,true
001,planted,5337,0,0.4200247807,-0.1266427781,-0.1186866621,0.490505067,0,0.08,true
001,planted,5338,0,-0.1890233754,-0.1330733133,-0.1251171973,0.4899906242,0,0.08,true
001,planted,5339,1,0.116553844,-0.1234856871,-0.1209705914,0.4903223527,0,0.08,true
001,planted,5340,0,-0.8304400164,-0.1621877493,-0.1542316333,0.4876614693,1,0.08,true
001,planted,5341,0,-0.3184814678,-0.1749456802,-0.1669895641,0.4866408349,0,0.08,true
001,planted,5342,0,-0.0145024642,-0.1713249757,-0.1633688597,0.4869304912,1,0.08,true
001,planted,5343,0,1.063238066,-0.1023177978,-0.09436168176,0.4924510655,1,0.08,true
001,planted,5344,1,0.05313085001,-0.09670398314,-0.09418888742,0.492464889,0,0.08,true
001,planted,5345,0,0.109912249,-0.08782236476,-0.07986624875,0.4936107001,0,0.08,true
001,planted,5346,0,-1.970993536,-0.1798694586,-0.1719133426,0.4862469326,0,0.08,true
001,planted,5347,0,0.6931138525,-0.1358472162,-0.1278911002,0.489768712,0,0.08,true
001,planted,5348,1,1.139454819,-0.06734459798,-0.06482950226,0.4948136398,1,0.08,true
001,planted,5349,1,1.628827644,0.02103879571,0.02355389143,0.5018843113,0,0.08,true
001,planted,5350,0,0.587911158,0.05044303357,0.05839914957,0.504671932,0,0.08,true
001,planted,5351,0,-1.047634601,-0.005736856306,0.002219259698,0.5001775408,1,0.08,true
001,planted,5352,1,-1.259766641,-0.06864087832,-0.0661257826,0.4947099374,0,0.08,true
001,planted,5353,0,0.1613130941,-0.05854918079,-0.05059306479,0.4959525548,0,0.08,true
001,planted,5354,1,-0.5217133645,-0.08399658566,-0.08148148994,0.4934814808,0,0.08,true
001,planted,5355,1,1.035610652,-0.02537556321,-0.02286046749,0.4981711626,0,0.08,true
001,planted,5356,1,1.32295658,0.04397230177,0.04648739749,0.5037189918,1,0.08,true
001,planted,5357,1,1.571908681,0.117491397,0.1200064928,0.5096005194,0,0.08,true
001,planted,5358,1,-0.3541520023,0.09634761443,0.09886271014,0.5079090168,1,0.08,true
001,planted,5359,1,-1.695442211,0.006010885844,0.008525981562,0.5006820785,0,0.08,true
001,planted,5360,1,1.002842989,0.05398205142,0.05649714714,0.5045197718,0,0.08,true
001,planted,5361,0,0.3003970093,0.06729935782,0.07525547382,0.5060204379,0,0.08,true
001,planted,5362,0,-0.5060480271,0.03975709939,0.0477132154,0.5038170572,1,0.08,true
001,planted,5363,1,-1.515620713,-0.03714002264,-0.03462492693,0.4972300058,0,0.08,true
001,planted,5364,1,-0.9147989755,-0.08019926645,-0.07768417073,0.4937852663,0,0.08,true
001,planted,5365,1,0.4479325622,-0.05541766044,-0.05290256472,0.4957677948,1,0.08,true
001,planted,5366,1,-0.4533803048,-0.07682040247,-0.07430530675,0.4940555755,1,0.08,true
001,planted,5367,1,-0.2924378787,-0.08994893444,-0.08743383873,0.4930052929,1,0.08,true
001,planted,5368,0,0.8164756464,-0.04317770215,-0.03522158614,0.4971822731,0,0.08,true
001,planted,5369,1,-1.056430447,-0.09593327848,-0.09341818277,0.4925265454,0,0.08,true
001,planted,5370,0,-0.4447981224,-0.1166669669,-0.1087108509,0.4913031319,0,0.08,true
001,planted,5371,0,1.891660205,-0.009394850813,-0.001438734809,0.4998849012,1,0.08,true
001,planted,5372,1,-1.086319392,-0.06255345275,-0.06003835703,0.4951969314,0,0.08,true
001,planted,5373,1,-1.130946363,-0.1145847239,-0.1120696282,0.4910344297,0,0.08,true
001,planted,5374,1,0.2984060396,-0.09643465195,-0.09391955623,0.4924864355,0,0.08,true
001,planted,5375,1,0.02406911183,-0.09275035675,-0.09023526103,0.4927811791,1,0.08,true
001,planted,5376,1,0.7368350316,-0.05065772783,-0.04814263211,0.4961485894,1,0.08,true
001,planted,5377,0,1.324018556,0.02042130319,0.02837741919,0.5022701935,0,0.08,true
001,planted,5378,0,-2.966861125,-0.1111283996,-0.1031722836,0.4917462173,0,0.08,true
001,planted,5379,0,0.5873150076,-0.08187599137,-0.07391987537,0.49408641,0,0.08,true
001,planted,5380,1,-1.098715343,-0.1261306097,-0.123615514,0.4901107589,1,0.08,true
001,planted,5381,0,-0.5766747294,-0.1479015042,-0.1399453882,0.4888043689,0,0.08,true
001,planted,5382,0,-0.1349014282,-0.15028751,-0.142331394,0.4886134885,1,0.08,true
001,planted,5383,1,-0.9374998471,-0.1869865558,-0.18447146,0.4852422832,0,0.08,true
001,planted,5384,1,0.5183669305,-0.1567614354,-0.1542463397,0.4876602928,0,0.08,true
001,planted,5385,1,1.057395372,-0.09916876684,-0.09665367113,0.4922677063,1,0.08,true
001,planted,5386,0,0.1597565268,-0.08888723131,-0.08093111531,0.4935255108,1,0.08,true
001,planted,5387,1,-1.917794865,-0.167172004,-0.1646569083,0.4868274473,1,0.08,true
001,planted,5388,1,-0.08966718705,-0.1671038802,-0.1645887845,0.4868328972,0,0.08,true
001,planted,5389,1,1.776706131,-0.07253146508,-0.07001636936,0.4943986905,1,0.08,true
001,planted,5390,1,0.3552769409,-0.05420817943,-0.05169308371,0.4958645533,1,0.08,true
001,planted,5391,0,0.9924607584,-0.005993249214,0.00196286679,0.5001570293,0,0.08,true
001,planted,5392,1,0.266268777,0.006734394642,0.00924949036,0.5007399592,1,0.08,true
001,planted,5393,0,0.1124694422,0.01200624911,0.01996236512,0.5015969892,1,0.08,true
001,planted,5394,1,-0.6066181198,-0.01826022545,-0.01574512973,0.4987403896,1,0.08,true
001,planted,5395,1,-0.2491753319,-0.03033286848,-0.02781777276,0.4977745782,1,0.08,true
001,planted,5396,1,0.6690906643,0.004986895947,0.007501991665,0.5006001593,1,0.08,true
001,planted,5397,0,0.2547548464,0.01818951901,0.02614563501,0.5020916508,0,0.08,true
001,planted,5398,0,0.1954766472,0.02819781501,0.03615393101,0.5028923145,0,0.08,true
001,planted,5399,0,0.824844729,0.0714330098,0.0793891258,0.5063511301,0,0.08,true
001,planted,5400,1,0.8520589663,0.1142715412,0.1167866369,0.509342931,0,0.08,true
001,planted,5401,0,1.465057888,0.1811527938,0.1891089098,0.5151287128,1,0.08,true
001,planted,5402,0,1.675410713,0.2471509342,0.2551070502,0.520408564,0,0.08,true
001,planted,5403,1,0.929607383,0.2820370243,0.28455212,0.5227641696,0,0.08,true
001,planted,5404,0,0.6534794893,0.304954914,0.31291103,0.5250328824,0,0.08,true
001,planted,5405,0,-0.2555433703,0.2834602969,0.2914164129,0.523313313,0,0.08,true
001,planted,5406,0,0.2178010585,0.2874841987,0.2954403147,0.5236352252,1,0.08,true
001,planted,5407,1,-0.4423422913,0.2546174111,0.2571325068,0.5205706005,0,0.08,true
001,planted,5408,1,0.1252562903,0.2550112556,0.2575263513,0.5206021081,0,0.08,true
001,planted,5409,0,-0.6382428653,0.2094068079,0.2173629239,0.5173890339,1,0.08,true
001,planted,5410,1,0.04927875397,0.2069331544,0.2094482502,0.51675586,0,0.08,true
001,planted,5411,0,1.177743838,0.2591386282,0.2670947442,0.5213675795,1,0.08,true
001,planted,5412,1,-0.249131158,0.2376273956,0.2401424913,0.5192113993,0,0.08,true
001,planted,5413,1,-0.4353911624,0.2043858103,0.206900906,0.5165520725,1,0.08,true
001,planted,5414,0,-0.1557087439,0.1896156983,0.1975718143,0.5158057451,0,0.08,true
001,planted,5415,1,-0.5819733445,0.1467965474,0.1493116432,0.5119449315,0,0.08,true
001,planted,5416,0,-1.235875598,0.06177734355,0.06973345955,0.5055786768,1,0.08,true
001,planted,5417,1,-0.5732263524,0.0249913464,0.02750644211,0.5022005154,1,0.08,true
001,planted,5418,0,-1.083658729,-0.04077136406,-0.03281524805,0.4973747802,1,0.08,true
001,planted,5419,0,-1.227124838,-0.1083661259,-0.1004100099,0.4919671992,1,0.08,true
001,planted,5420,0,0.4611431342,-0.07780222535,-0.06984610935,0.4944123113,0,0.08,true
001,planted,5421,0,-0.8245428445,-0.1224670995,-0.1145109835,0.4908391213,0,0.08,true
001,planted,5422,1,1.945091118,-0.001894883931,0.0006202117867,0.5000496169,0,0.08,true
001,planted,5423,0,0.3794787356,0.01885368306,0.02680979907,0.5021447839,1,0.08,true
001,planted,5424,0,0.6386784404,0.05342978949,0.0613859055,0.5049108724,1,0.08,true
001,planted,5425,0,-0.03796587938,0.04992269763,0.05787881363,0.5046303051,0,0.08,true
001,planted,5426,1,0.05537014901,0.05187301263,0.05438810835,0.5043510487,0,0.08,true
001,planted,5427,1,0.5232838361,0.08099026853,0.08350536425,0.5066804291,1,0.08,true
001,planted,5428,0,0.03329104209,0.08095422746,0.08891034346,0.5071128275,0,0.08,true
001,planted,5429,0,0.6887223978,0.1195613771,0.1275174931,0.5102013994,1,0.08,true
001,planted,5430,0,0.8862803926,0.1669984717,0.1749545877,0.513996367,0,0.08,true
001,planted,5431,0,1.049143832,0.2190393322,0.2269954482,0.5181596359,0,0.08,true
001,planted,5432,1,-1.370496045,0.1209969901,0.1235120858,0.5098809669,1,0.08,true
001,planted,5433,1,0.7052502004,0.1568451495,0.1593602452,0.5127488196,1,0.08,true
001,planted,5434,1,1.878241791,0.2367140502,0.2392291459,0.5191383317,1,0.08,true
001,planted,5435,0,-0.5651237045,0.1979837478,0.2059398638,0.5164751891,1,0.08,true
001,planted,5436,1,-1.405979984,0.1085207075,0.1110358032,0.5088828643,1,0.08,true
001,planted,5437,1,2.350182491,0.2020922578,0.2046073536,0.5163685883,0,0.08,true
001,planted,5438,1,-0.5905129763,0.167277382,0.1697924777,0.5135833982,0,0.08,true
001,planted,5439,1,0.1919559879,0.1722727785,0.1747878743,0.5139830299,1,0.08,true
001,planted,5440,1,0.3071964944,0.1828698797,0.1853849754,0.514830798,1,0.08,true
001,planted,5441,0,0.6782028248,0.2104896984,0.2184458144,0.5174756652,1,0.08,true
001,planted,5442,1,0.7782424523,0.2416969545,0.2442120502,0.519536964,0,0.08,true
001,planted,5443,0,0.6410086544,0.2662264857,0.2741826017,0.5219346081,1,0.08,true
001,planted,5444,1,-0.09123384505,0.2545668292,0.2570819249,0.520566554,1,0.08,true
001,planted,5445,0,0.7220202968,0.2831897601,0.2911458761,0.5232916701,0,0.08,true
001,planted,5446,1,-1.287874434,0.1953090206,0.1978241163,0.5158259293,1,0.08,true
001,planted,5447,1,-1.151976532,0.1235133044,0.1260284001,0.510082272,1,0.08,true
001,planted,5448,1,-0.2827419601,0.1050647488,0.1075798445,0.5086063876,0,0.08,true
001,planted,5449,0,1.033800725,0.1540227644,0.1619788804,0.5129583104,1,0.08,true
001,planted,5450,1,0.6375404916,0.1825769429,0.1850920387,0.5148073631,0,0.08,true
001,planted,5451,0,0.5372122697,0.2057471559,0.2137032719,0.5170962617,1,0.08,true
001,planted,5452,1,0.5280025119,0.2281273435,0.2306424392,0.5184513951,0,0.08,true
001,planted,5453,1,-0.7312995616,0.1776275687,0.1801426644,0.5144114131,1,0.08,true
001,planted,5454,1,-0.8848932602,0.1192339716,0.1217490673,0.5097399254,0,0.08,true
001,planted,5455,1,0.6106318902,0.1494897795,0.1520048752,0.51216039,1,0.08,true
001,planted,5456,0,-0.7546270953,0.09981986914,0.1077759851,0.5086220788,0,0.08,true
001,planted,5457,1,1.321617517,0.1651739814,0.1676890771,0.5134151262,1,0.08,true
001,planted,5458,1,-2.054784217,0.03912781259,0.04164290831,0.5033314327,0,0.08,true
001,planted,5459,0,0.4307145547,0.06011092572,0.06806704172,0.5054453633,0,0.08,true
001,planted,5460,0,0.4147723247,0.08010152737,0.08805764337,0.5070446115,0,0.08,true
001,planted,5461,1,-0.08818135924,0.07330347646,0.07581857218,0.5060654858,0,0.08,true
001,planted,5462,0,1.715466111,0.1530938228,0.1610499388,0.5128839951,0,0.08,true
001,planted,5463,0,0.4752817033,0.1729758797,0.1809319957,0.5144745597,0,0.08,true
001,planted,5464,0,-1.631123785,0.07618712122,0.08414323722,0.506731459,1,0.08,true
001,planted,5465,1,1.179389262,0.1297243106,0.1322394064,0.5105791525,1,0.08,true
001,planted,5466,0,0.3040582528,0.1414506936,0.1494068096,0.5119525448,0,0.08,true
001,planted,5467,1,1.375481324,0.1991074386,0.2016225343,0.5161298027,0,0.08,true
001,planted,5468,0,-0.2515119934,0.1810710488,0.1890271648,0.5151221732,1,0.08,true
001,planted,5469,0,-1.125837308,0.1144230503,0.1223791663,0.5097903333,1,0.08,true
001,planted,5470,0,-1.722714698,0.02142227994,0.02937839595,0.5023502717,0,0.08,true
001,planted,5471,0,0.75081704,0.05690621764,0.06486233364,0.5051889867,1,0.08,true
001,planted,5472,0,-1.6591811,-0.02519082516,-0.01723470915,0.4986212233,0,0.08,true
001,planted,5473,0,0.07256397708,-0.02108453058,-0.01312841458,0.4989497268,1,0.08,true
001,planted,5474,0,-0.2766821944,-0.03404516202,-0.02608904601,0.4979128763,0,0.08,true
001,planted,5475,0,1.407305035,0.03569660684,0.04365272284,0.5034922178,1,0.08,true
001,planted,5476,1,1.261202385,0.0932017744,0.09571687011,0.5076573496,1,0.08,true
001,planted,5477,1,-0.3966484891,0.07132394883,0.07383904455,0.5059071236,1,0.08,true
001,planted,5478,1,0.7257181232,0.104185165,0.1067002607,0.5085360209,1,0.08,true
001,planted,5479,0,0.5189092792,0.1267684493,0.1347245653,0.5107779652,1,0.08,true
001,planted,5480,1,-0.7258738602,0.0852102462,0.08772534192,0.5070180274,0,0.08,true
001,planted,5481,0,-0.5544619504,0.05386729871,0.06182341471,0.5049458732,0,0.08,true
001,planted,5482,0,-0.1882218703,0.04253261131,0.05048872731,0.5040390982,1,0.08,true
001,planted,5483,1,0.6427943698,0.07530594341,0.07782103913,0.5062256831,1,0.08,true
001,planted,5484,1,-0.3986983462,0.05130038129,0.053815477,0.5043052382,1,0.08,true
001,planted,5485,0,0.2298601854,0.06276324593,0.07071936194,0.505657549,0,0.08,true
001,planted,5486,0,-0.4725555416,0.03383465295,0.04179076896,0.5033432615,0,0.08,true
001,planted,5487,0,0.7038579669,0.0728578436,0.0808139596,0.5064651168,0,0.08,true
001,planted,5488,1,1.426385414,0.1451455745,0.1476606702,0.5118128536,1,0.08,true
001,planted,5489,1,-1.147840734,0.07347865331,0.07599374903,0.5060794999,1,0.08,true
001,planted,5490,0,-1.21830994,0.003533346602,0.01148946261,0.500919157,1,0.08,true
001,planted,5491,1,-0.3410659472,-0.01517076562,-0.0126556699,0.4989875464,0,0.08,true
001,planted,5492,1,-1.140802398,-0.07560481686,-0.07308972114,0.4941528223,0,0.08,true
001,planted,5493,0,-0.3806140385,-0.09428786313,-0.08633174713,0.4930934602,1,0.08,true
001,planted,5494,0,1.35067179,-0.01489122908,-0.006935113075,0.499445191,0,0.08,true
001,planted,5495,0,-0.1645467072,-0.02350700235,-0.01555088635,0.4987559291,0,0.08,true
001,planted,5496,0,-0.4182359961,-0.0461400602,-0.0381839442,0.4969452845,1,0.08,true
001,planted,5497,1,-0.8341380763,-0.09071025997,-0.08819516426,0.4929443869,1,0.08,true
001,planted,5498,0,-1.464938163,-0.1615427212,-0.1535866052,0.4877130716,0,0.08,true
001,planted,5499,0,0.5031775252,-0.1286938303,-0.1207377143,0.4903409829,1,0.08,true
001,planted,5500,1,0.8454660463,-0.07622613949,-0.07371104377,0.4941031165,1,0.08,true
001,planted,5501,0,0.5595981091,-0.0423197531,-0.0343636371,0.497250909,0,0.08,true
001,planted,5502,1,-1.069597099,-0.09887925583,-0.09636416012,0.4922908672,0,0.08,true
001,planted,5503,0,-0.8076785746,-0.1392714461,-0.1313153301,0.4894947736,1,0.08,true
001,planted,5504,0,1.983640366,-0.02027760125,-0.01232148524,0.4990142812,0,0.08,true
001,planted,5505,0,1.156053716,0.03915065228,0.04710676829,0.5037685415,0,0.08,true
001,planted,5506,0,-0.2539570264,0.02499165476,0.03294777076,0.5026358217,0,0.08,true
001,planted,5507,1,0.2328006191,0.03662591419,0.03914100991,0.5031312808,0,0.08,true
001,planted,5508,1,-0.1241634733,0.0289526452,0.03146774092,0.5025174193,1,0.08,true
001,planted,5509,0,-0.5412481707,-0.001861624189,0.006094491815,0.5004875593,0,0.08,true
001,planted,5510,1,-0.9619503555,-0.05461366525,-0.05209856953,0.4958321144,0,0.08,true
001,planted,5511,1,0.6831292343,-0.01451035994,-0.01199526422,0.4990403789,0,0.08,true
001,planted,5512,1,-1.736586937,-0.1034378002,-0.1009227045,0.4919261836,0,0.08,true
001,planted,5513,0,1.754963054,-0.006436063247,0.001520052757,0.5001216042,0,0.08,true
001,planted,5514,0,-0.9375910217,-0.05253311185,-0.04457699584,0.4964338403,1,0.08,true
001,planted,5515,1,-0.095902661,-0.05605866875,-0.05354357303,0.4957165142,1,0.08,true
001,planted,5516,1,2.621229943,0.06987501158,0.0723901073,0.5057912086,1,0.08,true
001,planted,5517,1,0.2695437688,0.080276716,0.08279181172,0.5066233449,1,0.08,true
001,planted,5518,0,1.308164466,0.1344282095,0.1423843255,0.511390746,0,0.08,true
001,planted,5519,0,-0.1029483404,0.1262359264,0.1341920424,0.5107353634,0,0.08,true
001,planted,5520,0,-0.1733282878,0.1147417733,0.1226978893,0.5098158311,0,0.08,true
001,planted,5521,1,0.3047876874,0.1263795514,0.1288946471,0.5103115718,1,0.08,true
001,planted,5522,1,0.3155138433,0.1385442559,0.1410593516,0.5112847481,1,0.08,true
001,planted,5523,1,-1.005638398,0.08168528824,0.08420038396,0.5067360307,1,0.08,true
001,planted,5524,0,1.479657073,0.1468823348,0.1548384508,0.5123870761,1,0.08,true
001,planted,5525,1,1.054963097,0.1902926008,0.1928076965,0.5154246157,1,0.08,true
001,planted,5526,0,-0.9581898299,0.1350524632,0.1430085792,0.5114406863,0,0.08,true
001,planted,5527,0,0.5386347316,0.1572645427,0.1652206587,0.5132176527,0,0.08,true
001,planted,5528,0,0.4462308955,0.1749712543,0.1829273703,0.5146341896,1,0.08,true
001,planted,5529,1,-0.7894278564,0.1276619192,0.1301770149,0.5104141612,1,0.08,true
001,planted,5530,1,0.02642864506,0.1258048407,0.1283199364,0.5102655949,0,0.08,true
001,planted,5531,1,0.8927212842,0.1666108606,0.1691259563,0.5135300765,1,0.08,true
001,planted,5532,1,0.5055729847,0.1881438686,0.1906589643,0.5152527171,1,0.08,true
001,planted,5533,1,-0.2634925448,0.1686284992,0.1711435949,0.5136914876,0,0.08,true
001,planted,5534,0,-0.4920641989,0.135795849,0.143751965,0.5115001572,0,0.08,true
001,planted,5535,0,-1.166675072,0.06314192265,0.07109803865,0.5056878431,1,0.08,true
001,planted,5536,1,0.6897340229,0.09873246226,0.101247558,0.5080998046,0,0.08,true
001,planted,5537,1,0.6929063418,0.1334493611,0.1359644568,0.5108771565,1,0.08,true
001,planted,5538,1,0.1763422885,0.1400238368,0.1425389325,0.5114031146,1,0.08,true
001,planted,5539,1,1.294655473,0.2011565904,0.2036716861,0.5162937349,1,0.08,true
001,planted,5540,1,1.204573926,0.2530661939,0.2555812896,0.5204465032,1,0.08,true
001,planted,5541,0,-0.9413244488,0.1888692555,0.1968253715,0.5157460297,0,0.08,true
001,planted,5542,1,0.2674951967,0.1985802642,0.2010953599,0.5160876288,1,0.08,true
001,planted,5543,1,0.1622263908,0.2026506038,0.2051656995,0.516413256,1,0.08,true
001,planted,5544,1,0.5339070093,0.2265959528,0.2291110485,0.5183288839,0,0.08,true
001,planted,5545,0,-0.2215771151,0.207306217,0.215262333,0.5172209866,0,0.08,true
001,planted,5546,0,-0.09335620666,0.1963009862,0.2042571022,0.5163405682,1,0.08,true
001,planted,5547,0,1.631321762,0.266886542,0.274842658,0.5219874126,1,0.08,true
001,planted,5548,1,1.748164394,0.3294873141,0.3320024098,0.5265601928,0,0.08,true
001,planted,5549,1,0.3480782666,0.3388931622,0.3414082579,0.5273126606,0,0.08,true
001,planted,5550,0,-0.2461732685,0.316006346,0.323962462,0.525916997,1,0.08,true
001,planted,5551,1,-0.3799722499,0.2849950318,0.2875101275,0.5230008102,0,0.08,true
001,planted,5552,1,-0.4810916418,0.2478164798,0.2503315755,0.520026526,1,0.08,true
001,planted,5553,1,0.5267989442,0.270156964,0.2726720598,0.5218137648,0,0.08,true
001,planted,5554,1,0.9496944709,0.3105329055,0.3130480012,0.5250438401,1,0.08,true
001,planted,5555,0,-0.3313867394,0.2817157059,0.2896718219,0.5231737458,1,0.08,true
001,planted,5556,0,0.3166137542,0.2928632853,0.3008194013,0.5240655521,1,0.08,true
001,planted,5557,1,-0.8779356096,0.2238687167,0.2263838124,0.518110705,0,0.08,true
001,planted,5558,0,1.375848876,0.2838036592,0.2917597752,0.523340782,1,0.08,true
001,planted,5559,0,1.82065883,0.3465450361,0.3545011521,0.5283600922,1,0.08,true
001,planted,5560,0,0.08553863381,0.3424071241,0.3503632401,0.5280290592,1,0.08,true
001,planted,5561,0,0.2307190309,0.3461881623,0.3541442783,0.5283315423,1,0.08,true
001,planted,5562,0,0.1843633983,0.3476985448,0.3556546608,0.5284523729,1,0.08,true
001,planted,5563,0,0.47160118,0.364032424,0.37198854,0.5297590832,1,0.08,true
001,planted,5564,0,0.642879538,0.3878366347,0.3957927507,0.5316634201,1,0.08,true
001,planted,5565,0,0.3869529163,0.3994160058,0.4073721218,0.5325897697,0,0.08,true
001,planted,5566,0,0.6805592334,0.4241380126,0.4320941286,0.5345675303,1,0.08,true
001,planted,5567,0,-0.5718870896,0.3727173997,0.3806735157,0.5304538813,0,0.08,true
001,planted,5568,1,-0.8653090419,0.2993118482,0.301826944,0.5241461555,1,0.08,true
001,planted,5569,1,0.09054964086,0.2973727636,0.2998878594,0.5239910287,1,0.08,true
001,planted,5570,1,-0.1592217411,0.2791968125,0.2817119082,0.5225369527,1,0.08,true
001,planted,5571,1,1.476264948,0.3391159477,0.3416310435,0.5273304835,1,0.08,true
001,planted,5572,0,-0.05930108966,0.3267748169,0.3347309329,0.5267784746,1,0.08,true
001,planted,5573,0,0.6891059133,0.3558298705,0.3637859865,0.5291028789,0,0.08,true
001,planted,5574,0,-0.2281995573,0.3313622719,0.3393183879,0.527145471,1,0.08,true
001,planted,5575,0,1.476739699,0.3854668521,0.3934229681,0.5314738375,0,0.08,true
001,planted,5576,1,-0.2055564731,0.3623358748,0.3648509706,0.5291880776,0,0.08,true
001,planted,5577,0,-1.063969807,0.2731424297,0.2810985457,0.5224878837,0,0.08,true
001,planted,5578,0,-0.4574286263,0.2357037127,0.2436598287,0.5194927863,1,0.08,true
001,planted,5579,0,-0.02186322169,0.2283398961,0.2362960121,0.518903681,1,0.08,true
001,planted,5580,0,-1.381850121,0.1227304938,0.1306866098,0.5104549288,0,0.08,true
001,planted,5581,0,-0.4659699244,0.08992801716,0.09788413317,0.5078307307,0,0.08,true
001,planted,5582,0,-2.087745796,-0.03815356484,-0.03019744883,0.4975842041,1,0.08,true
001,planted,5583,0,0.7024972822,0.002013755045,0.009969871049,0.5007975897,1,0.08,true
001,planted,5584,1,-1.419283093,-0.07355801473,-0.07104291901,0.4943165665,0,0.08,true
001,planted,5585,0,1.471117875,0.007996103975,0.01595221998,0.5012761776,1,0.08,true
001,planted,5586,0,0.0323989186,0.009498936872,0.01745505288,0.5013964042,0,0.08,true
001,planted,5587,0,0.41713842,0.03162750978,0.03958362578,0.5031666901,0,0.08,true
001,planted,5588,0,1.098279658,0.08820136402,0.09615748002,0.5076925984,1,0.08,true
001,planted,5589,0,1.041045162,0.1384062245,0.1463623405,0.5117089872,0,0.08,true
001,planted,5590,1,-0.6398516307,0.09897653496,0.1014916307,0.5081193305,1,0.08,true
001,planted,5591,1,0.3245363712,0.1139700375,0.1164851332,0.5093188107,1,0.08,true
001,planted,5592,1,-0.728234776,0.06894203226,0.07145712798,0.5057165702,1,0.08,true
001,planted,5593,1,0.4988416702,0.09477598956,0.09729108528,0.5077832868,0,0.08,true
001,planted,5594,1,1.118654256,0.1508719058,0.1533870016,0.5122709601,0,0.08,true
001,planted,5595,0,-0.04924913303,0.1442338687,0.1521899847,0.5121751988,0,0.08,true
001,planted,5596,0,-0.1674472756,0.1306673447,0.1386234607,0.5110898769,0,0.08,true
001,planted,5597,1,0.146156994,0.136012682,0.1385277777,0.5110822222,1,0.08,true
001,planted,5598,1,0.7375714067,0.1743365714,0.1768516671,0.5141481334,0,0.08,true
001,planted,5599,0,-1.219340163,0.08965002108,0.09760613708,0.507808491,1,0.08,true
001,planted,5600,1,-1.714085638,-0.01414414596,-0.01162905025,0.499069676,1,0.08,true
001,planted,5601,1,-0.1479024621,-0.02204966202,-0.0195345663,0.4984372347,1,0.08,true
001,planted,5602,0,0.2642385555,-0.006312395352,0.001643720652,0.5001314977,0,0.08,true
001,planted,5603,1,0.2287410194,0.00727175911,0.009786854828,0.5007829484,1,0.08,true
001,planted,5604,0,-0.8965745279,-0.04554631806,-0.03759020205,0.4969927838,0,0.08,true
001,planted,5605,1,0.6437972987,-0.005678195329,-0.003163099611,0.499746952,1,0.08,true
001,planted,5606,1,-1.409539318,-0.08503791533,-0.08252281962,0.4933981744,1,0.08,true
001,planted,5607,1,-1.436220119,-0.1558676186,-0.1533525229,0.4877317982,0,0.08,true
001,planted,5608,1,-2.12852251,-0.2391334355,-0.2366183397,0.4810705328,0,0.08,true
001,planted,5609,0,0.3844371588,-0.2128162589,-0.2048601429,0.4836111886,0,0.08,true
001,planted,5610,0,0.3646741832,-0.1878941869,-0.1799380709,0.4856049543,1,0.08,true
001,planted,5611,1,-0.1632991429,-0.1916305247,-0.189115429,0.4848707657,0,0.08,true
001,planted,5612,1,0.3023389083,-0.1699284996,-0.1674134039,0.4866069277,1,0.08,true
001,planted,5613,1,-0.5089277519,-0.1923351077,-0.189820012,0.484814399,1,0.08,true
001,planted,5614,1,0.5137251026,-0.1571349454,-0.1546198497,0.487630412,0,0.08,true
001,planted,5615,0,0.6735272473,-0.1127778157,-0.1048216996,0.491614264,1,0.08,true
001,planted,5616,0,-0.5627738005,-0.1411137011,-0.1331575851,0.4893473932,0,0.08,true
001,planted,5617,1,1.203694576,-0.06343616303,-0.06092106731,0.4951263146,1,0.08,true
001,planted,5618,0,1.178423386,0.005862974835,0.01381909084,0.5011055273,1,0.08,true
001,planted,5619,1,-0.9092565101,-0.04459210314,-0.04207700742,0.4966338394,1,0.08,true
001,planted,5620,1,0.8555450986,0.004848610293,0.007363706011,0.5005890965,0,0.08,true
001,planted,5621,0,1.336084627,0.07628799346,0.08424410947,0.5067395288,1,0.08,true
001,planted,5622,0,0.4832802105,0.100296871,0.108252987,0.508660239,1,0.08,true
001,planted,5623,0,-0.06052164212,0.09434630182,0.1023024178,0.5081841934,0,0.08,true
001,planted,5624,1,-0.6390697731,0.05439327152,0.05690836724,0.5045526694,1,0.08,true
001,planted,5625,0,0.04317390843,0.05553139939,0.06348751539,0.5050790012,0,0.08,true
001,planted,5626,0,-0.1386381341,0.04579554288,0.05375165888,0.5043001327,0,0.08,true
001,planted,5627,0,-0.953688467,-0.01343745946,-0.005481343459,0.4995614925,0,0.08,true
001,planted,5628,1,-0.3473488671,-0.03410212094,-0.03158702522,0.497473038,1,0.08,true
001,planted,5629,1,-0.9198925835,-0.08764461658,-0.08512952086,0.4931896383,1,0.08,true
001,planted,5630,1,-1.216996331,-0.1522883752,-0.1497732795,0.4880181376,1,0.08,true
001,planted,5631,1,1.287162952,-0.06712746534,-0.06461236962,0.4948310104,0,0.08,true
001,planted,5632,1,0.0307590188,-0.06363250011,-0.06111740439,0.4951106076,0,0.08,true
001,planted,5633,1,0.5094873407,-0.03125920854,-0.02874411283,0.497700471,0,0.08,true
001,planted,5634,1,-0.6016181544,-0.06616842157,-0.06365332585,0.4949077339,0,0.08,true
001,planted,5635,1,-1.642024859,-0.1508806932,-0.1483655975,0.4881307522,1,0.08,true
001,planted,5636,0,-1.681156499,-0.2237680758,-0.2158119598,0.4827350432,0,0.08,true
001,planted,5637,1,-0.1801907498,-0.2276504417,-0.2251353459,0.4819891723,0,0.08,true
001,planted,5638,1,0.488335114,-0.193342121,-0.1908270253,0.484733838,1,0.08,true
001,planted,5639,0,-0.6957789818,-0.2243616782,-0.2164055622,0.482687555,0,0.08,true
001,planted,5640,0,-0.5671869635,-0.2485065145,-0.2405503985,0.4807559681,0,0.08,true
001,planted,5641,0,-0.0293827839,-0.2439126478,-0.2359565318,0.4811234775,0,0.08,true
001,planted,5642,0,-1.210499926,-0.2948794218,-0.2869233058,0.4770461355,0,0.08,true
001,planted,5643,0,-1.620798025,-0.3516988526,-0.3437427366,0.4725005811,1,0.08,true
001,planted,5644,1,0.1131694496,-0.336441563,-0.3339264673,0.4732858826,1,0.08,true
001,planted,5645,0,-1.012220701,-0.3730367818,-0.3650806658,0.4707935467,0,0.08,true
001,planted,5646,0,-0.8431228648,-0.4019707309,-0.3940146149,0.4684788308,1,0.08,true
001,planted,5647,0,0.9978154941,-0.3255454782,-0.3175893622,0.474592851,0,0.08,true
001,planted,5648,1,-0.3306664613,-0.3346711652,-0.3321560695,0.4734275144,1,0.08,true
001,planted,5649,1,-1.493232565,-0.3845390615,-0.3820239658,0.4694380827,1,0.08,true
001,planted,5650,1,-0.5007163043,-0.3992712518,-0.3967561561,0.4682595075,1,0.08,true
001,planted,5651,0,1.542089933,-0.2827471055,-0.2747909895,0.4780167208,1,0.08,true
001,planted,5652,1,-0.8524030152,-0.3147050152,-0.3121899195,0.4750248064,0,0.08,true
001,planted,5653,0,-1.110237451,-0.3540340394,-0.3460779234,0.4723137661,0,0.08,true
001,planted,5654,0,0.3097835125,-0.3276661537,-0.3197100377,0.474423197,0,0.08,true
001,planted,5655,0,1.273066857,-0.2387000478,-0.2307439318,0.4815404855,1,0.08,true
001,planted,5656,0,1.503793,-0.1433248437,-0.1353687277,0.4891705018,1,0.08,true
001,planted,5657,1,1.445995058,-0.06174496094,-0.05922986523,0.4952616108,1,0.08,true
001,planted,5658,1,-0.7583767289,-0.09686751184,-0.09435241612,0.4924518067,0,0.08,true
001,planted,5659,0,1.398454772,-0.02229443897,-0.01433832296,0.4988529342,0,0.08,true
001,planted,5660,1,0.3606695599,-0.003806487452,-0.001291391734,0.4998966887,0,0.08,true
001,planted,5661,1,0.1111953238,0.001936726684,0.004451822402,0.5003561458,1,0.08,true
001,planted,5662,0,1.578920736,0.07896350248,0.08691961848,0.5069535695,0,0.08,true
001,planted,5663,0,-1.946977116,-0.01896463457,-0.01100851857,0.4991193185,0,0.08,true
001,planted,5664,1,0.1525074873,-0.01128627291,-0.008771177197,0.4992983058,0,0.08,true
001,planted,5665,1,0.4857780002,0.01242366046,0.01493875618,0.5011951005,1,0.08,true
001,planted,5666,0,0.4988149189,0.03650280996,0.04445892597,0.5035567141,1,0.08,true
001,planted,5667,0,-0.8436330318,-0.006755204322,0.001200911682,0.5000960729,0,0.08,true
001,planted,5668,1,0.7370208397,0.03037918165,0.03289427737,0.5026315422,0,0.08,true
001,planted,5669,0,-0.637168973,-0.003063179015,0.004892936989,0.500391435,1,0.08,true
001,planted,5670,1,1.759901025,0.08208544511,0.08460054083,0.5067680433,0,0.08,true
001,planted,5671,0,-0.3913644958,0.0604224779,0.06837859391,0.5054702875,0,0.08,true
001,planted,5672,1,0.7842932857,0.09703246585,0.09954756156,0.5079638049,1,0.08,true
001,planted,5673,0,-0.6318604897,0.06166334335,0.06961945936,0.5055695567,1,0.08,true
001,planted,5674,0,0.01821982308,0.06104643683,0.06900255284,0.5055202042,0,0.08,true
001,planted,5675,0,1.171541833,0.117365886,0.125322002,0.5100257602,1,0.08,true
001,planted,5676,0,0.5139110763,0.140398747,0.148354863,0.511868389,0,0.08,true
001,planted,5677,0,-1.358388652,0.0609352008,0.0688913168,0.5055113053,0,0.08,true
001,planted,5678,1,0.733304777,0.09631078303,0.09882587875,0.5079060703,0,0.08,true
001,planted,5679,1,1.690290508,0.170126772,0.1726418677,0.5138113494,1,0.08,true
001,planted,5680,1,1.989328672,0.2427423786,0.2452574743,0.5196205979,0,0.08,true
001,planted,5681,0,0.5734386385,0.2617249403,0.2696810563,0.5215744845,0,0.08,true
001,planted,5682,1,1.497468444,0.3113055095,0.3138206052,0.5251056484,0,0.08,true
001,planted,5683,0,-0.5411493721,0.2762679654,0.2842240814,0.5227379265,1,0.08,true
001,planted,5684,0,0.708991293,0.2997470927,0.3077032087,0.5246162567,0,0.08,true
001,planted,5685,1,-1.477092232,0.2100011211,0.2125162168,0.5170012973,0,0.08,true
001,planted,5686,0,-2.142227706,0.09393851341,0.1018946294,0.5081515704,0,0.08,true
001,planted,5687,1,-1.006569696,0.04609180987,0.04860690559,0.5038885524,0,0.08,true
001,planted,5688,0,1.723526032,0.115103693,0.123059809,0.5098447847,0,0.08,true
001,planted,5689,0,-0.2864652845,0.09965394833,0.1076100643,0.5086088051,1,0.08,true
001,planted,5690,1,0.1287881376,0.1028000263,0.105315122,0.5084252098,0,0.08,true
001,planted,5691,0,0.1433048293,0.1066602389,0.1146163549,0.5091693084,1,0.08,true
001,planted,5692,0,0.01783785384,0.1047896364,0.1127457525,0.5090196602,0,0.08,true
001,planted,5693,1,0.8093375171,0.1387510688,0.1412661645,0.5113012932,1,0.08,true
001,planted,5694,1,0.07795145982,0.1389839332,0.1414990289,0.5113199223,1,0.08,true
001,planted,5695,1,-1.022285859,0.0827062072,0.08522130292,0.5068177042,1,0.08,true
001,planted,5696,1,-0.8038380926,0.04011846394,0.04263355965,0.5034106848,0,0.08,true
001,planted,5697,0,0.2260109008,0.0503583806,0.0583144966,0.5046651597,0,0.08,true
001,planted,5698,1,-0.114048615,0.04321520841,0.04573030412,0.5036584243,1,0.08,true
001,planted,5699,1,-0.7928499096,0.0003805302022,0.00289562592,0.5002316501,0,0.08,true
001,planted,5700,0,-2.32157442,-0.1076137432,-0.0996576272,0.4920273898,0,0.08,true
001,planted,5701,1,-1.639514091,-0.1728301614,-0.1703150657,0.4863747947,0,0.08,true
001,planted,5702,1,0.4500686016,-0.1470281125,-0.1445130168,0.4884389587,1,0.08,true
001,planted,5703,0,-0.3282870744,-0.1584183978,-0.1504622818,0.4879630175,1,0.08,true
001,planted,5704,1,-0.9361826761,-0.1956668213,-0.1931517256,0.484547862,0,0.08,true
001,planted,5705,0,-1.236031437,-0.242174489,-0.234218373,0.4812625302,1,0.08,true
001,planted,5706,0,0.7463474328,-0.1975858291,-0.1896297131,0.4848296229,0,0.08,true
001,planted,5707,0,0.257371652,-0.1797513171,-0.1717952011,0.4862563839,1,0.08,true
001,planted,5708,0,1.862912003,-0.07585195088,-0.06789583487,0.4945683332,1,0.08,true
001,planted,5709,1,1.043827047,-0.02396989295,-0.02145479723,0.4982836162,1,0.08,true
001,planted,5710,1,0.1852522392,-0.01457128349,-0.01205618777,0.499035505,0,0.08,true
001,planted,5711,0,0.7206369011,0.02056360529,0.02851972129,0.5022815777,1,0.08,true
001,planted,5712,1,-0.1945460491,0.01045132239,0.0129664181,0.5010373134,1,0.08,true
001,planted,5713,0,1.470341451,0.08011932266,0.08807543866,0.5070460351,1,0.08,true
001,planted,5714,1,-0.0360439232,0.07631634863,0.07883144435,0.5063065155,0,0.08,true
001,planted,5715,1,0.4732239199,0.0976962174,0.1002113131,0.508016905,1,0.08,true
001,planted,5716,0,-0.2583535092,0.08178497507,0.08974109107,0.5071792873,1,0.08,true
001,planted,5717,1,1.151143408,0.1354788937,0.1379939894,0.5110395192,1,0.08,true
001,planted,5718,0,-0.3639780967,0.1126505745,0.1206066905,0.5096485352,1,0.08,true
001,planted,5719,1,1.475120706,0.1777983475,0.1803134432,0.5144250755,1,0.08,true
001,planted,5720,1,-0.7747637351,0.131215917,0.1337310127,0.510698481,1,0.08,true
001,planted,5721,1,0.1694293456,0.1366208187,0.1391359144,0.5111308732,1,0.08,true
001,planted,5722,0,-0.1495422343,0.1250882486,0.1330443646,0.5106435492,0,0.08,true
001,planted,5723,1,0.8646007668,0.1656279567,0.1681430524,0.5134514442,0,0.08,true
001,planted,5724,0,0.7090949231,0.1974582976,0.2054144136,0.5164331531,1,0.08,true
001,planted,5725,1,0.2334545716,0.2050927921,0.2076078878,0.516608631,0,0.08,true
001,planted,5726,1,-1.176293633,0.1273243059,0.1298394016,0.5103871521,0,0.08,true
001,planted,5727,0,0.0707163957,0.1280381772,0.1359942932,0.5108795435,0,0.08,true
001,planted,5728,1,1.679301848,0.2031318897,0.2056469854,0.5164517588,0,0.08,true
001,planted,5729,0,-1.017784404,0.1387913742,0.1467474902,0.5117397992,0,0.08,true
001,planted,5730,1,-0.08385639953,0.1307316721,0.1332467679,0.5106597414,1,0.08,true
001,planted,5731,1,1.599305104,0.2007074853,0.203222581,0.5162578065,0,0.08,true
001,planted,5732,1,1.460560763,0.2577873111,0.2603024069,0.5208241925,1,0.08,true
001,planted,5733,1,-0.5012338538,0.2241483797,0.2266634754,0.518133078,0,0.08,true
001,planted,5734,0,-0.362873057,0.1988396979,0.2067958139,0.5165436651,1,0.08,true
001,planted,5735,0,-0.1061300543,0.1880869446,0.1960430606,0.5156834448,0,0.08,true
001,planted,5736,1,-0.5389841927,0.1525350048,0.1550501006,0.512404008,1,0.08,true
001,planted,5737,1,-0.2092104722,0.1368518841,0.1393669798,0.5111493584,0,0.08,true
001,planted,5738,1,-0.5153402719,0.1031344791,0.1056495748,0.508451966,0,0.08,true
001,planted,5739,1,-1.295926104,0.0240789492,0.02659404492,0.5021275236,0,0.08,true
001,planted,5740,0,-1.945588918,-0.07740582163,-0.06944970562,0.4944440236,0,0.08,true
001,planted,5741,1,-0.8162035619,-0.1157699731,-0.1132548774,0.4909396098,1,0.08,true
001,planted,5742,1,0.6635244302,-0.07717945967,-0.07466436395,0.4940268509,0,0.08,true
001,planted,5743,0,0.6277417839,-0.04145306983,-0.03349695382,0.4973202437,0,0.08,true
001,planted,5744,0,-1.000839197,-0.09167764639,-0.08372153039,0.4933022776,0,0.08,true
001,planted,5745,0,-0.97258022,-0.1378855405,-0.1299294245,0.489605646,1,0.08,true
001,planted,5746,0,0.4333988228,-0.1105392332,-0.1025831172,0.4917933506,0,0.08,true
001,planted,5747,1,1.312441843,-0.03414482621,-0.03162973049,0.4974696216,0,0.08,true
001,planted,5748,0,-0.4904537768,-0.0591099138,-0.05115379779,0.4959076962,0,0.08,true
001,planted,5749,1,0.2031533803,-0.0464829265,-0.04396783079,0.4964825735,0,0.08,true
001,planted,5750,1,-1.380201494,-0.1157130315,-0.1131979358,0.4909441651,1,0.08,true
001,planted,5751,1,-0.4349015773,-0.135593889,-0.1330787932,0.4893536965,1,0.08,true
001,planted,5752,1,-0.7902423833,-0.1725811388,-0.1700660431,0.4863947166,1,0.08,true
001,planted,5753,1,-0.5374986905,-0.1963794031,-0.1938643074,0.4844908554,0,0.08,true
001,planted,5754,0,-0.04688969194,-0.1940474083,-0.1860912923,0.4851126966,1,0.08,true
001,planted,5755,0,-0.06916795263,-0.1931194257,-0.1851633097,0.4851869352,0,0.08,true
001,planted,5756,0,0.2301863291,-0.1741904523,-0.1662343363,0.4867012531,1,0.08,true
001,planted,5757,0,0.9496544453,-0.1082748572,-0.1003187412,0.4919745007,1,0.08,true
001,planted,5758,0,0.6499282967,-0.06515417983,-0.05719806383,0.4954241549,1,0.08,true
001,planted,5759,1,0.2157191669,-0.05021104897,-0.04769595325,0.4961843237,1,0.08,true
001,planted,5760,1,0.2165576989,-0.03529668723,-0.03278159151,0.4973774727,0,0.08,true
001,planted,5761,1,-2.402882633,-0.1553081416,-0.1527930459,0.4877765563,1,0.08,true
001,planted,5762,0,0.3108367506,-0.1341407309,-0.1261846149,0.4899052308,1,0.08,true
001,planted,5763,0,0.2842313916,-0.1146919902,-0.1067358742,0.4914611301,0,0.08,true
001,planted,5764,0,0.7058567922,-0.07058887629,-0.06263276028,0.4949893792,0,0.08,true
001,planted,5765,1,-1.483824275,-0.1438195061,-0.1413044104,0.4886956472,0,0.08,true
001,planted,5766,0,1.343847182,-0.06294597049,-0.05498985449,0.4956008116,0,0.08,true
001,planted,5767,1,0.08635372117,-0.05671488858,-0.05419979286,0.4956640166,0,0.08,true
001,planted,5768,0,0.1579856772,-0.04656405711,-0.03860794111,0.4969113647,1,0.08,true
001,planted,5769,0,0.7365801737,-0.003831978155,0.004124137849,0.500329931,1,0.08,true
001,planted,5770,0,-1.228579558,-0.07019946255,-0.06224334655,0.4950205323,1,0.08,true
001,planted,5771,0,0.4373108808,-0.04382869819,-0.03587258219,0.4971301934,0,0.08,true
001,planted,5772,1,0.4477025333,-0.01719832764,-0.01468323192,0.4988253414,0,0.08,true
001,planted,5773,0,-0.9370124572,-0.06897838202,-0.06102226602,0.4951182187,0,0.08,true
001,planted,5774,1,0.6293987473,-0.03052201537,-0.02800691965,0.4977594464,0,0.08,true
001,planted,5775,1,0.5717777851,0.003615908958,0.006131004676,0.5004904804,1,0.08,true
001,planted,5776,0,-1.437730404,-0.07635040974,-0.06839429373,0.4945284565,1,0.08,true
001,planted,5777,1,-1.639227162,-0.1546920718,-0.1521769761,0.4878258419,1,0.08,true
001,planted,5778,1,-2.225228746,-0.2384909065,-0.2359758108,0.4811219351,1,0.08,true
001,planted,5779,0,1.867310724,-0.1311296616,-0.1231735456,0.4901461163,0,0.08,true
001,planted,5780,1,-0.6861722009,-0.1579728608,-0.1554577651,0.4875633788,0,0.08,true
001,planted,5781,0,-0.4995430919,-0.1764805966,-0.1685244806,0.4865180416,1,0.08,true
001,planted,5782,1,-0.4739649349,-0.1937430645,-0.1912279688,0.4847017625,1,0.08,true
001,planted,5783,0,1.664139419,-0.1008923892,-0.09293627323,0.4925650981,1,0.08,true
001,planted,5784,0,-0.7029995971,-0.1300867855,-0.1221306695,0.4902295464,1,0.08,true
001,planted,5785,0,1.708551981,-0.04223312222,-0.03427700622,0.4972578395,1,0.08,true
001,planted,5786,1,-0.9230519935,-0.08227539109,-0.07976029537,0.4936191764,1,0.08,true
001,planted,5787,0,-0.7787459638,-0.1149095607,-0.1069534447,0.4914437244,0,0.08,true
001,planted,5788,1,0.9677825555,-0.0650807146,-0.06256561888,0.4949947505,0,0.08,true
001,planted,5789,1,0.7942631825,-0.02546828175,-0.02295318603,0.4981637451,0,0.08,true
001,planted,5790,0,0.4042451506,-0.005437546769,0.002518569235,0.5002014855,1,0.08,true
001,planted,5791,0,0.7723350403,0.03206338093,0.04001949693,0.5032015598,1,0.08,true
001,planted,5792,1,2.180654265,0.1254047646,0.1279198603,0.5102335888,1,0.08,true
001,planted,5793,1,0.2685407654,0.134315758,0.1368308537,0.5109464683,1,0.08,true
001,planted,5794,1,1.810863771,0.2017572831,0.2042723788,0.5163417903,0,0.08,true
001,planted,5795,0,-0.2918388222,0.1832104802,0.1911665962,0.5152933277,0,0.08,true
001,planted,5796,0,-0.3776982233,0.160690964,0.16864708,0.5134917664,0,0.08,true
001,planted,5797,1,-0.3528106072,0.1396163016,0.1421313973,0.5113705118,0,0.08,true
001,planted,5798,1,2.646770019,0.2290060282,0.2315211239,0.5185216899,1,0.08,true
001,planted,5799,0,0.5163287639,0.2441873748,0.2521434908,0.5201714793,1,0.08,true
001,planted,5800,1,-2.278302293,0.1260782356,0.1285933314,0.5102874665,0,0.08,true
001,planted,5801,1,0.2448938262,0.132811521,0.1353266167,0.5108261293,1,0.08,true
001,planted,5802,0,1.90101978,0.1972336443,0.2051897603,0.5164151808,1,0.08,true
001,planted,5803,1,-3.744705879,0.03301129762,0.03552639334,0.5028421115,0,0.08,true
001,planted,5804,1,0.9549929621,0.06441572627,0.06693082199,0.5053544658,0,0.08,true
001,planted,5805,0,-0.2565934891,0.05375909132,0.06171520732,0.5049372166,0,0.08,true
001,planted,5806,1,0.7694268735,0.07940654108,0.0819216368,0.5065537309,0,0.08,true
001,planted,5807,1,1.730860357,0.1353336187,0.1378487144,0.5110278972,0,0.08,true
001,planted,5808,0,-0.2224141721,0.123803661,0.131759777,0.5105407822,0,0.08,true
001,planted,5809,0,0.1773644327,0.1271745527,0.1351306687,0.5108104535,1,0.08,true
001,planted,5810,0,0.810267617,0.1532491798,0.1612052958,0.5128964237,1,0.08,true
001,planted,5811,0,1.274638042,0.1938858864,0.2018420024,0.5161473602,1,0.08,true
001,planted,5812,0,0.35956663,0.2024781347,0.2104342507,0.5168347401,0,0.08,true
001,planted,5813,0,-0.1797753137,0.1901427348,0.1980988508,0.5158479081,0,0.08,true
001,planted,5814,0,0.2862132459,0.1966748432,0.2046309592,0.5163704767,0,0.08,true
001,planted,5815,1,0.6316771413,0.2164650275,0.2189801233,0.5175184099,0,0.08,true
001,planted,5816,0,-0.9530927001,0.1678998779,0.1758559939,0.5140684795,1,0.08,true
001,planted,5817,0,0.3927185072,0.1799365718,0.1878926878,0.515031415,1,0.08,true
001,planted,5818,0,1.088476401,0.2181128172,0.2260689332,0.5180855147,1,0.08,true
001,planted,5819,1,0.317104292,0.2260748152,0.2285899109,0.5182871929,0,0.08,true
001,planted,5820,1,0.1470318421,0.2268617282,0.2293768239,0.5183501459,1,0.08,true
001,planted,5821,0,0.1654652588,0.2286134728,0.2365695888,0.5189255671,1,0.08,true
001,planted,5822,0,0.7297719983,0.2543167151,0.2622728311,0.5209818265,1,0.08,true
001,planted,5823,1,1.04039688,0.2906104942,0.2931255899,0.5234500472,1,0.08,true
001,planted,5824,0,0.618914042,0.3102356802,0.3181917962,0.5254553437,1,0.08,true
001,planted,5825,0,-0.3525806529,0.2843255984,0.2922817144,0.5233825372,1,0.08,true
001,planted,5826,0,-1.59806621,0.1858332823,0.1937893983,0.5155031519,0,0.08,true
001,planted,5827,1,1.030595903,0.2253551892,0.2278702849,0.5182296228,1,0.08,true
001,planted,5828,1,0.7627796116,0.2530977656,0.2556128613,0.5204490289,1,0.08,true
001,planted,5829,1,-1.511738795,0.1639886857,0.1665037814,0.5133203025,0,0.08,true
001,planted,5830,1,-0.3741106049,0.1415581493,0.144073245,0.5115258596,0,0.08,true
001,planted,5831,1,-0.7037004318,0.1024766822,0.1049917779,0.5083993422,1,0.08,true
001,planted,5832,1,0.8453807929,0.1392571399,0.1417722356,0.5113417788,1,0.08,true
001,planted,5833,1,-1.602909509,0.05257098262,0.05508607834,0.5044068863,1,0.08,true
001,planted,5834,0,0.6235517161,0.08054812132,0.08850423732,0.507080339,0,0.08,true
001,planted,5835,1,-0.8961073694,0.0339750034,0.03649009912,0.5029192079,0,0.08,true
001,planted,5836,0,-0.1291787859,0.02673472657,0.03469084257,0.5027752674,0,0.08,true
001,planted,5837,0,-1.627585261,-0.05278031348,-0.04482419748,0.4964140642,0,0.08,true
001,planted,5838,0,-1.420191739,-0.1152054226,-0.1072493066,0.4914200555,1,0.08,true
001,planted,5839,1,0.5156793301,-0.08715316333,-0.08463806761,0.4932289546,1,0.08,true
001,planted,5840,0,1.452146079,-0.01361066546,-0.005654549452,0.499547636,1,0.08,true
001,planted,5841,1,0.1667934808,-0.005321588559,-0.002806492841,0.4997754806,1,0.08,true
001,planted,5842,0,0.4112667223,0.01483005921,0.02278617522,0.501822894,0,0.08,true
001,planted,5843,0,-0.3416872338,-0.002582645316,0.005373470688,0.5004298777,1,0.08,true
001,planted,5844,0,-0.1635321577,-0.01085502723,-0.002898911224,0.4997680871,0,0.08,true
001,planted,5845,0,-1.042128478,-0.06325209437,-0.05529597837,0.4955763217,0,0.08,true
001,planted,5846,0,0.6388295574,-0.02802480758,-0.02006869158,0.4983945047,1,0.08,true
001,planted,5847,1,-0.3195398186,-0.04410020364,-0.04158510792,0.4966731914,0,0.08,true
001,planted,5848,0,-0.5650714309,-0.07289903784,-0.06494292184,0.4948045663,0,0.08,true
001,planted,5849,0,-1.674332757,-0.1508921403,-0.1429360243,0.4885651181,0,0.08,true
001,planted,5850,0,0.2436535628,-0.1341341546,-0.1261780386,0.4899057569,0,0.08,true
001,planted,5851,0,-1.294777116,-0.1910295892,-0.1830734731,0.4853541221,0,0.08,true
001,planted,5852,1,0.2276370479,-0.1740144279,-0.1714993322,0.4862800534,0,0.08,true
001,planted,5853,0,-1.146065971,-0.222861629,-0.214905513,0.482807559,1,0.08,true
001,planted,5854,0,-0.06222743781,-0.2204998424,-0.2125437264,0.4829965019,1,0.08,true
001,planted,5855,0,-0.25935683,-0.2285929416,-0.2206368256,0.482349054,0,0.08,true
001,planted,5856,1,0.7426932911,-0.178330465,-0.1758153693,0.4859347705,1,0.08,true
001,planted,5857,1,2.986730574,-0.004560465381,-0.002045369663,0.4998363704,1,0.08,true
001,planted,5858,0,-0.003749507855,-0.004618060328,0.003338055676,0.5002670445,0,0.08,true
001,planted,5859,1,-1.589107812,-0.07559052043,-0.07307542471,0.494153966,1,0.08,true
001,planted,5860,1,0.4711254136,-0.05173854957,-0.04922345385,0.4960621237,0,0.08,true
001,planted,5861,1,-0.253366597,-0.06225471162,-0.0597396159,0.4952208307,0,0.08,true
001,planted,5862,0,-0.7763593074,-0.09673787094,-0.08878175493,0.4928974596,0,0.08,true
001,planted,5863,0,0.2105372454,-0.08393584329,-0.07597972729,0.4939216218,1,0.08,true
001,planted,5864,0,-0.5577009221,-0.1088348886,-0.1008787726,0.4919296982,0,0.08,true
001,planted,5865,0,0.3213540794,-0.08949274898,-0.08153663297,0.4934770694,1,0.08,true
001,planted,5866,1,0.3790368343,-0.06723535864,-0.06472026292,0.494822379,1,0.08,true
001,planted,5867,1,0.6503979327,-0.03056861694,-0.02805352122,0.4977557183,0,0.08,true
001,planted,5868,1,-1.013540768,-0.0820474377,-0.07953234198,0.4936374126,0,0.08,true
001,planted,5869,0,1.292831581,-0.009999400751,-0.002043284747,0.4998365372,1,0.08,true
001,planted,5870,1,-0.4157138862,-0.03149051496,-0.02897541925,0.4976819665,1,0.08,true
001,planted,5871,1,-0.8905438064,-0.07684313127,-0.07432803555,0.4940537572,0,0.08,true
001,planted,5872,0,-0.2268353112,-0.08700557879,-0.07904946278,0.493676043,0,0.08,true
001,planted,5873,1,-0.8876722001,-0.130755075,-0.1282399792,0.4897408017,1,0.08,true
001,planted,5874,1,-0.2269929906,-0.1397965547,-0.137281459,0.4890174833,0,0.08,true
001,planted,5875,0,0.3139096646,-0.1180719104,-0.1101157944,0.4911907365,1,0.08,true
001,planted,5876,1,0.4888268613,-0.08602654374,-0.08351144802,0.4933190842,0,0.08,true
001,planted,5877,1,0.5939823522,-0.04817631937,-0.04566122365,0.4963471021,1,0.08,true
001,planted,5878,1,1.316816281,0.03006187064,0.03257696636,0.5026061573,0,0.08,true
001,planted,5879,1,0.3437886719,0.04902105721,0.05153615293,0.5041228922,0,0.08,true
001,planted,5880,1,0.3846547723,0.07018717373,0.07270226944,0.5058161816,0,0.08,true
001,planted,5881,0,1.424224742,0.1441577155,0.1521138315,0.5121691065,1,0.08,true
001,planted,5882,1,-0.4840967896,0.1116277784,0.1141428741,0.5091314299,1,0.08,true
001,planted,5883,1,0.3726022208,0.1301216722,0.1326367679,0.5106109414,1,0.08,true
001,planted,5884,1,-1.133698311,0.05609749202,0.05861258774,0.504689007,1,0.08,true
001,planted,5885,1,0.5145055146,0.08426919515,0.08678429086,0.5069427433,1,0.08,true
001,planted,5886,0,-0.06527902551,0.07820661639,0.0861627324,0.5068930186,0,0.08,true
001,planted,5887,0,-0.01984630105,0.07500370626,0.08295982226,0.5066367858,1,0.08,true
001,planted,5888,0,0.9692300147,0.1295450056,0.1375011216,0.5110000897,0,0.08,true
001,planted,5889,0,0.4076656489,0.1507648349,0.1587209509,0.5126976761,0,0.08,true
001,planted,5890,0,0.6448908309,0.1849330853,0.1928892013,0.5154311361,0,0.08,true
001,planted,5891,0,1.296146596,0.2469801749,0.2549362909,0.5203949033,0,0.08,true
001,planted,5892,1,1.21590953,0.2994154821,0.3019305779,0.5241544462,0,0.08,true
001,planted,5893,1,0.6108756252,0.3242080996,0.3267231953,0.5261378556,0,0.08,true
001,planted,5894,1,-0.02039560281,0.3147530613,0.317268157,0.5253814526,0,0.08,true
001,planted,5895,1,0.4203819525,0.3307570978,0.3332721935,0.5266617755,0,0.08,true
001,planted,5896,0,3.019645438,0.3902476236,0.3982037396,0.5318562992,1,0.08,true
001,planted,5897,1,-0.5330876447,0.3515345741,0.3540496698,0.5283239736,1,0.08,true
001,planted,5898,0,-2.039121847,0.2178317241,0.2257878401,0.5180630272,0,0.08,true
001,planted,5899,1,1.338122623,0.2649438329,0.2674589286,0.5213967143,1,0.08,true
001,planted,5900,1,0.3176599396,0.272394112,0.2749092077,0.5219927366,1,0.08,true
001,planted,5901,1,0.7244460532,0.2964409826,0.2989560783,0.5239164863,1,0.08,true
001,planted,5902,0,0.2937833586,0.3024908554,0.3104469714,0.5248357577,1,0.08,true
001,planted,5903,0,-0.5261569013,0.2670657899,0.2750219059,0.5220017525,1,0.08,true
001,planted,5904,0,0.8727776955,0.2985076137,0.3064637297,0.5245170984,1,0.08,true
001,planted,5905,1,1.70893257,0.352045874,0.3545609697,0.5283648776,1,0.08,true
001,planted,5906,1,2.877978522,0.4094789468,0.4119940425,0.5329595234,1,0.08,true
001,planted,5907,0,-0.09658263074,0.3949709801,0.4029270961,0.5322341677,1,0.08,true
001,planted,5908,0,-1.133875047,0.3280993736,0.3360554897,0.5268844392,0,0.08,true
001,planted,5909,1,0.2856561395,0.331670481,0.3341855768,0.5267348461,0,0.08,true
001,planted,5910,0,1.247040454,0.3675576962,0.3755138122,0.530041105,1,0.08,true
001,planted,5911,0,0.6605117041,0.3842049658,0.3921610818,0.5313728865,1,0.08,true
001,planted,5912,0,0.2954606537,0.3870903356,0.3950464516,0.5316037161,1,0.08,true
001,planted,5913,0,-0.08196277075,0.3734577122,0.3814138282,0.5305131063,1,0.08,true
001,planted,5914,1,-0.9569605731,0.3124195021,0.3149345978,0.5251947678,1,0.08,true
001,planted,5915,0,1.988353243,0.3675494589,0.3755055749,0.530040446,1,0.08,true
001,planted,5916,0,1.647477177,0.4103660144,0.4183221304,0.5334657704,1,0.08,true
001,planted,5917,0,-0.1193940298,0.3946423753,0.4025984913,0.5322078793,1,0.08,true
001,planted,5918,0,-0.2310054464,0.3738783796,0.3818344956,0.5305467597,1,0.08,true
001,planted,5919,0,0.07661357456,0.3678905317,0.3758466477,0.5300677318,0,0.08,true
001,planted,5920,1,-2.250797109,0.2279358199,0.2304509156,0.5184360732,0,0.08,true
001,planted,5921,0,-1.616820634,0.1444012109,0.1523573269,0.5121885861,0,0.08,true
001,planted,5922,1,-2.256798326,0.04056844946,0.04308354518,0.5034466836,0,0.08,true
001,planted,5923,0,0.29412874,0.05132235095,0.05927846696,0.5047422774,1,0.08,true
001,planted,5924,1,0.785587949,0.08160430161,0.08411939733,0.5067295518,1,0.08,true
001,planted,5925,1,0.4106488233,0.09646780516,0.09898290088,0.5079186321,0,0.08,true
001,planted,5926,1,-2.352126701,-0.006238558956,-0.003723463238,0.4997021229,0,0.08,true
001,planted,5927,1,-0.8464420157,-0.03957489334,-0.03705979762,0.4970352162,0,0.08,true
001,planted,5928,1,0.4820399605,-0.01888989529,-0.01637479957,0.498690016,1,0.08,true
001,planted,5929,0,0.8398808494,0.01631244207,0.02426855807,0.5019414846,1,0.08,true
001,planted,5930,1,-1.376858914,-0.04078229761,-0.0382672019,0.4969386238,1,0.08,true
001,planted,5931,0,1.272580517,0.01314874297,0.02110485897,0.5016883887,0,0.08,true
001,planted,5932,1,1.524553664,0.07357828029,0.07609337601,0.5060874701,0,0.08,true
001,planted,5933,1,-0.9063230087,0.03388581297,0.03640090869,0.5029120727,1,0.08,true
001,planted,5934,1,0.2777837784,0.04455544975,0.04707054547,0.5037656436,1,0.08,true
001,planted,5935,0,1.58266818,0.1063127408,0.1142688568,0.5091415085,0,0.08,true
001,planted,5936,0,-0.1066214294,0.09912587616,0.1070819922,0.5085665594,0,0.08,true
001,planted,5937,1,-1.279385989,0.0403280177,0.04284311341,0.5034274491,1,0.08,true
001,planted,5938,1,0.2743711934,0.05100410807,0.05351920379,0.5042815363,1,0.08,true
001,planted,5939,0,0.8272589181,0.08494998336,0.09290609937,0.5074324879,0,0.08,true
001,planted,5940,1,2.375440332,0.1704236939,0.1729387896,0.5138351032,0,0.08,true
001,planted,5941,0,0.2990614054,0.1781814639,0.1861375799,0.5148910064,0,0.08,true
001,planted,5942,0,-0.838504936,0.1365084172,0.1444645332,0.5115571627,1,0.08,true
001,planted,5943,0,-1.034765875,0.08702021382,0.09497632982,0.5075981064,0,0.08,true
001,planted,5944,0,1.500397398,0.1436248957,0.1515810117,0.5121264809,1,0.08,true
001,planted,5945,0,1.660243464,0.2007872341,0.2087433501,0.516699468,0,0.08,true
001,planted,5946,0,0.8890639427,0.2295557041,0.2375118201,0.5190009456,0,0.08,true
001,planted,5947,1,-0.1091872803,0.2191012151,0.2216163108,0.5177293049,1,0.08,true
001,planted,5948,1,1.43099941,0.2653923657,0.2679074614,0.5214325969,0,0.08,true
001,planted,5949,0,-1.874648078,0.1681815288,0.1761376448,0.5140910116,1,0.08,true
001,planted,5950,0,-0.4136478394,0.1464373877,0.1543935037,0.5123514803,0,0.08,true
001,planted,5951,0,0.2292353557,0.1522590155,0.1602151315,0.5128172105,1,0.08,true
001,planted,5952,1,0.06680940639,0.151280443,0.1537955387,0.5123036431,1,0.08,true
001,planted,5953,0,0.09077896977,0.1514529889,0.1594091049,0.5127527284,0,0.08,true
001,planted,5954,1,-1.064671395,0.09691285738,0.09942795309,0.5079542362,1,0.08,true
001,planted,5955,1,0.3532858892,0.1102950743,0.1128101701,0.5090248136,0,0.08,true
001,planted,5956,1,-1.113179097,0.05407480684,0.05658990256,0.5045271922,1,0.08,true
001,planted,5957,0,-3.865251241,-0.09937525394,-0.09141913794,0.492686469,0,0.08,true
001,planted,5958,0,-1.051666473,-0.1340080731,-0.1260519571,0.4899158434,1,0.08,true
001,planted,5959,1,0.1670216139,-0.1242756417,-0.121760546,0.4902591563,0,0.08,true
001,planted,5960,0,1.300351006,-0.06918115768,-0.06122504168,0.4951019967,1,0.08,true
001,planted,5961,1,1.721229713,-0.0008438735891,0.001671222129,0.5001336978,1,0.08,true
001,planted,5962,0,1.157427079,0.0423701317,0.0503262477,0.5040260998,0,0.08,true
001,planted,5963,0,-0.6584815761,0.01599361122,0.02394972722,0.5019159782,0,0.08,true
001,planted,5964,1,-0.6376301577,-0.009235173983,-0.006720078265,0.4994623937,0,0.08,true
001,planted,5965,1,-1.24155285,-0.05702628323,-0.05451118751,0.495639105,0,0.08,true
001,planted,5966,1,0.0632201599,-0.05305893362,-0.0505438379,0.495956493,1,0.08,true
001,planted,5967,0,0.5166782442,-0.03045060898,-0.02249449298,0.4982004406,0,0.08,true
001,planted,5968,0,1.752818678,0.04137521009,0.04933132609,0.5039465061,0,0.08,true
001,planted,5969,0,-0.2609121514,0.02966764389,0.0376237599,0.5030099008,1,0.08,true
001,planted,5970,0,-0.07414730711,0.0258191365,0.03377525251,0.5027020202,1,0.08,true
001,planted,5971,1,0.8890700649,0.06233765457,0.06485275029,0.50518822,1,0.08,true
001,planted,5972,1,0.07367812233,0.06394360054,0.06645869626,0.5053166957,0,0.08,true
001,planted,5973,1,0.4059386708,0.08009981665,0.08261491237,0.506609193,1,0.08,true
001,planted,5974,1,-0.8605230551,0.03839081893,0.04090591465,0.5032724732,0,0.08,true
001,planted,5975,1,-0.3869486148,0.01958860317,0.02210369889,0.5017682959,1,0.08,true
001,planted,5976,1,-0.1911792933,0.01010589779,0.01262099351,0.5010096795,1,0.08,true
001,planted,5977,0,0.2073368098,0.01981258628,0.02776870229,0.5022214962,1,0.08,true
001,planted,5978,1,0.3513489248,0.03653924825,0.03905434397,0.5031243475,0,0.08,true
001,planted,5979,0,2.476782414,0.1402084946,0.1481646106,0.5118531688,0,0.08,true
001,planted,5980,0,-0.428092809,0.1168704131,0.1248265291,0.5099861223,0,0.08,true
001,planted,5981,0,-1.41754786,0.04646173169,0.05441784769,0.5043534278,0,0.08,true
001,planted,5982,1,0.7292095769,0.07761011732,0.08012521303,0.506410017,0,0.08,true
001,planted,5983,0,0.6662322134,0.1054122184,0.1133683344,0.5090694668,0,0.08,true
001,planted,5984,0,-0.907090823,0.05911402055,0.06707013655,0.5053656109,1,0.08,true
001,planted,5985,1,-0.4691123482,0.03525638377,0.03777147949,0.5030217184,0,0.08,true
001,planted,5986,0,-1.147597311,-0.02043420083,-0.01247808482,0.4990017532,0,0.08,true
001,planted,5987,0,-0.1442038541,-0.02683843282,-0.01888231681,0.4984894147,0,0.08,true
001,planted,5988,1,1.93433838,0.06367886046,0.06619395618,0.5052955165,0,0.08,true
001,planted,5989,1,-0.9277996573,0.0185464584,0.02106155412,0.5016849243,0,0.08,true
001,planted,5990,1,0.9885469394,0.06307981257,0.06559490829,0.5052475927,0,0.08,true
001,planted,5991,0,0.6646297711,0.09188894341,0.09984505942,0.5079876048,0,0.08,true
001,planted,5992,0,-0.9240949105,0.04447886865,0.05243498466,0.5041947988,1,0.08,true
001,planted,5993,0,-1.10124986,-0.009427049828,-0.001470933824,0.4998823253,0,0.08,true
001,planted,5994,0,1.007135372,0.03834744911,0.04630356511,0.5037042852,1,0.08,true
001,planted,5995,0,0.7120687074,0.07087700993,0.07883312594,0.5063066501,0,0.08,true
001,planted,5996,1,-0.9013851495,0.02453913399,0.0270542297,0.5021643384,1,0.08,true
001,planted,5997,1,-1.971941276,-0.06708697787,-0.06457188215,0.4948342494,1,0.08,true
001,planted,5998,1,-0.4265121406,-0.08481391093,-0.08229881521,0.4934160948,0,0.08,true
001,planted,5999,1,0.7285853546,-0.04761294637,-0.04509785065,0.4963921719,1,0.08,true
001,planted,6000,1,-0.4847861496,-0.06930328049,-0.06678818477,0.4946569452,0,0.08,true
001,planted,6001,0,0.3327447048,-0.05111391149,-0.04315779548,0.4965473764,1,0.08,true
001,planted,6002,1,0.6437664001,-0.01737228129,-0.01485718557,0.4988114252,1,0.08,true
001,planted,6003,1,0.4971140101,0.008316540464,0.01083163618,0.5008665309,1,0.08,true
001,planted,6004,1,0.9270329141,0.05495157362,0.05746666934,0.5045973335,1,0.08,true
001,planted,6005,1,-0.9576637819,0.003628313879,0.006143409597,0.5004914728,0,0.08,true
001,planted,6006,0,0.7326653602,0.04112700053,0.04908311653,0.5039266493,0,0.08,true
001,planted,6007,0,-0.2058262258,0.0292021658,0.0371582818,0.5029726625,1,0.08,true
001,planted,6008,0,0.3562326546,0.04752931736,0.05548543337,0.5044388347,1,0.08,true
001,planted,6009,0,-0.9844783676,-0.007804890712,0.0001512252919,0.500012098,0,0.08,true
001,planted,6010,1,-2.165606579,-0.1119064355,-0.1093913398,0.4912486928,0,0.08,true
001,planted,6011,0,0.2116826658,-0.09841390754,-0.09045779154,0.4927633767,1,0.08,true
001,planted,6012,1,-0.4383106582,-0.1177199706,-0.1152048748,0.49078361,1,0.08,true
001,planted,6013,0,-1.116888642,-0.1673907691,-0.1594346531,0.4872452277,1,0.08,true
001,planted,6014,1,-0.1820524119,-0.1724237922,-0.1699086965,0.4864073043,1,0.08,true
001,planted,6015,1,0.3598273562,-0.1484231575,-0.1459080618,0.4883273551,1,0.08,true
001,planted,6016,0,0.4010654128,-0.1223306631,-0.1143745471,0.4908500362,1,0.08,true
001,planted,6017,1,0.689190113,-0.07989945669,-0.07738436098,0.4938092511,1,0.08,true
001,planted,6018,0,-1.353234533,-0.1455507666,-0.1375946506,0.488992428,0,0.08,true
001,planted,6019,0,-0.4759980317,-0.166661085,-0.158704969,0.4873036025,0,0.08,true
001,planted,6020,1,-0.8623015718,-0.2056266007,-0.203111505,0.4837510796,1,0.08,true
001,planted,6021,0,0.5857657951,-0.1660606327,-0.1581045167,0.4873516387,1,0.08,true
001,planted,6022,1,0.4834732724,-0.1335427242,-0.1310276285,0.4895177897,0,0.08,true
001,planted,6023,1,-1.597208523,-0.2054010516,-0.2028859559,0.4837691235,1,0.08,true
001,planted,6024,0,0.918227823,-0.1464199657,-0.1384638497,0.488922892,1,0.08,true
001,planted,6025,0,0.2976009629,-0.1261092412,-0.1181531252,0.49054775,0,0.08,true
001,planted,6026,0,-0.2701461766,-0.1377145796,-0.1297584636,0.4896193229,0,0.08,true
001,planted,6027,0,-0.7742026615,-0.1751528608,-0.1671967448,0.4866242604,0,0.08,true
001,planted,6028,0,0.7676113735,-0.124074817,-0.116118701,0.4907105039,1,0.08,true
001,planted,6029,1,0.06457962517,-0.1171708621,-0.1146557664,0.4908275387,1,0.08,true
001,planted,6030,1,-1.535187005,-0.1902856303,-0.1877705346,0.4849783572,0,0.08,true
001,planted,6031,0,-0.5965037447,-0.2167293427,-0.2087732267,0.4832981419,1,0.08,true
001,planted,6032,1,-0.51255914,-0.2385774063,-0.2360623106,0.4811150152,0,0.08,true
001,planted,6033,1,0.1388188422,-0.224293258,-0.2217781623,0.482257747,1,0.08,true
001,planted,6034,0,0.3002773182,-0.200014066,-0.19205795,0.484635364,0,0.08,true
001,planted,6035,0,-0.06254887756,-0.1987456961,-0.1907895801,0.4847368336,0,0.08,true
001,planted,6036,1,0.1505839066,-0.1841023059,-0.1815872101,0.4854730232,1,0.08,true
001,planted,6037,1,-0.6130601878,-0.2155403401,-0.2130252444,0.4829579805,0,0.08,true
001,planted,6038,1,-0.3324636529,-0.2306110477,-0.228095952,0.4817523238,1,0.08,true
001,planted,6039,1,0.6636835332,-0.1773272096,-0.1748121139,0.4860150309,0,0.08,true
001,planted,6040,0,0.2884314415,-0.1530045231,-0.1450484071,0.4883961274,0,0.08,true
001,planted,6041,1,0.6941492159,-0.0995246723,-0.09700957658,0.4922392339,1,0.08,true
001,planted,6042,1,0.963883469,-0.02968298958,-0.02716789386,0.4978265685,0,0.08,true
001,planted,6043,1,1.049440767,0.03988146884,0.04239656456,0.5033917252,0,0.08,true
001,planted,6044,0,2.045475394,0.1487982604,0.1567543764,0.5125403501,1,0.08,true
001,planted,6045,1,-0.509618743,0.1145088853,0.117023981,0.5093619185,0,0.08,true
001,planted,6046,1,-1.22347215,0.03759859846,0.04011369418,0.5032090955,1,0.08,true
001,planted,6047,1,-0.9548977838,-0.01777631848,-0.01526122276,0.4987791022,1,0.08,true
001,planted,6048,1,0.8568385348,0.03106091319,0.03357600891,0.5026860807,0,0.08,true
001,planted,6049,1,0.8980760631,0.0797772715,0.08229236722,0.5065833894,0,0.08,true
001,planted,6050,1,-0.1243562852,0.07057841815,0.07309351387,0.5058474811,1,0.08,true
001,planted,6051,0,0.8569650558,0.1163398739,0.1242959899,0.5099436792,1,0.08,true
001,planted,6052,1,0.31633845,0.1315847199,0.1340998156,0.5107279852,1,0.08,true
001,planted,6053,1,0.1095070859,0.1347941843,0.13730928,0.5109847424,1,0.08,true
001,planted,6054,0,-0.4199492604,0.1047214721,0.1126775881,0.5090142071,0,0.08,true
001,planted,6055,0,0.06495753785,0.1061438534,0.1140999694,0.5091279976,1,0.08,true
001,planted,6056,0,-0.4438876091,0.0741659379,0.08212205391,0.5065697643,1,0.08,true
001,planted,6057,1,-1.044219776,0.003463895686,0.005978991404,0.5004783193,0,0.08,true
001,planted,6058,1,1.257755484,0.07942759237,0.08194268809,0.506555415,1,0.08,true
001,planted,6059,1,0.561565637,0.1110006734,0.1135157692,0.5090812615,1,0.08,true
001,planted,6060,0,-1.70582071,0.0005703007667,0.008526416771,0.5006821133,1,0.08,true
001,planted,6061,1,1.375505405,0.07600489163,0.07851998735,0.506281599,0,0.08,true
001,planted,6062,1,0.01192625439,0.07475152969,0.07726662541,0.50618133,0,0.08,true
001,planted,6063,1,0.573962329,0.104866439,0.1073815347,0.5085905228,0,0.08,true
001,planted,6064,0,-0.1971021131,0.09053560295,0.09849171895,0.5078793375,1,0.08,true
001,planted,6065,0,0.03439589753,0.09030536048,0.09826147648,0.5078609181,1,0.08,true
001,planted,6066,1,1.269919254,0.1569421495,0.1594572452,0.5127565796,0,0.08,true
001,planted,6067,1,0.4750080949,0.1798751026,0.1823901983,0.5145912159,0,0.08,true
001,planted,6068,1,-0.2322814588,0.1608918997,0.1634069954,0.5130725596,0,0.08,true
001,planted,6069,0,-0.6927105367,0.1116815677,0.1196376837,0.5095710147,1,0.08,true
001,planted,6070,0,-0.3315565351,0.08770160246,0.09565771846,0.5076526175,1,0.08,true
001,planted,6071,1,-0.5835858018,0.04746817386,0.04998326958,0.5039986616,0,0.08,true
001,planted,6072,0,-1.577672139,-0.05086635503,-0.04291023902,0.4965671809,1,0.08,true
001,planted,6073,1,2.03173559,0.06418493828,0.066700034,0.5053360027,1,0.08,true
001,planted,6074,0,1.591109139,0.1390105936,0.1469667096,0.5117573368,0,0.08,true
001,planted,6075,1,-1.377421765,0.06080202754,0.06331712326,0.5050653699,1,0.08,true
001,planted,6076,1,0.3993071069,0.07922952246,0.08174461817,0.5065395695,1,0.08,true
001,planted,6077,1,-0.1300182823,0.07043990219,0.0729549979,0.5058363998,1,0.08,true
001,planted,6078,0,-0.9000840055,0.02026550914,0.02822162515,0.50225773,0,0.08,true
001,planted,6079,0,0.5231388634,0.04733075794,0.05528687395,0.5044229499,1,0.08,true
001,planted,6080,0,1.646642865,0.1259598179,0.1339159339,0.5107132747,1,0.08,true
001,planted,6081,0,0.4303980693,0.1443488562,0.1523049722,0.5121843978,0,0.08,true
001,planted,6082,0,-1.722432345,0.04594234239,0.05389845839,0.5043118767,1,0.08,true
001,planted,6083,0,-0.4071941593,0.02421755859,0.0321736746,0.502573894,0,0.08,true
001,planted,6084,1,-0.7294501065,-0.0136539792,-0.01113888348,0.4991088893,1,0.08,true
001,planted,6085,0,-0.8421270681,-0.05599367503,-0.04803755902,0.4961569953,1,0.08,true
001,planted,6086,0,1.928802741,0.04221435626,0.05017047227,0.5040136378,0,0.08,true
001,planted,6087,1,-0.02940490336,0.03970625981,0.04222135553,0.5033777084,1,0.08,true
001,planted,6088,1,0.9930280759,0.08641687758,0.0889319733,0.5071145579,0,0.08,true
001,planted,6089,0,-1.1706876,0.02455781305,0.03251392905,0.5026011143,1,0.08,true
001,planted,6090,0,-0.7364682387,-0.01261909456,-0.004662978554,0.4996269617,1,0.08,true
001,planted,6091,0,-0.8533320019,-0.05437941976,-0.04642330376,0.4962861357,0,0.08,true
001,planted,6092,0,-0.4930976998,-0.07759517062,-0.06963905462,0.4944288756,1,0.08,true
001,planted,6093,0,-0.2099897117,-0.08641736233,-0.07846124633,0.4937231003,1,0.08,true
001,planted,6094,0,0.437893031,-0.0606318103,-0.0526756943,0.4957859445,1,0.08,true
001,planted,6095,1,-0.9131103359,-0.1060441695,-0.1035290738,0.4917176741,1,0.08,true
001,planted,6096,1,-1.819417927,-0.1849332518,-0.1824181561,0.4854065475,1,0.08,true
001,planted,6097,1,-0.7699541103,-0.2161940905,-0.2136789947,0.4829056804,1,0.08,true
001,planted,6098,1,-0.9897164425,-0.2551542286,-0.2526391329,0.4797888694,0,0.08,true
001,planted,6099,0,-0.8950892113,-0.2887373997,-0.2807812837,0.4775374973,0,0.08,true
001,planted,6100,0,1.255354854,-0.207826505,-0.199870389,0.4840103689,1,0.08,true
001,planted,6101,0,0.1091139424,-0.1969372966,-0.1889811806,0.4848815056,1,0.08,true
001,planted,6102,0,1.16681821,-0.1262821784,-0.1183260624,0.490533915,0,0.08,true
001,planted,6103,0,-1.115343618,-0.175094246,-0.16713813,0.4866289496,1,0.08,true
001,planted,6104,1,1.168572299,-0.1067588329,-0.1042437372,0.491660501,0,0.08,true
001,planted,6105,0,-1.688657208,-0.1774322062,-0.1694760902,0.4864419128,0,0.08,true
001,planted,6106,0,0.16549442,-0.1647558007,-0.1567996847,0.4874560252,0,0.08,true
001,planted,6107,1,1.03449722,-0.1060183318,-0.1035032361,0.4917197411,1,0.08,true
001,planted,6108,1,0.8565315022,-0.05941528137,-0.05690018565,0.4954479851,0,0.08,true
001,planted,6109,0,-0.01557472655,-0.05869539877,-0.05073928276,0.4959408574,0,0.08,true
001,planted,6110,0,-0.04772931889,-0.05967341431,-0.05171729831,0.4958626161,1,0.08,true
001,planted,6111,0,1.775200415,0.03318104744,0.04113716345,0.5032909731,1,0.08,true
001,planted,6112,0,-1.351762646,-0.03393392101,-0.025977805,0.4979217756,1,0.08,true
001,planted,6113,1,-0.3188280735,-0.04865590922,-0.0461408135,0.4963087349,0,0.08,true
001,planted,6114,1,-2.139005294,-0.1398290003,-0.1373139045,0.4890148876,0,0.08,true
001,planted,6115,1,0.5576942017,-0.1095744285,-0.1070593328,0.4914352534,0,0.08,true
001,planted,6116,1,-0.08933960131,-0.1110209477,-0.108505852,0.4913195318,0,0.08,true
001,planted,6117,1,0.1827293482,-0.09923335257,-0.09671825685,0.4922625395,0,0.08,true
001,planted,6118,1,-1.60008549,-0.1663050386,-0.1637899428,0.4868968046,1,0.08,true
001,planted,6119,0,-0.7269747133,-0.19477744,-0.186821324,0.4850542941,0,0.08,true
001,planted,6120,1,-0.2208353915,-0.2004082349,-0.1978931392,0.4841685489,1,0.08,true
001,planted,6121,1,0.478076857,-0.170407684,-0.1678925883,0.4865685929,0,0.08,true
001,planted,6122,0,0.2344976623,-0.153887175,-0.145931059,0.4883255153,1,0.08,true
001,planted,6123,1,-1.622019955,-0.2196135756,-0.2170984798,0.4826321216,0,0.08,true
001,planted,6124,0,-0.1655369327,-0.222212698,-0.214256582,0.4828594734,1,0.08,true
001,planted,6125,1,0.1861343379,-0.206812248,-0.2042971523,0.4836562278,0,0.08,true
001,planted,6126,1,-0.4198734657,-0.2226454235,-0.2201303278,0.4823895738,0,0.08,true
001,planted,6127,1,0.8169699945,-0.1697264682,-0.1672113725,0.4866230902,0,0.08,true
001,planted,6128,1,-0.05283486422,-0.1682810862,-0.1657659905,0.4867387208,0,0.08,true
001,planted,6129,1,-1.391233328,-0.2281527054,-0.2256376097,0.4819489912,0,0.08,true
001,planted,6130,0,-2.475237062,-0.3055722211,-0.2976161051,0.4761907116,0,0.08,true
001,planted,6131,0,-0.2485020099,-0.3092137367,-0.3012576207,0.4758993903,1,0.08,true
001,planted,6132,1,-0.1903808134,-0.3103873998,-0.3078723041,0.4753702157,1,0.08,true
001,planted,6133,1,0.4653251995,-0.2778081429,-0.2752930472,0.4779765562,1,0.08,true
001,planted,6134,1,0.02807893708,-0.2693381713,-0.2668230756,0.478654154,0,0.08,true
001,planted,6135,1,-0.5471184329,-0.2887584131,-0.2862433174,0.4771005346,0,0.08,true
001,planted,6136,1,0.8239203398,-0.2331942001,-0.2306791043,0.4815456717,0,0.08,true
001,planted,6137,0,-1.077664031,-0.2759528188,-0.2679967028,0.4785602638,1,0.08,true
001,planted,6138,1,1.20061855,-0.1972143795,-0.1946992837,0.4844240573,1,0.08,true
001,planted,6139,1,-2.569449293,-0.2800770854,-0.2775619897,0.4777950408,0,0.08,true
001,planted,6140,1,-0.6800158703,-0.3013900664,-0.2988749707,0.4760900023,0,0.08,true
001,planted,6141,1,1.093497568,-0.2364088026,-0.2338937069,0.4812885034,0,0.08,true
001,planted,6142,1,-0.4689733349,-0.2511841494,-0.2486690537,0.4801064757,0,0.08,true
001,planted,6143,0,-1.049788172,-0.2878712382,-0.2799151222,0.4776067902,1,0.08,true
001,planted,6144,1,-0.9407042444,-0.3192154848,-0.3167003891,0.4746639689,0,0.08,true
001,planted,6145,0,0.6220129048,-0.2786853432,-0.2707292272,0.4783416618,1,0.08,true
001,planted,6146,1,-1.167846571,-0.318568493,-0.3160533973,0.4747157282,0,0.08,true
001,planted,6147,0,-1.540619619,-0.3654904245,-0.3575343085,0.4713972553,0,0.08,true
001,planted,6148,1,1.052465369,-0.2990608358,-0.2965457401,0.4762763408,0,0.08,true
001,planted,6149,0,-2.209552614,-0.3588256281,-0.3508695121,0.471930439,1,0.08,true
001,planted,6150,1,-0.01692305655,-0.3504835548,-0.3479684591,0.4721625233,1,0.08,true
001,planted,6151,1,0.2895904843,-0.3279584888,-0.325443393,0.4739645286,0,0.08,true
001,planted,6152,0,0.2661323041,-0.3068686147,-0.2989124987,0.4760870001,1,0.08,true
001,planted,6153,1,1.056125013,-0.2429908868,-0.240475791,0.4807619367,0,0.08,true
001,planted,6154,0,-0.1795584489,-0.2451855481,-0.2372294321,0.4810216454,1,0.08,true
001,planted,6155,1,0.04843171364,-0.2366065872,-0.2340914915,0.4812726807,0,0.08,true
001,planted,6156,0,0.9851354553,-0.1771799828,-0.1692238668,0.4864620907,0,0.08,true
001,planted,6157,0,0.2925411253,-0.1577171309,-0.1497610149,0.4880191188,1,0.08,true
001,planted,6158,0,-1.23639682,-0.2088476997,-0.2008915837,0.4839286733,0,0.08,true
001,planted,6159,0,-0.8593716885,-0.2424821278,-0.2345260118,0.4812379191,1,0.08,true
001,planted,6160,1,-1.523671811,-0.2965924454,-0.2940773497,0.476473812,1,0.08,true
001,planted,6161,1,0.839626985,-0.2434846058,-0.2409695101,0.4807224392,0,0.08,true
001,planted,6162,1,-0.4637161151,-0.2590352458,-0.25652015,0.479478388,0,0.08,true
001,planted,6163,1,-1.143352561,-0.3006018163,-0.2980867206,0.4761530624,1,0.08,true
001,planted,6164,1,-0.7725701445,-0.3270461909,-0.3245310952,0.4740375124,1,0.08,true
001,planted,6165,0,0.6216693403,-0.2842100456,-0.2762539296,0.4778996856,1,0.08,true
001,planted,6166,1,1.071721469,-0.2149509429,-0.2124358472,0.4830051322,0,0.08,true
001,planted,6167,0,-1.487385824,-0.2707488901,-0.2627927741,0.4789765781,1,0.08,true
001,planted,6168,0,-0.2726222029,-0.2770276377,-0.2690715217,0.4784742783,0,0.08,true
001,planted,6169,1,-0.2701562556,-0.2833221081,-0.2808070124,0.477535439,1,0.08,true
001,planted,6170,0,-0.5287872966,-0.3015965953,-0.2936404793,0.4765087617,1,0.08,true
001,planted,6171,0,-0.4270008877,-0.3151492131,-0.3071930971,0.4754245522,1,0.08,true
001,planted,6172,0,1.3938117,-0.2188074122,-0.2108512962,0.4831318963,0,0.08,true
001,planted,6173,1,-1.182590096,-0.2657038833,-0.2631887876,0.478944897,0,0.08,true
001,planted,6174,0,1.166641842,-0.1908970443,-0.1829409283,0.4853647257,1,0.08,true
001,planted,6175,0,0.8805710212,-0.1375959351,-0.1296398191,0.4896288145,0,0.08,true
001,planted,6176,1,0.07810602648,-0.1300216226,-0.1275065269,0.4897994779,0,0.08,true
001,planted,6177,0,-1.223931516,-0.184406816,-0.1764507,0.485883944,1,0.08,true
001,planted,6178,1,-0.9877107399,-0.2256952548,-0.2231801591,0.4821455873,1,0.08,true
001,planted,6179,1,0.6354872922,-0.184513524,-0.1819984282,0.4854401257,0,0.08,true
001,planted,6180,1,0.1823159297,-0.1699524587,-0.1674373629,0.486605011,1,0.08,true
001,planted,6181,0,0.7034233278,-0.125334422,-0.117378306,0.4906097355,0,0.08,true
001,planted,6182,1,0.129376584,-0.114947226,-0.1124321303,0.4910054296,0,0.08,true
001,planted,6183,0,-0.6957551565,-0.1491882109,-0.1412320949,0.4887014324,1,0.08,true
001,planted,6184,1,-0.8242212735,-0.1884791219,-0.1859640262,0.4851228779,0,0.08,true
001,planted,6185,1,0.5064709473,-0.1532803769,-0.1507652812,0.4879387775,1,0.08,true
001,planted,6186,0,1.500330485,-0.05734213651,-0.04938602051,0.4960491184,1,0.08,true
001,planted,6187,0,-0.1649574839,-0.06505348487,-0.05709736887,0.4954322105,1,0.08,true
001,planted,6188,1,0.05107297476,-0.0604752749,-0.05796017918,0.4953631857,0,0.08,true
001,planted,6189,1,1.2451016,0.01352563451,0.01604073023,0.5012832584,1,0.08,true
001,planted,6190,0,-0.7131647451,-0.02723493442,-0.01927881842,0.4984576945,1,0.08,true
001,planted,6191,0,-1.000241989,-0.08170657763,-0.07375046163,0.4940999631,0,0.08,true
001,planted,6192,0,1.923921187,0.02769061902,0.03564673502,0.5028517388,0,0.08,true
001,planted,6193,0,0.5601162615,0.05609596853,0.06405208453,0.5051241668,0,0.08,true
001,planted,6194,1,-1.664320039,-0.03228219073,-0.02976709502,0.4976186324,0,0.08,true
001,planted,6195,1,-1.408251936,-0.09856350923,-0.09604841351,0.4923161269,1,0.08,true
001,planted,6196,0,-0.1886974249,-0.1054071671,-0.09745105108,0.4922039159,0,0.08,true
001,planted,6197,0,-0.4053053983,-0.122978192,-0.115022076,0.4907982339,0,0.08,true
001,planted,6198,1,-0.3381926387,-0.1371393768,-0.1346242811,0.4892300575,0,0.08,true
001,planted,6199,0,0.05292902238,-0.1308225,-0.122866384,0.4901706893,1,0.08,true
001,planted,6200,1,0.06338546732,-0.1240133003,-0.1214982045,0.4902801436,0,0.08,true
001,planted,6201,0,-0.008223590321,-0.1213363407,-0.1133802247,0.490929582,0,0.08,true
001,planted,6202,0,1.151221135,-0.04956053418,-0.04160441818,0.4966716465,1,0.08,true
001,planted,6203,0,-0.07419578829,-0.05251428185,-0.04455816585,0.4964353467,1,0.08,true
001,planted,6204,0,0.241873211,-0.03700597475,-0.02904985875,0.4976760113,1,0.08,true
001,planted,6205,1,1.336743893,0.04120443947,0.04371953518,0.5034975628,0,0.08,true
001,planted,6206,0,-0.3886876683,0.01764625123,0.02560236724,0.5020481894,0,0.08,true
001,planted,6207,0,-1.435456393,-0.0629972802,-0.05504116419,0.4955967069,1,0.08,true
001,planted,6208,0,0.8544934425,-0.01280632172,-0.004850205718,0.4996119835,0,0.08,true
001,planted,6209,1,-1.238660576,-0.07889877098,-0.07638367527,0.493889306,1,0.08,true
001,planted,6210,0,1.4175419,0.001655571618,0.009611687622,0.500768935,0,0.08,true
001,planted,6211,0,0.5394186979,0.03032884466,0.03828496066,0.5030627969,0,0.08,true
001,planted,6212,1,0.6783261396,0.06572908187,0.06824417759,0.5054595342,1,0.08,true
001,planted,6213,1,1.257573319,0.1275875177,0.1301026135,0.5104082091,1,0.08,true
001,planted,6214,0,0.3746628524,0.1440647923,0.1520209083,0.5121616727,1,0.08,true
001,planted,6215,1,0.1595095259,0.1491316383,0.151646734,0.5121317387,0,0.08,true
001,planted,6216,0,2.529022586,0.2431149179,0.2510710339,0.5200856827,1,0.08,true
001,planted,6217,0,-1.804265105,0.1381369815,0.1460930975,0.5116874478,1,0.08,true
001,planted,6218,0,0.3409543428,0.1501991893,0.1581553053,0.5126524244,1,0.08,true
001,planted,6219,1,-0.414127341,0.1260869838,0.1286020796,0.5102881664,0,0.08,true
001,planted,6220,0,0.05561357899,0.125604547,0.133560663,0.510684853,0,0.08,true
001,planted,6221,1,0.2055720683,0.1325958638,0.1351109596,0.5108088768,0,0.08,true
001,planted,6222,1,-0.3996550452,0.1082345251,0.1107496208,0.5088599697,0,0.08,true
001,planted,6223,1,1.079227262,0.1572104018,0.1597254976,0.5127780398,0,0.08,true
001,planted,6224,0,-0.9021638911,0.1038194619,0.1117755779,0.5089420462,1,0.08,true
001,planted,6225,0,-1.422632125,0.02521392681,0.03317004281,0.5026536034,1,0.08,true
001,planted,6226,0,-0.8368686885,-0.01781719121,-0.009861075211,0.499211114,0,0.08,true
001,planted,6227,1,-1.133139426,-0.07320546538,-0.07069036967,0.4943447704,0,0.08,true
001,planted,6228,1,-0.4137869807,-0.09207255059,-0.08955745488,0.4928354036,1,0.08,true
001,planted,6229,0,-0.4988985313,-0.1149883408,-0.1070322248,0.491437422,0,0.08,true
001,planted,6230,0,0.4864027069,-0.08565006457,-0.07769394857,0.4937844841,0,0.08,true
001,planted,6231,1,0.9573918271,-0.03079454765,-0.02827945193,0.4977376438,0,0.08,true
001,planted,6232,0,0.8728152551,0.0168730392,0.02482915521,0.5019863324,0,0.08,true
001,planted,6233,0,0.2107410224,0.02786372378,0.03581983978,0.5028655872,1,0.08,true
001,planted,6234,1,1.127640059,0.0866080239,0.08912311961,0.5071298496,1,0.08,true
001,planted,6235,1,0.6398551232,0.1181588904,0.1206739861,0.5096539189,0,0.08,true
001,planted,6236,1,0.7724612327,0.1553784994,0.1578935951,0.5126314876,1,0.08,true
001,planted,6237,1,-0.7453029256,0.1077097888,0.1102248845,0.5088179908,0,0.08,true
001,planted,6238,1,0.9565175,0.1546874676,0.1572025633,0.5125762051,0,0.08,true
001,planted,6239,0,0.1775637194,0.1606382375,0.1685943535,0.5134875483,1,0.08,true
001,planted,6240,0,0.6063868756,0.1893555729,0.1973116889,0.5157849351,0,0.08,true
001,planted,6241,1,-0.2910760534,0.166995491,0.1695105867,0.5135608469,0,0.08,true
001,planted,6242,0,-0.6534418692,0.1216862514,0.1296423674,0.5103713894,1,0.08,true
001,planted,6243,1,-0.7276039276,0.0730602639,0.07557535961,0.5060460288,0,0.08,true
001,planted,6244,0,0.4190331154,0.09616747127,0.1041235873,0.508329887,1,0.08,true
001,planted,6245,1,1.03876307,0.1521497793,0.154664875,0.51237319,1,0.08,true
001,planted,6246,0,-0.1400786633,0.1396016891,0.1475578051,0.5118046244,1,0.08,true
001,planted,6247,1,0.2337897876,0.1504445939,0.1529596897,0.5122367752,1,0.08,true
001,planted,6248,1,-0.4696420298,0.1153486465,0.1178637423,0.5094290994,0,0.08,true
001,planted,6249,1,1.969996824,0.2091021741,0.2116172698,0.5169293816,1,0.08,true
001,planted,6250,1,0.05448030533,0.2069563814,0.2094714772,0.5167577182,1,0.08,true
001,planted,6251,1,-1.937971586,0.07643053406,0.07894562978,0.5063156504,1,0.08,true
001,planted,6252,1,-0.5300534654,0.04529144561,0.04780654133,0.5038245233,0,0.08,true
001,planted,6253,1,1.212222771,0.106541431,0.1090565267,0.5087245221,0,0.08,true
001,planted,6254,1,1.225771492,0.1634014603,0.165916556,0.5132733245,1,0.08,true
001,planted,6255,0,-1.049033338,0.1000680993,0.1080242153,0.5086419372,0,0.08,true
001,planted,6256,0,-1.683093721,0.007399606777,0.01535572278,0.5012284578,0,0.08,true
001,planted,6257,1,1.587992263,0.08251226327,0.08502735898,0.5068021887,0,0.08,true
001,planted,6258,1,-1.510573595,0.00618808633,0.008703182048,0.5006962546,1,0.08,true
001,planted,6259,1,1.040638454,0.05430912028,0.056824216,0.5045459373,1,0.08,true
001,planted,6260,0,0.4330005798,0.07329236387,0.08124847987,0.5064998784,1,0.08,true
001,planted,6261,1,-0.418368537,0.05082119502,0.05333629074,0.5042669033,1,0.08,true
001,planted,6262,0,1.034965763,0.09852111196,0.106477228,0.5085181782,0,0.08,true
001,planted,6263,1,0.6647999856,0.1277515513,0.130266647,0.5104213318,0,0.08,true
001,planted,6264,0,-0.524144286,0.09733480967,0.1052909257,0.5084232741,1,0.08,true
001,planted,6265,1,-0.2690493123,0.08085550932,0.08337060504,0.5066696484,0,0.08,true
001,planted,6266,0,0.4000739423,0.099470106,0.107426222,0.5085940978,0,0.08,true
001,planted,6267,1,0.3589158708,0.1158577314,0.1183728271,0.5094698262,0,0.08,true
001,planted,6268,1,-0.9559170289,0.05867254765,0.06118764336,0.5048950115,0,0.08,true
001,planted,6269,0,-0.4693926919,0.03116237644,0.03911849244,0.5031294794,1,0.08,true
001,planted,6270,0,-0.7242409035,-0.01006196206,-0.002105846056,0.4998315323,0,0.08,true
001,planted,6271,0,-1.615691678,-0.09370737351,-0.08575125751,0.4931398994,0,0.08,true
001,planted,6272,1,0.3111116985,-0.07440760815,-0.07189251244,0.494248599,1,0.08,true
001,planted,6273,0,0.6588174122,-0.03583251814,-0.02787640214,0.4977698878,0,0.08,true
001,planted,6274,0,-0.04192289421,-0.03725769137,-0.02930157536,0.497655874,0,0.08,true
001,planted,6275,0,0.6629561436,0.001537911298,0.009494027302,0.5007595222,0,0.08,true
001,planted,6276,1,-1.732616509,-0.09001650549,-0.08750140977,0.4929998872,1,0.08,true
001,planted,6277,0,1.959641369,0.01654075775,0.02449687375,0.5019597499,1,0.08,true
001,planted,6278,1,0.2391619351,0.02807896164,0.03059405736,0.5024475246,0,0.08,true
001,planted,6279,1,-2.048980061,-0.07050902363,-0.06799392792,0.4945604858,1,0.08,true
001,planted,6280,1,-1.423882429,-0.1307487101,-0.1282336144,0.4897413109,1,0.08,true
001,planted,6281,0,-0.3367219791,-0.1428519786,-0.1348958626,0.489208331,0,0.08,true
001,planted,6282,1,-1.22744291,-0.1915450866,-0.1890299909,0.4848776007,0,0.08,true
001,planted,6283,0,0.13576444,-0.1801637897,-0.1722076737,0.4862233861,1,0.08,true
001,planted,6284,1,0.03940219863,-0.1736739067,-0.171158811,0.4863072951,0,0.08,true
001,planted,6285,1,-0.0939920584,-0.1739407634,-0.1714256677,0.4862859466,1,0.08,true
001,planted,6286,1,0.2142724827,-0.1583480053,-0.1558329096,0.4875333672,1,0.08,true
001,planted,6287,0,0.1172069918,-0.1481180451,-0.1401619291,0.4887870457,0,0.08,true
001,planted,6288,1,0.5792178035,-0.1120372282,-0.1095221325,0.4912382294,1,0.08,true
001,planted,6289,0,0.2214619634,-0.09691996652,-0.08896385051,0.492882892,0,0.08,true
001,planted,6290,1,-0.7842088136,-0.1358884241,-0.1333733284,0.4893301337,1,0.08,true
001,planted,6291,1,0.1712891163,-0.1226511971,-0.1201361014,0.4903891119,1,0.08,true
001,planted,6292,1,-1.250005463,-0.1826262569,-0.1801111612,0.4855911071,0,0.08,true
001,planted,6293,0,2.330662183,-0.03980568312,-0.03184956711,0.4974520346,1,0.08,true
001,planted,6294,1,-0.3004106446,-0.0536919835,-0.05117688778,0.495905849,1,0.08,true
001,planted,6295,1,-0.7498205754,-0.08939103097,-0.08687593525,0.4930499252,1,0.08,true
001,planted,6296,1,1.738916037,0.002635780198,0.005150875916,0.5004120701,0,0.08,true
001,planted,6297,1,0.531438011,0.0285452787,0.03106037442,0.50248483,0,0.08,true
001,planted,6298,1,0.05492399147,0.03057640065,0.03309149637,0.5026473197,0,0.08,true
001,planted,6299,0,-0.1386064005,0.02265487646,0.03061099247,0.5024488794,1,0.08,true
001,planted,6300,1,0.44913644,0.04553714239,0.04805223811,0.503844179,1,0.08,true
001,planted,6301,0,0.04295283861,0.0466951585,0.0546512745,0.504372102,0,0.08,true
001,planted,6302,0,0.3062542569,0.06225796336,0.07021407936,0.5056171263,1,0.08,true
001,planted,6303,1,2.424721453,0.16859918,0.1711142757,0.5136891421,1,0.08,true
001,planted,6304,1,-0.9166768372,0.1166288983,0.1191439941,0.5095315195,1,0.08,true
001,planted,6305,1,1.062898913,0.162060732,0.1645758278,0.5131660662,0,0.08,true
001,planted,6306,0,0.3305283191,0.1738991577,0.1818552737,0.5145484219,1,0.08,true
001,planted,6307,1,-1.776156478,0.07350923728,0.076024333,0.5060819466,1,0.08,true
001,planted,6308,1,0.5075196663,0.09560419717,0.09811929288,0.5078495434,0,0.08,true
001,planted,6309,1,-0.1909069568,0.0836990602,0.08621415592,0.5068971325,0,0.08,true
001,planted,6310,0,1.137370046,0.1346724845,0.1426286005,0.511410288,0,0.08,true
001,planted,6311,0,0.6589599963,0.1625783382,0.1705344542,0.5136427563,0,0.08,true
001,planted,6312,0,0.4279764519,0.1794195679,0.1873756839,0.5149900547,1,0.08,true
001,planted,6313,0,-0.4636484242,0.1498803813,0.1578364973,0.5126269198,1,0.08,true
001,planted,6314,1,0.5872950139,0.1755607852,0.1780758809,0.5142460705,1,0.08,true
001,planted,6315,1,-0.5664114293,0.1392712426,0.1417863384,0.5113429071,1,0.08,true
001,planted,6316,0,0.8261481407,0.1774373351,0.1853934511,0.5148314761,1,0.08,true
001,planted,6317,1,0.1579269051,0.1815139653,0.1840290611,0.5147223249,0,0.08,true
001,planted,6318,0,1.126043078,0.2313744759,0.2393305919,0.5191464474,0,0.08,true
001,planted,6319,0,-1.45663293,0.1355985187,0.1435546347,0.5114843708,0,0.08,true
001,planted,6320,0,1.200957892,0.1890291001,0.1969852161,0.5157588173,1,0.08,true
001,planted,6321,1,-2.121588741,0.0641149115,0.06663000722,0.5053304006,1,0.08,true
001,planted,6322,0,1.00723567,0.1088566647,0.1168127807,0.5093450225,1,0.08,true
001,planted,6323,0,-0.8994260326,0.06113637755,0.06909249355,0.5055273995,1,0.08,true
001,planted,6324,1,0.4994694126,0.08357916595,0.08609426167,0.5068875409,1,0.08,true
001,planted,6325,1,1.472708402,0.1473249997,0.1498400954,0.5119872076,0,0.08,true
001,planted,6326,1,-2.101824036,0.03742876533,0.03994386105,0.5031955089,0,0.08,true
001,planted,6327,1,-1.914641427,-0.04710846678,-0.04459337106,0.4964325303,1,0.08,true
001,planted,6328,1,0.1392011339,-0.03985125535,-0.03733615963,0.4970131072,0,0.08,true
001,planted,6329,0,-1.58362661,-0.1043541222,-0.0963980062,0.4922881595,1,0.08,true
001,planted,6330,0,1.59569675,-0.03067202789,-0.02271591189,0.498182727,1,0.08,true
001,planted,6331,0,0.4299365401,-0.01148888627,-0.003532770266,0.4997173784,0,0.08,true
001,planted,6332,0,-0.155186928,-0.01796904467,-0.01001292867,0.4991989657,0,0.08,true
001,planted,6333,1,0.7316311317,0.01510102083,0.01761611655,0.5014092893,0,0.08,true
001,planted,6334,0,0.1502083959,0.02153963126,0.02949574727,0.5023596598,0,0.08,true
001,planted,6335,0,-0.3557281539,0.004392194719,0.01234831072,0.5009878649,1,0.08,true
001,planted,6336,1,-0.8457835719,-0.03550366206,-0.03298856635,0.4973609147,0,0.08,true
001,planted,6337,1,-0.6528600808,-0.06541433029,-0.06289923457,0.4949680612,1,0.08,true
001,planted,6338,0,0.6651021724,-0.03087709646,-0.02292098045,0.4981663216,1,0.08,true
001,planted,6339,1,0.1347764558,-0.02338698862,-0.0208718929,0.4983302486,0,0.08,true
001,planted,6340,0,0.04276318635,-0.02061446651,-0.01265835051,0.498987332,1,0.08,true
001,planted,6341,1,1.882412435,0.07169227288,0.07420736859,0.5059365895,0,0.08,true
001,planted,6342,1,1.359333365,0.1309105695,0.1334256652,0.5106740532,1,0.08,true
001,planted,6343,0,1.455691078,0.1887607142,0.1967168302,0.5157373464,1,0.08,true
001,planted,6344,0,1.250821509,0.2350081096,0.2429642256,0.519437138,1,0.08,true
001,planted,6345,0,2.704361667,0.3095333273,0.3174894433,0.5253991555,0,0.08,true
001,planted,6346,1,1.461796336,0.3499922591,0.3525073548,0.5282005884,0,0.08,true
001,planted,6347,1,1.808831793,0.3944789872,0.3969940829,0.5317595266,1,0.08,true
001,planted,6348,0,0.6482423834,0.407827419,0.415783535,0.5332626828,0,0.08,true
001,planted,6349,1,-0.4187933203,0.3791946584,0.3817097541,0.5305367803,0,0.08,true
001,planted,6350,0,0.7431323157,0.3969472986,0.4049034146,0.5323922732,0,0.08,true
001,planted,6351,1,-0.544260869,0.3617327978,0.3642478935,0.5291398315,0,0.08,true
001,planted,6352,0,0.8868971643,0.3854800763,0.3934361923,0.5314748954,1,0.08,true
001,planted,6353,1,0.1057035138,0.3802897057,0.3828048014,0.5306243841,1,0.08,true
001,planted,6354,1,-1.487803715,0.290657201,0.2931722967,0.5234537837,0,0.08,true
001,planted,6355,0,0.08914724639,0.2872075013,0.2951636173,0.5236130894,1,0.08,true
001,planted,6356,0,0.437447053,0.2986613845,0.3066175005,0.5245294,1,0.08,true
001,planted,6357,1,-0.8779083586,0.2462002982,0.2487153939,0.5198972315,0,0.08,true
001,planted,6358,0,0.2321167547,0.2505643396,0.2585204556,0.5206816364,1,0.08,true
001,planted,6359,1,0.5890968772,0.2703935652,0.2729086609,0.5218326929,0,0.08,true
001,planted,6360,0,-2.165882239,0.1423160733,0.1502721893,0.5120217751,1,0.08,true
001,planted,6361,0,0.702223933,0.1688769338,0.1768330498,0.514146644,0,0.08,true
001,planted,6362,1,-0.3680431763,0.1472112273,0.149726323,0.5119781058,0,0.08,true
001,planted,6363,1,-2.262178215,0.03321032161,0.03572541732,0.5028580334,1,0.08,true
001,planted,6364,0,-0.445314233,0.01287377473,0.02082989074,0.5016663913,0,0.08,true
001,planted,6365,1,-0.1964245786,0.003777217601,0.006292313319,0.5005033851,1,0.08,true
001,planted,6366,1,-1.457669515,-0.06039267445,-0.05787757873,0.4953697937,0,0.08,true
001,planted,6367,1,-0.3852042945,-0.07596618344,-0.07345108772,0.494123913,0,0.08,true
001,planted,6368,0,0.5978663059,-0.04617986816,-0.03822375215,0.4969420998,1,0.08,true
001,planted,6369,1,-0.510292332,-0.06853373393,-0.06601863821,0.4947185089,0,0.08,true
001,planted,6370,0,1.501477959,0.004745843342,0.01270195935,0.5010161567,1,0.08,true
001,planted,6371,0,0.6902185559,0.03648352574,0.04443964175,0.5035551713,1,0.08,true
001,planted,6372,0,0.5351282554,0.06054977334,0.06850588934,0.5054804711,0,0.08,true
001,planted,6373,1,0.8259836707,0.09740942023,0.09992451595,0.5079939613,0,0.08,true
001,planted,6374,0,-1.981538421,-0.001667357402,0.006288758602,0.5005031007,0,0.08,true
001,planted,6375,0,0.0394186269,0.0001872836152,0.008143399619,0.500651472,0,0.08,true
001,planted,6376,0,-0.4236060878,-0.0197211744,-0.01176505839,0.4990587953,0,0.08,true
001,planted,6377,0,1.851372458,0.06503542408,0.07299154008,0.5058393232,1,0.08,true
001,planted,6378,1,2.269206552,0.1519269895,0.1544420852,0.5123553668,0,0.08,true
001,planted,6379,0,1.771459587,0.2119412872,0.2198974032,0.5175917923,0,0.08,true
001,planted,6380,0,-1.188181467,0.1535597726,0.1615158886,0.5129212711,0,0.08,true
001,planted,6381,0,0.5447854512,0.1714514686,0.1794075846,0.5143526068,1,0.08,true
001,planted,6382,0,-1.514097776,0.09882914002,0.106785256,0.5085428205,1,0.08,true
001,planted,6383,1,-1.52580703,0.03120662317,0.03372171889,0.5026977375,0,0.08,true
001,planted,6384,1,-0.02170365696,0.02951992396,0.03203501968,0.5025628016,0,0.08,true
001,planted,6385,1,0.07896365495,0.03211450595,0.03462960167,0.5027703681,1,0.08,true
001,planted,6386,1,0.8622683619,0.06783375227,0.07034884799,0.5056279078,1,0.08,true
001,planted,6387,0,-0.8968568016,0.02626613605,0.03422225205,0.5027377802,1,0.08,true
001,planted,6388,1,-0.1531202492,0.01878811977,0.02130321549,0.5017042572,0,0.08,true
001,planted,6389,1,-0.1654160314,0.01076817119,0.01328326691,0.5010626614,0,0.08,true
001,planted,6390,0,-0.9395692432,-0.03278264205,-0.02482652605,0.4980138779,0,0.08,true
001,planted,6391,1,0.680924454,7.974458934e-05,0.002594840307,0.5002075872,1,0.08,true
001,planted,6392,0,-1.260085734,-0.05805899346,-0.05010287746,0.4959917698,1,0.08,true
001,planted,6393,0,0.2309057321,-0.04560488445,-0.03764876844,0.4969880985,1,0.08,true
001,planted,6394,0,0.2772648111,-0.03094542557,-0.02298930956,0.4981608552,1,0.08,true
001,planted,6395,0,2.227231388,0.0721305268,0.0800866428,0.5064069314,1,0.08,true
001,planted,6396,0,0.4308268273,0.08963787777,0.09759399378,0.5078075195,0,0.08,true
001,planted,6397,1,-0.197726001,0.0780705828,0.08058567851,0.5064468543,1,0.08,true
001,planted,6398,1,-0.7397049872,0.04019205672,0.04270715244,0.5034165722,1,0.08,true
001,planted,6399,1,-0.4885399367,0.01539511608,0.0179102118,0.5014328169,1,0.08,true
001,planted,6400,1,1.864760585,0.09916402451,0.1016791202,0.5081343296,0,0.08,true
001,planted,6401,1,1.308963041,0.1524327724,0.1549478681,0.5123958294,1,0.08,true
001,planted,6402,0,-1.307533849,0.08479897539,0.0927550914,0.5074204073,0,0.08,true
001,planted,6403,1,-0.2044781773,0.07318749835,0.07570259407,0.5060562075,1,0.08,true
001,planted,6404,0,-1.333037952,0.008201838239,0.01615795424,0.5012926363,1,0.08,true
001,planted,6405,0,-0.5044244139,-0.01539922677,-0.007443110765,0.4994045511,1,0.08,true
001,planted,6406,0,1.007713446,0.03212181705,0.04007793305,0.5032062346,1,0.08,true
001,planted,6407,0,0.106075803,0.0363533783,0.0443094943,0.5035447595,1,0.08,true
001,planted,6408,0,-0.5147778223,0.01021011262,0.01816622862,0.5014532983,0,0.08,true
001,planted,6409,0,0.3353231992,0.02658578621,0.03454190221,0.5027633522,0,0.08,true
001,planted,6410,0,0.4112421443,0.04667297119,0.05462908719,0.504370327,1,0.08,true
001,planted,6411,0,-1.208093567,-0.01677012713,-0.008814011125,0.4992948791,0,0.08,true
001,planted,6412,1,1.001341549,0.03425834364,0.03677343936,0.5029418751,0,0.08,true
001,planted,6413,1,-1.584058891,-0.04516088937,-0.04264579365,0.4965883365,1,0.08,true
001,planted,6414,1,0.01947925888,-0.04305138423,-0.04053628851,0.4967570969,1,0.08,true
001,planted,6415,0,0.3631788961,-0.02341094007,-0.01545482406,0.4987636141,0,0.08,true
001,planted,6416,1,-0.2487069526,-0.03569184319,-0.03317674747,0.4973458602,1,0.08,true
001,planted,6417,1,-0.6915932996,-0.07067268616,-0.06815759044,0.4945473928,1,0.08,true
001,planted,6418,1,0.05691421764,-0.06580813728,-0.06329304156,0.4949365567,1,0.08,true
001,planted,6419,0,-1.922343238,-0.1539570956,-0.1460009796,0.4883199216,1,0.08,true
001,planted,6420,1,-0.3862813427,-0.1691951169,-0.1666800212,0.4866655983,1,0.08,true
001,planted,6421,0,-0.7132223413,-0.1995042687,-0.1915481527,0.4846761478,1,0.08,true
001,planted,6422,0,0.5659079916,-0.162996145,-0.155040029,0.4875967977,0,0.08,true
001,planted,6423,1,1.219902081,-0.08933389777,-0.08681880205,0.4930544958,0,0.08,true
001,planted,6424,0,-0.5532831743,-0.115435468,-0.107479352,0.4914016518,1,0.08,true
001,planted,6425,0,-2.479619838,-0.2113733367,-0.2034172207,0.4837266223,1,0.08,true
001,planted,6426,1,-0.8683616584,-0.2431745237,-0.240659428,0.4807472458,0,0.08,true
001,planted,6427,1,0.6515297112,-0.2038059467,-0.201290851,0.4838967319,1,0.08,true
001,planted,6428,1,-0.1530755111,-0.2059872931,-0.2034721974,0.4837222242,0,0.08,true
001,planted,6429,0,1.796691285,-0.1030422492,-0.0950861332,0.4923931093,1,0.08,true
001,planted,6430,0,0.0213969273,-0.09941453319,-0.09145841719,0.4926833266,0,0.08,true
001,planted,6431,1,0.4050316056,-0.07683502902,-0.0743199333,0.4940544053,1,0.08,true
001,planted,6432,1,2.045598963,0.02467110603,0.02718620174,0.5021748961,0,0.08,true
001,planted,6433,0,0.9088593132,0.06519468556,0.07315080156,0.5058520641,0,0.08,true
001,planted,6434,0,0.160397805,0.07103018986,0.07898630587,0.5063189045,1,0.08,true
001,planted,6435,0,-0.2500270806,0.0571188323,0.06507494831,0.5052059959,0,0.08,true
001,planted,6436,1,-0.2155073141,0.04499849952,0.04751359524,0.5038010876,1,0.08,true
001,planted,6437,0,0.5523066453,0.07120831907,0.07916443507,0.5063331548,1,0.08,true
001,planted,6438,0,-1.310527603,0.001917645125,0.009873761129,0.5007899009,0,0.08,true
001,planted,6439,0,0.3013543645,0.01705469984,0.02501081585,0.5020008653,1,0.08,true
001,planted,6440,1,0.839949246,0.05895866695,0.06147376267,0.504917901,0,0.08,true
001,planted,6441,1,-0.919942294,0.00933879708,0.0118538928,0.5009483114,0,0.08,true
001,planted,6442,0,1.261673022,0.07196446189,0.07992057789,0.5063936462,1,0.08,true
001,planted,6443,0,1.094614383,0.1226037652,0.1305598812,0.5104447905,1,0.08,true
001,planted,6444,0,1.742264583,0.1938043849,0.2017605009,0.5161408401,0,0.08,true
001,planted,6445,1,0.2386140394,0.2002607596,0.2027758553,0.5162220684,1,0.08,true
001,planted,6446,1,-0.6148763682,0.162941882,0.1654569777,0.5132365582,0,0.08,true
001,planted,6447,0,1.020234657,0.2051872784,0.2131433944,0.5170514716,0,0.08,true
001,planted,6448,1,1.130567695,0.2492948963,0.251809992,0.5201447994,0,0.08,true
001,planted,6449,1,-0.5440145045,0.2139390117,0.2164541074,0.5173163286,1,0.08,true
001,planted,6450,1,0.952968441,0.2515137736,0.2540288693,0.5203223095,0,0.08,true
001,planted,6451,1,-0.1182139494,0.2389713761,0.2414864718,0.5193189177,0,0.08,true
001,planted,6452,1,-0.577188236,0.2005930782,0.2031081739,0.5162486539,0,0.08,true
001,planted,6453,0,0.2976715514,0.2109526459,0.2189087619,0.517512701,1,0.08,true
001,planted,6454,1,0.2194669354,0.2173499885,0.2198650843,0.5175892067,0,0.08,true
001,planted,6455,0,0.02488443174,0.2132426521,0.2211987681,0.5176959014,0,0.08,true
001,planted,6456,0,0.6786854861,0.2433176569,0.2512737729,0.5201019018,0,0.08,true
001,planted,6457,0,-0.5655965693,0.2019710256,0.2099271416,0.5167941713,0,0.08,true
001,planted,6458,1,-2.782403376,0.02583578014,0.02835087586,0.5022680701,1,0.08,true
001,planted,6459,0,0.3846047317,0.04383817103,0.05179428704,0.504143543,0,0.08,true
001,planted,6460,0,0.06915056101,0.04618051921,0.05413663522,0.5043309308,0,0.08,true
001,planted,6461,1,-0.7154002227,0.008202888921,0.01071798464,0.5008574388,0,0.08,true
001,planted,6462,0,1.489665118,0.08066995426,0.08862607026,0.5070900856,1,0.08,true
001,planted,6463,1,1.598806638,0.1497275436,0.1522426393,0.5121794111,1,0.08,true
001,planted,6464,0,0.02398550055,0.1471002793,0.1550563953,0.5124045116,0,0.08,true
001,planted,6465,1,-0.1051433449,0.138093991,0.1406090868,0.5112487269,0,0.08,true
001,planted,6466,1,1.648198093,0.2048315035,0.2073465992,0.5165877279,1,0.08,true
001,planted,6467,0,-1.245819226,0.1335576799,0.1415137959,0.5113211037,0,0.08,true
001,planted,6468,0,0.1534763528,0.1375578945,0.1455140105,0.5116411208,0,0.08,true
001,planted,6469,1,-0.9876508261,0.0828749138,0.08539000952,0.5068312008,1,0.08,true
001,planted,6470,0,0.5148138368,0.1057849706,0.1137410866,0.5090992869,1,0.08,true
001,planted,6471,0,1.516446299,0.1704179786,0.1783740946,0.5142699276,1,0.08,true
001,planted,6472,0,-0.3435939825,0.1487167,0.156672816,0.5125338253,1,0.08,true
001,planted,6473,1,1.220901299,0.1991695472,0.2016846429,0.5161347714,1,0.08,true
001,planted,6474,1,-0.7187719996,0.1562280229,0.1587431186,0.5126994495,0,0.08,true
001,planted,6475,1,-0.4894885668,0.1267326131,0.1292477088,0.5103398167,0,0.08,true
001,planted,6476,0,-1.421453673,0.04768876519,0.0556448812,0.5044515905,1,0.08,true
001,planted,6477,0,1.10267223,0.09894370265,0.1068998187,0.5085519855,1,0.08,true
001,planted,6478,1,0.02000093641,0.0974391693,0.09995426502,0.5079963412,0,0.08,true
001,planted,6479,1,2.155294535,0.1843505293,0.186865625,0.51494925,0,0.08,true
001,planted,6480,1,-0.9289059948,0.1332557379,0.1357708336,0.5108616667,1,0.08,true
001,planted,6481,1,0.1687363854,0.1378185806,0.1403336764,0.5112266941,1,0.08,true
001,planted,6482,0,2.122882999,0.2158450769,0.2238011929,0.5179040954,1,0.08,true
001,planted,6483,1,0.2184853513,0.2200834499,0.2225985456,0.5178078836,0,0.08,true
001,planted,6484,1,0.2217814505,0.2245929558,0.2271080515,0.5181686441,0,0.08,true
001,planted,6485,1,-1.27068075,0.152786788,0.1553018838,0.5124241507,1,0.08,true
001,planted,6486,0,-0.9349980021,0.1027720132,0.1107281292,0.5088582503,1,0.08,true
001,planted,6487,0,-0.1813332194,0.09148124722,0.09943736322,0.5079549891,0,0.08,true
001,planted,6488,1,0.7958316775,0.1260700312,0.1285851269,0.5102868102,0,0.08,true
001,planted,6489,1,-1.722555553,0.03553567216,0.03805076788,0.5030440614,1,0.08,true
001,planted,6490,1,-0.1233662486,0.0287958704,0.03131096612,0.5025048773,1,0.08,true
001,planted,6491,1,-0.4079955736,0.008258639623,0.01077373534,0.5008618988,1,0.08,true
001,planted,6492,0,-0.04596666211,0.005772193478,0.01372830948,0.5010982648,1,0.08,true
001,planted,6493,0,-1.476479603,-0.0658037451,-0.05784762909,0.4953721897,1,0.08,true
001,planted,6494,1,-0.9163473595,-0.107255978,-0.1047408823,0.4916207294,1,0.08,true
001,planted,6495,0,-1.709092662,-0.1771399336,-0.1691838176,0.4864652946,0,0.08,true
001,planted,6496,0,-1.139061628,-0.220547122,-0.212591006,0.4829927195,1,0.08,true
001,planted,6497,0,2.355072963,-0.09212678206,-0.08417066605,0.4932663467,0,0.08,true
001,planted,6498,1,-0.670825781,-0.1180405338,-0.1155254381,0.490757965,1,0.08,true
001,planted,6499,0,0.3316991632,-0.1001205826,-0.09216446658,0.4926268427,0,0.08,true
001,planted,6500,1,-0.7567899309,-0.130423662,-0.1279085663,0.4897673147,1,0.08,true
001,planted,6501,1,-0.7766848671,-0.1608459639,-0.1583308681,0.4873335305,0,0.08,true
001,planted,6502,0,0.5093918727,-0.1322612886,-0.1243051726,0.4900555862,0,0.08,true
001,planted,6503,1,-0.4331062093,-0.1488973179,-0.1463822221,0.4882894222,1,0.08,true
001,planted,6504,1,0.4086404394,-0.1247624687,-0.122247373,0.4902202102,0,0.08,true
001,planted,6505,0,1.180103185,-0.06089331109,-0.05293719509,0.4957650244,1,0.08,true
001,planted,6506,1,-2.480158414,-0.1593864765,-0.1568713808,0.4874502895,0,0.08,true
001,planted,6507,1,0.6844842727,-0.1238252785,-0.1213101828,0.4902951854,0,0.08,true
001,planted,6508,1,-0.9090424652,-0.1590623629,-0.1565472672,0.4874762186,1,0.08,true
001,planted,6509,0,-0.252102855,-0.1662977535,-0.1583416375,0.487332669,0,0.08,true
001,planted,6510,0,-1.863989587,-0.2321276485,-0.2241715325,0.4820662774,1,0.08,true
001,planted,6511,0,-0.6053982317,-0.2514356982,-0.2434795822,0.4805216334,0,0.08,true
001,planted,6512,1,-0.6389379109,-0.2718263794,-0.2693112837,0.4784550973,1,0.08,true
001,planted,6513,1,-2.463088542,-0.3375724549,-0.3350573591,0.4731954113,1,0.08,true
001,planted,6514,1,0.845285931,-0.2896150212,-0.2870999255,0.477032006,0,0.08,true
001,planted,6515,1,-0.2953172302,-0.2944596065,-0.2919445108,0.4766444391,1,0.08,true
001,planted,6516,0,0.7522198718,-0.2512797122,-0.2433235962,0.4805341123,0,0.08,true
001,planted,6517,0,-0.2662455395,-0.2564129532,-0.2484568372,0.480123453,1,0.08,true
001,planted,6518,1,-0.2754062104,-0.2620718411,-0.2595567453,0.4792354604,1,0.08,true
001,planted,6519,0,0.6913875591,-0.220830821,-0.212874705,0.4829700236,0,0.08,true
001,planted,6520,1,-0.6348024675,-0.2431673254,-0.2406522297,0.4807478216,1,0.08,true
001,planted,6521,1,-8.875317858e-05,-0.2370144737,-0.2344993779,0.4812400498,0,0.08,true
001,planted,6522,0,0.01451550706,-0.2302933395,-0.2223372235,0.4822130221,0,0.08,true
001,planted,6523,1,-1.341435731,-0.2798912604,-0.2773761646,0.4778099068,1,0.08,true
001,planted,6524,1,-1.513764156,-0.3299804309,-0.3274653351,0.4738027732,0,0.08,true
001,planted,6525,0,-0.6239614286,-0.3486880802,-0.3407319642,0.4727414429,1,0.08,true
001,planted,6526,0,0.5282674488,-0.3117272248,-0.3037711088,0.4756983113,1,0.08,true
001,planted,6527,0,1.956655641,-0.188224274,-0.180268158,0.4855785474,0,0.08,true
001,planted,6528,0,-0.002480103997,-0.1835752732,-0.1756191572,0.4859504674,1,0.08,true
001,planted,6529,1,1.152289895,-0.1195103,-0.1169952043,0.4906403837,1,0.08,true
001,planted,6530,1,-0.5620733824,-0.1425185487,-0.140003453,0.4887997238,0,0.08,true
001,planted,6531,0,-0.09897272378,-0.1437319472,-0.1357758312,0.4891379335,0,0.08,true
001,planted,6532,1,-0.2657459049,-0.1531927695,-0.1506776738,0.4879457861,1,0.08,true
001,planted,6533,0,0.006843413798,-0.1489609375,-0.1410048215,0.4887196143,1,0.08,true
001,planted,6534,0,-1.204785908,-0.2009032367,-0.1929471207,0.4845642303,0,0.08,true
001,planted,6535,1,0.08534136776,-0.1913254195,-0.1888103238,0.4848951741,0,0.08,true
001,planted,6536,1,-0.6946756016,-0.2206324148,-0.218117319,0.4825506145,1,0.08,true
001,planted,6537,1,-0.5909893787,-0.2445655037,-0.242050408,0.4806359674,0,0.08,true
001,planted,6538,1,-0.0561935753,-0.241441401,-0.2389263053,0.4808858956,1,0.08,true
001,planted,6539,1,1.549744641,-0.1377018233,-0.1351867276,0.4891850618,1,0.08,true
001,planted,6540,1,-2.029656157,-0.2188555014,-0.2163404057,0.4826927675,0,0.08,true
001,planted,6541,1,0.7763036742,-0.1721928006,-0.1696777049,0.4864257836,0,0.08,true
001,planted,6542,0,-0.4534187443,-0.1896320252,-0.1816759092,0.4854659273,0,0.08,true
001,planted,6543,0,0.4391293766,-0.1614940321,-0.1535379161,0.4877169667,0,0.08,true
001,planted,6544,0,1.933458611,-0.05118928026,-0.04323316425,0.4965413469,0,0.08,true
001,planted,6545,1,-0.4550444859,-0.07180346943,-0.06928837371,0.4944569301,1,0.08,true
001,planted,6546,0,0.8989197348,-0.02458953426,-0.01663341825,0.4986693265,1,0.08,true
001,planted,6547,1,1.039110524,0.02750715878,0.0300222545,0.5024017804,0,0.08,true
001,planted,6548,0,-0.01082829808,0.02626696443,0.03422308043,0.5027378464,1,0.08,true
001,planted,6549,0,1.532613586,0.09858032483,0.1065364408,0.5085229153,0,0.08,true
001,planted,6550,0,-0.1157671194,0.09028531726,0.09824143327,0.5078593147,1,0.08,true
001,planted,6551,1,0.8928816742,0.1309347227,0.1334498184,0.5106759855,1,0.08,true
001,planted,6552,1,-0.2342380977,0.1154177016,0.1179327973,0.5094346238,1,0.08,true
001,planted,6553,1,0.9985562289,0.1606764432,0.1631915389,0.5130553231,1,0.08,true
001,planted,6554,1,1.122701208,0.2084889807,0.2110040764,0.5168803261,1,0.08,true
001,planted,6555,1,-0.09863401843,0.1980137178,0.2005288135,0.5160423051,0,0.08,true
001,planted,6556,1,0.1453787593,0.2006550741,0.2031701698,0.5162536136,0,0.08,true
001,planted,6557,1,0.1744461236,0.2049547909,0.2074698866,0.5165975909,1,0.08,true
001,planted,6558,0,0.2412346817,0.2129363698,0.2208924858,0.5176713989,0,0.08,true
001,planted,6559,0,0.5124699998,0.2350133697,0.2429694857,0.5194375589,1,0.08,true
001,planted,6560,0,0.1099538296,0.235404427,0.243360543,0.5194688434,0,0.08,true
001,planted,6561,0,-0.1999199064,0.2171237861,0.2250799021,0.5180063922,1,0.08,true
001,planted,6562,1,0.5172072797,0.2410219917,0.2435370874,0.519482967,1,0.08,true
001,planted,6563,0,0.3329931098,0.2546308937,0.2625870097,0.5210069608,1,0.08,true
001,planted,6564,0,-1.102643464,0.1695752601,0.1775313761,0.5142025101,1,0.08,true
001,planted,6565,1,1.87638966,0.2502158611,0.2527309568,0.5202184765,0,0.08,true
001,planted,6566,1,-0.6044747406,0.2071354656,0.2096505613,0.5167720449,0,0.08,true
001,planted,6567,1,0.8946953622,0.2469358241,0.2494509198,0.5199560736,1,0.08,true
001,planted,6568,1,1.399315142,0.3022223094,0.3047374051,0.5243789924,0,0.08,true
001,planted,6569,1,-1.462427819,0.2004836003,0.202998696,0.5162398957,1,0.08,true
001,planted,6570,0,0.01731569061,0.1963333194,0.2042894354,0.5163431548,1,0.08,true
001,planted,6571,1,0.1252604752,0.1981538145,0.2006689102,0.5160535128,0,0.08,true
001,planted,6572,1,1.212160754,0.2500535693,0.252568665,0.5202054932,1,0.08,true
001,planted,6573,0,0.9574319639,0.2886934478,0.2966495638,0.5237319651,1,0.08,true
001,planted,6574,1,1.116770439,0.3307062601,0.3332213558,0.5266577085,1,0.08,true
001,planted,6575,1,-0.2135099991,0.3102497937,0.3127648894,0.5250211912,1,0.08,true
001,planted,6576,1,1.299387071,0.3567204709,0.3592355666,0.5287388453,0,0.08,true
001,planted,6577,1,1.627452991,0.4056874239,0.4082025196,0.5326562016,1,0.08,true
001,planted,6578,0,1.211627509,0.4412702003,0.4492263163,0.5359381053,1,0.08,true
001,planted,6579,0,-1.27667479,0.3497199377,0.3576760537,0.5286140843,1,0.08,true
001,planted,6580,0,-0.3776684447,0.3205840442,0.3285401602,0.5262832128,1,0.08,true
001,planted,6581,0,-0.4195937505,0.2894003179,0.2973564339,0.5237885147,0,0.08,true
001,planted,6582,0,0.6670536404,0.3134425072,0.3213986233,0.5257118899,1,0.08,true
001,planted,6583,0,-0.3377559099,0.2864878333,0.2944439493,0.5235555159,1,0.08,true
001,planted,6584,0,-0.1250010241,0.2722624519,0.2802185679,0.5224174854,1,0.08,true
001,planted,6585,1,0.2868743989,0.2807481668,0.2832632625,0.522661061,0,0.08,true
001,planted,6586,0,-2.615787043,0.1023715374,0.1103276534,0.5088262123,0,0.08,true
001,planted,6587,1,-0.1144362603,0.09415117646,0.09666627218,0.5077333018,1,0.08,true
001,planted,6588,0,0.8222492906,0.1308191161,0.1387752321,0.5111020186,0,0.08,true
001,planted,6589,1,-1.6880685,0.03927120176,0.04178629748,0.5033429038,1,0.08,true
001,planted,6590,1,0.2528939675,0.05047148673,0.05298658245,0.5042389266,0,0.08,true
001,planted,6591,0,0.08841304134,0.05357786702,0.06153398302,0.5049227186,1,0.08,true
001,planted,6592,0,0.7359377366,0.08850754926,0.09646366526,0.5077170932,0,0.08,true
001,planted,6593,1,0.7789795122,0.124460657,0.1269757527,0.5101580602,0,0.08,true
001,planted,6594,0,1.954867063,0.2030799735,0.2110360895,0.5168828872,0,0.08,true
001,planted,6595,0,-1.062874657,0.1424782342,0.1504343502,0.512034748,0,0.08,true
001,planted,6596,1,-1.389545552,0.06825838154,0.07077347726,0.5056618782,1,0.08,true
001,planted,6597,1,0.1771235178,0.07493482878,0.07744992449,0.506195994,0,0.08,true
001,planted,6598,0,0.8684470047,0.1135222399,0.1214783559,0.5097182685,0,0.08,true
001,planted,6599,0,-0.370224034,0.09207140463,0.1000275206,0.5080022017,0,0.08,true
001,planted,6600,1,0.1810612685,0.09879423626,0.101309332,0.5081047466,0,0.08,true
001,planted,6601,1,0.8838893658,0.1391364135,0.1416515092,0.5113321207,0,0.08,true
001,planted,6602,1,0.6104146259,0.1656921803,0.168207276,0.5134565821,0,0.08,true
001,planted,6603,1,-0.2655721134,0.1471804098,0.1496955055,0.5119756404,1,0.08,true
001,planted,6604,0,0.2252212205,0.1554041836,0.1633602996,0.513068824,1,0.08,true
001,planted,6605,0,1.085959991,0.2043692725,0.2123253885,0.5169860311,0,0.08,true
001,planted,6606,1,0.484738981,0.224221612,0.2267367077,0.5181389366,0,0.08,true
001,planted,6607,1,-0.4912285687,0.1896462594,0.1921613551,0.5153729084,0,0.08,true
001,planted,6608,0,0.9860255572,0.233740455,0.241696571,0.5193357257,0,0.08,true
001,planted,6609,1,0.6274816799,0.2601126832,0.2626277789,0.5210102223,1,0.08,true
001,planted,6610,1,0.2194290099,0.2657046775,0.2682197732,0.5214575819,1,0.08,true
001,planted,6611,1,-0.05962755039,0.2554382548,0.2579533505,0.520636268,0,0.08,true
001,planted,6612,0,-0.3618968736,0.226058463,0.234014579,0.5187211663,1,0.08,true
001,planted,6613,1,0.8253920636,0.2644371069,0.2669522026,0.5213561762,1,0.08,true
001,planted,6614,1,-1.170876881,0.1765973347,0.1791124304,0.5143289944,1,0.08,true
001,planted,6615,0,0.3759435724,0.1937622473,0.2017183633,0.5161374691,0,0.08,true
001,planted,6616,0,0.9929013289,0.2410461651,0.2490022811,0.5199201825,1,0.08,true
001,planted,6617,1,-0.2861210689,0.2168887418,0.2194038375,0.517552307,0,0.08,true
001,planted,6618,0,0.3068620162,0.2296486242,0.2376047402,0.5190083792,0,0.08,true
001,planted,6619,1,-0.3046643923,0.2036989179,0.2062140136,0.5164971211,0,0.08,true
001,planted,6620,1,-0.4829788125,0.1655279929,0.1680430886,0.5134434471,1,0.08,true
001,planted,6621,1,0.03579525914,0.163691276,0.1662063717,0.5132965097,1,0.08,true
001,planted,6622,0,-1.460916532,0.05539301439,0.06334913039,0.5050679304,1,0.08,true
001,planted,6623,0,-1.093880359,-0.01483381661,-0.00687770061,0.499449784,0,0.08,true
001,planted,6624,1,-0.8980792684,-0.06827748779,-0.06576239208,0.4947390086,0,0.08,true
001,planted,6625,0,1.512083883,0.02505488809,0.03301100409,0.5026408803,1,0.08,true
001,planted,6626,1,-0.1814184409,0.01376558951,0.01628068523,0.5013024548,1,0.08,true
001,planted,6627,0,1.937441465,0.1151777465,0.1231338625,0.509850709,1,0.08,true
001,planted,6628,0,-0.006341880771,0.1119144027,0.1198705187,0.5095896415,1,0.08,true
001,planted,6629,0,0.4101727069,0.131401924,0.13935804,0.5111486432,1,0.08,true
001,planted,6630,1,0.9382072582,0.1767716007,0.1792866964,0.5143429357,1,0.08,true
001,planted,6631,1,-0.1241965004,0.1651173814,0.1676324771,0.5134105982,0,0.08,true
001,planted,6632,1,-0.31252029,0.1421524029,0.1446674987,0.5115733999,1,0.08,true
001,planted,6633,0,0.375980823,0.160265042,0.168221158,0.5134576926,1,0.08,true
001,planted,6634,1,-0.1207109281,0.1487443773,0.151259473,0.5121007578,0,0.08,true
001,planted,6635,0,-1.174204411,0.06776921289,0.07572532889,0.5060580263,1,0.08,true
001,planted,6636,1,-0.5067905729,0.03475297189,0.03726806761,0.5029814454,1,0.08,true
001,planted,6637,1,1.360822676,0.1107378399,0.1132529356,0.5090602348,0,0.08,true
001,planted,6638,1,0.1944531789,0.1193632141,0.1218783098,0.5097502648,0,0.08,true
001,planted,6639,1,1.466881058,0.1911509965,0.1936660922,0.5154932874,1,0.08,true
001,planted,6640,0,0.4228437107,0.2096394971,0.2175956131,0.517407649,0,0.08,true
001,planted,6641,0,0.3944423738,0.226490668,0.234446784,0.5187557427,1,0.08,true
001,planted,6642,0,0.4946321254,0.24847582,0.256431936,0.5205145549,1,0.08,true
001,planted,6643,1,0.4656940376,0.2686483518,0.2711634476,0.5216930758,0,0.08,true
001,planted,6644,0,-1.400286132,0.1621169621,0.1700730781,0.5136058462,1,0.08,true
001,planted,6645,0,1.865890958,0.2412471961,0.2492033121,0.519936265,0,0.08,true
001,planted,6646,1,1.262527419,0.2908123717,0.2933274674,0.5234661974,0,0.08,true
001,planted,6647,1,-1.390898609,0.1978100411,0.2003251368,0.5160260109,1,0.08,true
001,planted,6648,0,-0.8183570102,0.1472752837,0.1552313997,0.512418512,1,0.08,true
001,planted,6649,0,-0.9162631509,0.09305692635,0.1010130424,0.5080810434,0,0.08,true
001,planted,6650,0,0.9570233993,0.1378431361,0.1457992521,0.5116639402,0,0.08,true
001,planted,6651,1,0.2412513899,0.1468853031,0.1494003988,0.5119520319,0,0.08,true
001,planted,6652,1,0.3777918218,0.1629700013,0.165485097,0.5132388078,0,0.08,true
001,planted,6653,1,-0.4237487573,0.1346263273,0.137141423,0.5109713138,1,0.08,true
001,planted,6654,0,0.7564276776,0.1708832023,0.1788393183,0.5143071455,1,0.08,true
001,planted,6655,0,-0.1480410106,0.1580103469,0.1659664629,0.513277317,1,0.08,true
001,planted,6656,1,-0.8494698067,0.1019160209,0.1044311166,0.5083544893,1,0.08,true
001,planted,6657,1,-0.3525547059,0.07837784747,0.08089294318,0.5064714355,1,0.08,true
001,planted,6658,0,-0.5426465217,0.04350549914,0.05146161514,0.5041169292,1,0.08,true
001,planted,6659,1,-0.9493019755,-0.01472367656,-0.01220858084,0.4990233135,1,0.08,true
001,planted,6660,0,-0.2290778887,-0.02810901422,-0.02015289822,0.4983877681,1,0.08,true
001,planted,6661,1,-0.7542876216,-0.07241412164,-0.06989902592,0.4944080779,0,0.08,true
001,planted,6662,0,-0.555260029,-0.1037912948,-0.0958351788,0.4923331857,0,0.08,true
001,planted,6663,1,-1.050076846,-0.1603507958,-0.1578357001,0.487373144,0,0.08,true
001,planted,6664,1,-0.184270132,-0.1674749901,-0.1649598943,0.4868032085,0,0.08,true
001,planted,6665,0,0.718236371,-0.1153300417,-0.1073739257,0.4914100859,1,0.08,true
001,planted,6666,1,-2.032891041,-0.2093727019,-0.2068576062,0.4834513915,0,0.08,true
001,planted,6667,0,1.708648226,-0.09857319366,-0.09061707766,0.4927506338,0,0.08,true
001,planted,6668,0,-0.2054767794,-0.1068980082,-0.09894189222,0.4920846486,0,0.08,true
001,planted,6669,1,-0.2601460504,-0.1181580601,-0.1156429644,0.4907485628,1,0.08,true
001,planted,6670,0,0.00084157683,-0.1151191764,-0.1071630604,0.4914269552,0,0.08,true
001,planted,6671,1,1.048526007,-0.05027191786,-0.04775682214,0.4961794542,1,0.08,true
001,planted,6672,1,1.382686734,0.02790887533,0.03042397105,0.5024339177,0,0.08,true
001,planted,6673,1,-0.06656490359,0.02353727919,0.0260523749,0.50208419,1,0.08,true
001,planted,6674,1,-1.411152504,-0.05340715005,-0.05089205433,0.4959286357,0,0.08,true
001,planted,6675,0,-1.563255764,-0.1283072473,-0.1203511313,0.4903719095,1,0.08,true
001,planted,6676,0,-1.979800494,-0.2074268477,-0.1994707317,0.4840423415,0,0.08,true
001,planted,6677,0,-1.009890437,-0.2454747523,-0.2375186363,0.4809985091,0,0.08,true
001,planted,6678,0,0.6688449819,-0.2044669341,-0.1965108181,0.4842791346,0,0.08,true
001,planted,6679,0,0.9982575868,-0.1463183937,-0.1383622777,0.4889310178,0,0.08,true
001,planted,6680,1,0.1998406555,-0.1325686732,-0.1300535775,0.4895957138,0,0.08,true
001,planted,6681,0,-0.390759517,-0.1484974654,-0.1405413494,0.488756692,1,0.08,true
001,planted,6682,1,0.8740954172,-0.09732479796,-0.09480970224,0.4924152238,1,0.08,true
001,planted,6683,0,-0.8044505831,-0.1345370929,-0.1265809769,0.4898735218,0,0.08,true
001,planted,6684,1,0.2369386467,-0.1184629387,-0.115947843,0.4907241726,0,0.08,true
001,planted,6685,1,0.5250362511,-0.08643604637,-0.08392095065,0.4932863239,0,0.08,true
001,planted,6686,0,1.07852159,-0.02416763785,-0.01621152185,0.4987030783,1,0.08,true
001,planted,6687,1,-0.8632348474,-0.06907331262,-0.06655821691,0.4946753426,0,0.08,true
001,planted,6688,0,-1.128507192,-0.1243988635,-0.1164427475,0.4906845802,1,0.08,true
001,planted,6689,0,-0.2181377357,-0.1328644944,-0.1249083784,0.4900073297,1,0.08,true
001,planted,6690,0,0.8581743683,-0.08014369448,-0.07218757848,0.4942249937,0,0.08,true
001,planted,6691,0,-0.5128972852,-0.1057841578,-0.09782804178,0.4921737567,1,0.08,true
001,planted,6692,1,-1.416607608,-0.1725349455,-0.1700198497,0.486398412,1,0.08,true
001,planted,6693,0,-1.42176159,-0.2322593587,-0.2243032427,0.4820557406,0,0.08,true
001,planted,6694,0,-0.9683540376,-0.2706484152,-0.2626922992,0.4789846161,1,0.08,true
001,planted,6695,1,-1.510879668,-0.3237231822,-0.3212080865,0.4743033531,1,0.08,true
001,planted,6696,1,0.3845198142,-0.2947097744,-0.2921946786,0.4766244257,1,0.08,true
001,planted,6697,1,1.521711835,-0.1956365004,-0.1931214047,0.4845502876,1,0.08,true
001,planted,6698,1,0.5868261549,-0.1596179514,-0.1571028556,0.4874317715,1,0.08,true
001,planted,6699,0,-0.2313943311,-0.167237271,-0.159281155,0.4872575076,0,0.08,true
001,planted,6700,0,1.174072207,-0.09749470348,-0.08953858748,0.492836913,1,0.08,true
001,planted,6701,0,0.9038391605,-0.04691603351,-0.0389599175,0.4968832066,0,0.08,true
001,planted,6702,1,0.8389583867,-0.001818437092,0.0006966586264,0.5000557327,1,0.08,true
001,planted,6703,1,-0.4956174755,-0.02767958958,-0.02516449386,0.4979868405,1,0.08,true
001,planted,6704,1,1.587797692,0.05440034287,0.05691543859,0.5045532351,1,0.08,true
001,planted,6705,1,0.2091837144,0.06370998461,0.06622508032,0.5052980064,1,0.08,true
001,planted,6706,1,-0.9513766658,0.01165324627,0.01416834198,0.5011334674,0,0.08,true
001,planted,6707,1,-0.1709730689,0.002333075686,0.004848171404,0.5003878537,1,0.08,true
001,planted,6708,1,-1.790532966,-0.08680272142,-0.08428762571,0.4932569899,0,0.08,true
001,planted,6709,0,1.853703265,0.009038496895,0.0169946129,0.501359569,1,0.08,true
001,planted,6710,1,0.04798629096,0.01111916712,0.01363426284,0.501090741,0,0.08,true
001,planted,6711,1,0.821065283,0.05056469209,0.05307978781,0.504246383,1,0.08,true
001,planted,6712,1,1.993910282,0.1358751815,0.1383902772,0.5110712222,1,0.08,true
001,planted,6713,0,-1.255543858,0.07133118151,0.07928729751,0.5063429838,1,0.08,true
001,planted,6714,0,0.794096883,0.1049456807,0.1129017967,0.5090321437,0,0.08,true
001,planted,6715,1,0.6542112451,0.1317712175,0.1342863133,0.5107429051,0,0.08,true
001,planted,6716,0,-1.098469929,0.07399805993,0.08195417593,0.5065563341,1,0.08,true
001,planted,6717,1,0.01132410191,0.07266407106,0.07517916677,0.5060143333,1,0.08,true
001,planted,6718,0,-2.016373025,-0.02544184877,-0.01748573276,0.4986011414,1,0.08,true
001,planted,6719,1,1.616326305,0.04690370747,0.04941880319,0.5039535043,1,0.08,true
001,planted,6720,0,1.212784759,0.09712663494,0.1050827509,0.5084066201,1,0.08,true
001,planted,6721,1,-1.68955982,0.01833271968,0.0208478154,0.5016678252,0,0.08,true
001,planted,6722,0,0.5154341862,0.04001135388,0.04796746988,0.5038373976,1,0.08,true
001,planted,6723,1,0.6857101711,0.06871237343,0.07122746915,0.5056981975,1,0.08,true
001,planted,6724,1,0.5300336683,0.09030620222,0.09282129794,0.5074257038,1,0.08,true
001,planted,6725,0,-0.006022916213,0.08774309396,0.09569920997,0.5076559368,1,0.08,true
001,planted,6726,1,-0.3483034016,0.06893464025,0.07144973596,0.5057159789,0,0.08,true
001,planted,6727,0,-0.5644082286,0.03970133906,0.04765745507,0.5038125964,0,0.08,true
001,planted,6728,1,0.1556070664,0.04630532243,0.04882041815,0.5039056335,0,0.08,true
001,planted,6729,1,1.38377143,0.1095736739,0.1120887696,0.5089671016,0,0.08,true
001,planted,6730,0,0.05751557984,0.1096254533,0.1175815693,0.5094065255,1,0.08,true
001,planted,6731,0,-0.4856390852,0.08179980344,0.08975591945,0.5071804736,0,0.08,true
001,planted,6732,0,-0.2299173345,0.06777605593,0.07573217193,0.5060585738,0,0.08,true
001,planted,6733,1,-0.1449864863,0.0583649524,0.06088004812,0.5048704038,0,0.08,true
001,planted,6734,1,0.05254541755,0.05972910556,0.06224420127,0.5049795361,1,0.08,true
001,planted,6735,1,-0.4494850829,0.03302822616,0.03554332187,0.5028434657,1,0.08,true
001,planted,6736,0,1.250696105,0.09825404778,0.1062101638,0.5084968131,1,0.08,true
001,planted,6737,0,2.233141534,0.1920783538,0.2000344698,0.5160027576,0,0.08,true
001,planted,6738,0,-0.07292596654,0.1835623744,0.1915184904,0.5153214792,0,0.08,true
001,planted,6739,0,-1.74634273,0.08340173007,0.09135784607,0.5073086277,0,0.08,true
001,planted,6740,1,1.334039438,0.1403890992,0.1429041949,0.5114323356,1,0.08,true
001,planted,6741,1,-0.8193538693,0.09609294017,0.09860803589,0.5078886429,1,0.08,true
001,planted,6742,1,0.47653474,0.116122788,0.1186378838,0.5094910307,1,0.08,true
001,planted,6743,1,0.120088477,0.1190763254,0.1215914211,0.5097273137,0,0.08,true
001,planted,6744,0,0.8507892836,0.1563104774,0.1642665935,0.5131413275,1,0.08,true
001,planted,6745,0,1.918895994,0.2292966982,0.2372528142,0.5189802251,1,0.08,true
001,planted,6746,0,-1.46739918,0.1460005171,0.1539566331,0.5123165306,1,0.08,true
001,planted,6747,0,-0.2294514782,0.1313754681,0.1393315841,0.5111465267,0,0.08,true
001,planted,6748,0,0.7773711494,0.1631933061,0.1711494221,0.5136919538,1,0.08,true
001,planted,6749,0,0.184314083,0.1679021485,0.1758582645,0.5140686612,0,0.08,true
001,planted,6750,1,1.141019561,0.2137882113,0.216303307,0.5173042646,1,0.08,true
001,planted,6751,0,-1.001377346,0.1548888766,0.1628449926,0.5130275994,0,0.08,true
001,planted,6752,1,0.9712960069,0.1947639318,0.1972790276,0.5157823222,0,0.08,true
001,planted,6753,0,-0.8311106769,0.1459129364,0.1538690524,0.5123095242,1,0.08,true
001,planted,6754,0,1.420749834,0.2035344011,0.2114905171,0.5169192414,0,0.08,true
001,planted,6755,1,0.7821450038,0.2334005917,0.2359156874,0.518873255,0,0.08,true
001,planted,6756,0,0.4748928239,0.2497057738,0.2576618898,0.5206129512,0,0.08,true
001,planted,6757,0,-0.2348872542,0.2311443837,0.2391004997,0.51912804,1,0.08,true
001,planted,6758,1,1.525967948,0.2870621896,0.2895772853,0.5231661828,1,0.08,true
001,planted,6759,0,0.1332269552,0.2863585027,0.2943146188,0.5235451695,1,0.08,true
001,planted,6760,1,-0.713074827,0.2391631549,0.2416782507,0.5193342601,1,0.08,true
001,planted,6761,0,-0.2975771798,0.2170635149,0.2250196309,0.5180015705,0,0.08,true
001,planted,6762,0,0.5509130658,0.2389207484,0.2468768644,0.5197501492,1,0.08,true
001,planted,6763,1,-0.6950934282,0.1924015063,0.194916602,0.5155933282,1,0.08,true
001,planted,6764,1,0.4874383779,0.2127886189,0.2153037146,0.5172242972,1,0.08,true
001,planted,6765,0,-0.9037301652,0.1529581269,0.1609142429,0.5128731394,0,0.08,true
001,planted,6766,1,-0.4872783416,0.1208978741,0.1234129698,0.5098730376,1,0.08,true
001,planted,6767,0,-1.223405618,0.04587532775,0.05383144375,0.5043065155,0,0.08,true
001,planted,6768,0,-1.986162435,-0.05933456076,-0.05137844476,0.4958897244,1,0.08,true
001,planted,6769,0,-1.213907465,-0.1157432789,-0.1077871629,0.491377027,1,0.08,true
001,planted,6770,1,-0.1454849572,-0.1201290993,-0.1176140036,0.4905908797,0,0.08,true
001,planted,6771,0,-0.2959918413,-0.1321747337,-0.1242186177,0.4900625106,1,0.08,true
001,planted,6772,0,0.3238007541,-0.111253456,-0.10329734,0.4917362128,1,0.08,true
001,planted,6773,0,0.2675627289,-0.09366156571,-0.08570544971,0.493143564,1,0.08,true
001,planted,6774,1,1.392382094,-0.01287654236,-0.01036144665,0.4991710843,0,0.08,true
001,planted,6775,0,-0.8741943234,-0.05851343999,-0.05055732399,0.4959554141,1,0.08,true
001,planted,6776,0,-0.06479952054,-0.06054049189,-0.05258437589,0.4957932499,0,0.08,true
001,planted,6777,0,1.301478531,0.01278422779,0.02074034379,0.5016592275,0,0.08,true
001,planted,6778,0,-0.2608860292,-0.001710018695,0.006246097309,0.5004996878,0,0.08,true
001,planted,6779,0,-0.583876364,-0.0337930427,-0.0258369267,0.4979330459,1,0.08,true
001,planted,6780,0,1.987850931,0.07090438537,0.07886050138,0.5063088401,1,0.08,true
001,planted,6781,0,-0.5611329989,0.03971532182,0.04767143782,0.503813715,0,0.08,true
001,planted,6782,0,0.956407651,0.08692269986,0.09487881586,0.5075903053,1,0.08,true
001,planted,6783,1,1.617877829,0.1588700304,0.1613851261,0.5129108101,1,0.08,true
001,planted,6784,0,2.238337255,0.2391255626,0.2470816786,0.5197665343,0,0.08,true
001,planted,6785,1,-1.957401517,0.1320637595,0.1345788553,0.5107663084,0,0.08,true
001,planted,6786,0,0.7002240678,0.1580399889,0.1659961049,0.5132796884,1,0.08,true
001,planted,6787,1,1.060671751,0.1970911418,0.1996062375,0.515968499,1,0.08,true
001,planted,6788,1,1.620201037,0.2518431194,0.2543582151,0.5203486572,0,0.08,true
001,planted,6789,0,-0.6059848193,0.2174003375,0.2253564535,0.5180285163,1,0.08,true
001,planted,6790,1,-1.337728936,0.1470553158,0.1495704115,0.5119656329,1,0.08,true
001,planted,6791,1,-1.022753432,0.09614611225,0.09866120796,0.5078928966,1,0.08,true
001,planted,6792,1,1.241302931,0.1445817436,0.1470968393,0.5117677471,0,0.08,true
001,planted,6793,1,0.5712463936,0.1651748701,0.1676899658,0.5134151973,1,0.08,true
001,planted,6794,0,-0.2868866532,0.1477868617,0.1557429777,0.5124594382,0,0.08,true
001,planted,6795,0,-1.305948986,0.08073328176,0.08868939776,0.5070951518,0,0.08,true
001,planted,6796,0,1.361196898,0.1358740463,0.1438301623,0.511506413,1,0.08,true
001,planted,6797,1,-0.1407908623,0.1260069947,0.1285220905,0.5102817672,1,0.08,true
001,planted,6798,0,0.7363089168,0.1552067116,0.1631628276,0.5130530262,1,0.08,true
001,planted,6799,1,-1.184776297,0.09263352852,0.09514862423,0.5076118899,0,0.08,true
001,planted,6800,1,1.001144688,0.1342997152,0.136814811,0.5109451849,0,0.08,true
001,planted,6801,1,-0.5506082974,0.1042798304,0.1067949262,0.5085435941,1,0.08,true
001,planted,6802,0,-0.6382532008,0.07036007927,0.07831619527,0.5062652956,0,0.08,true
001,planted,6803,1,-0.1935428319,0.05908682681,0.06160192253,0.5049281538,0,0.08,true
001,planted,6804,1,-0.5610909756,0.02931071174,0.03182580746,0.5025460646,1,0.08,true
001,planted,6805,1,2.170358251,0.1246452458,0.1271603415,0.5101728273,1,0.08,true
001,planted,6806,1,0.0007243861846,0.1215230679,0.1240381637,0.5099230531,1,0.08,true
001,planted,6807,1,-0.9935635945,0.06916704433,0.07168214005,0.5057345712,1,0.08,true
001,planted,6808,1,-0.650354242,0.03572396272,0.03823905844,0.5030591247,1,0.08,true
001,planted,6809,1,-1.751868488,-0.047581814,-0.04506671828,0.4963946625,1,0.08,true
001,planted,6810,0,-0.5364668334,-0.07109136811,-0.06313525211,0.4949491798,1,0.08,true
001,planted,6811,1,-0.350970145,-0.08583387903,-0.08331878331,0.4933344973,1,0.08,true
001,planted,6812,1,-1.329182394,-0.1427770536,-0.1402619579,0.4887790434,1,0.08,true
001,planted,6813,0,0.8941874262,-0.09432537304,-0.08636925704,0.4930904594,0,0.08,true
001,planted,6814,1,0.3886228507,-0.07280711854,-0.07029202282,0.4943766382,0,0.08,true
001,planted,6815,0,1.4503006,0.000985048502,0.008941164506,0.5007152932,0,0.08,true
001,planted,6816,1,-0.3653613288,-0.0167011061,-0.01418601038,0.4988651192,1,0.08,true
001,planted,6817,1,-0.7355686226,-0.05206431061,-0.04954921489,0.4960360628,1,0.08,true
001,planted,6818,0,-1.270207888,-0.1101321202,-0.1021760042,0.4918259197,0,0.08,true
001,planted,6819,0,-0.5699020978,-0.134508342,-0.126552226,0.4898758219,1,0.08,true
001,planted,6820,0,-0.0410329876,-0.1331659526,-0.1252098366,0.4899832131,0,0.08,true
001,planted,6821,0,-1.686003343,-0.2021804283,-0.1942243123,0.484462055,0,0.08,true
001,planted,6822,1,-0.5746727544,-0.2236790981,-0.2211640024,0.4823068798,0,0.08,true
001,planted,6823,1,-0.2279938498,-0.2291885207,-0.226673425,0.481866126,0,0.08,true
001,planted,6824,0,0.4696751163,-0.1980067271,-0.1900506111,0.4847959511,0,0.08,true
001,planted,6825,1,-2.281841244,-0.2757984402,-0.2732833444,0.4781373324,0,0.08,true
001,planted,6826,1,0.4718348248,-0.2451485161,-0.2426334204,0.4805893264,0,0.08,true
001,planted,6827,1,2.161768637,-0.1213120081,-0.1187969123,0.490496247,0,0.08,true
001,planted,6828,0,0.1326175784,-0.1122211776,-0.1042650616,0.4916587951,0,0.08,true
001,planted,6829,1,-0.1083464017,-0.114360853,-0.1118457573,0.4910523394,0,0.08,true
001,planted,6830,1,1.684404539,-0.02973511799,-0.02722002228,0.4978223982,0,0.08,true
001,planted,6831,0,-0.05940710399,-0.03170213473,-0.02374601872,0.4981003185,0,0.08,true
001,planted,6832,1,1.919641008,0.05503205521,0.05754715092,0.5046037721,1,0.08,true
001,planted,6833,0,-0.2158461,0.04394351215,0.05189962816,0.5041519703,0,0.08,true
001,planted,6834,0,-0.3540673738,0.02652835135,0.03448446735,0.5027587574,1,0.08,true
001,planted,6835,1,0.2529987455,0.03767274813,0.04018784385,0.5032150275,1,0.08,true
001,planted,6836,1,0.7232410383,0.07063292443,0.07314802014,0.5058518416,1,0.08,true
001,planted,6837,0,1.814377077,0.1462398266,0.1541959426,0.5123356754,1,0.08,true
001,planted,6838,1,0.7463086204,0.1751383352,0.1776534309,0.5142122745,0,0.08,true
001,planted,6839,1,-0.5007595558,0.1462873569,0.1488024526,0.5119041962,1,0.08,true
001,planted,6840,1,0.8142909107,0.1790201494,0.1815352451,0.5145228196,1,0.08,true
001,planted,6841,1,-0.852749453,0.1308133667,0.1333284624,0.510666277,0,0.08,true
001,planted,6842,0,1.268779194,0.182768332,0.190724448,0.5152579558,0,0.08,true
001,planted,6843,0,-0.5649187625,0.1496452344,0.1576013504,0.512608108,0,0.08,true
001,planted,6844,0,0.7474171493,0.180306962,0.188263078,0.5150610462,1,0.08,true
001,planted,6845,1,0.6193598075,0.2047340283,0.207249124,0.5165799299,0,0.08,true
001,planted,6846,1,-1.244413324,0.1312270569,0.1337421526,0.5106993722,1,0.08,true
001,planted,6847,1,0.1138517782,0.133568283,0.1360833787,0.5108866703,1,0.08,true
001,planted,6848,1,0.1306568635,0.1368424072,0.1393575029,0.5111486002,0,0.08,true
001,planted,6849,1,0.4208578695,0.1548080886,0.1573231844,0.5125858547,0,0.08,true
001,planted,6850,1,-0.3705193341,0.1304240128,0.1329391085,0.5106351287,0,0.08,true
001,planted,6851,1,0.2591601841,0.141092433,0.1436075288,0.5114886023,0,0.08,true
001,planted,6852,1,0.6455853541,0.171629865,0.1741449607,0.5139315969,0,0.08,true
001,planted,6853,0,1.072420776,0.2203599742,0.2283160902,0.5182652872,1,0.08,true
001,planted,6854,0,-1.145299642,0.1442210699,0.1521771859,0.5121741749,1,0.08,true
001,planted,6855,0,0.7090211978,0.1772798058,0.1852359218,0.5148188737,1,0.08,true
001,planted,6856,0,1.601634113,0.2438046826,0.2517607986,0.5201408639,1,0.08,true
001,planted,6857,1,0.1922086982,0.247653003,0.2501680987,0.5200134479,0,0.08,true
001,planted,6858,1,0.3271346821,0.2584896201,0.2610047158,0.5208803773,1,0.08,true
001,planted,6859,1,-0.2817549576,0.2355571895,0.2380722852,0.5190457828,0,0.08,true
001,planted,6860,1,0.2137516326,0.2414969819,0.2440120776,0.5195209662,0,0.08,true
001,planted,6861,0,-0.6921797307,0.1915402623,0.1994963783,0.5159597103,1,0.08,true
001,planted,6862,0,-0.1961686941,0.1748117881,0.1827679041,0.5146214323,1,0.08,true
001,planted,6863,1,0.2306817907,0.184050354,0.1865654497,0.514925236,0,0.08,true
001,planted,6864,0,0.9802853981,0.2319399007,0.2398960167,0.5191916813,1,0.08,true
001,planted,6865,1,0.3216448402,0.2449281422,0.247443238,0.519795459,1,0.08,true
001,planted,6866,0,-0.7387026645,0.1881736708,0.1961297868,0.5156903829,0,0.08,true
001,planted,6867,1,-0.3281444441,0.1619539191,0.1644690148,0.5131575212,1,0.08,true
001,planted,6868,0,-0.6413487818,0.1144554575,0.1224115735,0.5097929259,0,0.08,true
001,planted,6869,1,0.2758118648,0.1291220264,0.1316371221,0.5105309698,1,0.08,true
001,planted,6870,0,1.251825519,0.196100438,0.204056554,0.5163245243,1,0.08,true
001,planted,6871,0,-0.6911447968,0.1440433527,0.1519994687,0.5121599575,0,0.08,true
001,planted,6872,1,0.4507994036,0.1680569811,0.1705720769,0.5136457661,1,0.08,true
001,planted,6873,1,-0.7193575585,0.1140821995,0.1165972952,0.5093277836,0,0.08,true
001,planted,6874,1,-2.735484043,-0.0537287453,-0.05121364958,0.495902908,1,0.08,true
001,planted,6875,1,0.9080156238,-0.00448337532,-0.001968279602,0.4998425376,0,0.08,true
001,planted,6876,0,-0.1206079211,-0.01073351709,-0.002777401086,0.4997778079,1,0.08,true
001,planted,6877,0,0.6850926952,0.02627618662,0.03423230262,0.5027385842,1,0.08,true
001,planted,6878,0,-0.9029170944,-0.02331090861,-0.0153547926,0.4987716166,1,0.08,true
001,planted,6879,0,-1.044775775,-0.07756937911,-0.06961326311,0.494430939,0,0.08,true
001,planted,6880,1,0.3302437198,-0.05740057768,-0.05488548196,0.4956091614,0,0.08,true
001,planted,6881,1,0.6358400932,-0.02021555368,-0.01770045796,0.4985839634,1,0.08,true
001,planted,6882,1,-0.314569375,-0.03737154933,-0.03485645361,0.4972114837,0,0.08,true
001,planted,6883,1,1.25578889,0.03442302521,0.03693812093,0.5029550497,1,0.08,true
001,planted,6884,0,0.8491526752,0.0796588628,0.0876149788,0.5070091983,1,0.08,true
001,planted,6885,1,0.565123649,0.1085276579,0.1110427536,0.5088834203,0,0.08,true
001,planted,6886,0,1.265325246,0.1697692304,0.1777253464,0.5142180277,0,0.08,true
001,planted,6887,0,-0.7448274243,0.1215865197,0.1295426357,0.5103634109,1,0.08,true
001,planted,6888,1,-0.658047572,0.08017754921,0.08269264493,0.5066154116,1,0.08,true
001,planted,6889,1,-0.4651369434,0.05115531308,0.05367040879,0.5042936327,0,0.08,true
001,planted,6890,0,0.4340099007,0.07469793603,0.08265405203,0.5066123242,1,0.08,true
001,planted,6891,0,1.37541147,0.1451867043,0.1531428203,0.5122514256,1,0.08,true
001,planted,6892,0,0.9954273788,0.1923851931,0.2003413091,0.5160273047,1,0.08,true
001,planted,6893,0,0.6711504507,0.222514668,0.230470784,0.5184376627,1,0.08,true
001,planted,6894,1,1.395367716,0.2797358279,0.2822509236,0.5225800739,0,0.08,true
001,planted,6895,1,-2.162800005,0.1341809402,0.1366960359,0.5109356829,0,0.08,true
001,planted,6896,1,0.4205430087,0.1512426408,0.1537577365,0.5123006189,0,0.08,true
001,planted,6897,0,0.7122873327,0.1815630813,0.1895191973,0.5151615358,1,0.08,true
001,planted,6898,0,-1.026933767,0.1202167327,0.1281728487,0.5102538279,1,0.08,true
001,planted,6899,1,-0.9541765012,0.06608485001,0.06859994573,0.5054879957,0,0.08,true
001,planted,6900,0,0.5670720857,0.09306967849,0.1010257945,0.5080820636,0,0.08,true
001,planted,6901,1,-0.7166536197,0.05209701748,0.0546121132,0.5043689691,0,0.08,true
001,planted,6902,1,0.3926283255,0.07145367689,0.07396877261,0.5059175018,1,0.08,true
001,planted,6903,1,-0.08954565895,0.06473897733,0.06725407304,0.5053803258,0,0.08,true
001,planted,6904,1,0.4736711145,0.08900756375,0.09152265947,0.5073218128,0,0.08,true
001,planted,6905,1,0.7562914826,0.1275599686,0.1300750643,0.5104060051,0,0.08,true
001,planted,6906,1,-0.4968369069,0.09499494587,0.09751004159,0.5078008033,0,0.08,true
001,planted,6907,0,0.09991200881,0.09840167856,0.1063577946,0.5085086236,1,0.08,true
001,planted,6908,1,-0.8621425074,0.04303798355,0.04555307927,0.5036442463,0,0.08,true
001,planted,6909,0,-0.7124753964,-0.000773534946,0.007182581058,0.5005746065,0,0.08,true
001,planted,6910,0,-0.1517227708,-0.009916688775,-0.001960572771,0.4998431542,1,0.08,true
001,planted,6911,1,-0.8967979826,-0.06330951499,-0.06079441927,0.4951364465,0,0.08,true
001,planted,6912,0,-0.9908234753,-0.1184896338,-0.1105335178,0.4911573186,1,0.08,true
001,planted,6913,1,-0.758845804,-0.1584580486,-0.1559429529,0.4875245638,1,0.08,true
001,planted,6914,0,-1.903491921,-0.2404071953,-0.2324510793,0.4814039137,1,0.08,true
001,planted,6915,1,0.3288560773,-0.2152504271,-0.2127353313,0.4829811735,1,0.08,true
001,planted,6916,0,-1.175698648,-0.2651964936,-0.2572403776,0.4794207698,1,0.08,true
001,planted,6917,0,-0.3049617192,-0.2747758381,-0.2668197221,0.4786544222,1,0.08,true
001,planted,6918,0,-1.187612576,-0.3213507825,-0.3133946665,0.4749284267,1,0.08,true
001,planted,6919,1,0.0072955114,-0.3128028367,-0.310287741,0.4751769807,0,0.08,true
001,planted,6920,0,0.4991597238,-0.2737914033,-0.2658352873,0.478733177,1,0.08,true
001,planted,6921,0,0.1055016454,-0.2605592384,-0.2526031224,0.4797917502,0,0.08,true
001,planted,6922,1,1.778020003,-0.1323925271,-0.1298774314,0.4896098055,1,0.08,true
001,planted,6923,1,-2.626918475,-0.2304702302,-0.2279551345,0.4817635892,0,0.08,true
001,planted,6924,0,1.672951977,-0.1361148066,-0.1281586906,0.4897473048,0,0.08,true
001,planted,6925,1,0.5375796778,-0.1071592807,-0.104644185,0.4916284652,0,0.08,true
001,planted,6926,1,0.4424305956,-0.08323072252,-0.0807156268,0.4935427499,0,0.08,true
001,planted,6927,0,-0.05249280114,-0.08364549627,-0.07568938027,0.4939448496,1,0.08,true
001,planted,6928,1,-1.495251226,-0.1475490827,-0.145033987,0.488397281,1,0.08,true
001,planted,6929,0,-0.7829028865,-0.1789669049,-0.1710107889,0.4863191369,0,0.08,true
001,planted,6930,1,-0.3352631618,-0.1902524149,-0.1877373191,0.4849810145,1,0.08,true
001,planted,6931,0,1.260175611,-0.1180865362,-0.1101304202,0.4911895664,1,0.08,true
001,planted,6932,0,-0.2547464206,-0.1274328805,-0.1194767645,0.4904418588,1,0.08,true
001,planted,6933,1,-0.6769895386,-0.1565213476,-0.1540062518,0.4876794999,1,0.08,true
001,planted,6934,1,-0.5555779823,-0.1795212182,-0.1770061225,0.4858395102,1,0.08,true
001,planted,6935,1,0.6572835985,-0.1391530706,-0.1366379749,0.489068962,1,0.08,true
001,planted,6936,0,1.187872174,-0.07022997168,-0.06227385567,0.4950180915,0,0.08,true
001,planted,6937,0,-0.9735088045,-0.1162504675,-0.1082943515,0.4913364519,0,0.08,true
001,planted,6938,0,0.4283715421,-0.09051028475,-0.08255416874,0.4933956665,1,0.08,true
001,planted,6939,0,0.04104242106,-0.08602871038,-0.07807259438,0.4937541924,0,0.08,true
001,planted,6940,0,-1.112954175,-0.1395878998,-0.1316317838,0.4894694573,0,0.08,true
001,planted,6941,0,-0.3246609358,-0.1531429371,-0.1451868211,0.4883850543,1,0.08,true
001,planted,6942,1,-0.5087296571,-0.1760219243,-0.1735068286,0.4861194537,1,0.08,true
001,planted,6943,1,0.352358152,-0.1511268611,-0.1486117654,0.4881110588,0,0.08,true
001,planted,6944,1,0.2964165881,-0.1298625894,-0.1273474937,0.4898122005,1,0.08,true
001,planted,6945,1,-0.5945972087,-0.1596389101,-0.1571238144,0.4874300948,1,0.08,true
001,planted,6946,0,0.06861427484,-0.1514763599,-0.1435202439,0.4885183805,0,0.08,true
001,planted,6947,1,-0.9214664155,-0.1978549891,-0.1953398934,0.4843728085,0,0.08,true
001,planted,6948,1,0.6802327805,-0.1488826944,-0.1463675987,0.4882905921,0,0.08,true
001,planted,6949,0,0.4436267238,-0.1169904026,-0.1090342865,0.4912772571,0,0.08,true
001,planted,6950,0,-1.750330986,-0.2007629762,-0.1928068602,0.4845754512,0,0.08,true
001,planted,6951,0,2.473673004,-0.04473674502,-0.03678062901,0.4970575497,0,0.08,true
001,planted,6952,0,-0.6974147833,-0.07745386943,-0.06949775342,0.4944401797,1,0.08,true
001,planted,6953,0,0.3908827633,-0.05551353042,-0.04755741442,0.4961954068,1,0.08,true
001,planted,6954,0,1.094556957,0.002374562199,0.0103306782,0.5008264543,1,0.08,true
001,planted,6955,0,1.607104588,0.07965148473,0.08760760073,0.5070086081,1,0.08,true
001,planted,6956,0,-1.281236728,0.01371964521,0.02167576121,0.5017340609,1,0.08,true
001,planted,6957,0,0.4112681442,0.03331855033,0.04127466633,0.5033019733,1,0.08,true
001,planted,6958,1,-1.043732768,-0.01908935415,-0.01657425843,0.4986740593,1,0.08,true
001,planted,6959,0,-0.2707747553,-0.03204716587,-0.02409104987,0.498072716,0,0.08,true
001,planted,6960,1,-2.754080813,-0.1454774403,-0.1429623446,0.4885630124,0,0.08,true
001,planted,6961,0,1.244834867,-0.08406865874,-0.07611254273,0.4939109966,1,0.08,true
001,planted,6962,1,0.5221477671,-0.0585658845,-0.05605078878,0.4955159369,0,0.08,true
001,planted,6963,1,1.812708904,0.02313501815,0.02565011387,0.5020520091,0,0.08,true
001,planted,6964,1,1.015726406,0.06541102826,0.06792612397,0.5054340899,0,0.08,true
001,planted,6965,0,0.03495767065,0.06528179349,0.0732379095,0.5058590328,1,0.08,true
001,planted,6966,1,0.3700467098,0.08000899885,0.08252409457,0.5066019276,0,0.08,true
001,planted,6967,0,-0.01633598321,0.0772328822,0.0851889982,0.5068151199,0,0.08,true
001,planted,6968,0,-0.08315151986,0.07135064377,0.07930675977,0.5063445408,1,0.08,true
001,planted,6969,0,-2.654133863,-0.05089682141,-0.04294070541,0.4965647436,1,0.08,true
001,planted,6970,0,0.3671644065,-0.03373761862,-0.02578150262,0.4979374798,1,0.08,true
001,planted,6971,1,-0.7061708502,-0.06334834349,-0.06083324777,0.4951333402,1,0.08,true
001,planted,6972,1,-0.0970059986,-0.06606967123,-0.06355457551,0.494915634,1,0.08,true
001,planted,6973,1,-0.2099979981,-0.07396067887,-0.07144558316,0.4942843533,1,0.08,true
001,planted,6974,1,-0.7393028369,-0.1055801159,-0.1030650201,0.4917547984,1,0.08,true
001,planted,6975,0,-0.7282019426,-0.1359889305,-0.1280328145,0.4897573748,1,0.08,true
001,planted,6976,0,-0.9049831804,-0.1730019443,-0.1650458283,0.4867963337,0,0.08,true
001,planted,6977,1,0.8341795175,-0.1259719668,-0.1234568711,0.4901234503,0,0.08,true
001,planted,6978,0,-0.8661902538,-0.1624161519,-0.1544600359,0.4876431971,1,0.08,true
001,planted,6979,1,0.6052051643,-0.1272038886,-0.1246887928,0.4900248966,0,0.08,true
001,planted,6980,1,-1.100502034,-0.1741222119,-0.1716071162,0.4862714307,1,0.08,true
001,planted,6981,1,0.777364975,-0.1287971254,-0.1262820297,0.4898974376,0,0.08,true
001,planted,6982,0,0.6734762528,-0.09036105055,-0.08240493454,0.4934076052,1,0.08,true
001,planted,6983,1,-0.3472318256,-0.1055837447,-0.103068649,0.4917545081,1,0.08,true
001,planted,6984,1,-2.427759282,-0.200213132,-0.1976980363,0.4841841571,0,0.08,true
001,planted,6985,1,1.436390013,-0.1224425538,-0.1199274581,0.4904058034,0,0.08,true
001,planted,6986,0,1.140318676,-0.06509875041,-0.0571426344,0.4954285892,1,0.08,true
001,planted,6987,0,-1.172223084,-0.1140663222,-0.1061102062,0.4915111835,1,0.08,true
001,planted,6988,0,1.093229573,-0.05957911621,-0.0516230002,0.49587016,1,0.08,true
001,planted,6989,1,1.503868618,0.01046746313,0.01298255885,0.5010386047,1,0.08,true
001,planted,6990,1,-0.5848551319,-0.01600319012,-0.0134880944,0.4989209524,0,0.08,true
001,planted,6991,0,-0.9064609174,-0.05619534645,-0.04823923045,0.4961408616,1,0.08,true
001,planted,6992,0,1.034983003,-0.006754158321,0.001201957683,0.5000961566,1,0.08,true
001,planted,6993,1,-0.4179922617,-0.02587987457,-0.02336477886,0.4981308177,1,0.08,true
001,planted,6994,1,0.4142485769,-0.005557423651,-0.003042327933,0.4997566138,1,0.08,true
001,planted,6995,0,-0.3416126,-0.02191478266,-0.01395866666,0.4988833067,1,0.08,true
001,planted,6996,0,-0.5970919929,-0.0505307436,-0.0425746276,0.4965940298,1,0.08,true
001,planted,6997,0,-0.255341003,-0.06202829916,-0.05407218315,0.4956742253,0,0.08,true
001,planted,6998,1,0.09627616781,-0.05546973535,-0.05295463963,0.4957636288,1,0.08,true
001,planted,6999,0,0.2826130731,-0.03900058495,-0.03104446895,0.4975164425,1,0.08,true
001,planted,7000,1,-0.5425154175,-0.06686818254,-0.06435308682,0.4948517531,0,0.08,true
001,planted,7001,0,-0.02191703667,-0.06638354348,-0.05842742748,0.4953258058,1,0.08,true
001,planted,7002,1,-1.381280143,-0.1348944612,-0.1323793655,0.4894096508,0,0.08,true
001,planted,7003,1,1.036777203,-0.07233042646,-0.06981533074,0.4944147735,1,0.08,true
001,planted,7004,1,0.8205407405,-0.02526156949,-0.02274647377,0.4981802821,0,0.08,true
001,planted,7005,1,1.368473636,0.04781727346,0.05033236917,0.5040265895,1,0.08,true
001,planted,7006,1,-0.08597049243,0.0420111696,0.04452626532,0.5035621012,0,0.08,true
001,planted,7007,0,0.3920870258,0.06211874346,0.07007485947,0.5056059888,0,0.08,true
001,planted,7008,1,-1.151745806,-0.003674974396,-0.001159878678,0.4999072097,0,0.08,true
001,planted,7009,0,-0.4598342632,-0.02873638695,-0.02078027095,0.4983375783,0,0.08,true
001,planted,7010,0,-0.04025085359,-0.03026831982,-0.02231220382,0.4982150237,1,0.08,true
001,planted,7011,1,1.171811075,0.03640727556,0.03892237127,0.5031137897,1,0.08,true
001,planted,7012,1,0.1981492003,0.04664274149,0.04915783721,0.503932627,1,0.08,true
001,planted,7013,0,-0.4974198776,0.01647423619,0.0244303522,0.5019544282,1,0.08,true
001,planted,7014,0,-0.2894187125,-0.001021039659,0.006935076345,0.5005548061,0,0.08,true
001,planted,7015,1,-0.7257394676,-0.04397606667,-0.04146097096,0.4966831223,1,0.08,true
001,planted,7016,1,1.271628203,0.03254766555,0.03506276127,0.5028050209,0,0.08,true
001,planted,7017,1,0.7906144087,0.07667852414,0.07919361986,0.5063354896,1,0.08,true
001,planted,7018,0,-2.179971215,-0.04705094018,-0.03909482418,0.4968724141,0,0.08,true
001,planted,7019,1,-1.692916548,-0.1253439871,-0.1228288914,0.4901736887,1,0.08,true
001,planted,7020,0,0.04716473757,-0.1197984997,-0.1118423837,0.4910526093,0,0.08,true
001,planted,7021,0,-1.145480464,-0.1698920654,-0.1619359494,0.487045124,1,0.08,true
001,planted,7022,1,-0.8530309805,-0.2052720734,-0.2027569777,0.4837794418,0,0.08,true
001,planted,7023,1,-1.64613657,-0.2662596121,-0.2637445164,0.4789004387,0,0.08,true
001,planted,7024,0,-0.368925265,-0.2767984746,-0.2688423586,0.4784926113,0,0.08,true
001,planted,7025,0,0.3142170282,-0.2533068159,-0.2453506999,0.480371944,1,0.08,true
001,planted,7026,0,0.1060426407,-0.2413471599,-0.2333910439,0.4813287165,0,0.08,true
001,planted,7027,1,0.3290412461,-0.2171583847,-0.214643289,0.4828285369,0,0.08,true
001,planted,7028,0,-1.732942346,-0.281700274,-0.273744158,0.4781004674,1,0.08,true
001,planted,7029,0,2.117907423,-0.1494064412,-0.1414503252,0.488683974,1,0.08,true
001,planted,7030,0,0.4294918396,-0.1247997654,-0.1168436494,0.490652508,1,0.08,true
001,planted,7031,0,1.486001553,-0.04745316522,-0.03949704921,0.4968402361,0,0.08,true
001,planted,7032,1,0.5062758795,-0.0222291386,-0.01971404288,0.4984228766,1,0.08,true
001,planted,7033,1,-0.07089122949,-0.0250768733,-0.02256177758,0.4981950578,1,0.08,true
001,planted,7034,1,-1.511640441,-0.09400867159,-0.09149357587,0.4926805139,1,0.08,true
001,planted,7035,0,0.9652016378,-0.0442873612,-0.03633124519,0.4970935004,1,0.08,true
001,planted,7036,1,0.1970016142,-0.03362224664,-0.03110715092,0.4975114279,1,0.08,true
001,planted,7037,0,-2.499068393,-0.1369195315,-0.1289634155,0.4896829268,1,0.08,true
001,planted,7038,0,0.04014584566,-0.131664417,-0.123708301,0.4901033359,1,0.08,true
001,planted,7039,1,-0.4477440841,-0.1481281885,-0.1456130928,0.4883509526,1,0.08,true
001,planted,7040,0,-0.05164674293,-0.1467748517,-0.1388187357,0.4888945011,1,0.08,true
001,planted,7041,0,1.078824959,-0.08916187193,-0.08120575592,0.4935035395,1,0.08,true
001,planted,7042,1,0.09014879008,-0.08258178781,-0.08006669209,0.4935946646,1,0.08,true
001,planted,7043,0,1.514406851,-0.005950184463,0.002005931541,0.5001604745,1,0.08,true
001,planted,7044,1,1.009928378,0.04144555929,0.043960655,0.5035168524,1,0.08,true
001,planted,7045,0,-0.7806168286,0.002991497158,0.01094761316,0.5008758091,0,0.08,true
001,planted,7046,0,0.8599444518,0.04381399538,0.05177011138,0.5041416089,0,0.08,true
001,planted,7047,0,2.392127919,0.1414191965,0.1493753125,0.511950025,0,0.08,true
001,planted,7048,1,-0.04222762044,0.1359577753,0.138472871,0.5110778297,1,0.08,true
001,planted,7049,1,0.2980562572,0.1458300656,0.1483451613,0.5118676129,0,0.08,true
001,planted,7050,0,-0.2875303613,0.1284867654,0.1364428814,0.5109154305,1,0.08,true
001,planted,7051,0,-2.54812557,0.003018197848,0.01097431385,0.5008779451,0,0.08,true
001,planted,7052,0,2.030767752,0.08418851831,0.09214463431,0.5073715707,1,0.08,true
001,planted,7053,1,0.4545540181,0.1004107273,0.102925823,0.5082340658,0,0.08,true
001,planted,7054,1,0.3683820932,0.1130952909,0.1156103866,0.5092488309,1,0.08,true
001,planted,7055,0,0.6349161725,0.1365548606,0.1445109766,0.5115608781,1,0.08,true
001,planted,7056,0,-1.067271051,0.0844636888,0.09241980481,0.5073935844,0,0.08,true
001,planted,7057,1,-1.843341885,0.00107900734,0.003594103058,0.5002875282,1,0.08,true
001,planted,7058,1,0.01280354027,0.001595447708,0.004110543426,0.5003288435,0,0.08,true
001,planted,7059,1,0.3345888614,0.01609995867,0.01861505438,0.5014892044,0,0.08,true
001,planted,7060,1,-0.1996385461,0.006780967687,0.009296063405,0.5007436851,0,0.08,true
001,planted,7061,1,-0.002078057404,0.006514233275,0.009029328993,0.5007223463,0,0.08,true
001,planted,7062,1,0.9082861399,0.04810122188,0.0506163176,0.5040493054,0,0.08,true
001,planted,7063,1,0.9140309559,0.08846902576,0.09098412148,0.5072787297,0,0.08,true
001,planted,7064,0,0.8237174793,0.1235788912,0.1315350072,0.5105228006,1,0.08,true
001,planted,7065,1,-0.08485386235,0.116345744,0.1188608397,0.5095088672,1,0.08,true
001,planted,7066,1,0.9368242882,0.1563491407,0.1588642364,0.5127091389,0,0.08,true
001,planted,7067,0,0.7441320469,0.1867796045,0.1947357205,0.5155788576,0,0.08,true
001,planted,7068,0,0.7246249264,0.2156049318,0.2235610478,0.5178848838,1,0.08,true
001,planted,7069,1,0.3842318596,0.2288143423,0.231329438,0.518506355,0,0.08,true
001,planted,7070,0,0.2991034058,0.2379933225,0.2459494385,0.5196759551,0,0.08,true
001,planted,7071,1,0.01570188724,0.2328009359,0.2353160316,0.5188252825,1,0.08,true
001,planted,7072,1,-1.070786944,0.1629837103,0.165498806,0.5132399045,1,0.08,true
001,planted,7073,0,-0.1960522289,0.1480676111,0.1560237271,0.5124818982,1,0.08,true
001,planted,7074,0,1.462786568,0.2119889498,0.2199450658,0.5175956053,0,0.08,true
001,planted,7075,0,-0.4496818465,0.1814937301,0.1894498461,0.5151559877,1,0.08,true
001,planted,7076,1,0.2822399563,0.1918588766,0.1943739723,0.5155499178,1,0.08,true
001,planted,7077,1,-0.7643789854,0.1417023948,0.1442174905,0.5115373992,0,0.08,true
001,planted,7078,0,1.027975482,0.1897681035,0.1977242195,0.5158179376,1,0.08,true
001,planted,7079,1,-0.7327736303,0.1415985063,0.144113602,0.5115290882,0,0.08,true
001,planted,7080,1,-0.317463632,0.1197023037,0.1222173994,0.509777392,1,0.08,true
001,planted,7081,1,-0.9089385281,0.06248127915,0.06499637486,0.50519971,0,0.08,true
001,planted,7082,1,0.3706321363,0.08190475184,0.08441984755,0.5067535878,1,0.08,true
001,planted,7083,1,0.9296335446,0.1307337415,0.1332488373,0.510659907,0,0.08,true
001,planted,7084,1,0.1878338947,0.1382827305,0.1407978262,0.5112638261,1,0.08,true
001,planted,7085,1,1.189074572,0.1965051097,0.1990202054,0.5159216164,1,0.08,true
001,planted,7086,1,-0.5777471064,0.1557783716,0.1582934673,0.5126634774,1,0.08,true
001,planted,7087,0,0.4883484996,0.1794393204,0.1873954364,0.5149916349,0,0.08,true
001,planted,7088,1,1.120126739,0.2323580088,0.2348731045,0.5187898484,0,0.08,true
001,planted,7089,1,-0.3235395796,0.2064414122,0.2089565079,0.5167165206,0,0.08,true
001,planted,7090,0,0.2484421704,0.2158451401,0.2238012561,0.5179041005,0,0.08,true
001,planted,7091,1,0.3774552028,0.2326174748,0.2351325705,0.5188106056,1,0.08,true
001,planted,7092,0,0.6933137345,0.2656962731,0.2736523891,0.5218921911,1,0.08,true
001,planted,7093,0,-0.8732840575,0.1970146947,0.2049708107,0.5163976649,1,0.08,true
001,planted,7094,1,1.073444642,0.2490252351,0.2515403308,0.5201232265,0,0.08,true
001,planted,7095,0,-1.121651551,0.1647078913,0.1726640073,0.5138131206,1,0.08,true
001,planted,7096,1,-0.3982441799,0.1353675266,0.1378826223,0.5110306098,1,0.08,true
001,planted,7097,1,1.061868901,0.1900402526,0.1925553483,0.5154044279,0,0.08,true
001,planted,7098,1,0.8064595264,0.2291874378,0.2317025335,0.5185362027,0,0.08,true
001,planted,7099,0,0.1165856622,0.2304355262,0.2383916422,0.5190713314,1,0.08,true
001,planted,7100,1,0.9440788436,0.2745708992,0.2770859949,0.5221668796,0,0.08,true
001,planted,7101,0,-0.4859808287,0.2350736548,0.2430297708,0.5194423817,1,0.08,true
001,planted,7102,0,-1.288433851,0.1382452347,0.1462013507,0.5116961081,1,0.08,true
001,planted,7103,0,-2.18361523,0.000883542933,0.008839658937,0.5007071727,0,0.08,true
001,planted,7104,1,1.035031746,0.05498437365,0.05749946937,0.5045999575,1,0.08,true
001,planted,7105,1,-0.1867624534,0.04352391133,0.04603900705,0.5036831206,0,0.08,true
001,planted,7106,1,-0.4146604969,0.0195083323,0.02202342802,0.5017618742,1,0.08,true
001,planted,7107,0,-0.3235481835,0.0008436945089,0.008799810513,0.5007039848,1,0.08,true
001,planted,7108,1,0.2220556076,0.01355109999,0.01606619571,0.5012852957,1,0.08,true
001,planted,7109,0,0.2944451472,0.03043542705,0.03839154306,0.5030713234,1,0.08,true
001,planted,7110,0,-0.05584882011,0.02630164083,0.03425775683,0.5027406205,1,0.08,true
001,planted,7111,1,0.04595544349,0.02846982031,0.03098491603,0.5024787933,0,0.08,true
001,planted,7112,1,-0.3565647924,0.00514513867,0.007660234388,0.5006128188,0,0.08,true
001,planted,7113,0,0.08536296263,0.01052919379,0.0184853098,0.5014788248,1,0.08,true
001,planted,7114,1,0.2618509923,0.02753917906,0.03005427478,0.502404342,0,0.08,true
001,planted,7115,1,1.373032824,0.1107352366,0.1132503323,0.5090600266,1,0.08,true
001,planted,7116,0,-1.044243384,0.03913776074,0.04709387675,0.5037675101,0,0.08,true
001,planted,7117,0,0.9900343886,0.09692344321,0.1048795592,0.5083903647,1,0.08,true
001,planted,7118,1,-0.3619498325,0.07153107678,0.07404617249,0.5059236938,1,0.08,true
001,planted,7119,1,-0.3297515557,0.04851254139,0.05102763711,0.504082211,1,0.08,true
001,planted,7120,0,0.8515724701,0.0996543438,0.1076104598,0.5086088368,1,0.08,true
001,planted,7121,0,0.8834079166,0.1495289846,0.1574851006,0.512598808,0,0.08,true
001,planted,7122,1,-0.2594028575,0.1286853772,0.1312004729,0.5104960378,0,0.08,true
001,planted,7123,0,-0.7314168976,0.07552013127,0.08347624727,0.5066780998,1,0.08,true
001,planted,7124,0,-1.403704225,-0.01766159431,-0.009705478302,0.4992235617,1,0.08,true
001,planted,7125,0,0.5734124989,0.01844835315,0.02640446915,0.5021123575,0,0.08,true
001,planted,7126,0,0.7606781028,0.0647341072,0.0726902232,0.5058152179,1,0.08,true
001,planted,7127,0,-0.6582152062,0.02086712859,0.02882324459,0.5023058596,0,0.08,true
001,planted,7128,0,0.3407147247,0.04199281942,0.04994893543,0.5039959148,1,0.08,true
001,planted,7129,1,-0.1541593929,0.03080128495,0.03331638067,0.5026653105,0,0.08,true
001,planted,7130,1,-0.9819793343,-0.03443318382,-0.03191808811,0.497446553,0,0.08,true
001,planted,7131,1,0.06393391125,-0.02933245612,-0.0268173604,0.4978546112,0,0.08,true
001,planted,7132,0,-0.8093500003,-0.08103450743,-0.07307839143,0.4941537287,0,0.08,true
001,planted,7133,0,0.4582834243,-0.04758340008,-0.03962728408,0.4968298173,0,0.08,true
001,planted,7134,1,0.8232777308,0.009810951499,0.01232604722,0.5009860838,1,0.08,true
001,planted,7135,1,-0.9133490751,-0.05084590198,-0.04833080626,0.4961335355,0,0.08,true
001,planted,7136,0,-1.036190401,-0.1140210234,-0.1060649074,0.4915148074,1,0.08,true
001,planted,7137,1,-2.017102053,-0.2099373729,-0.2074222772,0.4834062178,0,0.08,true
001,planted,7138,1,0.67843188,-0.1626029784,-0.1600878827,0.4871929694,0,0.08,true
001,planted,7139,0,1.14394798,-0.08732352375,-0.07936740775,0.4936506074,1,0.08,true
001,planted,7140,0,0.7885642353,-0.0387420744,-0.0307859584,0.4975371233,0,0.08,true
001,planted,7141,0,1.061308664,0.02304134351,0.03099745951,0.5024797968,1,0.08,true
001,planted,7142,1,-0.4063457977,-0.0008878481202,0.001627247598,0.5001301798,1,0.08,true
001,planted,7143,1,-0.6502811781,-0.03844213997,-0.03592704425,0.4971258365,1,0.08,true
001,planted,7144,1,-0.1339652597,-0.04538507089,-0.04286997517,0.496570402,0,0.08,true
001,planted,7145,1,-0.2930735687,-0.06186104839,-0.05934595267,0.4952523238,1,0.08,true
001,planted,7146,0,-0.1349985397,-0.0686419945,-0.06068587849,0.4951451297,1,0.08,true
001,planted,7147,1,0.7918886391,-0.01600886557,-0.01349376985,0.4989204984,0,0.08,true
001,planted,7148,0,-0.3866537795,-0.04003343189,-0.03207731589,0.4974338147,1,0.08,true
001,planted,7149,1,-0.2560690012,-0.05552924449,-0.05301414877,0.4957588681,1,0.08,true
001,planted,7150,1,-0.2389574943,-0.06985640158,-0.06734130586,0.4946126955,1,0.08,true
001,planted,7151,1,0.3083137796,-0.04687349743,-0.04435840171,0.4964513279,1,0.08,true
001,planted,7152,1,0.6647376143,0.00056773052,0.003082826238,0.5002466261,0,0.08,true
001,planted,7153,0,1.692213593,0.1050794578,0.1130355738,0.5090428459,0,0.08,true
001,planted,7154,0,0.2534266696,0.1181843711,0.1261404871,0.510091239,0,0.08,true
001,planted,7155,1,1.431216651,0.1921515562,0.1946666519,0.5155733322,1,0.08,true
001,planted,7156,0,0.2020186141,0.1993999834,0.2073560994,0.5165884879,1,0.08,true
001,planted,7157,0,0.4937658213,0.2233017848,0.2312579008,0.5185006321,1,0.08,true
001,planted,7158,1,1.290924416,0.2816600651,0.2841751608,0.5227340129,1,0.08,true
001,planted,7159,0,-0.7604117171,0.2228518218,0.2308079378,0.518464635,1,0.08,true
001,planted,7160,0,-0.8086393882,0.1631581232,0.1711142392,0.5136891391,0,0.08,true
001,planted,7161,1,0.4362260199,0.184699941,0.1872150367,0.5149772029,1,0.08,true
001,planted,7162,0,-0.8885734348,0.1202496705,0.1282057865,0.5102564629,1,0.08,true
001,planted,7163,1,1.381276215,0.1901235364,0.1926386321,0.5154110906,1,0.08,true
001,planted,7164,0,0.6380191344,0.2204115055,0.2283676215,0.5182694097,1,0.08,true
001,planted,7165,1,0.0171070821,0.2158670905,0.2183821862,0.5174705749,1,0.08,true
001,planted,7166,0,2.100237982,0.2945294989,0.3024856149,0.5241988492,1,0.08,true
001,planted,7167,1,0.14932342,0.2951098116,0.2976249073,0.5238099926,1,0.08,true
001,planted,7168,1,-0.9475302354,0.227593859,0.2301089547,0.5184087164,0,0.08,true
001,planted,7169,0,0.3423527644,0.2402568036,0.2482129197,0.5198570336,1,0.08,true
001,planted,7170,1,1.061552133,0.2849196115,0.2874347072,0.5229947766,1,0.08,true
001,planted,7171,1,-1.114570583,0.2059086149,0.2084237106,0.5166738968,0,0.08,true
001,planted,7172,0,1.005556875,0.249459122,0.257415238,0.520593219,1,0.08,true
001,planted,7173,1,-0.3820487448,0.220729668,0.2232447637,0.5178595811,1,0.08,true
001,planted,7174,0,-0.6549607247,0.175221078,0.183177194,0.5146541755,0,0.08,true
001,planted,7175,0,0.2205274133,0.1832538221,0.1912099381,0.515296795,0,0.08,true
001,planted,7176,0,-1.689943977,0.07153532389,0.07949143989,0.5063593152,1,0.08,true
001,planted,7177,1,-0.3845112605,0.0481556191,0.05067071482,0.5040536572,1,0.08,true
001,planted,7178,1,0.5168469226,0.0755989798,0.07811407552,0.506249126,0,0.08,true
001,planted,7179,1,0.6059323763,0.1073360631,0.1098511589,0.5087880927,1,0.08,true
001,planted,7180,1,-2.736147782,-0.04503881203,-0.04252371631,0.4965981027,0,0.08,true
001,planted,7181,1,-0.008133890652,-0.04429519657,-0.04178010086,0.4966575919,0,0.08,true
001,planted,7182,0,-0.07882915167,-0.04711236359,-0.03915624759,0.4968675002,0,0.08,true
001,planted,7183,1,-0.8805633297,-0.08932917965,-0.08681408393,0.4930548733,1,0.08,true
001,planted,7184,1,-1.910465062,-0.1699199779,-0.1674048822,0.4866076094,0,0.08,true
001,planted,7185,0,-1.160570652,-0.2151688088,-0.2072126928,0.4834229846,1,0.08,true
001,planted,7186,1,1.465520128,-0.1325739209,-0.1300588252,0.489595294,0,0.08,true
001,planted,7187,0,-0.6336582082,-0.1577105162,-0.1497544002,0.488019648,0,0.08,true
001,planted,7188,0,-0.2778552244,-0.1667526085,-0.1587964925,0.4872962806,0,0.08,true
001,planted,7189,1,-0.7896354969,-0.198367966,-0.1958528703,0.4843317704,0,0.08,true
001,planted,7190,0,-1.559484461,-0.2558896971,-0.2479335811,0.4801653135,1,0.08,true
001,planted,7191,0,-0.6815639302,-0.2792397684,-0.2712836524,0.4782973078,1,0.08,true
001,planted,7192,0,-0.4422641359,-0.2924249699,-0.2844688539,0.4772424917,1,0.08,true
001,planted,7193,0,1.511624781,-0.1985579485,-0.1906018325,0.4847518534,1,0.08,true
001,planted,7194,1,-0.9910118705,-0.2362208288,-0.2337057331,0.4813035414,1,0.08,true
001,planted,7195,0,-0.1112601132,-0.2355861895,-0.2276300735,0.4817895941,0,0.08,true
001,planted,7196,1,-0.2040233123,-0.2395586223,-0.2370435266,0.4810365179,0,0.08,true
001,planted,7197,0,-1.782773243,-0.3006591132,-0.2927029972,0.4765837602,1,0.08,true
001,planted,7198,0,-0.5221386802,-0.3163954825,-0.3084393665,0.4753248507,0,0.08,true
001,planted,7199,0,-1.381551692,-0.3603351145,-0.3523789985,0.4718096801,0,0.08,true
001,planted,7200,1,0.5457403257,-0.3224191641,-0.3199040684,0.4744076745,1,0.08,true
001,planted,7201,1,1.020887104,-0.2571975546,-0.2546824589,0.4796254033,0,0.08,true
001,planted,7202,1,-1.654938781,-0.3123582532,-0.3098431575,0.4752125474,0,0.08,true
001,planted,7203,0,0.03197249051,-0.3029156952,-0.2949595792,0.4764032337,0,0.08,true
001,planted,7204,0,-0.9857849848,-0.3357906401,-0.3278345241,0.4737732381,1,0.08,true
001,planted,7205,1,-0.6256838423,-0.3546876889,-0.3521725932,0.4718261925,0,0.08,true
001,planted,7206,0,-2.568525017,-0.4111325094,-0.4031763934,0.4677458885,1,0.08,true
001,planted,7207,1,-0.630668974,-0.4254184972,-0.4229034015,0.4661677279,0,0.08,true
001,planted,7208,0,0.6782896736,-0.3803989667,-0.3724428507,0.4702045719,0,0.08,true
001,planted,7209,1,1.087934716,-0.3130065677,-0.310491472,0.4751606822,1,0.08,true
001,planted,7210,1,2.151850077,-0.1883591993,-0.1858441036,0.4851324717,1,0.08,true
001,planted,7211,0,0.3558687976,-0.1678259113,-0.1598697952,0.4872104164,0,0.08,true
001,planted,7212,0,-0.8096380779,-0.1968588392,-0.1889027232,0.4848877821,0,0.08,true
001,planted,7213,0,-0.2738752709,-0.20383218,-0.195876064,0.4843299149,1,0.08,true
001,planted,7214,1,0.4576734916,-0.1768972234,-0.1743821277,0.4860494298,0,0.08,true
001,planted,7215,1,-1.141308234,-0.2197034842,-0.2171883885,0.4826249289,1,0.08,true
001,planted,7216,0,-0.7556849828,-0.2464178292,-0.2384617132,0.4809230629,1,0.08,true
001,planted,7217,0,0.9652456207,-0.190495104,-0.182538988,0.485396881,1,0.08,true
001,planted,7218,0,1.102388201,-0.1296381648,-0.1216820488,0.4902654361,1,0.08,true
001,planted,7219,1,-1.551477481,-0.1900778664,-0.1875627707,0.4849949783,0,0.08,true
001,planted,7220,1,-0.04301494894,-0.1872512836,-0.1847361879,0.485221105,1,0.08,true
001,planted,7221,1,0.6382659068,-0.1507764957,-0.1482614,0.488139088,1,0.08,true
001,planted,7222,0,-1.106911945,-0.1949661217,-0.1870100057,0.4850391995,0,0.08,true
001,planted,7223,1,1.273007119,-0.1240302489,-0.1215151532,0.4902787877,1,0.08,true
001,planted,7224,0,0.1183789453,-0.1152034311,-0.1072473151,0.4914202148,1,0.08,true
001,planted,7225,1,-0.629920727,-0.1417784423,-0.1392633466,0.4888589323,0,0.08,true
001,planted,7226,1,-2.212092177,-0.2227254066,-0.2202103109,0.4823831751,0,0.08,true
001,planted,7227,0,1.658458878,-0.1336370677,-0.1256809517,0.4899455239,0,0.08,true
001,planted,7228,0,-1.264103014,-0.180859629,-0.172903513,0.486167719,1,0.08,true
001,planted,7229,1,-0.09186985718,-0.1803170815,-0.1778019858,0.4857758411,1,0.08,true
001,planted,7230,1,-1.81469192,-0.24222974,-0.2397146443,0.4808228285,0,0.08,true
001,planted,7231,1,1.802422363,-0.148363019,-0.1458479233,0.4883321661,1,0.08,true
001,planted,7232,0,0.698962583,-0.1140469794,-0.1060908634,0.4915127309,1,0.08,true
001,planted,7233,1,2.170815902,-0.01638714707,-0.01387205136,0.4988902359,0,0.08,true
001,planted,7234,1,-1.937747122,-0.08949001021,-0.0869749145,0.4930420068,0,0.08,true
001,planted,7235,0,-0.1020831765,-0.091232169,-0.08327605299,0.4933379158,0,0.08,true
001,planted,7236,1,0.6319787741,-0.06296483035,-0.06044973464,0.4951640212,0,0.08,true
001,planted,7237,1,-0.855455681,-0.0954425521,-0.09292745638,0.4925658035,0,0.08,true
001,planted,7238,1,0.6012651957,-0.06749182953,-0.06497673381,0.4948018613,1,0.08,true
001,planted,7239,0,-1.014269284,-0.1069922297,-0.09903611366,0.4920771109,1,0.08,true
001,planted,7240,0,-1.547418253,-0.1636006841,-0.1556445681,0.4875484345,0,0.08,true
001,planted,7241,1,-0.336024558,-0.1732863606,-0.1707712649,0.4863382988,0,0.08,true
001,planted,7242,1,1.167124452,-0.1155813284,-0.1130662327,0.4909547014,0,0.08,true
001,planted,7243,0,0.3186702009,-0.0986903309,-0.0907342149,0.4927412628,1,0.08,true
001,planted,7244,0,0.9865642814,-0.05153943406,-0.04358331806,0.4965133346,0,0.08,true
001,planted,7245,1,-1.437207132,-0.1098837964,-0.1073687006,0.4914105039,0,0.08,true
001,planted,7246,0,0.5569055157,-0.08212387738,-0.07416776138,0.4940665791,1,0.08,true
001,planted,7247,1,-0.6203657824,-0.1070385048,-0.1045234091,0.4916381273,1,0.08,true
001,planted,7248,0,-0.3982723909,-0.1221087836,-0.1141526676,0.4908677866,0,0.08,true
001,planted,7249,1,0.3704022456,-0.1014206339,-0.09890553815,0.4920875569,1,0.08,true
001,planted,7250,0,-1.955372836,-0.1773897789,-0.1694336629,0.486445307,0,0.08,true
001,planted,7251,1,1.243839601,-0.1131351276,-0.1106200319,0.4911503974,0,0.08,true
001,planted,7252,1,-1.538085007,-0.1714446969,-0.1689296012,0.4864856319,1,0.08,true
001,planted,7253,0,-0.7874160283,-0.1994339133,-0.1914777972,0.4846817762,1,0.08,true
001,planted,7254,0,0.03544148534,-0.1927949342,-0.1848388182,0.4852128945,0,0.08,true
001,planted,7255,1,1.009817015,-0.1386563693,-0.1361412736,0.4891086981,1,0.08,true
001,planted,7256,1,1.110260037,-0.08187246007,-0.07935736435,0.4936514109,0,0.08,true
001,planted,7257,1,-0.3894569096,-0.09743361495,-0.09491851923,0.4924065185,1,0.08,true
001,planted,7258,1,-0.7064552291,-0.1268625755,-0.1243474798,0.4900522016,0,0.08,true
001,planted,7259,1,0.8602141915,-0.08114749702,-0.0786324013,0.4937094079,0,0.08,true
001,planted,7260,1,1.525660907,-0.005192216152,-0.002677120434,0.4997858304,0,0.08,true
001,planted,7261,0,0.898974357,0.03656886218,0.04452497819,0.5035619983,0,0.08,true
001,planted,7262,1,-0.4666395899,0.01345368302,0.01596877874,0.5012775023,1,0.08,true
001,planted,7263,0,-0.2435563084,0.001321691659,0.009277807663,0.5007422246,1,0.08,true
001,planted,7264,0,-0.4646615816,-0.02164169745,-0.01368558145,0.4989051535,0,0.08,true
001,planted,7265,0,0.2768662347,-0.007066391721,0.0008897242827,0.5000711779,0,0.08,true
001,planted,7266,1,0.1729518028,0.002074572373,0.004589668091,0.5003671734,0,0.08,true
001,planted,7267,0,0.3391678395,0.01997776567,0.02793388168,0.5022347105,1,0.08,true
001,planted,7268,0,-1.296964885,-0.04864100451,-0.0406848885,0.4967452089,0,0.08,true
001,planted,7269,0,-0.59540142,-0.07828571577,-0.07032959976,0.494373632,1,0.08,true
001,planted,7270,1,1.377071716,-0.00182694146,0.0006881542578,0.5000550523,1,0.08,true
001,planted,7271,0,0.03949147168,0.0002958582602,0.008251974264,0.5006601579,0,0.08,true
001,planted,7272,0,-0.730228328,-0.03851147422,-0.03055535822,0.4975555713,0,0.08,true
001,planted,7273,1,0.3484450143,-0.01847675686,-0.01596166114,0.4987230671,1,0.08,true
001,planted,7274,0,-0.2318277694,-0.03087566596,-0.02291954995,0.498166436,0,0.08,true
001,planted,7275,0,1.51714968,0.05268611641,0.06064223241,0.5048513786,1,0.08,true
001,planted,7276,0,-0.632452434,0.01661870801,0.02457482402,0.5019659859,1,0.08,true
001,planted,7277,0,0.3062410087,0.03305927163,0.04101538763,0.503281231,1,0.08,true
001,planted,7278,1,0.5707195169,0.06388625912,0.06640135484,0.5053121084,1,0.08,true
001,planted,7279,1,0.4768573498,0.08902939504,0.09154449076,0.5073235593,1,0.08,true
001,planted,7280,1,-0.5825123335,0.05205280884,0.05456790456,0.5043654324,1,0.08,true
001,planted,7281,1,-0.5238201585,0.01942867202,0.02194376773,0.5017555014,1,0.08,true
001,planted,7282,1,-1.494293916,-0.06609638514,-0.06358128942,0.4949134968,1,0.08,true
001,planted,7283,1,1.522910881,0.02146786948,0.0239829652,0.5019186372,1,0.08,true
001,planted,7284,0,-0.6801499093,-0.01617942679,-0.008223310782,0.4993421351,1,0.08,true
001,planted,7285,1,-1.384647166,-0.08763347567,-0.08511837995,0.4931905296,1,0.08,true
001,planted,7286,1,0.4503874868,-0.06078894647,-0.05827385075,0.4953380919,0,0.08,true
001,planted,7287,0,-1.162576461,-0.118406643,-0.110450527,0.4911639578,1,0.08,true
001,planted,7288,1,-2.252955735,-0.2084809182,-0.2059658225,0.4835227342,0,0.08,true
001,planted,7289,1,1.27583244,-0.1357510221,-0.1332359263,0.4893411259,0,0.08,true
001,planted,7290,1,-1.536775221,-0.1959686594,-0.1934535637,0.4845237149,0,0.08,true
001,planted,7291,1,-1.913992331,-0.2606479809,-0.2581328851,0.4793493692,1,0.08,true
001,planted,7292,0,0.01181331088,-0.2535191615,-0.2455630455,0.4803549564,0,0.08,true
001,planted,7293,0,-0.7639849622,-0.2787520706,-0.2707959546,0.4783363236,0,0.08,true
001,planted,7294,0,-1.33062463,-0.3214960554,-0.3135399394,0.4749168048,1,0.08,true
001,planted,7295,0,0.9966703609,-0.2620686358,-0.2541125198,0.4796709984,1,0.08,true
001,planted,7296,0,1.010554223,-0.2043105215,-0.1963544055,0.4842916476,1,0.08,true
001,planted,7297,0,-1.006311686,-0.2406571128,-0.2327009968,0.4813839203,0,0.08,true
001,planted,7298,1,1.116285886,-0.1777684534,-0.1752533577,0.4859797314,0,0.08,true
001,planted,7299,0,0.7122761348,-0.1385661492,-0.1306100332,0.4895511973,1,0.08,true
001,planted,7300,0,-0.5582275355,-0.1603378405,-0.1523817245,0.487809462,0,0.08,true
001,planted,7301,1,0.2224423562,-0.1453950944,-0.1428799987,0.4885696001,0,0.08,true
001,planted,7302,0,-1.749969206,-0.2127786308,-0.2048225148,0.4836141988,1,0.08,true
001,planted,7303,0,-0.3573695481,-0.2236391971,-0.215683081,0.4827453535,0,0.08,true
001,planted,7304,1,2.137421631,-0.1040850514,-0.1015699557,0.4918744035,0,0.08,true
001,planted,7305,0,0.3963201921,-0.08334234136,-0.07538622535,0.493969102,1,0.08,true
001,planted,7306,1,0.3486794901,-0.06501041748,-0.06249532176,0.4950003743,0,0.08,true
001,planted,7307,0,0.8058917678,-0.02503391692,-0.01707780092,0.4986337759,0,0.08,true
001,planted,7308,1,-0.5859082249,-0.05192098261,-0.04940588689,0.496047529,1,0.08,true
001,planted,7309,0,1.029443308,-0.0006409245056,0.007315191498,0.5005852153,0,0.08,true
001,planted,7310,0,1.58314175,0.07214214107,0.08009825707,0.5064078606,0,0.08,true
001,planted,7311,1,0.3043905903,0.08448934973,0.08700444545,0.5069603556,1,0.08,true
001,planted,7312,0,-0.2163464736,0.07183069903,0.07978681503,0.5063829452,1,0.08,true
001,planted,7313,1,0.1207133247,0.07595540078,0.0784704965,0.5062776397,1,0.08,true
001,planted,7314,1,-0.7838751081,0.03373879098,0.03625388669,0.5029003109,0,0.08,true
001,planted,7315,0,-0.6888554267,-0.002383922914,0.00557219309,0.5004457754,0,0.08,true
001,planted,7316,0,-1.264605977,-0.06523871326,-0.05728259725,0.4954173922,0,0.08,true
001,planted,7317,0,0.3399301317,-0.04607082233,-0.03811470633,0.4969508235,0,0.08,true
001,planted,7318,0,-0.1846845367,-0.0545106193,-0.04655450329,0.4962756397,1,0.08,true
001,planted,7319,0,0.3354899303,-0.0350355479,-0.0270794319,0.4978336454,0,0.08,true
001,planted,7320,0,1.523805851,0.0462555612,0.0542116772,0.5043369342,0,0.08,true
001,planted,7321,1,0.4805155819,0.06995220953,0.07246730525,0.5057973844,1,0.08,true
001,planted,7322,1,0.5308578497,0.09591570442,0.09843080013,0.507874464,1,0.08,true
001,planted,7323,0,0.2807733048,0.1085788651,0.1165349811,0.5093227985,0,0.08,true
001,planted,7324,1,-0.8391922263,0.05762107922,0.06013617494,0.504810894,0,0.08,true
001,planted,7325,1,0.05039989773,0.05898868697,0.06150378268,0.5049203026,1,0.08,true
001,planted,7326,1,-0.7108184153,0.01625845559,0.01877355131,0.5015018841,1,0.08,true
001,planted,7327,1,0.3305721699,0.03494436506,0.03745946078,0.5029967569,0,0.08,true
001,planted,7328,0,-0.1680143687,0.02404662998,0.03200274598,0.5025602197,1,0.08,true
001,planted,7329,1,-1.657986082,-0.07071144173,-0.06819634601,0.4945442923,0,0.08,true
001,planted,7330,0,0.02297938422,-0.06761060276,-0.05965448676,0.4952276411,1,0.08,true
001,planted,7331,1,-0.1360030774,-0.07380183006,-0.07128673434,0.4942970613,0,0.08,true
001,planted,7332,1,-0.981403126,-0.1264506066,-0.1239355109,0.4900851591,0,0.08,true
001,planted,7333,1,1.461270358,-0.03388184811,-0.03136675239,0.4974906598,0,0.08,true
001,planted,7334,0,-0.5565768267,-0.06403759742,-0.05608148141,0.4955134815,1,0.08,true
001,planted,7335,0,2.185347242,0.05558499422,0.06354111022,0.5050832888,0,0.08,true
001,planted,7336,1,1.102003664,0.1076280432,0.1101431389,0.5088114511,1,0.08,true
001,planted,7337,0,0.0312220797,0.1065024127,0.1144585287,0.5091566823,1,0.08,true
001,planted,7338,1,1.383061423,0.1679446138,0.1704597095,0.5136367768,0,0.08,true
001,planted,7339,0,-0.2088590632,0.1527885429,0.1607446589,0.5128595727,0,0.08,true
001,planted,7340,1,-0.7595488237,0.1072380045,0.1097531002,0.508780248,0,0.08,true
001,planted,7341,0,0.6431532617,0.1371204576,0.1450765736,0.5116061259,1,0.08,true
001,planted,7342,0,-0.5361955391,0.1038740084,0.1118301244,0.5089464099,1,0.08,true
001,planted,7343,0,-0.7682358076,0.05807525124,0.06603136724,0.5052825094,1,0.08,true
001,planted,7344,1,0.6563979719,0.09171043558,0.0942255313,0.5075380425,1,0.08,true
001,planted,7345,0,-0.3366844674,0.07027923369,0.07823534969,0.506258828,0,0.08,true
001,planted,7346,0,-0.6425318516,0.03128296019,0.0392390762,0.5031391261,1,0.08,true
001,planted,7347,0,-0.9951728286,-0.02634181332,-0.01838569732,0.4985291442,0,0.08,true
001,planted,7348,0,-0.05165612671,-0.02864742512,-0.02069130911,0.4983446953,0,0.08,true
001,planted,7349,1,-1.500948178,-0.1083931922,-0.1058780965,0.4915297523,0,0.08,true
001,planted,7350,0,0.8390098303,-0.05710720017,-0.04915108417,0.4960679133,1,0.08,true
001,planted,7351,0,0.3854065221,-0.03370124193,-0.02574512593,0.4979403899,0,0.08,true
001,planted,7352,0,-0.6996362401,-0.07209089425,-0.06413477824,0.4948692177,1,0.08,true
001,planted,7353,0,0.2273268023,-0.05690889718,-0.04895278117,0.4960837775,0,0.08,true
001,planted,7354,1,-0.6169106712,-0.09108504215,-0.08856994643,0.4929144043,1,0.08,true
001,planted,7355,0,-2.068555106,-0.1866369263,-0.1786808103,0.4857055352,0,0.08,true
001,planted,7356,0,-0.3269764681,-0.1989908738,-0.1910347578,0.4847172194,0,0.08,true
001,planted,7357,1,-0.1969968969,-0.204617213,-0.2021021173,0.4838318306,1,0.08,true
001,planted,7358,1,-0.3697032037,-0.2194508186,-0.2169357229,0.4826451422,1,0.08,true
001,planted,7359,0,-0.02956628293,-0.2156016234,-0.2076455074,0.4833883594,1,0.08,true
001,planted,7360,0,0.4118401775,-0.1845478445,-0.1765917285,0.4858726617,1,0.08,true
001,planted,7361,0,0.760013081,-0.1310257396,-0.1230696236,0.4901544301,1,0.08,true
001,planted,7362,0,0.3508316656,-0.1058444004,-0.09788828437,0.4921689373,1,0.08,true
001,planted,7363,1,0.5980424404,-0.06504535151,-0.06253025579,0.4949975795,0,0.08,true
001,planted,7364,1,0.2553520862,-0.04719103388,-0.04467593816,0.4964259249,0,0.08,true
001,planted,7365,1,0.7672805016,0.003383183756,0.005898279474,0.5004718624,0,0.08,true
001,planted,7366,0,-1.432324071,-0.08242378364,-0.07446766764,0.4940425866,1,0.08,true
001,planted,7367,0,-0.4358640437,-0.1062676656,-0.09831154957,0.492135076,0,0.08,true
001,planted,7368,1,1.082837688,-0.03449992883,-0.03198483311,0.4974412134,1,0.08,true
001,planted,7369,1,-0.4551528482,-0.06103550329,-0.05852040757,0.4953183674,0,0.08,true
001,planted,7370,0,0.04647582146,-0.05658676164,-0.04863064564,0.4961095483,0,0.08,true
001,planted,7371,0,-0.5745157228,-0.09069494266,-0.08273882665,0.4933808939,0,0.08,true
001,planted,7372,0,-0.4689979829,-0.1176961721,-0.1097400561,0.4912207955,0,0.08,true
001,planted,7373,0,1.4954936,-0.01485788428,-0.006901768272,0.4994478585,0,0.08,true
001,planted,7374,1,-0.0673701891,-0.01864403462,-0.0161289389,0.4987096849,1,0.08,true
001,planted,7375,0,1.254200487,0.05782742189,0.06578353789,0.505262683,0,0.08,true
001,planted,7376,1,0.888809764,0.1077041341,0.1102192299,0.5088175384,0,0.08,true
001,planted,7377,1,-2.183839137,-0.02446094857,-0.02194585285,0.4982443318,0,0.08,true
001,planted,7378,0,-0.07249713396,-0.02774065526,-0.01978453926,0.4984172369,0,0.08,true
001,planted,7379,1,0.2962610195,-0.01064698571,-0.008131889992,0.4993494488,1,0.08,true
001,planted,7380,0,0.165894149,-0.001001060619,0.006955055385,0.5005564044,1,0.08,true
001,planted,7381,0,1.016825571,0.05601970451,0.06397582052,0.5051180656,0,0.08,true
001,planted,7382,1,1.210856221,0.118585466,0.1211005617,0.5096880449,1,0.08,true
001,planted,7383,1,1.08615733,0.1704778922,0.172992988,0.513839439,1,0.08,true
001,planted,7384,0,-0.7164780853,0.1242730282,0.1322291442,0.5105783315,0,0.08,true
001,planted,7385,1,-0.843743748,0.07203507496,0.07455017068,0.5059640137,1,0.08,true
001,planted,7386,1,0.5436590476,0.09997942319,0.1024945189,0.5081995615,0,0.08,true
001,planted,7387,0,-0.02611260902,0.09594660932,0.1039027253,0.508312218,1,0.08,true
001,planted,7388,1,-0.6620862921,0.05370964144,0.05622473716,0.504497979,0,0.08,true
001,planted,7389,0,0.7430934217,0.09475075712,0.1027068731,0.5082165499,1,0.08,true
001,planted,7390,1,0.0956465638,0.09805025332,0.100565349,0.5080452279,1,0.08,true
001,planted,7391,1,0.3383686938,0.115861503,0.1183765987,0.5094701279,1,0.08,true
001,planted,7392,0,1.464943841,0.1894936969,0.1974498129,0.515795985,0,0.08,true
001,planted,7393,1,-1.321035348,0.0999927812,0.1025078769,0.5082006302,0,0.08,true
001,planted,7394,1,-0.1637498531,0.08794241072,0.09045750644,0.5072366005,0,0.08,true
001,planted,7395,1,0.5996484042,0.1196585576,0.1221736533,0.5097738923,1,0.08,true
001,planted,7396,1,-0.6178305011,0.07856320572,0.08107830144,0.5064862641,1,0.08,true
001,planted,7397,1,1.895117133,0.1702890704,0.1728041661,0.5138243333,1,0.08,true
001,planted,7398,0,-0.6760801567,0.126817274,0.13477339,0.5107818712,1,0.08,true
001,planted,7399,1,1.075092612,0.1774708606,0.1799859564,0.5143988765,0,0.08,true
001,planted,7400,0,-1.935993706,0.05914796878,0.06710408479,0.5053683268,0,0.08,true
001,planted,7401,1,-0.259453305,0.04426420491,0.04677930063,0.5037423441,1,0.08,true
001,planted,7402,1,-0.1265163952,0.03648124807,0.03899634378,0.5031197075,1,0.08,true
001,planted,7403,1,-1.46296854,-0.04079570392,-0.0382806082,0.4969375513,1,0.08,true
001,planted,7404,1,0.8574734407,0.004840183306,0.007355279024,0.5005884223,1,0.08,true
001,planted,7405,1,0.3035681171,0.02058613976,0.02310123547,0.5018480988,0,0.08,true
001,planted,7406,1,-1.463216796,-0.05516486965,-0.05264977393,0.4957880181,1,0.08,true
001,planted,7407,1,0.3797402026,-0.03390704263,-0.03139194691,0.4974886442,1,0.08,true
001,planted,7408,1,0.7409711034,0.006200438417,0.008715534135,0.5006972427,0,0.08,true
001,planted,7409,0,2.292165786,0.1130547373,0.1210108533,0.5096808683,1,0.08,true
001,planted,7410,1,-0.8796673772,0.06657493235,0.06909002806,0.5055272022,1,0.08,true
001,planted,7411,1,0.4262273957,0.08524660291,0.08776169863,0.5070209359,1,0.08,true
001,planted,7412,0,-1.19949028,0.02271804573,0.03067416173,0.5024539329,0,0.08,true
001,planted,7413,0,-1.682839912,-0.05693867572,-0.04898255972,0.4960813952,1,0.08,true
001,planted,7414,1,-0.4165748266,-0.07493982987,-0.07242473415,0.4942060213,1,0.08,true
001,planted,7415,1,-0.7809950296,-0.109302377,-0.1067872813,0.4914570175,0,0.08,true
001,planted,7416,0,-1.224187034,-0.1608115086,-0.1528553926,0.4877715686,1,0.08,true
001,planted,7417,0,-1.021164325,-0.2014137755,-0.1934576595,0.4845233872,0,0.08,true
001,planted,7418,0,0.4236608977,-0.1749763882,-0.1670202722,0.4866383782,1,0.08,true
001,planted,7419,0,-0.5201181787,-0.195081927,-0.187125811,0.4850299351,0,0.08,true
001,planted,7420,1,-0.6049309877,-0.2187238067,-0.216208711,0.4827033031,1,0.08,true
001,planted,7421,1,1.465829034,-0.1305318301,-0.1280167343,0.4897586613,0,0.08,true
001,planted,7422,0,-1.322965128,-0.185455211,-0.177499095,0.4858000724,0,0.08,true
001,planted,7423,1,-1.168837162,-0.23076879,-0.2282536942,0.4817397045,1,0.08,true
001,planted,7424,1,0.4097833891,-0.2040693128,-0.2015542171,0.4838756626,1,0.08,true
001,planted,7425,0,-0.2089423082,-0.2091152372,-0.2011591212,0.4839072703,1,0.08,true
001,planted,7426,1,-0.5820909617,-0.231581834,-0.2290667383,0.4816746609,0,0.08,true
001,planted,7427,0,0.310798253,-0.2089840993,-0.2010279833,0.4839177613,1,0.08,true
001,planted,7428,1,-0.6267667707,-0.2344944371,-0.2319793414,0.4814416527,0,0.08,true
001,planted,7429,1,-0.3976257694,-0.2489122647,-0.246397169,0.4802882265,0,0.08,true
001,planted,7430,0,-0.09162070358,-0.2476065165,-0.2396504005,0.480827968,1,0.08,true
001,planted,7431,1,1.244660374,-0.1629181456,-0.1604030499,0.487167756,1,0.08,true
001,planted,7432,0,-0.4947947449,-0.1848350402,-0.1768789242,0.4858496861,1,0.08,true
001,planted,7433,0,1.578026543,-0.08461080546,-0.07665468945,0.4938676248,0,0.08,true
001,planted,7434,0,0.3779527302,-0.06187803965,-0.05392192365,0.4956862461,0,0.08,true
001,planted,7435,1,-0.3313693236,-0.07826863057,-0.07575353485,0.4939397172,1,0.08,true
001,planted,7436,1,-1.769130332,-0.1605739294,-0.1580588336,0.4873552933,0,0.08,true
001,planted,7437,0,0.06731110103,-0.1529416439,-0.1449855279,0.4884011578,1,0.08,true
001,planted,7438,0,-0.1141292555,-0.1551799658,-0.1472238498,0.488222092,1,0.08,true
001,planted,7439,0,0.8496483936,-0.1019055308,-0.09394941483,0.4924840468,1,0.08,true
001,planted,7440,1,0.5743387251,-0.0666778252,-0.06416272948,0.4948669816,0,0.08,true
001,planted,7441,0,-0.2935335319,-0.08136040753,-0.07340429152,0.4941276567,1,0.08,true
001,planted,7442,0,-0.726259448,-0.1192240067,-0.1112678907,0.4910985687,0,0.08,true
001,planted,7443,0,0.09711118814,-0.1105056393,-0.1025495233,0.4917960381,1,0.08,true
001,planted,7444,0,-0.6932155422,-0.1466759948,-0.1387198788,0.4889024097,0,0.08,true
001,planted,7445,1,-1.241956425,-0.2066132875,-0.2040981918,0.4836721447,1,0.08,true
001,planted,7446,1,-0.866566675,-0.2459682319,-0.2434531361,0.4805237491,1,0.08,true
001,planted,7447,0,-0.7284996479,-0.2774906238,-0.2695345078,0.4784372394,1,0.08,true
001,planted,7448,0,0.07562732441,-0.2659354095,-0.2579792935,0.4793616565,1,0.08,true
001,planted,7449,0,-0.3871310191,-0.2811545944,-0.2731984784,0.4781441217,1,0.08,true
001,planted,7450,1,1.515206785,-0.1661383237,-0.163623228,0.4869101418,1,0.08,true
001,planted,7451,0,-1.737396145,-0.2400323721,-0.2320762561,0.4814338995,1,0.08,true
001,planted,7452,1,0.4304544152,-0.2092439789,-0.2067288832,0.4834616893,0,0.08,true
001,planted,7453,1,-0.4965047914,-0.2299055419,-0.2273904462,0.4818087643,1,0.08,true
001,planted,7454,0,-0.3929733759,-0.2452020791,-0.2372459631,0.481020323,1,0.08,true
001,planted,7455,1,-0.4761418298,-0.2646124118,-0.2620973161,0.4790322147,1,0.08,true
001,planted,7456,1,0.002734900971,-0.2577506016,-0.2552355059,0.4795811595,0,0.08,true
001,planted,7457,0,-0.5846716218,-0.283134993,-0.2751788769,0.4779856898,0,0.08,true
001,planted,7458,0,-1.97478358,-0.3491991311,-0.3412430151,0.4727005588,1,0.08,true
001,planted,7459,1,-0.5261291281,-0.3664052972,-0.3638902015,0.4708887839,0,0.08,true
001,planted,7460,0,-1.712532528,-0.4165031871,-0.4085470711,0.4673162343,0,0.08,true
001,planted,7461,0,0.2584945304,-0.3914964005,-0.3835402845,0.4693167772,1,0.08,true
001,planted,7462,0,1.982917238,-0.2466078117,-0.2386516957,0.4809078643,0,0.08,true
001,planted,7463,0,0.4557345847,-0.2163331958,-0.2083770798,0.4833298336,0,0.08,true
001,planted,7464,0,1.27076722,-0.1398671615,-0.1319110455,0.4894471164,0,0.08,true
001,planted,7465,0,-0.8467679353,-0.1759097746,-0.1679536586,0.4865637073,0,0.08,true
001,planted,7466,0,-0.005822297943,-0.171751863,-0.163795747,0.4868963402,1,0.08,true
001,planted,7467,1,-0.060711967,-0.1705565846,-0.1680414889,0.4865566809,1,0.08,true
001,planted,7468,1,-0.06342565327,-0.1696165664,-0.1671014706,0.4866318823,0,0.08,true
001,planted,7469,0,0.7216677096,-0.1237256391,-0.1157695231,0.4907384381,0,0.08,true
001,planted,7470,1,0.03456503092,-0.1186692918,-0.1161541961,0.4907076643,0,0.08,true
001,planted,7471,0,0.9232542276,-0.06139704553,-0.05344092952,0.4957247256,1,0.08,true
001,planted,7472,1,0.9347630917,-0.006481762261,-0.003966666543,0.4996826667,1,0.08,true
001,planted,7473,0,-0.8578014549,-0.0537672623,-0.04581114629,0.4963351083,0,0.08,true
001,planted,7474,0,0.7817258102,-0.007753627479,0.0002024885246,0.5000161991,0,0.08,true
001,planted,7475,0,-1.245451816,-0.07516526147,-0.06720914547,0.4946232684,1,0.08,true
001,planted,7476,1,0.9553007352,-0.01923348225,-0.01671838653,0.4986625291,1,0.08,true
001,planted,7477,1,0.07809430243,-0.01438083745,-0.01186574173,0.4990507407,0,0.08,true
001,planted,7478,1,-0.3252904218,-0.03254540595,-0.03003031023,0.4975975752,0,0.08,true
001,planted,7479,0,-0.5416392277,-0.06282799221,-0.05487187621,0.4956102499,0,0.08,true
001,planted,7480,0,-1.962032885,-0.1577924754,-0.1498363594,0.4880130913,1,0.08,true
001,planted,7481,0,-0.704323434,-0.1891906728,-0.1812345568,0.4855012355,0,0.08,true
001,planted,7482,1,0.1515864345,-0.175980635,-0.1734655393,0.4861227569,0,0.08,true
001,planted,7483,0,-1.291199427,-0.2321102382,-0.2241541222,0.4820676702,0,0.08,true
001,planted,7484,1,1.924491059,-0.1092725703,-0.1067574746,0.491459402,0,0.08,true
001,planted,7485,1,1.191494239,-0.04433621415,-0.04182111843,0.4966543105,0,0.08,true
001,planted,7486,0,-1.607531172,-0.116731597,-0.108775481,0.4912979615,0,0.08,true
001,planted,7487,0,-0.07541896,-0.1174230678,-0.1094669518,0.4912426439,1,0.08,true
001,planted,7488,1,1.719098158,-0.02689403883,-0.02437894311,0.4980496846,1,0.08,true
001,planted,7489,0,-0.08421018456,-0.03022796668,-0.02227185068,0.4982182519,1,0.08,true
001,planted,7490,1,-0.6863178124,-0.06236921831,-0.05985412259,0.4952116702,1,0.08,true
001,planted,7491,0,0.8365181316,-0.01890681874,-0.01095070274,0.4991239438,1,0.08,true
001,planted,7492,1,-1.011312125,-0.06739931786,-0.06488422214,0.4948092622,0,0.08,true
001,planted,7493,0,-0.08222500804,-0.06980394386,-0.06184782786,0.4950521738,0,0.08,true
001,planted,7494,1,0.451754877,-0.04455923762,-0.0420441419,0.4966364686,1,0.08,true
001,planted,7495,0,0.2032936464,-0.03272256791,-0.0247664519,0.4980186838,0,0.08,true
001,planted,7496,0,-0.8188386096,-0.07451050797,-0.06655439197,0.4946756486,0,0.08,true
001,planted,7497,1,-2.245212834,-0.1706145925,-0.1680994968,0.4865520403,1,0.08,true
001,planted,7498,1,-0.6035979804,-0.1940783344,-0.1915632386,0.4846749409,1,0.08,true
001,planted,7499,0,-1.093022117,-0.2365637595,-0.2286076435,0.4817113885,1,0.08,true
001,planted,7500,0,0.6450305118,-0.1966495179,-0.1886934019,0.4849045279,1,0.08,true
001,planted,7501,1,-0.4223444407,-0.2119508767,-0.209435781,0.4832451375,0,0.08,true
001,planted,7502,0,0.5922917269,-0.1745613687,-0.1666052527,0.4866715798,1,0.08,true
001,planted,7503,0,-0.7654533477,-0.2068253203,-0.1988692043,0.4840904637,1,0.08,true
001,planted,7504,1,-1.960891942,-0.2768200044,-0.2743049087,0.4780556073,1,0.08,true
001,planted,7505,1,0.6539936777,-0.2352850763,-0.2327699805,0.4813784016,1,0.08,true
001,planted,7506,0,0.337810946,-0.211882141,-0.203926025,0.483685918,0,0.08,true
001,planted,7507,1,-1.383785631,-0.2642555311,-0.2617404354,0.4790607652,1,0.08,true
001,planted,7508,0,0.2398563676,-0.2452412494,-0.2372851334,0.4810171893,1,0.08,true
001,planted,7509,1,0.8510179578,-0.1919129529,-0.1893978572,0.4848481714,0,0.08,true
001,planted,7510,0,-1.710750194,-0.2560009987,-0.2480448827,0.4801564094,0,0.08,true
001,planted,7511,0,-1.256430227,-0.3000471883,-0.2920910723,0.4766327142,1,0.08,true
001,planted,7512,1,0.1405934958,-0.2854815356,-0.2829664399,0.4773626848,1,0.08,true
001,planted,7513,1,-1.3726229,-0.3315078724,-0.3289927766,0.4736805779,1,0.08,true
001,planted,7514,0,-0.3925797538,-0.341060076,-0.33310396,0.4733516832,1,0.08,true
001,planted,7515,0,-0.3490135612,-0.3488134566,-0.3408573406,0.4727314128,0,0.08,true
001,planted,7516,1,-0.7163638387,-0.3716613822,-0.3691462865,0.4704682971,0,0.08,true
001,planted,7517,1,-1.542026479,-0.4163483962,-0.4138333005,0.466893336,0,0.08,true
001,planted,7518,1,1.385849627,-0.3213771483,-0.3188620526,0.4744910358,1,0.08,true
001,planted,7519,0,0.5153932676,-0.2861502615,-0.2781941455,0.4777444684,0,0.08,true
001,planted,7520,0,0.7928764027,-0.2356031449,-0.2276470289,0.4817882377,1,0.08,true
001,planted,7521,1,0.05552543237,-0.2268160021,-0.2243009063,0.4820559275,0,0.08,true
001,planted,7522,1,0.8537960351,-0.1734836859,-0.1709685902,0.4863225128,1,0.08,true
001,planted,7523,0,0.8440839378,-0.1227282475,-0.1147721315,0.4908182295,1,0.08,true
001,planted,7524,0,-0.2484222471,-0.1324342069,-0.1244780909,0.4900417527,1,0.08,true
001,planted,7525,0,0.0172488972,-0.1281525431,-0.1201964271,0.4903842858,1,0.08,true
001,planted,7526,1,1.577378874,-0.03533022588,-0.03281513016,0.4973747896,0,0.08,true
001,planted,7527,0,-1.504529669,-0.1072274703,-0.09927135426,0.4920582917,1,0.08,true
001,planted,7528,1,-0.08482157783,-0.1088171532,-0.1063020574,0.4914958354,0,0.08,true
001,planted,7529,0,0.05117119059,-0.1033779064,-0.09542179044,0.4923662568,0,0.08,true
001,planted,7530,0,0.205556474,-0.08962111307,-0.08166499706,0.4934668002,0,0.08,true
001,planted,7531,1,0.3910447232,-0.06554691612,-0.0630318204,0.4949574544,0,0.08,true
001,planted,7532,1,-0.07381373354,-0.06802069802,-0.0655056023,0.4947595518,1,0.08,true
001,planted,7533,1,0.9090534911,-0.01356451115,-0.01104941543,0.4991160468,0,0.08,true
001,planted,7534,1,-1.527030552,-0.09408998412,-0.09157488841,0.4926740089,0,0.08,true
001,planted,7535,1,-0.3885851628,-0.1125481719,-0.1100330762,0.4911973539,0,0.08,true
001,planted,7536,0,-1.138667758,-0.166919651,-0.158963535,0.4872829172,0,0.08,true
001,planted,7537,0,-1.530543999,-0.2313730898,-0.2234169737,0.4821266421,0,0.08,true
001,planted,7538,1,0.09310690288,-0.2205152431,-0.2180001474,0.4825599882,0,0.08,true
001,planted,7539,1,-1.261560143,-0.2711439175,-0.2686288218,0.4785096943,1,0.08,true
001,planted,7540,0,-1.523402719,-0.3248230286,-0.3168669126,0.474650647,1,0.08,true
001,planted,7541,1,-1.024991671,-0.3595110462,-0.3569959505,0.471440324,1,0.08,true
001,planted,7542,0,-0.2600860867,-0.3631363612,-0.3551802452,0.4715855804,1,0.08,true
001,planted,7543,0,-0.5169539145,-0.3783777268,-0.3704216108,0.4703662711,1,0.08,true
001,planted,7544,1,-0.4119467757,-0.3890022918,-0.3864871961,0.4690810243,1,0.08,true
001,planted,7545,0,0.1118399796,-0.3728864322,-0.3649303162,0.4708055747,1,0.08,true
001,planted,7546,0,1.311013465,-0.2752481445,-0.2672920285,0.4786166377,0,0.08,true
001,planted,7547,1,0.598820638,-0.2330058059,-0.2304907102,0.4815607432,1,0.08,true
001,planted,7548,0,1.056434352,-0.1628767072,-0.1549205912,0.4876063527,1,0.08,true
001,planted,7549,0,0.5191357393,-0.1290700862,-0.1211139702,0.4903108824,0,0.08,true
001,planted,7550,0,1.343351325,-0.04776865677,-0.03981254076,0.4968149967,0,0.08,true
001,planted,7551,1,0.5531979926,-0.01622837381,-0.01371327809,0.4989029378,1,0.08,true
001,planted,7552,0,-0.4643038679,-0.04130218435,-0.03334606834,0.4973323145,0,0.08,true
001,planted,7553,1,-1.285620805,-0.1074162255,-0.1049011298,0.4916079096,1,0.08,true
001,planted,7554,0,-0.9840793477,-0.1544994677,-0.1465433517,0.4882765319,0,0.08,true
001,planted,7555,0,1.016328109,-0.09185675194,-0.08390063594,0.4932879491,0,0.08,true
001,planted,7556,1,-1.022928666,-0.1411748223,-0.1386597266,0.4889072219,1,0.08,true
001,planted,7557,1,-0.4328932758,-0.1602984906,-0.1577833949,0.4873773284,0,0.08,true
001,planted,7558,1,-1.594985282,-0.2276655251,-0.2251504294,0.4819879656,1,0.08,true
001,planted,7559,1,0.009198688473,-0.2214126387,-0.218897543,0.4824881966,1,0.08,true
001,planted,7560,0,1.386780502,-0.1329998711,-0.1250437551,0.4899964996,1,0.08,true
001,planted,7561,0,0.6362366207,-0.09491659034,-0.08696047433,0.4930431621,1,0.08,true
001,planted,7562,0,-1.499948256,-0.162770582,-0.154814466,0.4876148427,0,0.08,true
001,planted,7563,1,-0.7341353252,-0.1938906538,-0.1913755581,0.4846899554,1,0.08,true
001,planted,7564,1,-2.936716221,-0.282436786,-0.2799216903,0.4776062648,1,0.08,true
001,planted,7565,0,-0.335316466,-0.2894959378,-0.2815398217,0.4774768143,1,0.08,true
001,planted,7566,1,-1.127323062,-0.3248922978,-0.3223772021,0.4742098238,0,0.08,true
001,planted,7567,1,0.09071045934,-0.3125001581,-0.3099850624,0.475201195,1,0.08,true
001,planted,7568,1,-0.9135133173,-0.3409744316,-0.3384593359,0.4729232531,0,0.08,true
001,planted,7569,1,1.592584223,-0.2444168862,-0.2419017905,0.4806478568,0,0.08,true
001,planted,7570,0,0.548683062,-0.2118728151,-0.2039166991,0.4836866641,1,0.08,true
001,planted,7571,0,0.3541622696,-0.189520087,-0.181563971,0.4854748823,0,0.08,true
001,planted,7572,0,-0.1316456882,-0.1909121657,-0.1829560497,0.485363516,1,0.08,true
001,planted,7573,0,-0.7566302201,-0.2200303817,-0.2120742656,0.4830340587,1,0.08,true
001,planted,7574,0,0.5487377117,-0.1859827649,-0.1780266489,0.4857578681,0,0.08,true
001,planted,7575,1,-0.3464453262,-0.1981076763,-0.1955925806,0.4843525936,0,0.08,true
001,planted,7576,0,0.9766578473,-0.139336724,-0.131380608,0.4894895514,0,0.08,true
001,planted,7577,0,2.014434866,-0.02903192275,-0.02107580675,0.4983139355,0,0.08,true
001,planted,7578,1,0.6493765663,0.002815203566,0.005330299284,0.5004264239,0,0.08,true
001,planted,7579,1,0.3324243417,0.01889276713,0.02140786284,0.501712629,0,0.08,true
001,planted,7580,0,0.06552458982,0.02167933977,0.02963545578,0.5023708365,0,0.08,true
001,planted,7581,0,0.2760472973,0.03518098931,0.04313710531,0.5034509684,0,0.08,true
001,planted,7582,1,0.07661803283,0.03829708745,0.04081218317,0.5032649747,0,0.08,true
001,planted,7583,0,0.7379739678,0.07579599814,0.08375211414,0.5067001691,1,0.08,true
001,planted,7584,1,-0.7070684131,0.03498648996,0.03750158567,0.5030001269,1,0.08,true
001,planted,7585,0,-0.9161557791,-0.01578935293,-0.007833236921,0.499373341,0,0.08,true
001,planted,7586,1,-0.09155191919,-0.02041425471,-0.01789915899,0.4985680673,1,0.08,true
001,planted,7587,0,0.08356984539,-0.01518457694,-0.00722846094,0.4994217231,1,0.08,true
001,planted,7588,0,-0.8488887187,-0.06238492172,-0.05442880572,0.4956456955,1,0.08,true
001,planted,7589,0,-0.279544319,-0.07679746003,-0.06884134402,0.4944926925,1,0.08,true
001,planted,7590,0,1.313446245,0.002837218038,0.01079333404,0.5008634667,1,0.08,true
001,planted,7591,1,-0.01027184464,0.002175407516,0.004690503234,0.5003752403,1,0.08,true
001,planted,7592,0,-0.7267933682,-0.03998057624,-0.03202446023,0.4974380432,1,0.08,true
001,planted,7593,0,-0.2703091409,-0.05487755779,-0.04692144179,0.4962462847,0,0.08,true
001,planted,7594,1,0.075330669,-0.04890034838,-0.04638525266,0.4962891798,0,0.08,true
001,planted,7595,1,0.7251105369,-0.002417110568,9.798515002e-05,0.5000078388,0,0.08,true
001,planted,7596,0,0.9796734615,0.05694344087,0.06489955688,0.5051919646,0,0.08,true
001,planted,7597,1,-0.3534495293,0.03342256154,0.03593765726,0.5028750126,1,0.08,true
001,planted,7598,1,-0.9880844234,-0.02888151458,-0.02636641886,0.4978906865,1,0.08,true
001,planted,7599,1,-1.222000193,-0.09897756515,-0.09646246943,0.4922830024,1,0.08,true
001,planted,7600,0,-0.6403843208,-0.1333638513,-0.1254077353,0.4899673812,0,0.08,true
001,planted,7601,0,1.009332478,-0.06555068655,-0.05759457055,0.4953924344,0,0.08,true
001,planted,7602,0,0.2208924566,-0.05039218179,-0.04243606579,0.4966051147,1,0.08,true
001,planted,7603,1,0.5235688852,-0.01639557393,-0.01388047821,0.4988895617,1,0.08,true
001,planted,7604,1,-0.4128894767,-0.04175742827,-0.03924233255,0.4968606134,0,0.08,true
001,planted,7605,0,-0.3377273643,-0.06213009612,-0.05417398011,0.4956660816,0,0.08,true
001,planted,7606,0,-1.0091584,-0.1216094042,-0.1136532882,0.4909077369,0,0.08,true
001,planted,7607,1,-0.2679160422,-0.1354347225,-0.1329196268,0.4893664299,0,0.08,true
001,planted,7608,1,0.3185852954,-0.1104616828,-0.1079465871,0.491364273,1,0.08,true
001,planted,7609,0,2.172679812,0.03261721728,0.04057333329,0.5032458667,0,0.08,true
001,planted,7610,0,-1.229890963,-0.03757640595,-0.02962028994,0.4976303768,1,0.08,true
001,planted,7611,1,-0.6117422858,-0.07041946967,-0.06790437395,0.4945676501,1,0.08,true
001,planted,7612,1,-0.09231198582,-0.07391455095,-0.07139945523,0.4942880436,0,0.08,true
001,planted,7613,1,0.1600665732,-0.06256326226,-0.06004816654,0.4951961467,0,0.08,true
001,planted,7614,1,0.8493170423,-0.009474852589,-0.006959756871,0.4994432195,0,0.08,true
001,planted,7615,0,0.4020042336,0.01494032738,0.02289644339,0.5018317155,0,0.08,true
001,planted,7616,0,-1.148265721,-0.05351650204,-0.04556038603,0.4963551691,0,0.08,true
001,planted,7617,0,-1.296382075,-0.1229547132,-0.1149985971,0.4908001122,1,0.08,true
001,planted,7618,1,0.5353109974,-0.0877627931,-0.08524769738,0.4931801842,0,0.08,true
001,planted,7619,0,-0.9487529223,-0.1374956844,-0.1295395684,0.4896368345,0,0.08,true
001,planted,7620,0,0.6483908993,-0.09440305253,-0.08644693653,0.4930842451,0,0.08,true
001,planted,7621,1,-0.2502225277,-0.106699581,-0.1041844853,0.4916652412,1,0.08,true
001,planted,7622,1,-0.497889011,-0.1331726872,-0.1306575915,0.4895473927,0,0.08,true
001,planted,7623,0,-0.9620003708,-0.1830982336,-0.1751421176,0.4859886306,0,0.08,true
001,planted,7624,0,-0.2616345138,-0.194057957,-0.186101841,0.4851118527,1,0.08,true
001,planted,7625,0,0.4970393512,-0.15632479,-0.148368674,0.4881305061,0,0.08,true
001,planted,7626,0,2.93442225,0.02708712018,0.03504323619,0.5028034589,1,0.08,true
001,planted,7627,1,-1.673235079,-0.05401747912,-0.0515023834,0.4958798093,0,0.08,true
001,planted,7628,1,0.4426946118,-0.03113728218,-0.02862218646,0.4977102251,0,0.08,true
001,planted,7629,1,-0.9631323716,-0.07613656402,-0.0736214683,0.4941102825,0,0.08,true
001,planted,7630,0,0.7159073056,-0.03830747958,-0.03035136358,0.4975718909,1,0.08,true
001,planted,7631,1,-1.097050679,-0.08967110184,-0.08715600612,0.4930275195,1,0.08,true
001,planted,7632,1,0.6289385166,-0.05543799526,-0.05292289954,0.495766168,1,0.08,true
001,planted,7633,0,-1.795058021,-0.1344111502,-0.1264550342,0.4898835973,0,0.08,true
001,planted,7634,1,-1.933778427,-0.2069820214,-0.2044669257,0.4836426459,1,0.08,true
001,planted,7635,1,-0.3107674984,-0.2154983905,-0.2129832948,0.4829613364,1,0.08,true
001,planted,7636,0,0.6429439877,-0.1783756554,-0.1704195394,0.4863664368,0,0.08,true
001,planted,7637,1,-1.059107794,-0.2187348166,-0.2162197208,0.4827024223,1,0.08,true
001,planted,7638,1,-0.2455801292,-0.2245760976,-0.2220610019,0.4822351198,0,0.08,true
001,planted,7639,1,0.2005485617,-0.2089121112,-0.2063970155,0.4834882388,1,0.08,true
001,planted,7640,1,1.399858738,-0.1275670641,-0.1250519684,0.4899958425,1,0.08,true
001,planted,7641,1,-1.109684736,-0.1735931397,-0.171078044,0.4863137565,0,0.08,true
001,planted,7642,0,0.680783444,-0.1345082682,-0.1265521522,0.4898758278,0,0.08,true
001,planted,7643,0,-0.3278609741,-0.1469486603,-0.1389925443,0.4888805965,1,0.08,true
001,planted,7644,1,1.533947177,-0.06188016349,-0.05936506777,0.4952507946,1,0.08,true
001,planted,7645,0,-0.0006406142308,-0.06034477609,-0.05238866009,0.4958089072,1,0.08,true
001,planted,7646,1,0.8253007604,-0.01695161137,-0.01443651565,0.4988450787,1,0.08,true
001,planted,7647,1,0.6588128948,0.01676704109,0.01928213681,0.5015425709,1,0.08,true
001,planted,7648,1,0.05948956172,0.01940785628,0.021922952,0.5017538362,0,0.08,true
001,planted,7649,0,0.9433487986,0.06716113802,0.07511725402,0.5060093803,1,0.08,true
001,planted,7650,0,1.472901232,0.1354644877,0.1434206037,0.5114736483,1,0.08,true
001,planted,7651,0,0.5400820731,0.1585320407,0.1664881567,0.5133190525,1,0.08,true
001,planted,7652,1,-0.05443589711,0.1516618824,0.1541769781,0.5123341582,1,0.08,true
001,planted,7653,0,-0.4150829849,0.1249590754,0.1329151914,0.5106332153,1,0.08,true
001,planted,7654,0,1.625947074,0.1958296392,0.2037857552,0.5163028604,1,0.08,true
001,planted,7655,1,0.06064580466,0.194015017,0.1965301128,0.515722409,0,0.08,true
001,planted,7656,1,0.525590088,0.2155287096,0.2180438053,0.5174435044,0,0.08,true
001,planted,7657,0,-0.3099467379,0.1926399701,0.2005960861,0.5160476869,1,0.08,true
001,planted,7658,0,-0.7506875542,0.1434395983,0.1513957143,0.5121116571,1,0.08,true
001,planted,7659,1,1.074796331,0.1932832924,0.1957983881,0.515663871,1,0.08,true
001,planted,7660,0,-1.875179343,0.07612222681,0.08407834281,0.5067262674,1,0.08,true
001,planted,7661,1,-0.3000048064,0.05852857501,0.06104367073,0.5048834937,0,0.08,true
001,planted,7662,0,0.09201652916,0.06190573467,0.06986185067,0.5055889481,1,0.08,true
001,planted,7663,1,1.032005338,0.1129116672,0.1154267629,0.509234141,0,0.08,true
001,planted,7664,1,2.1801622,0.2016284014,0.2041434972,0.5163314798,0,0.08,true
001,planted,7665,0,0.8828980051,0.2354688948,0.2434250108,0.5194740009,0,0.08,true
001,planted,7666,0,-0.5121049646,0.2028991087,0.2108552247,0.516868418,1,0.08,true
001,planted,7667,1,0.4246809665,0.2181641358,0.2206792316,0.5176543385,1,0.08,true
001,planted,7668,0,0.392190996,0.2318807485,0.2398368645,0.5191869492,1,0.08,true
001,planted,7669,1,-1.25290548,0.1535952144,0.1561103101,0.5124888248,1,0.08,true
001,planted,7670,1,0.5402169585,0.1762910869,0.1788061826,0.5143044946,1,0.08,true
001,planted,7671,1,-1.945234816,0.06303366661,0.06554876232,0.505243901,1,0.08,true
001,planted,7672,0,0.3294798067,0.0774254892,0.08538160521,0.5068305284,0,0.08,true
001,planted,7673,1,1.189089213,0.1306670718,0.1331821675,0.5106545734,0,0.08,true
001,planted,7674,1,0.4948630633,0.1511060224,0.1536211181,0.5122896894,1,0.08,true
001,planted,7675,0,0.97592648,0.1922103442,0.2001664602,0.5160133168,0,0.08,true
001,planted,7676,1,-0.5016311253,0.1607607638,0.1632758595,0.5130620688,0,0.08,true
001,planted,7677,1,1.222767238,0.211782673,0.2142977688,0.5171438215,1,0.08,true
001,planted,7678,1,1.00477132,0.2513143133,0.253829409,0.5203063527,1,0.08,true
001,planted,7679,1,0.1452624432,0.2522504906,0.2547655863,0.5203812469,0,0.08,true
001,planted,7680,1,-0.7208200761,0.2050929557,0.2076080514,0.5166086441,0,0.08,true
001,planted,7681,1,1.789034531,0.2714374678,0.2739525636,0.5219162051,0,0.08,true
001,planted,7682,0,1.280880917,0.3160262594,0.3239823755,0.52591859,0,0.08,true
001,planted,7683,0,-0.4061833204,0.2867788359,0.2947349519,0.5235787962,0,0.08,true
001,planted,7684,1,0.4152598267,0.2991906256,0.3017057213,0.5241364577,1,0.08,true
001,planted,7685,1,-0.0506178625,0.2889818875,0.2914969832,0.5233197587,1,0.08,true
001,planted,7686,1,1.042315026,0.3270515012,0.3295665969,0.5263653278,0,0.08,true
001,planted,7687,1,1.108427775,0.3649740525,0.3674891482,0.5293991319,1,0.08,true
001,planted,7688,0,-0.5463379867,0.3244772464,0.3324333624,0.526594669,1,0.08,true
001,planted,7689,0,-0.564853669,0.2836000113,0.2915561273,0.5233244902,0,0.08,true
001,planted,7690,1,0.9427860318,0.3192802861,0.3217953818,0.5257436305,1,0.08,true
001,planted,7691,1,0.344072772,0.3287034944,0.3312185901,0.5264974872,0,0.08,true
001,planted,7692,1,-0.05810205676,0.3171279005,0.3196429962,0.5255714397,0,0.08,true
001,planted,7693,1,-0.8820941067,0.2526755837,0.2551906795,0.5204152544,0,0.08,true
001,planted,7694,1,-0.9023333688,0.1899777847,0.1924928805,0.5153994304,0,0.08,true
001,planted,7695,1,0.8604746048,0.2287162795,0.2312313752,0.51849851,1,0.08,true
001,planted,7696,1,0.05068964626,0.2257973267,0.2283124224,0.5182649938,1,0.08,true
001,planted,7697,0,-0.3141753402,0.2010184644,0.2089745804,0.5167179664,0,0.08,true
001,planted,7698,0,1.685562247,0.2705355861,0.2784917021,0.5222793362,1,0.08,true
001,planted,7699,0,-0.06282256704,0.2601379251,0.2680940411,0.5214475233,0,0.08,true
001,planted,7700,1,0.7322897874,0.290498856,0.2930139517,0.5234411161,1,0.08,true
001,planted,7701,0,-0.4018630907,0.25848802,0.266444136,0.5213155309,1,0.08,true
001,planted,7702,0,0.3858968945,0.2733201767,0.2812762927,0.5225021034,0,0.08,true
001,planted,7703,0,-1.510245572,0.1624017641,0.1703578801,0.5136286304,1,0.08,true
001,planted,7704,0,-0.01804904544,0.1572539929,0.1652101089,0.5132168087,1,0.08,true
001,planted,7705,0,0.04526562905,0.1559216906,0.1638778066,0.5131102245,1,0.08,true
001,planted,7706,1,0.7294927898,0.192275536,0.1947906318,0.5155832505,1,0.08,true
001,planted,7707,0,1.359247772,0.2532261052,0.2611822212,0.5208945777,0,0.08,true
001,planted,7708,1,-2.272221545,0.09807176073,0.1005868564,0.5080469485,1,0.08,true
001,planted,7709,1,1.858672469,0.1759258453,0.178440941,0.5142752753,0,0.08,true
001,planted,7710,0,-0.6680031481,0.137556837,0.145512953,0.5116410362,1,0.08,true
001,planted,7711,0,-0.05406315129,0.1313961726,0.1393522886,0.5111481831,1,0.08,true
001,planted,7712,0,1.260766499,0.1845335665,0.1924896825,0.5153991746,0,0.08,true
001,planted,7713,0,-1.238082035,0.1137443801,0.1217004961,0.5097360397,0,0.08,true
001,planted,7714,1,0.07978743257,0.1147876878,0.1173027836,0.5093842227,1,0.08,true
001,planted,7715,0,-0.4654056713,0.08781127669,0.09576739269,0.5076613914,1,0.08,true
001,planted,7716,0,-1.133966063,0.02607879218,0.03403490818,0.5027227927,1,0.08,true
001,planted,7717,1,-0.8358770398,-0.01715774934,-0.01464265363,0.4988285877,0,0.08,true
001,planted,7718,0,-0.2806688148,-0.03116851153,-0.02321239553,0.4981430084,0,0.08,true
001,planted,7719,1,-0.5239651181,-0.05767212476,-0.05515702904,0.4955874377,1,0.08,true
001,planted,7720,1,0.441026975,-0.03226113409,-0.02974603837,0.4976203169,0,0.08,true
001,planted,7721,0,-0.5211614984,-0.05961273282,-0.05165661682,0.4958674707,1,0.08,true
001,planted,7722,0,0.7204163476,-0.01750967127,-0.009553555263,0.4992357156,0,0.08,true
001,planted,7723,0,-0.7635807018,-0.05911729178,-0.05116117578,0.4959071059,1,0.08,true
001,planted,7724,1,-0.2836109585,-0.07357113656,-0.07105604084,0.4943155167,0,0.08,true
001,planted,7725,0,0.9993229075,-0.01306856359,-0.005112447582,0.4995910042,1,0.08,true
001,planted,7726,1,-0.329613812,-0.03168422724,-0.02916913152,0.4976664695,0,0.08,true
001,planted,7727,1,0.576895145,0.003185877367,0.005700973085,0.5004560778,1,0.08,true
001,planted,7728,0,-0.1815022981,-0.007768477876,0.0001876381277,0.5000150111,1,0.08,true
001,planted,7729,0,-0.1738331247,-0.01823215577,-0.01027603977,0.4991779168,0,0.08,true
001,planted,7730,0,2.373282657,0.1094747634,0.1174308794,0.5093944704,1,0.08,true
001,planted,7731,0,-0.6244240862,0.07235344995,0.08030956595,0.5064247653,1,0.08,true
001,planted,7732,1,-0.8429415599,0.02407890942,0.02659400514,0.5021275204,1,0.08,true
001,planted,7733,1,-0.1578566799,0.01481218556,0.01732728128,0.5013861825,0,0.08,true
001,planted,7734,0,1.287014073,0.08250347576,0.09045959177,0.5072367673,0,0.08,true
001,planted,7735,0,0.00142300364,0.08049244337,0.08844855937,0.5070758847,1,0.08,true
001,planted,7736,1,0.8885197495,0.1253353102,0.127850406,0.5102280325,0,0.08,true
001,planted,7737,0,1.582130462,0.1962533825,0.2042094985,0.5163367599,0,0.08,true
001,planted,7738,0,0.5018215407,0.2166526764,0.2246087924,0.5179687034,1,0.08,true
001,planted,7739,1,1.2961668,0.268853591,0.2713686867,0.5217094949,1,0.08,true
001,planted,7740,1,-1.024296737,0.2013232071,0.2038383028,0.5163070642,1,0.08,true
001,planted,7741,1,0.5878718561,0.2253503685,0.2278654643,0.5182292371,1,0.08,true
001,planted,7742,0,0.07110589636,0.2234610401,0.2314171561,0.5185133725,1,0.08,true
001,planted,7743,1,-0.3420295163,0.1980930529,0.2006081486,0.5160486519,0,0.08,true
001,planted,7744,0,0.4683116931,0.2181302986,0.2260864146,0.5180869132,1,0.08,true
001,planted,7745,1,-0.01079677736,0.2119817426,0.2144968383,0.5171597471,0,0.08,true
001,planted,7746,0,-0.1285722805,0.1988679608,0.2068240768,0.5165459261,0,0.08,true
001,planted,7747,1,-0.2647694705,0.1772605092,0.1797756049,0.5143820484,0,0.08,true
001,planted,7748,1,-2.045428938,0.03944436599,0.0419594617,0.5033567569,1,0.08,true
001,planted,7749,1,-0.09638874363,0.03308501309,0.0356001088,0.5028480087,1,0.08,true
001,planted,7750,1,-0.4486043505,0.006659534184,0.009174629902,0.5007339704,0,0.08,true
001,planted,7751,0,-0.9482455922,-0.04714172273,-0.03918560672,0.4968651515,1,0.08,true
001,planted,7752,0,-1.261586455,-0.1130364007,-0.1050802847,0.4915935772,0,0.08,true
001,planted,7753,1,-0.8423581217,-0.1542417434,-0.1517266477,0.4878618682,1,0.08,true
001,planted,7754,0,-0.97259442,-0.1994332261,-0.19147711,0.4846818312,1,0.08,true
001,planted,7755,1,2.140889518,-0.06481499486,-0.06229989914,0.4950160081,0,0.08,true
001,planted,7756,0,-0.5485238373,-0.09039656165,-0.08244044565,0.4934047643,1,0.08,true
001,planted,7757,1,0.2326492887,-0.07593932766,-0.07342423194,0.4941260614,0,0.08,true
001,planted,7758,0,-1.756153654,-0.1543794146,-0.1464232986,0.4882861361,1,0.08,true
001,planted,7759,0,1.023740756,-0.09647268267,-0.08851656667,0.4929186747,0,0.08,true
001,planted,7760,0,-0.1007921355,-0.09907155434,-0.09111543833,0.4927107649,0,0.08,true
001,planted,7761,1,1.773341751,-0.004739625931,-0.002224530213,0.4998220376,1,0.08,true
001,planted,7762,1,0.8267327751,0.03529029557,0.03780539129,0.5030244313,1,0.08,true
001,planted,7763,0,0.731413846,0.06965059543,0.07760671143,0.5062085369,1,0.08,true
001,planted,7764,1,-0.3880705439,0.04827419776,0.05078929348,0.5040631435,1,0.08,true
001,planted,7765,1,-0.832663852,0.004359028435,0.006874124153,0.5005499299,0,0.08,true
001,planted,7766,0,0.01226600625,0.004881311338,0.01283742734,0.5010269942,1,0.08,true
001,planted,7767,0,0.2649321283,0.01874094199,0.02669705799,0.5021357646,1,0.08,true
001,planted,7768,1,1.305612432,0.08486792333,0.08738301905,0.5069906415,1,0.08,true
001,planted,7769,0,-0.5838635156,0.05128216359,0.0592382796,0.5047390624,1,0.08,true
001,planted,7770,0,0.5290266442,0.07785211407,0.08580823007,0.5068646584,1,0.08,true
001,planted,7771,1,-0.3517415954,0.05638730628,0.058902402,0.5047121922,0,0.08,true
001,planted,7772,0,-0.90311336,0.004240659374,0.01219677538,0.500975742,0,0.08,true
001,planted,7773,0,0.07231282344,0.008187138923,0.01614325493,0.5012914604,0,0.08,true
001,planted,7774,1,0.1963210441,0.01924885868,0.0217639544,0.5017411164,1,0.08,true
001,planted,7775,1,-0.822078989,-0.02902252371,-0.02650742799,0.4978794058,1,0.08,true
001,planted,7776,1,0.1470931804,-0.01957897682,-0.0170638811,0.4986348895,0,0.08,true
001,planted,7777,0,-0.6571782542,-0.05799205099,-0.05003593499,0.4959971252,1,0.08,true
001,planted,7778,1,0.7318014547,-0.01150488893,-0.008989793209,0.4992808165,1,0.08,true
001,planted,7779,1,-0.2541168707,-0.02679463826,-0.02427954254,0.4980576366,0,0.08,true
001,planted,7780,0,0.6332600736,0.01357598134,0.02153209734,0.5017225678,0,0.08,true
001,planted,7781,0,1.270185753,0.08847339295,0.09642950896,0.5077143607,1,0.08,true
001,planted,7782,1,-1.949309712,-0.02951433777,-0.02699924205,0.4978400606,1,0.08,true
001,planted,7783,0,-0.4364947038,-0.05270442488,-0.04474830888,0.4964201353,0,0.08,true
001,planted,7784,0,-1.228848643,-0.1155243009,-0.1075681849,0.4913945452,0,0.08,true
001,planted,7785,0,0.1806672562,-0.102468722,-0.09451260603,0.4924389915,0,0.08,true
001,planted,7786,0,-1.517506318,-0.1737050878,-0.1657489718,0.4867400823,1,0.08,true
001,planted,7787,0,1.222740018,-0.09845944673,-0.09050333073,0.4927597335,0,0.08,true
001,planted,7788,1,0.06313522471,-0.09257556627,-0.09006047055,0.4927951624,0,0.08,true
001,planted,7789,0,-0.04385244363,-0.09263470096,-0.08467858496,0.4932257132,1,0.08,true
001,planted,7790,1,0.3274669927,-0.0715936472,-0.06907855148,0.4944737159,1,0.08,true
001,planted,7791,0,1.147301163,-0.003526965856,0.004429150148,0.500354332,0,0.08,true
001,planted,7792,1,-1.795648697,-0.09577232783,-0.09325723212,0.4925394214,0,0.08,true
001,planted,7793,1,-0.4953191912,-0.1187528269,-0.1162377312,0.4907009815,1,0.08,true
001,planted,7794,0,-0.551101536,-0.1442033127,-0.1362471967,0.4891002243,1,0.08,true
001,planted,7795,0,-0.1152404671,-0.146815192,-0.138859076,0.4888912739,0,0.08,true
001,planted,7796,1,0.3787544074,-0.1212395428,-0.1187244471,0.4905020442,1,0.08,true
001,planted,7797,1,0.6855008386,-0.07758498531,-0.07506988959,0.4939944088,0,0.08,true
001,planted,7798,0,0.5783000922,-0.04157792312,-0.03362180712,0.4973102554,0,0.08,true
001,planted,7799,1,-0.9106411823,-0.09157132146,-0.08905622575,0.4928755019,0,0.08,true
001,planted,7800,1,-0.4670371016,-0.115831593,-0.1133164972,0.4909346802,1,0.08,true
001,planted,7801,1,-0.5492935008,-0.1442228744,-0.1417077787,0.4886633777,0,0.08,true
001,planted,7802,0,-0.7696062954,-0.1833597862,-0.1754036702,0.4859677064,1,0.08,true
001,planted,7803,0,-0.9775229391,-0.2303045175,-0.2223484015,0.4822121279,1,0.08,true
001,planted,7804,0,-0.8154127227,-0.2673639987,-0.2594078827,0.4792473694,0,0.08,true
001,planted,7805,1,-1.446813726,-0.324233858,-0.3217187623,0.474262499,1,0.08,true
001,planted,7806,0,1.493126951,-0.2141638005,-0.2062076845,0.4835033852,1,0.08,true
001,planted,7807,0,0.6821136467,-0.1685692414,-0.1606131254,0.48715095,0,0.08,true
001,planted,7808,1,-0.2320752889,-0.1770061929,-0.1744910972,0.4860407122,1,0.08,true
001,planted,7809,1,2.047138777,-0.04871605385,-0.04620095814,0.4963039233,0,0.08,true
001,planted,7810,0,0.8237477254,-0.004461712285,0.003494403719,0.5002795523,0,0.08,true
001,planted,7811,1,-0.9826081628,-0.05452329704,-0.05200820132,0.4958393439,0,0.08,true
001,planted,7812,0,1.563912055,0.02719545594,0.03515157195,0.5028121258,1,0.08,true
001,planted,7813,0,1.18808808,0.08362001933,0.09157613534,0.5073260908,1,0.08,true
001,planted,7814,1,-1.760336184,-0.006230554237,-0.003715458519,0.4997027633,0,0.08,true
001,planted,7815,0,1.92344832,0.07944806727,0.08740418327,0.5069923347,0,0.08,true
001,planted,7816,0,1.763166655,0.1482360546,0.1561921706,0.5124953737,1,0.08,true
001,planted,7817,1,0.5527799571,0.1677300816,0.1702451773,0.5136196142,0,0.08,true
001,planted,7818,0,-0.9665247218,0.1180863092,0.1260424252,0.510083394,0,0.08,true
001,planted,7819,0,-1.279096865,0.05567206149,0.06362817749,0.5050902542,1,0.08,true
001,planted,7820,0,0.4581971303,0.07445248379,0.08240859979,0.506592688,1,0.08,true
001,planted,7821,0,0.9548901054,0.1140679995,0.1220241155,0.5097619292,0,0.08,true
001,planted,7822,1,0.67796043,0.1410226032,0.1435376989,0.5114830159,1,0.08,true
001,planted,7823,0,-0.1578256515,0.1299983168,0.1379544328,0.5110363546,0,0.08,true
001,planted,7824,1,0.4474408181,0.1474910334,0.1500061292,0.5120004903,1,0.08,true
001,planted,7825,1,-0.002927495667,0.1436130369,0.1461281326,0.5116902506,0,0.08,true
001,planted,7826,0,2.472132992,0.2309649527,0.2389210687,0.5191136855,0,0.08,true
001,planted,7827,1,0.2136419364,0.2345292171,0.2370443128,0.518963545,1,0.08,true
001,planted,7828,0,-0.9675606359,0.1803186534,0.1882747694,0.5150619816,0,0.08,true
001,planted,7829,0,0.1728252483,0.1836678452,0.1916239612,0.5153299169,0,0.08,true
001,planted,7830,0,-0.42538405,0.1580950179,0.1660511339,0.5132840907,0,0.08,true
001,planted,7831,1,1.902739499,0.2279551169,0.2304702126,0.518437617,1,0.08,true
001,planted,7832,0,-0.7972923154,0.182921542,0.190877658,0.5152702126,0,0.08,true
001,planted,7833,0,0.3765409508,0.1952811681,0.2032372841,0.5162589827,1,0.08,true
001,planted,7834,1,0.7799785269,0.224516154,0.2270312497,0.5181625,1,0.08,true
001,planted,7835,1,-0.09060703905,0.2144076192,0.216922715,0.5173538172,0,0.08,true
001,planted,7836,1,-0.01037909621,0.2084631852,0.2109782809,0.5168782625,1,0.08,true
001,planted,7837,1,0.692997881,0.2355478315,0.2380629272,0.5190450342,0,0.08,true
001,planted,7838,0,0.4274930467,0.2504222033,0.2583783193,0.5206702655,0,0.08,true
001,planted,7839,0,0.2185606188,0.2552554999,0.2632116159,0.5210569293,1,0.08,true
001,planted,7840,0,1.592275824,0.3124476913,0.3204038073,0.5256323046,0,0.08,true
001,planted,7841,1,1.230744508,0.3540987988,0.3566138945,0.5285291116,0,0.08,true
001,planted,7842,0,-1.229104191,0.2719561781,0.2799122941,0.5223929835,0,0.08,true
001,planted,7843,0,-0.7266659279,0.2254528194,0.2334089354,0.5186727148,0,0.08,true
001,planted,7844,1,-0.1897914335,0.2098649987,0.2123800944,0.5169904076,0,0.08,true
001,planted,7845,1,-1.355694364,0.1274074103,0.129922506,0.5103938005,1,0.08,true
001,planted,7846,0,-0.3999979669,0.103292976,0.111249092,0.5088999274,0,0.08,true
001,planted,7847,0,-0.8673088214,0.05425473465,0.06221085066,0.5049768681,1,0.08,true
001,planted,7848,0,-0.4781744743,0.02758297323,0.03553908923,0.5028431271,1,0.08,true
001,planted,7849,0,-0.8202644621,-0.01673711687,-0.008781000868,0.4992975199,1,0.08,true
001,planted,7850,1,2.085989468,0.08592344443,0.08843854015,0.5070750832,1,0.08,true
001,planted,7851,0,-0.8724885512,0.03988705664,0.04784317264,0.5038274538,1,0.08,true
001,planted,7852,0,-0.4193697058,0.01791669723,0.02587281323,0.5020698251,0,0.08,true
001,planted,7853,1,1.090822203,0.07080264788,0.0733177436,0.5058654195,1,0.08,true
001,planted,7854,0,0.03628924675,0.07084562554,0.07880174154,0.5063041393,1,0.08,true
001,planted,7855,0,-0.7137021099,0.03153242295,0.03948853895,0.5031590831,1,0.08,true
001,planted,7856,0,-0.01323784358,0.03003757682,0.03799369282,0.5030394954,1,0.08,true
001,planted,7857,1,-0.1813795445,0.01947040472,0.02198550043,0.50175884,0,0.08,true
001,planted,7858,1,-0.7073258857,-0.01984535305,-0.01733025733,0.4986135794,0,0.08,true
001,planted,7859,1,-0.1041233532,-0.02515489526,-0.02263979955,0.498188816,0,0.08,true
001,planted,7860,0,0.1601281568,-0.01532435815,-0.00736824215,0.4994105406,1,0.08,true
001,planted,7861,0,0.8912523568,0.03645849791,0.04441461391,0.5035531691,1,0.08,true
001,planted,7862,0,-0.5263367204,0.004590120604,0.01254623661,0.5010036989,1,0.08,true
001,planted,7863,0,1.519367662,0.0881622624,0.0961183784,0.5076894703,0,0.08,true
001,planted,7864,0,-1.347038151,0.008997045431,0.01695316144,0.5013562529,1,0.08,true
001,planted,7865,1,-0.7521655653,-0.03211291585,-0.02959782014,0.4976321744,1,0.08,true
001,planted,7866,0,0.5344057642,-0.001591874585,0.006364241419,0.5005091393,0,0.08,true
001,planted,7867,0,-0.06011866635,-0.004948409955,0.003007706049,0.5002406165,1,0.08,true
001,planted,7868,1,-0.8750522078,-0.05417595809,-0.05166086237,0.495867131,1,0.08,true
001,planted,7869,1,0.5898320727,-0.01837699396,-0.01586189824,0.4987310481,1,0.08,true
001,planted,7870,1,-2.301983626,-0.1311546347,-0.128639539,0.4897088369,0,0.08,true
001,planted,7871,0,0.4591484405,-0.1035494159,-0.09559329988,0.492352536,0,0.08,true
001,planted,7872,0,-0.5323482601,-0.1279652869,-0.1200091709,0.4903992663,0,0.08,true
001,planted,7873,0,0.8010971827,-0.08030149754,-0.07234538154,0.4942123695,0,0.08,true
001,planted,7874,1,-0.6289944164,-0.1109759473,-0.1084608516,0.4913231319,1,0.08,true
001,planted,7875,1,-1.255105052,-0.1691258628,-0.1666107671,0.4866711386,0,0.08,true
001,planted,7876,0,0.5054576455,-0.1366760104,-0.1287198944,0.4897024084,0,0.08,true
001,planted,7877,1,1.842328952,-0.02951727307,-0.02700217735,0.4978398258,0,0.08,true
001,planted,7878,1,0.7971743062,0.01184212168,0.0143572174,0.5011485774,0,0.08,true
001,planted,7879,1,-1.52111267,-0.06325547549,-0.06074037978,0.4951407696,0,0.08,true
001,planted,7880,1,0.7769840177,-0.02246021263,-0.01994511691,0.4984043906,1,0.08,true
001,planted,7881,1,-1.556401003,-0.09486875411,-0.0923536584,0.4926117073,1,0.08,true
001,planted,7882,0,0.06837348472,-0.0891115046,-0.0811553886,0.4935075689,1,0.08,true
001,planted,7883,0,-0.9908866699,-0.1333298684,-0.1253737524,0.4899700998,1,0.08,true
001,planted,7884,1,-1.64523615,-0.1994492173,-0.1969341216,0.4842452703,0,0.08,true
001,planted,7885,0,-0.7648246949,-0.2282899596,-0.2203338436,0.4823732925,0,0.08,true
001,planted,7886,0,-0.2349253668,-0.2337025977,-0.2257464817,0.4819402815,0,0.08,true
001,planted,7887,0,1.146497967,-0.1649022699,-0.1569461538,0.4874443077,0,0.08,true
001,planted,7888,0,-0.02668659543,-0.1620542228,-0.1540981068,0.4876721515,1,0.08,true
001,planted,7889,1,0.460797811,-0.1336452423,-0.1311301465,0.4895095883,1,0.08,true
001,planted,7890,1,-0.1241210625,-0.1366806251,-0.1341655294,0.4892667576,0,0.08,true
001,planted,7891,0,-1.141172116,-0.1874239195,-0.1794678035,0.4856425757,0,0.08,true
001,planted,7892,1,-0.2809476022,-0.1971223579,-0.1946072622,0.484431419,0,0.08,true
001,planted,7893,1,-1.167056668,-0.2457580311,-0.2432429354,0.4805405652,1,0.08,true
001,planted,7894,0,1.221354831,-0.1671625577,-0.1592064417,0.4872634847,0,0.08,true
001,planted,7895,1,-0.771090928,-0.2002925679,-0.1977774722,0.4841778022,0,0.08,true
001,planted,7896,1,0.5314479014,-0.1656246991,-0.1631096034,0.4869512317,1,0.08,true
001,planted,7897,0,0.09813753216,-0.1560718862,-0.1481157702,0.4881507384,1,0.08,true
001,planted,7898,0,-1.539444009,-0.2219582151,-0.2140020991,0.4828798321,1,0.08,true
001,planted,7899,1,0.2135531089,-0.2047056383,-0.2021905425,0.4838247566,1,0.08,true
001,planted,7900,0,2.085524628,-0.07644281738,-0.06848670137,0.4945210639,0,0.08,true
001,planted,7901,1,-0.8676807533,-0.1156401659,-0.1131250701,0.4909499944,0,0.08,true
001,planted,7902,1,-1.255831688,-0.1692009564,-0.1666858607,0.4866651311,0,0.08,true
001,planted,7903,0,1.403063548,-0.09100301864,-0.08304690263,0.4933562478,1,0.08,true
001,planted,7904,0,0.8184027155,-0.04816921228,-0.04021309627,0.4967829523,0,0.08,true
001,planted,7905,1,-1.198473444,-0.1023018062,-0.09978671044,0.4920170632,0,0.08,true
001,planted,7906,0,1.096170958,-0.04505219882,-0.03709608282,0.4970323134,1,0.08,true
001,planted,7907,1,0.4689078668,-0.02101025148,-0.01849515576,0.4985203875,1,0.08,true
001,planted,7908,1,0.1629862458,-0.01238393698,-0.009868841263,0.4992104927,1,0.08,true
001,planted,7909,0,-0.3065829249,-0.02759875714,-0.01964264114,0.4984285887,0,0.08,true
001,planted,7910,0,2.447872318,0.08735306571,0.09530918171,0.5076247345,0,0.08,true
001,planted,7911,0,-0.6529303518,0.05434358059,0.0622996966,0.5049839757,0,0.08,true
001,planted,7912,1,0.5028980802,0.0762671339,0.07878222961,0.5063025784,1,0.08,true
001,planted,7913,1,0.08208660698,0.07827522835,0.08079032407,0.5064632259,1,0.08,true
001,planted,7914,1,-0.8422555225,0.03411728171,0.03663237743,0.5029305902,1,0.08,true
001,planted,7915,0,-1.276257611,-0.02916004859,-0.02120393258,0.4983036854,1,0.08,true
001,planted,7916,0,-0.4973885955,-0.05255761869,-0.04460150268,0.4964318798,1,0.08,true
001,planted,7917,1,0.9836678742,-0.001867517896,0.0006475778218,0.5000518062,0,0.08,true
001,planted,7918,0,-0.07935926193,-0.005805412143,0.002150703861,0.5001720563,1,0.08,true
001,planted,7919,0,1.325666971,0.05991389006,0.06787000607,0.5054296005,1,0.08,true
001,planted,7920,1,2.578248003,0.1630632107,0.1655783065,0.5132462645,1,0.08,true
001,planted,7921,1,-0.745201148,0.1241628906,0.1266779863,0.5101342389,1,0.08,true
001,planted,7922,0,0.06370850537,0.1239056038,0.1318617198,0.5105489376,1,0.08,true
001,planted,7923,1,0.5270167329,0.1444828417,0.1469979374,0.511759835,0,0.08,true
001,planted,7924,0,-1.234155604,0.07941714272,0.08737325873,0.5069898607,0,0.08,true
001,planted,7925,1,-0.09287666081,0.07300745953,0.07552255525,0.5060418044,0,0.08,true
001,planted,7926,1,-1.001063343,0.02216470964,0.02467980536,0.5019743844,0,0.08,true
001,planted,7927,0,1.461749596,0.08824358688,0.09619970288,0.5076959762,0,0.08,true
001,planted,7928,0,-0.02126511848,0.08499858433,0.09295470034,0.507436376,1,0.08,true
001,planted,7929,1,-0.5133675419,0.05747807488,0.0599931706,0.5047994536,1,0.08,true
001,planted,7930,0,-0.2335414429,0.04436228963,0.05231840563,0.5041854725,0,0.08,true
001,planted,7931,1,0.1788137854,0.05229647182,0.05481156754,0.5043849254,0,0.08,true
001,planted,7932,1,1.130332521,0.1063111304,0.1088262261,0.5087060981,1,0.08,true
001,planted,7933,1,0.4162049564,0.124585041,0.1271001367,0.5101680109,0,0.08,true
001,planted,7934,0,-0.6330288934,0.08700015204,0.09495626805,0.5075965014,1,0.08,true
001,planted,7935,1,-0.8312451698,0.03943674937,0.04195184509,0.5033561476,0,0.08,true
001,planted,7936,1,-0.6885069421,0.001264481589,0.003779577307,0.5003023662,1,0.08,true
001,planted,7937,0,-1.24762674,-0.06400613104,-0.05605001503,0.4955159988,1,0.08,true
001,planted,7938,1,-0.8483212106,-0.10569582,-0.1031807243,0.4917455421,1,0.08,true
001,planted,7939,1,-0.0004869184648,-0.1030457833,-0.1005306876,0.491957545,1,0.08,true
001,planted,7940,0,-0.5792472696,-0.1311271714,-0.1231710554,0.4901463156,1,0.08,true
001,planted,7941,0,0.1235435362,-0.1208109494,-0.1128548334,0.4909716133,0,0.08,true
001,planted,7942,0,-0.7786037513,-0.1594170436,-0.1514609276,0.4878831258,0,0.08,true
001,planted,7943,1,-0.1721850161,-0.1651911308,-0.1626760351,0.4869859172,0,0.08,true
001,planted,7944,1,-1.607731646,-0.2358746941,-0.2333595983,0.4813312321,0,0.08,true
001,planted,7945,0,0.1698366755,-0.2201874171,-0.2122313011,0.4830214959,1,0.08,true
001,planted,7946,0,-2.857975523,-0.3053217452,-0.2973656292,0.4762107497,1,0.08,true
001,planted,7947,1,-0.03222116225,-0.2991143164,-0.2965992207,0.4762720623,1,0.08,true
001,planted,7948,0,0.9436741794,-0.240518934,-0.232562818,0.4813949746,1,0.08,true
001,planted,7949,1,-1.070873111,-0.2792943846,-0.2767792888,0.4778576569,1,0.08,true
001,planted,7950,1,0.1657369682,-0.2639414722,-0.2614263765,0.4790858899,1,0.08,true
001,planted,7951,0,0.2837125328,-0.2425377536,-0.2345816376,0.481233469,0,0.08,true
001,planted,7952,0,-1.182771412,-0.2867468005,-0.2787906845,0.4776967452,0,0.08,true
001,planted,7953,1,1.81913428,-0.1727891349,-0.1702740392,0.4863780769,1,0.08,true
001,planted,7954,0,1.727579034,-0.07978053247,-0.07182441646,0.4942540467,1,0.08,true
001,planted,7955,0,-0.2897135934,-0.09102420155,-0.08306808554,0.4933545532,0,0.08,true
001,planted,7956,1,0.6518412415,-0.05723325994,-0.05471816423,0.4956225469,0,0.08,true
001,planted,7957,1,-0.008282636631,-0.05618354872,-0.053668453,0.4957065238,1,0.08,true
001,planted,7958,1,1.100304618,-0.0002944833217,0.002220612396,0.500177649,1,0.08,true
001,planted,7959,1,0.5164659806,0.02503190549,0.02754700121,0.5022037601,0,0.08,true
001,planted,7960,1,-0.1777685866,0.01544517214,0.01796026786,0.5014368214,1,0.08,true
001,planted,7961,0,1.361471338,0.08133609466,0.08929221066,0.5071433769,0,0.08,true
001,planted,7962,0,-0.6894414456,0.04395180096,0.05190791697,0.5041526334,1,0.08,true
001,planted,7963,0,1.208744594,0.1008962747,0.1088523907,0.5087081913,1,0.08,true
001,planted,7964,1,0.1672917643,0.1067291568,0.1092442525,0.5087395402,1,0.08,true
001,planted,7965,0,-1.235047074,0.0384169058,0.04637302181,0.5037098417,1,0.08,true
001,planted,7966,0,-0.0697852575,0.03386956403,0.04182568004,0.5033460544,1,0.08,true
001,planted,7967,1,0.7276205382,0.07018384242,0.07269893814,0.5058159151,0,0.08,true
001,planted,7968,0,-0.311029472,0.05175693825,0.05971305425,0.5047770443,0,0.08,true
001,planted,7969,0,0.8817223475,0.09615217316,0.1041082892,0.5083286631,0,0.08,true
001,planted,7970,0,0.9439841722,0.1414566891,0.1494128051,0.5119530244,0,0.08,true
001,planted,7971,1,1.062519181,0.1895119678,0.1920270635,0.5153621651,0,0.08,true
001,planted,7972,1,-1.186898379,0.1158089859,0.1183240816,0.5094659265,0,0.08,true
001,planted,7973,0,0.7794041306,0.1518599883,0.1598161044,0.5127852883,1,0.08,true
001,planted,7974,0,0.3360439076,0.1655604213,0.1735165373,0.513881323,0,0.08,true
001,planted,7975,0,-1.534870187,0.0719274987,0.07988361471,0.5063906892,0,0.08,true
001,planted,7976,0,0.7386568038,0.1075015179,0.1154576339,0.5092366107,1,0.08,true
001,planted,7977,1,-0.121122948,0.09827158104,0.1007866768,0.5080629341,0,0.08,true
001,planted,7978,1,0.5823014003,0.1263887621,0.1289038578,0.5103123086,1,0.08,true
001,planted,7979,1,0.579507048,0.1538280727,0.1563431684,0.5125074535,1,0.08,true
001,planted,7980,1,-0.4003610728,0.1266762926,0.1291913883,0.5103353111,1,0.08,true
001,planted,7981,0,0.5031558194,0.1512083584,0.1591644744,0.5127331579,1,0.08,true
001,planted,7982,0,-1.072583865,0.08130994504,0.08926606105,0.5071412849,0,0.08,true
001,planted,7983,1,-0.660433544,0.04040513065,0.04292022637,0.5034336181,0,0.08,true
001,planted,7984,0,0.3031726298,0.05696355083,0.06491966683,0.5051935733,1,0.08,true
001,planted,7985,1,-0.3670948991,0.03336506744,0.03588016316,0.5028704131,0,0.08,true
001,planted,7986,0,0.7173860723,0.07497790226,0.08293401827,0.5066347215,0,0.08,true
001,planted,7987,1,0.9869098228,0.1291773342,0.1316924299,0.5105353944,1,0.08,true
001,planted,7988,1,-1.088890612,0.05704489351,0.05955998923,0.5047647991,1,0.08,true
001,planted,7989,0,0.2021905611,0.06762747788,0.07558359388,0.5060466875,1,0.08,true
001,planted,7990,0,0.4345519905,0.09196189043,0.09991800643,0.5079934405,0,0.08,true
001,planted,7991,1,1.034217898,0.1482803844,0.1507954801,0.5120636384,1,0.08,true
001,planted,7992,0,0.6266646753,0.1805054421,0.1884615581,0.5150769246,0,0.08,true
001,planted,7993,0,0.8247642948,0.2215842132,0.2295403292,0.5183632263,0,0.08,true
001,planted,7994,0,2.05807569,0.2986207305,0.3065768465,0.5245261477,1,0.08,true
001,planted,7995,1,0.1319191295,0.2982195478,0.3007346435,0.5240587715,0,0.08,true
001,planted,7996,0,2.172471711,0.3625676371,0.3705237531,0.5296419002,0,0.08,true
001,planted,7997,1,-0.7810946053,0.3086054248,0.3111205205,0.5248896416,0,0.08,true
001,planted,7998,0,0.979801805,0.3426996246,0.3506557406,0.5280524592,1,0.08,true
001,planted,7999,0,-0.3611375637,0.3142825714,0.3222386874,0.525779095,0,0.08,true
